time,latitude,longitude,depth,mag,place
2026-07-26T10:57:37.061Z,-10.007,123.4402,10,5.3,"25 km NW of Kupang, Indonesia"
2026-07-21T05:05:02.810Z,-9.16,118.9865,113.674,4.4,"40 km NW of Tambolaka, Indonesia"
2026-07-17T13:07:41.677Z,-10.3279,119.1471,35,4.4,"100 km S of Tambolaka, Indonesia"
2026-07-14T09:52:36.902Z,-9.5874,119.3644,47.009,4.4,"22 km SE of Tambolaka, Indonesia"
2026-07-12T13:20:26.624Z,-9.611,119.4034,46.568,5.1,"27 km SE of Tambolaka, Indonesia"
2026-07-11T08:47:43.869Z,-11.6294,117.5139,10,4.1,"south of Sumbawa, Indonesia"
2026-07-05T03:39:11.729Z,-38.6486,143.3721,10,4.1,"28 km WNW of Apollo Bay, Australia"
2026-07-03T23:02:17.038Z,-9.1541,111.9751,46.235,4.5,"114 km S of Boyolangu, Indonesia"
2026-07-03T17:14:52.418Z,-9.5876,119.4682,41.717,4.8,"30 km SE of Tambolaka, Indonesia"
2026-06-30T14:00:41.240Z,-19.731,133.732,6.306,4.4,"49 km W of Tennant Creek, Australia"
2026-06-28T21:43:51.567Z,-10.2999,116.1188,10,4.9,"174 km S of Lembar, Indonesia"
2026-06-24T15:42:09.349Z,-9.6126,119.3303,42.116,4.3,"22 km SSE of Tambolaka, Indonesia"
2026-06-19T03:01:34.582Z,-9.5088,155.3897,10,4.6,"222 km SW of Gizo, Solomon Islands"
2026-06-17T03:44:18.207Z,-9.5938,119.3901,35,5,"24 km SE of Tambolaka, Indonesia"
2026-06-14T18:30:20.154Z,-9.953,119.1381,62.38,4.5,"59 km S of Tambolaka, Indonesia"
2026-06-14T10:48:01.530Z,-9.2306,119.1217,10,4.1,"25 km NNW of Tambolaka, Indonesia"
2026-06-13T17:39:31.883Z,-11.4189,118.5778,10,4.3,"231 km SSW of Tambolaka, Indonesia"
2026-06-09T09:03:58.268Z,-10.2706,118.5649,24.152,4.8,"118 km SW of Tambolaka, Indonesia"
2026-06-08T11:05:30.437Z,-10.2949,110.5108,10,4.1,"257 km S of Wonosari, Indonesia"
2026-06-02T08:18:53.497Z,-19.8679,133.9557,10,4.5,"34 km SW of Tennant Creek, Australia"
2026-05-30T02:44:25.565Z,-27.1551,128.7654,10,4,Western Australia
2026-05-28T01:46:18.882Z,-10.4911,124.3637,10,5.2,"70 km S of Soe, Indonesia"
2026-05-25T07:57:05.217Z,-10.5015,124.5394,10,4.9,"76 km SSE of Soe, Indonesia"
2026-05-25T06:19:25.540Z,-10.4735,124.619,10,4.6,"77 km SSE of Soe, Indonesia"
2026-05-23T08:39:56.192Z,-9.4424,110.5923,35,4.4,"163 km S of Wonosari, Indonesia"
2026-05-21T16:39:49.197Z,-22.8759,131.8652,10,4.1,"220 km WNW of Larapinta, Australia"
2026-05-19T18:31:28.417Z,-11.4423,116.9838,10,4.3,"298 km S of Taliwang, Indonesia"
2026-05-16T22:43:13.972Z,-11.6817,138.4003,13.037,4.5,"185 km ENE of Nhulunbuy, Australia"
2026-05-13T12:24:41.267Z,-9.8271,154.927,10,4.5,"284 km SW of Gizo, Solomon Islands"
2026-05-11T18:09:27.598Z,-17.7297,125.6459,8.835,4.2,"52 km N of Fitzroy Crossing, Australia"
2026-05-09T22:09:55.494Z,-9.2706,111.9865,43.453,4.1,"127 km S of Boyolangu, Indonesia"
2026-05-05T22:14:53.699Z,-19.9655,133.9141,5,4.3,"45 km SW of Tennant Creek, Australia"
2026-05-05T06:44:49.944Z,-10.0638,119.3249,22,5.8,"70 km S of Tambolaka, Indonesia"
2026-05-05T05:01:05.817Z,-10.4152,119.1325,23.135,4.2,"109 km S of Tambolaka, Indonesia"
2026-05-05T04:57:57.903Z,-10.3839,119.1739,35,4.4,"105 km S of Tambolaka, Indonesia"
2026-05-05T00:16:51.628Z,-25.9562,130.7032,10,4.5,"84 km SSW of Yulara, Australia"
2026-05-04T23:49:41.815Z,-11.5735,117.923,10,4.2,"277 km SSW of Tambolaka, Indonesia"
2026-04-29T08:14:13.241Z,-9.1854,118.179,89.231,4.1,"78 km SSW of Dompu, Indonesia"
2026-04-25T01:45:45.508Z,-9.0505,153.3421,10,4.4,D'Entrecasteaux Islands region
2026-04-23T16:30:24.638Z,-9.2569,110.1322,51.376,4.2,"145 km S of Bambanglipuro, Indonesia"
2026-04-22T18:15:00.299Z,-10.8902,113.8004,10,4.6,"275 km SSW of Jimbaran, Indonesia"
2026-04-14T10:19:51.859Z,-33.4877,148.9129,10,4.5,"24 km ENE of Canowindra, Australia"
2026-04-12T12:16:54.079Z,-9.3926,118.0659,71.475,4,"104 km SSW of Dompu, Indonesia"
2026-04-11T19:03:15.662Z,-9.8388,119.0166,46.934,4.5,"51 km SSW of Tambolaka, Indonesia"
2026-04-08T09:17:02.368Z,-25.9946,130.674,10,4.4,"89 km SSW of Yulara, Australia"
2026-04-05T01:32:14.300Z,-25.9969,130.5932,10,4.4,"92 km SSW of Yulara, Australia"
2026-04-04T23:35:55.931Z,-25.9405,130.7446,10,4.4,"81 km SSW of Yulara, Australia"
2026-04-04T18:26:13.782Z,-25.9745,130.828,10,5.5,"82 km SSW of Yulara, Australia"
2026-04-01T16:36:32.775Z,-9.016,125.4784,10,4.4,"4 km SW of Ainaro, Timor Leste"
2026-03-31T10:26:16.370Z,-11.574,115.9689,10,4.1,"south of Bali, Indonesia"
2026-03-29T18:46:51.173Z,-10.7809,113.9823,10,4.6,"255 km SSW of Jimbaran, Indonesia"
2026-03-21T02:19:56.154Z,-9.0339,112.4858,53.014,4.3,"95 km SSW of Dampit, Indonesia"
2026-03-16T11:41:58.450Z,-9.2449,118.1446,77.814,4.9,"85 km SSW of Dompu, Indonesia"
2026-03-15T09:14:30.400Z,-9.8966,123.6125,49.648,4.4,"30 km N of Kupang, Indonesia"
2026-03-11T13:03:34.996Z,-9.5275,149.8746,10,4.8,"108 km NW of Alotau, Papua New Guinea"
2026-03-11T08:09:32.832Z,-34.3501,148.8797,10,4.4,"17 km ENE of Boorowa, Australia"
2026-03-10T21:45:36.187Z,-9.489,120.5881,50.442,5,"40 km ENE of Waingapu, Indonesia"
2026-03-10T10:47:12.532Z,-10.1089,118.7074,43.923,4.9,"95 km SW of Tambolaka, Indonesia"
2026-03-06T20:51:29.477Z,-9.1957,120.0788,56.186,4.9,"54 km NNW of Waingapu, Indonesia"
2026-03-02T23:02:42.590Z,-33.7252,118.0664,10,4.2,"47 km E of Katanning, Australia"
2026-03-01T00:25:44.225Z,-9.9104,119.9576,61.556,4.5,"43 km SW of Waingapu, Indonesia"
2026-02-27T21:31:26.479Z,-9.7799,118.9897,59.722,4.2,"47 km SW of Tambolaka, Indonesia"
2026-02-25T17:44:36.349Z,-9.6395,149.8064,10,4.7,"103 km NW of Alotau, Papua New Guinea"
2026-02-15T13:44:06.546Z,-11.4819,117.9339,10,4.9,"268 km SSW of Tambolaka, Indonesia"
2026-02-12T11:35:03.951Z,-10.4355,123.8868,35.012,4.4,"42 km SE of Kupang, Indonesia"
2026-02-04T01:07:34.375Z,-9.644,151.0755,10,4.3,"100 km NE of Alotau, Papua New Guinea"
2026-02-01T04:09:53.004Z,-10.0784,115.5355,67.398,4.3,"145 km SSE of Nusa Dua, Indonesia"
2026-02-01T00:08:33.109Z,-10.5561,113.2277,10,4.2,"251 km S of Kencong, Indonesia"
2026-01-31T23:27:30.651Z,-9.0084,111.2412,84.125,4.2,"115 km SSW of Trenggalek, Indonesia"
2026-01-27T23:06:02.206Z,-10.4411,112.4883,10,4.4,"248 km S of Dampit, Indonesia"
2026-01-26T20:24:38.829Z,-9.5376,154.9118,10,4.6,"265 km SW of Gizo, Solomon Islands"
2026-01-26T15:00:12.342Z,-9.0524,123.8889,95.7,4.2,"56 km WNW of Pante Makasar, Timor Leste"
2026-01-23T10:05:41.909Z,-10.7887,111.9543,10,4.6,"295 km S of Boyolangu, Indonesia"
2026-01-21T09:16:51.407Z,-10.7084,120.3625,14.17,4.1,"116 km S of Waingapu, Indonesia"
2026-01-19T13:15:47.413Z,-11.408,118.4565,10,4.7,"235 km SSW of Tambolaka, Indonesia"
2026-01-17T16:10:44.484Z,-10.2114,119.3754,31.654,4.2,"87 km S of Tambolaka, Indonesia"
2026-01-15T14:49:27.874Z,-9.2396,118.51,10,4.5,"77 km S of Dompu, Indonesia"
2026-01-14T14:39:21.697Z,-9.1173,122.463,92.13,4.9,"61 km SSE of Maumere, Indonesia"
2026-01-12T04:43:36.958Z,-10.5592,113.3836,10,4.8,"251 km S of Kencong, Indonesia"
2026-01-10T09:34:05.860Z,-9.2276,114.741,88.17,4.4,"66 km SW of Jimbaran, Indonesia"
2026-01-09T15:40:34.824Z,-10.1309,113.4078,10,4.6,"204 km S of Kencong, Indonesia"
2026-01-08T19:16:12.313Z,-10.3872,113.6607,10,4.4,"226 km SSW of Gambiran Satu, Indonesia"
2026-01-01T05:00:37.532Z,-9.0882,123.9896,88.753,4.2,"45 km WNW of Pante Makasar, Timor Leste"
2025-12-31T03:35:57.671Z,-20.4818,134.3234,10,4.4,"93 km S of Tennant Creek, Australia"
2025-12-29T11:32:44.772Z,-9.7209,124.4911,10,4.4,"27 km NE of Soe, Indonesia"
2025-12-28T13:46:35.737Z,-9.5362,113.7626,43.886,4.3,"133 km SSW of Gambiran Satu, Indonesia"
2025-12-27T18:56:33.613Z,-9.0626,124.0975,94.912,4,"34 km WNW of Pante Makasar, Timor Leste"
2025-12-27T00:57:09.158Z,-9.9894,154.1088,10,4.2,D'Entrecasteaux Islands region
2025-12-27T00:51:10.438Z,-10.3735,154.122,10,4,D'Entrecasteaux Islands region
2025-12-26T20:48:48.958Z,-9.2676,124.3365,32.198,4.4,"9 km SW of Pante Makasar, Timor Leste"
2025-12-14T23:26:14.697Z,-9.4878,110.4116,10,4,"169 km S of Wonosari, Indonesia"
2025-12-13T18:15:37.904Z,-10.4067,124.4798,10,4.4,"64 km SSE of Soe, Indonesia"
2025-12-09T21:51:09.991Z,-9.1708,123.6698,35,4.1,"48 km NNW of Naisano Dua, Indonesia"
2025-12-05T20:42:19.305Z,-10.5681,119.2705,16.04,5.1,"126 km S of Tambolaka, Indonesia"
2025-12-05T04:15:48.717Z,-29.6084,137.5315,10,4.1,"122 km NNE of Roxby Downs, Australia"
2025-12-04T17:46:27.614Z,-11.7572,116.8905,10,4.5,"South of Lombok, Indonesia"
2025-11-26T09:49:15.204Z,-9.3565,114.4401,50.95,4,"100 km SW of Jimbaran, Indonesia"
2025-11-23T20:40:24.031Z,-9.1074,111.8512,64.643,4.9,"109 km S of Boyolangu, Indonesia"
2025-11-22T19:11:57.396Z,-9.3742,150.067,9.184,4.8,"112 km NNW of Alotau, Papua New Guinea"
2025-11-21T22:56:22.103Z,-9.1482,123.9283,96.853,4.3,"50 km W of Pante Makasar, Timor Leste"
2025-11-20T11:37:31.100Z,-9.7528,150.665,10,4.3,"66 km NNE of Alotau, Papua New Guinea"
2025-11-19T14:00:42.568Z,-9.6292,151.2083,10,4.6,"111 km NE of Alotau, Papua New Guinea"
2025-11-16T05:33:40.390Z,-10.7082,113.9842,10,4.5,"248 km SSW of Jimbaran, Indonesia"
2025-11-16T04:16:57.160Z,-9.402,110.3623,35,4.1,"160 km S of Pundong, Indonesia"
2025-11-15T11:53:11.700Z,-9.2994,123.793,102.266,4.5,"33 km N of Naisano Dua, Indonesia"
2025-11-14T22:36:47.594Z,-10.8967,116.7495,10,4.2,"238 km S of Taliwang, Indonesia"
2025-11-11T00:07:43.006Z,-10.1177,123.3333,75.872,4,"30 km W of Kupang, Indonesia"
2025-11-10T16:18:30.285Z,-9.3174,124.0143,92.228,4,"41 km NE of Naisano Dua, Indonesia"
2025-11-06T12:02:52.971Z,-9.0454,123.9238,84.782,4.3,"53 km WNW of Pante Makasar, Timor Leste"
2025-11-01T16:03:26.361Z,-9.8142,118.9271,24.538,4.5,"54 km SW of Tambolaka, Indonesia"
2025-10-29T04:14:33.223Z,-12.8907,143.2963,11.304,4.1,"149 km ESE of Mission River, Australia"
2025-10-29T00:43:23.446Z,-9.4642,155.6151,10,4.3,"202 km SW of Gizo, Solomon Islands"
2025-10-27T10:31:24.018Z,-12.7832,143.2158,10,4.5,"138 km E of Mission River, Australia"
2025-10-27T10:19:05.358Z,-11.3764,113.0062,10,4.6,"south of Java, Indonesia"
2025-10-21T11:23:41.238Z,-10.4725,123.827,10,4.1,"41 km SE of Kupang, Indonesia"
2025-10-21T07:10:32.855Z,-9.5135,120.05,84.061,4.1,"28 km NW of Waingapu, Indonesia"
2025-10-20T05:56:04.876Z,-9.2487,119.8291,52.805,4.8,"65 km NW of Waingapu, Indonesia"
2025-10-16T04:43:33.811Z,-9.5515,112.6251,36.169,4,"148 km S of Dampit, Indonesia"
2025-10-15T08:57:47.302Z,-9.0298,125.0407,33.611,4.4,"18 km ENE of Atambua, Indonesia"
2025-10-14T22:10:44.933Z,-9.1425,125.9261,10,4.5,"34 km ESE of Same, Timor Leste"
2025-10-12T22:30:34.101Z,-9.2366,124.0695,76.421,4.2,"34 km W of Pante Makasar, Timor Leste"
2025-10-07T13:55:55.146Z,-9.1139,123.9199,94.87,4.2,"51 km W of Pante Makasar, Timor Leste"
2025-09-27T12:44:17.045Z,-9.4005,124.2246,42.886,4.2,"28 km SW of Pante Makasar, Timor Leste"
2025-09-26T17:43:01.315Z,-9.6243,121.9113,74.7,4.1,"90 km SSE of Ende, Indonesia"
2025-09-25T08:53:37.644Z,-9.9392,154.9354,10,5.1,"291 km SW of Gizo, Solomon Islands"
2025-09-25T03:54:22.826Z,-9.9264,154.9737,10,5,"287 km SW of Gizo, Solomon Islands"
2025-09-23T19:54:41.517Z,-9.6123,119.5807,67.743,4.9,"42 km ESE of Tambolaka, Indonesia"
2025-09-21T07:34:47.919Z,-13.6971,122.3503,10,4.9,northwest of Australia
2025-09-21T06:00:23.176Z,-13.661,122.3247,10,4.3,northwest of Australia
2025-09-18T14:59:32.806Z,-10.1696,113.9017,10,4.7,"197 km SSW of Muncar, Indonesia"
2025-09-16T09:33:05.240Z,-10.3901,114.1785,10,4.4,"207 km SSW of Jimbaran, Indonesia"
2025-09-13T12:49:52.368Z,-9.2192,124.0197,69.888,4.4,"40 km W of Pante Makasar, Timor Leste"
2025-09-12T18:38:26.785Z,-10.3275,120.4323,54.204,4.6,"76 km SSE of Waingapu, Indonesia"
2025-09-11T03:14:59.008Z,-9.623,112.8724,49.654,5,"156 km S of Dampit, Indonesia"
2025-09-09T14:51:43.805Z,-9.4859,123.5792,83.116,4.2,"24 km WNW of Naisano Dua, Indonesia"
2025-09-09T10:53:29.439Z,-9.9186,121.7796,35,4.7,"119 km S of Ende, Indonesia"
2025-09-09T03:27:01.943Z,-10.4808,124.6142,10,4.4,"77 km SSE of Soe, Indonesia"
2025-09-05T16:29:07.697Z,-9.6347,113.7339,52.334,4.6,"144 km SSW of Gambiran Satu, Indonesia"
2025-09-04T04:36:30.634Z,-9.2397,124.1181,101.893,4.5,"29 km W of Pante Makasar, Timor Leste"
2025-08-22T08:52:09.871Z,-10.2357,123.8332,10,4.1,"25 km ESE of Kupang, Indonesia"
2025-08-18T11:43:52.705Z,-12.4565,125.7407,10,4.8,south of Timor
2025-08-15T23:49:25.053Z,-26.3389,152.0711,10,4.9,"12 km ESE of Cherbourg, Australia"
2025-08-15T22:14:29.849Z,-9.4616,120.4303,88.092,4.1,"28 km NE of Waingapu, Indonesia"
2025-08-14T10:21:13.226Z,-9.6008,148.8851,10,4.2,"116 km SE of Popondetta, Papua New Guinea"
2025-08-14T09:18:14.259Z,-9.8482,119.4386,43.699,4.2,"51 km SSE of Tambolaka, Indonesia"
2025-08-11T08:43:07.714Z,-9.053,124.8217,35,4.3,"9 km NW of Atambua, Indonesia"
2025-08-11T02:11:41.171Z,-9.7631,120.5286,81.43,5,"31 km ESE of Waingapu, Indonesia"
2025-08-11T01:45:31.369Z,-9.0007,124.2525,96.211,4.4,"26 km NNW of Pante Makasar, Timor Leste"
2025-08-08T12:00:38.826Z,-9.0158,123.9117,97.897,4.7,"55 km WNW of Pante Makasar, Timor Leste"
2025-07-30T05:59:21.240Z,-9.2516,112.6426,66.245,4,"115 km S of Dampit, Indonesia"
2025-07-27T01:04:02.619Z,-31.2815,118.021,10,4.1,"32 km NW of Merredin, Australia"
2025-07-23T05:00:16.253Z,-11.0965,113.3877,10,4.3,"south of Java, Indonesia"
2025-07-19T00:40:13.116Z,-10.5971,120.1706,10,4.2,"104 km S of Waingapu, Indonesia"
2025-07-18T23:46:19.256Z,-10.6964,120.0078,18.58,4.2,"118 km SSW of Waingapu, Indonesia"
2025-07-18T00:48:23.639Z,-9.8339,114.1307,36.132,4.2,"156 km S of Muncar, Indonesia"
2025-07-17T12:50:33.325Z,-9.6951,122.1727,66.901,4.2,"109 km SSE of Ende, Indonesia"
2025-07-17T09:04:25.461Z,-10.1195,119.1925,24,5.6,"76 km S of Tambolaka, Indonesia"
2025-07-16T11:16:59.925Z,-9.6313,125.0453,10,4.1,"42 km SSW of Suai, Timor Leste"
2025-07-15T14:55:59.448Z,-10.6787,110.1796,10,4.2,"south of Java, Indonesia"
2025-07-13T00:49:42.340Z,-9.8854,116.6311,54.034,4.1,"128 km S of Taliwang, Indonesia"
2025-07-12T11:02:41.561Z,-9.042,124.0259,100.185,4.4,"43 km WNW of Pante Makasar, Timor Leste"
2025-07-05T18:30:28.392Z,-9.5,119.8345,80.79,4.7,"50 km WNW of Waingapu, Indonesia"
2025-07-03T01:02:03.946Z,-9.1136,125.8382,10,4.4,"24 km ESE of Same, Timor Leste"
2025-06-28T20:24:44.665Z,-9.4544,118.9671,89.97,4.3,"29 km W of Tambolaka, Indonesia"
2025-06-13T22:20:46.068Z,-9.7982,150.5605,10,4.4,"58 km N of Alotau, Papua New Guinea"
2025-06-13T02:28:01.374Z,-11.041,119.2605,10,4.8,"178 km S of Tambolaka, Indonesia"
2025-06-12T11:26:47.587Z,-9.2752,124.6063,35,4.6,"23 km NE of Kefamenanu, Indonesia"
2025-06-08T05:30:15.582Z,-11.5794,116.6017,10,4.3,"South of Lombok, Indonesia"
2025-06-07T05:40:05.996Z,-9.5862,124.0061,60.691,4,"25 km E of Naisano Dua, Indonesia"
2025-06-05T19:29:35.402Z,-9.5022,112.7895,35,4,"142 km S of Dampit, Indonesia"
2025-06-02T09:35:42.286Z,-9.7217,152.6903,10,4.5,"243 km ENE of Samarai, Papua New Guinea"
2025-06-02T03:58:36.482Z,-9.6505,152.7467,10,4.9,"251 km ENE of Samarai, Papua New Guinea"
2025-06-02T03:52:49.738Z,-9.6707,152.7941,10,4.7,"255 km ENE of Samarai, Papua New Guinea"
2025-06-01T23:54:25.689Z,-9.4187,152.758,10,4.3,"264 km ENE of Samarai, Papua New Guinea"
2025-05-31T15:21:17.806Z,-9.1841,123.9342,96.107,4.8,"49 km NNE of Naisano Dua, Indonesia"
2025-05-31T11:10:06.575Z,-10.3814,114.1182,10,4.8,"209 km SSW of Jimbaran, Indonesia"
2025-05-29T01:41:22.820Z,-11.3415,118.5182,10,4.4,"225 km SSW of Tambolaka, Indonesia"
2025-05-27T00:55:04.856Z,-10.2116,110.3,10,5.3,"249 km S of Pundong, Indonesia"
2025-05-26T12:11:15.155Z,-9.5772,125.0843,10,4.4,"34 km SSW of Suai, Timor Leste"
2025-05-26T03:29:02.719Z,-9.6038,120.647,91.563,4.2,"42 km E of Waingapu, Indonesia"
2025-05-23T16:36:12.998Z,-30.8036,147.3815,3.045,4.8,"86 km NNE of Nyngan, Australia"
2025-05-21T10:56:26.854Z,-11.0683,111.1614,10,4.3,"south of Java, Indonesia"
2025-05-19T21:36:08.008Z,-11.0787,111.1236,10,5,"south of Java, Indonesia"
2025-05-18T04:53:59.443Z,-10.1094,116.1328,52.225,4.9,"153 km S of Lembar, Indonesia"
2025-05-18T03:47:16.612Z,-11.2453,118.3198,10,4.9,"224 km SSW of Tambolaka, Indonesia"
2025-05-17T07:31:11.159Z,-9.0215,117.0613,10,4.2,"38 km SE of Taliwang, Indonesia"
2025-05-16T21:48:42.686Z,-9.1045,125.715,10,4.4,"13 km SSE of Same, Timor Leste"
2025-05-08T14:27:53.348Z,-9.8761,151.6696,10,4.7,"137 km NE of Samarai, Papua New Guinea"
2025-05-07T19:29:24.286Z,-9.9202,151.9658,10,4.4,"161 km ENE of Samarai, Papua New Guinea"
2025-05-07T11:28:27.713Z,-9.8652,151.9153,10,4.7,"160 km ENE of Samarai, Papua New Guinea"
2025-05-03T04:40:50.899Z,-9.2523,114.0527,70.136,4.3,"95 km S of Gambiran Satu, Indonesia"
2025-05-03T02:19:19.703Z,-9.2102,113.9997,65.757,4.9,"91 km S of Gambiran Satu, Indonesia"
2025-04-22T16:55:02.990Z,-32.7,151.0543,10,5.1,"18 km SW of Singleton, Australia"
2025-04-18T02:13:07.646Z,-9.7251,113.9677,35,4.5,"148 km SSW of Muncar, Indonesia"
2025-04-18T00:39:09.848Z,-10.3506,123.6556,14.801,4.4,"20 km SSE of Kupang, Indonesia"
2025-04-17T04:35:04.748Z,-10.9801,115.5206,10,5.4,"243 km S of Nusa Dua, Indonesia"
2025-04-17T04:34:15.958Z,-11.2696,115.7634,10,5.1,"279 km SSE of Nusa Dua, Indonesia"
2025-04-13T19:35:37.443Z,-9.0341,123.9247,86.943,4.9,"53 km WNW of Pante Makasar, Timor Leste"
2025-04-09T07:04:28.586Z,-9.1747,120.6054,109.115,4.1,"64 km SSE of Ruteng, Indonesia"
2025-03-31T15:54:17.424Z,-10.0069,119.0489,11.867,5.6,"67 km SSW of Tambolaka, Indonesia"
2025-03-31T05:38:35.555Z,-9.5598,119.0662,69.043,4.3,"23 km SW of Tambolaka, Indonesia"
2025-03-27T02:54:14.906Z,-31.2483,117.7326,10,4.2,"57 km WNW of Merredin, Australia"
2025-03-24T09:44:34.244Z,-9.3863,113.9936,51.668,4.3,"111 km S of Gambiran Satu, Indonesia"
2025-03-23T05:07:11.068Z,-9.8478,125.3003,10,4.5,"59 km S of Suai, Timor Leste"
2025-03-20T17:36:06.033Z,-10.0541,123.8195,10,4.2,"26 km ENE of Kupang, Indonesia"
2025-03-19T10:04:12.898Z,-11.0073,122.0697,10,4.5,"111 km WSW of Baa, Indonesia"
2025-03-18T21:39:31.696Z,-9.0363,124.1657,91.182,4.4,"30 km NW of Pante Makasar, Timor Leste"
2025-03-17T17:42:24.514Z,-9.0952,124.1633,97.152,5.1,"26 km WNW of Pante Makasar, Timor Leste"
2025-03-16T00:10:48.646Z,-10.9272,122.1074,10,4,"105 km WSW of Baa, Indonesia"
2025-03-15T23:33:57.505Z,-10.8151,122.1818,10,4.3,"95 km W of Baa, Indonesia"
2025-03-15T23:08:29.976Z,-10.8104,122.2572,10,4.7,"87 km W of Baa, Indonesia"
2025-03-10T03:03:44.354Z,-9.3859,124.9246,10,4.2,"31 km S of Atambua, Indonesia"
2025-03-09T04:31:11.267Z,-9.3976,117.7225,78.654,4.8,"105 km SSE of Sumbawa Besar, Indonesia"
2025-03-05T09:37:29.935Z,-9.2214,123.7146,108.794,4.2,"42 km N of Naisano Dua, Indonesia"
2025-03-03T15:20:57.449Z,-9.8638,118.5771,33.349,4.7,"87 km WSW of Tambolaka, Indonesia"
2025-03-01T11:31:33.161Z,-19.3944,146.7244,9.474,4.1,"0 km SE of Kelso, Australia"
2025-02-26T21:31:05.104Z,-9.7775,120.0327,61.146,4.4,"28 km WSW of Waingapu, Indonesia"
2025-02-26T18:16:42.883Z,-10.3261,123.9127,10,4.1,"37 km ESE of Kupang, Indonesia"
2025-02-24T07:46:53.838Z,-11.4004,118.4298,10,4.4,"235 km SSW of Tambolaka, Indonesia"
2025-02-23T19:21:16.945Z,-9.4086,120.3348,45.343,5,"28 km NNE of Waingapu, Indonesia"
2025-02-19T23:12:06.884Z,-9.2199,152.9235,10,4.5,"291 km ENE of Samarai, Papua New Guinea"
2025-02-19T12:29:43.583Z,-9.1567,153.2267,10,4,D'Entrecasteaux Islands region
2025-02-19T02:49:44.019Z,-9.0969,152.7728,10,5.5,"285 km NE of Samarai, Papua New Guinea"
2025-02-18T19:29:32.909Z,-11.9362,112.3134,10,4.3,"south of Java, Indonesia"
2025-02-13T17:44:34.559Z,-10.7291,124.0012,10,4.6,"75 km SE of Kupang, Indonesia"
2025-02-10T15:15:06.035Z,-9.6398,119.6374,83.827,5.1,"49 km ESE of Tambolaka, Indonesia"
2025-02-10T14:03:54.523Z,-10.4157,123.4465,10,4.6,"32 km SSW of Kupang, Indonesia"
2025-02-09T22:01:36.077Z,-10.4806,123.2775,10,4.3,"36 km NE of Baa, Indonesia"
2025-02-08T18:48:47.771Z,-31.8777,138.7332,13.983,4.3,"83 km NE of Quorn, Australia"
2025-02-05T18:40:48.477Z,-11.502,117.1893,10,4.7,"south of Sumbawa, Indonesia"
2025-02-05T14:18:06.783Z,-9.7717,119.6376,72.809,4.5,"58 km SE of Tambolaka, Indonesia"
2025-02-03T21:30:47.145Z,-10.6353,120.1681,10,4.7,"108 km S of Waingapu, Indonesia"
2025-02-03T20:16:26.077Z,-10.4821,120.3008,24.752,4.5,"91 km S of Waingapu, Indonesia"
2025-01-30T00:56:21.418Z,-9.5001,118.0729,10,4.2,"114 km SSW of Dompu, Indonesia"
2025-01-29T04:45:04.386Z,-10.7927,111.7196,10,4.4,"296 km S of Boyolangu, Indonesia"
2025-01-25T18:11:28.391Z,-31.6808,117.3453,10,4,"59 km ENE of York, Australia"
2025-01-23T23:01:17.060Z,-19.3661,115.1427,10,4.8,"218 km NW of Dampier, Australia"
2025-01-23T19:37:03.133Z,-9.4545,125.2225,10,4.1,"16 km SSW of Suai, Timor Leste"
2025-01-22T06:17:21.127Z,-9.5561,119.4308,86.388,4.3,"25 km ESE of Tambolaka, Indonesia"
2025-01-22T00:14:22.091Z,-9.8679,112.852,10,4.5,"183 km S of Dampit, Indonesia"
2025-01-16T00:43:14.501Z,-9.6173,125.1123,15.772,4.1,"37 km SSW of Suai, Timor Leste"
2025-01-15T22:51:27.367Z,-10.3873,119.2303,10,4.2,"106 km S of Tambolaka, Indonesia"
2025-01-12T20:21:13.785Z,-10.8642,114.3781,10,4.5,"244 km SSW of Jimbaran, Indonesia"
2025-01-11T13:46:30.904Z,-9.0651,122.3851,103.239,4.5,"52 km SSE of Maumere, Indonesia"
2025-01-11T02:52:45.178Z,-32.0369,138.7396,10,4.9,"74 km ENE of Quorn, Australia"
2025-01-10T15:55:20.892Z,-9.8378,154.973,10,4.6,"281 km SW of Gizo, Solomon Islands"
2025-01-08T15:59:35.503Z,-9.4486,115.5021,76.416,4,"77 km SSE of Nusa Dua, Indonesia"
2025-01-07T17:16:26.217Z,-10.6862,120.4806,19.16,4.3,"116 km SSE of Waingapu, Indonesia"
2025-01-07T03:22:31.656Z,-11.459,125.0679,10,4.6,"196 km SSE of Soe, Indonesia"
2025-01-04T03:50:54.892Z,-31.5349,142.0436,10,4.4,"73 km NE of Broken Hill, Australia"
2025-01-03T17:58:10.466Z,-9.8201,120.6467,30.613,4.1,"45 km ESE of Waingapu, Indonesia"
2024-12-28T18:28:15.749Z,-9.612,149.7821,10,4.3,"107 km NW of Alotau, Papua New Guinea"
2024-12-22T19:04:25.043Z,-10.9029,112.452,10,4.9,"299 km S of Dampit, Indonesia"
2024-12-19T19:14:21.846Z,-11.6569,119.1628,10,4.2,"246 km S of Tambolaka, Indonesia"
2024-12-13T17:39:26.685Z,-9.3859,112.8291,55.91,4.4,"130 km S of Dampit, Indonesia"
2024-12-12T02:16:39.880Z,-9.9819,151.9122,10,4.7,"153 km ENE of Samarai, Papua New Guinea"
2024-12-10T20:11:22.897Z,-9.7806,112.1863,10,4.4,"182 km S of Sumberpucung, Indonesia"
2024-12-06T10:22:24.947Z,-9.5482,149.136,10,4.5,"131 km SE of Popondetta, Papua New Guinea"
2024-12-02T16:06:10.719Z,-9.5851,110.239,10,4.5,"180 km S of Bambanglipuro, Indonesia"
2024-11-26T00:07:10.785Z,-9.9894,152.1893,10,4.4,"180 km ENE of Samarai, Papua New Guinea"
2024-11-25T23:33:37.399Z,-9.6578,119.6994,69.666,4.3,"56 km ESE of Tambolaka, Indonesia"
2024-11-24T03:43:37.314Z,-9.9353,119.5677,73.64,4.2,"66 km SSE of Tambolaka, Indonesia"
2024-11-17T23:26:48.458Z,-9.4678,113.8784,48.28,4.5,"122 km SSW of Gambiran Satu, Indonesia"
2024-11-17T19:18:44.970Z,-11.0289,116.3112,10,4.4,"255 km S of Lembar, Indonesia"
2024-11-12T01:12:57.471Z,-32.298,150.7321,10,4.2,"10 km NNE of Denman, Australia"
2024-11-02T07:20:18.804Z,-9.3776,117.4411,80.194,4.2,"95 km SE of Taliwang, Indonesia"
2024-10-31T20:20:40.436Z,-9.9098,151.7685,10,4.8,"143 km ENE of Samarai, Papua New Guinea"
2024-10-31T19:42:21.222Z,-9.4475,117.5083,66.464,4.3,"105 km SE of Taliwang, Indonesia"
2024-10-28T02:21:51.431Z,-9.0161,114.914,92.696,4.3,"36 km SW of Jimbaran, Indonesia"
2024-10-27T18:04:44.020Z,-11.5439,121.6019,10,4.2,"182 km WSW of Baa, Indonesia"
2024-10-25T12:15:23.273Z,-9.6585,155.2409,10,4.3,"246 km SW of Gizo, Solomon Islands"
2024-10-25T06:35:30.942Z,-9.1665,124.2658,71.647,4.4,"13 km WNW of Pante Makasar, Timor Leste"
2024-10-24T07:26:31.893Z,-9.4807,155.9985,10,4.3,"178 km SSW of Gizo, Solomon Islands"
2024-10-23T09:12:48.856Z,-9.0827,114.0712,84.237,4.4,"76 km S of Gambiran Satu, Indonesia"
2024-10-22T19:59:59.189Z,-9.6097,150.839,10,4.2,"88 km NNE of Alotau, Papua New Guinea"
2024-10-20T23:27:24.347Z,-28.522,136.0341,10,4.3,"136 km ENE of Coober Pedy, Australia"
2024-10-16T05:16:20.768Z,-10.6308,111.7289,10,4.2,"278 km S of Boyolangu, Indonesia"
2024-10-15T20:40:33.633Z,-9.8511,151.8987,10,5.3,"159 km ENE of Samarai, Papua New Guinea"
2024-10-08T08:31:28.736Z,-43.7485,146.2949,10,4.3,"82 km SW of Geeveston, Australia"
2024-10-06T02:59:23.357Z,-18.0798,120.3681,10,4.5,"195 km W of Cable Beach, Australia"
2024-10-05T03:16:38.272Z,-21.7513,113.2485,10,4.1,"92 km WNW of Exmouth, Australia"
2024-10-02T20:22:01.790Z,-9.0805,123.9938,125.019,4.3,"44 km WNW of Pante Makasar, Timor Leste"
2024-10-02T07:06:25.139Z,-31.226,117.8353,10,4.1,"50 km NW of Merredin, Australia"
2024-09-23T16:19:10.583Z,-10.6276,113.3531,10,4.4,"259 km S of Kencong, Indonesia"
2024-09-23T01:38:42.399Z,-9.9179,111.1397,10,4.1,"212 km SSW of Trenggalek, Indonesia"
2024-09-22T06:16:40.544Z,-9.6877,117.406,47.947,4.2,"120 km SSE of Taliwang, Indonesia"
2024-09-13T22:00:03.171Z,-9.1722,110.332,35,4.7,"134 km S of Pundong, Indonesia"
2024-09-13T17:19:50.897Z,-9.201,110.289,46.56,4.6,"138 km S of Pundong, Indonesia"
2024-09-13T07:12:51.252Z,-9.298,110.3448,46.533,4.3,"148 km S of Pundong, Indonesia"
2024-09-06T19:58:33.714Z,-32.3299,150.7175,8.836,4.4,"New South Wales, Australia"
2024-09-02T14:32:58.271Z,-9.5556,122.0365,65.063,4.4,"88 km SSE of Ende, Indonesia"
2024-09-02T09:02:19.740Z,-9.5024,120.0908,79.402,4.1,"25 km NW of Waingapu, Indonesia"
2024-08-28T03:25:11.824Z,-10.2541,116.2314,32.738,4.2,"169 km S of Lembar, Indonesia"
2024-08-27T02:40:39.903Z,-9.488,118.5645,56.954,4.6,"74 km W of Tambolaka, Indonesia"
2024-08-24T06:31:38.269Z,-32.329,150.7521,10.876,4.5,"8 km NE of Denman, Australia"
2024-08-23T03:55:57.085Z,-9.114,119.2947,10,4.9,"35 km N of Tambolaka, Indonesia"
2024-08-23T02:01:59.799Z,-32.3583,150.7558,10,4.8,"7 km ENE of Denman, Australia"
2024-08-21T11:58:29.937Z,-9.9512,116.4563,50.019,4.8,"139 km S of Praya, Indonesia"
2024-08-19T03:48:54.579Z,-10.2827,123.6543,15.851,4.4,"13 km SSE of Kupang, Indonesia"
2024-08-18T18:33:40.680Z,-31.1845,117.6154,9.522,4.4,"70 km WNW of Merredin, Australia"
2024-08-18T18:05:38.482Z,-31.2563,117.675,7.993,4.6,"62 km WNW of Merredin, Australia"
2024-08-15T10:58:50.306Z,-9.3482,122.6726,86.716,4.4,"95 km SSE of Maumere, Indonesia"
2024-08-14T14:15:36.195Z,-9.3375,114.116,59.082,4.5,"102 km SSW of Muncar, Indonesia"
2024-08-14T14:14:06.746Z,-9.311,114.0158,63.192,4.8,"102 km S of Gambiran Satu, Indonesia"
2024-08-09T16:40:37.470Z,-9.1202,120.5383,75.465,5.1,"56 km S of Ruteng, Indonesia"
2024-07-24T08:09:01.727Z,-10.0576,123.7239,35,5.2,"17 km NE of Kupang, Indonesia"
2024-07-23T01:59:40.184Z,-9.0595,123.9165,61.866,4.1,"53 km WNW of Pante Makasar, Timor Leste"
2024-07-21T18:36:52.746Z,-39.7533,121.1451,10,5.1,off the south coast of Australia
2024-07-16T04:29:28.113Z,-11.7888,120.9045,9.381,4.1,"246 km SSE of Waingapu, Indonesia"
2024-07-14T18:44:01.712Z,-9.0205,123.5329,104.763,4.4,"68 km NNW of Naisano Dua, Indonesia"
2024-07-11T03:39:08.392Z,-20.4416,119.1002,10,4.4,"52 km E of South Hedland, Australia"
2024-07-09T00:52:11.991Z,-19.3155,134.6877,10.126,4.3,"63 km NE of Tennant Creek, Australia"
2024-07-04T11:37:32.124Z,-9.5181,113.9265,56.862,4.4,"126 km S of Gambiran Satu, Indonesia"
2024-06-16T13:09:16.636Z,-9.4645,112.8829,59.234,4.8,"139 km S of Dampit, Indonesia"
2024-06-16T07:35:18.921Z,-10.4899,111.5271,10,4.4,"265 km S of Boyolangu, Indonesia"
2024-06-16T02:32:56.903Z,-9.4184,119.4539,90.71,4.3,"23 km E of Tambolaka, Indonesia"
2024-06-14T21:21:36.234Z,-10.3116,122.1462,16.075,4.2,"108 km WNW of Baa, Indonesia"
2024-06-14T18:16:26.335Z,-10.4717,120.1506,21.093,4.4,"91 km S of Waingapu, Indonesia"
2024-06-06T13:15:37.463Z,-9.0052,116.8448,10.967,5,"28 km S of Taliwang, Indonesia"
2024-06-03T21:44:23.442Z,-9.5111,111.6747,28.645,4.4,"155 km S of Boyolangu, Indonesia"
2024-05-29T04:26:39.761Z,-10.2361,118.6701,35,4.4,"108 km SW of Tambolaka, Indonesia"
2024-05-27T20:39:23.460Z,-10.0713,111.3396,10,4.5,"224 km S of Trenggalek, Indonesia"
2024-05-27T19:53:57.681Z,-10.2431,111.4012,10,5,"241 km SSW of Boyolangu, Indonesia"
2024-05-26T23:03:57.414Z,-9.9106,115.7654,38.982,4.1,"135 km SSW of Lembar, Indonesia"
2024-05-20T21:37:34.182Z,-9.9963,122.9697,10,4.2,"72 km WNW of Kupang, Indonesia"
2024-05-16T22:39:55.582Z,-9.3958,118.5199,102.063,4.1,"78 km W of Tambolaka, Indonesia"
2024-05-11T04:02:04.796Z,-19.8826,133.9639,15.578,4.1,"35 km SW of Tennant Creek, Australia"
2024-05-08T20:54:31.806Z,-10.3854,118.268,22.427,4.5,"150 km SW of Tambolaka, Indonesia"
2024-05-07T22:09:56.125Z,-9.1457,115.8631,103.998,4.7,"51 km SSW of Lembar, Indonesia"
2024-05-04T04:02:52.601Z,-9.3686,118.9147,88.056,4.8,"36 km W of Tambolaka, Indonesia"
2024-05-02T03:06:47.345Z,-9.579,148.8315,10,4.3,"111 km SE of Popondetta, Papua New Guinea"
2024-05-01T07:39:14.934Z,-9.507,148.8251,10,4.9,"104 km SE of Popondetta, Papua New Guinea"
2024-05-01T05:09:23.379Z,-11.2354,123.3877,32.698,4.4,"67 km SSE of Baa, Indonesia"
2024-04-26T13:43:16.503Z,-10.4664,115.0966,10,5,"184 km S of Nusa Dua, Indonesia"
2024-04-24T16:15:42.283Z,-9.7119,155.3762,10,4.4,"240 km SW of Gizo, Solomon Islands"
2024-04-19T20:38:21.790Z,-9.2093,110.312,41.513,4.4,"139 km S of Pundong, Indonesia"
2024-04-17T06:36:31.052Z,-33.1841,138.6886,10.141,4.3,"8 km ENE of Jamestown, Australia"
2024-04-10T02:12:01.394Z,-9.2704,147.8798,10,4.2,"46 km SSE of Kokoda, Papua New Guinea"
2024-04-04T08:44:09.581Z,-9.0713,124.0446,96.725,4.3,"39 km WNW of Pante Makasar, Timor Leste"
2024-03-28T08:01:54.946Z,-9.1955,110.1543,59.247,5,"138 km S of Bambanglipuro, Indonesia"
2024-03-28T04:17:40.113Z,-27.9842,138.1364,10,4.3,South Australia
2024-03-27T18:16:52.837Z,-9.5395,123.6659,71.887,4,"13 km WNW of Naisano Dua, Indonesia"
2024-03-24T03:04:07.847Z,-9.4207,122.1832,62.174,5.7,"85 km SE of Ende, Indonesia"
2024-03-24T00:30:54.143Z,-9.7782,154.8212,10,5.1,"289 km SW of Gizo, Solomon Islands"
2024-03-17T16:16:58.303Z,-9.4043,113.1588,59.298,4.4,"126 km S of Kencong, Indonesia"
2024-03-17T09:36:43.738Z,-9.1387,119.0952,93.515,4.3,"35 km NNW of Tambolaka, Indonesia"
2024-03-16T08:33:55.669Z,-9.3738,118.9814,81.634,4.4,"28 km WNW of Tambolaka, Indonesia"
2024-03-15T05:37:23.323Z,-9.4155,123.7501,67.379,4.2,"20 km N of Naisano Dua, Indonesia"
2024-03-13T18:23:04.619Z,-9.67,112.2551,21.188,4.2,"169 km S of Sumberpucung, Indonesia"
2024-03-10T22:09:02.084Z,-9.5584,124.5089,14.461,4,"12 km SSE of Kefamenanu, Indonesia"
2024-03-10T17:38:03.337Z,-9.4845,124.4859,10,4.2,"4 km SSE of Kefamenanu, Indonesia"
2024-03-07T20:46:45.661Z,-11.3415,118.8047,10,4.5,"216 km SSW of Tambolaka, Indonesia"
2024-03-07T01:16:00.985Z,-10.5004,123.7707,10,4.2,"40 km SSE of Kupang, Indonesia"
2024-03-02T16:40:54.285Z,-9.5417,116.2835,75.059,4.3,"92 km S of Praya, Indonesia"
2024-02-29T22:29:03.460Z,-10.6278,113.4193,10,4,"259 km S of Kencong, Indonesia"
2024-02-29T20:19:43.160Z,-10.4607,113.5799,10,4.9,"236 km SSW of Gambiran Satu, Indonesia"
2024-02-29T19:12:54.130Z,-9.1468,110.0442,42.545,4.1,"134 km SSW of Bambanglipuro, Indonesia"
2024-02-28T07:14:38.636Z,-9.6383,125.0983,25.424,4.7,"39 km SSW of Suai, Timor Leste"
2024-02-27T16:05:54.150Z,-9.5491,148.7153,10,4.8,"101 km SSE of Popondetta, Papua New Guinea"
2024-02-27T16:04:09.371Z,-16.7288,128.2312,11.74,4.4,"118 km SSW of Kununurra, Australia"
2024-02-27T04:49:09.655Z,-9.5137,125.062,10,4.9,"30 km SW of Suai, Timor Leste"
2024-02-23T04:53:10.927Z,-19.892,134.0219,10,4.4,"32 km SSW of Tennant Creek, Australia"
2024-02-19T17:28:18.874Z,-9.6403,151.4515,10,4.1,"132 km NE of Alotau, Papua New Guinea"
2024-02-18T00:03:09.751Z,-9.0884,110.5027,56.618,4.3,"124 km S of Wonosari, Indonesia"
2024-02-14T13:29:17.572Z,-9.5659,117.1702,75.069,4.4,"97 km SSE of Taliwang, Indonesia"
2024-02-11T21:04:22.494Z,-10.2102,124.0348,35,4.4,"47 km E of Kupang, Indonesia"
2024-02-11T11:23:08.753Z,-9.118,124.1677,89.33,4,"25 km WNW of Pante Makasar, Timor Leste"
2024-02-08T13:49:37.939Z,-38.4781,145.982,10,4.3,"3 km E of Leongatha, Australia"
2024-02-04T17:06:26.219Z,-9.1062,124.0081,116.801,4.3,"42 km WNW of Pante Makasar, Timor Leste"
2024-02-04T11:05:30.020Z,-9.0955,125.0193,47.906,4.1,"13 km E of Atambua, Indonesia"
2024-01-29T01:44:40.400Z,-10.2625,118.7695,35,4.1,"105 km SSW of Tambolaka, Indonesia"
2024-01-27T09:33:17.652Z,-11.6263,113.3843,10,5.4,"south of Java, Indonesia"
2024-01-24T09:33:46.183Z,-9.5773,119.639,90.668,4,"47 km ESE of Tambolaka, Indonesia"
2024-01-22T16:13:41.668Z,-10.0912,119.7249,16.552,4.6,"76 km SW of Waingapu, Indonesia"
2024-01-22T04:12:41.123Z,-10.4289,120.1446,10,4.3,"86 km S of Waingapu, Indonesia"
2024-01-22T04:02:18.645Z,-10.3373,120.2513,12.166,4.9,"75 km S of Waingapu, Indonesia"
2024-01-14T04:46:22.943Z,-26.9549,129.6584,10,4.1,"231 km SW of Yulara, Australia"
2024-01-13T08:46:24.689Z,-10.3118,123.8462,10,4.2,"30 km ESE of Kupang, Indonesia"
2024-01-11T11:35:10.496Z,-9.2312,111.3107,54.228,4.1,"134 km SSW of Trenggalek, Indonesia"
2024-01-07T03:37:11.572Z,-17.4863,127.4894,10,4.1,"83 km NNW of Halls Creek, Australia"
2024-01-06T07:31:06.598Z,-10.2059,120.6003,27.82,4,"71 km SSE of Waingapu, Indonesia"
2024-01-05T19:38:45.398Z,-10.16,123.0798,19.255,4.4,"57 km W of Kupang, Indonesia"
2024-01-02T04:46:28.776Z,-10.1167,123.7618,35,4.9,"17 km ENE of Kupang, Indonesia"
2023-12-30T12:59:31.914Z,-11.2021,121.4796,10.949,4.2,"179 km WSW of Baa, Indonesia"
2023-12-29T14:16:10.849Z,-9.4932,148.9788,10,4.2,"114 km SE of Popondetta, Papua New Guinea"
2023-12-27T18:52:44.282Z,-9.9486,123.7035,39.974,5,"26 km NNE of Kupang, Indonesia"
2023-12-26T17:09:50.604Z,-11.4858,117.374,10,4.4,"south of Sumbawa, Indonesia"
2023-12-26T11:12:50.820Z,-9.7104,124.905,10,4.5,"55 km ESE of Kefamenanu, Indonesia"
2023-12-24T07:32:30.855Z,-9.8578,155.0433,10,4.2,"277 km SW of Gizo, Solomon Islands"
2023-12-21T02:49:48.148Z,-9.7555,122.7458,100.832,4.2,"105 km WNW of Kupang, Indonesia"
2023-12-20T18:35:42.069Z,-10.6504,117.2683,18.136,4.1,"215 km SSE of Taliwang, Indonesia"
2023-12-14T00:09:35.963Z,-27.7146,120.6066,10,4.1,"24 km NNW of Leinster, Australia"
2023-12-13T22:51:35.828Z,-11.504,118.1573,10,4.4,"258 km SSW of Tambolaka, Indonesia"
2023-12-12T15:56:22.344Z,-17.3743,126.0997,10,4.2,"107 km NNE of Fitzroy Crossing, Australia"
2023-12-12T00:37:29.045Z,-10.3354,116.8988,35,5.1,"175 km S of Taliwang, Indonesia"
2023-12-11T22:20:30.977Z,-9.3187,125.0172,35,4.3,"26 km W of Suai, Timor Leste"
2023-12-08T06:42:50.535Z,-10.1326,114.5149,10,4,"164 km SSW of Jimbaran, Indonesia"
2023-12-04T15:24:03.060Z,-10.6021,120.4386,16.417,4.3,"106 km S of Waingapu, Indonesia"
2023-12-02T05:37:25.371Z,-9.7881,112.511,43.519,5.2,"176 km S of Dampit, Indonesia"
2023-11-28T02:54:43.838Z,-9.697,155.1808,10,4.3,"253 km SW of Gizo, Solomon Islands"
2023-11-27T02:59:09.822Z,-10.3889,120.8558,35,4.3,"103 km SE of Waingapu, Indonesia"
2023-11-26T21:57:11.712Z,-10.5797,120.5595,17.524,4,"107 km SSE of Waingapu, Indonesia"
2023-11-25T22:23:46.435Z,-10.2325,118.7834,27.435,4.4,"101 km SSW of Tambolaka, Indonesia"
2023-11-24T12:44:56.754Z,-10.5625,120.5886,16.904,4.1,"106 km SSE of Waingapu, Indonesia"
2023-11-24T02:53:40.644Z,-10.5007,120.5015,14.283,4.3,"96 km SSE of Waingapu, Indonesia"
2023-11-24T00:02:31.938Z,-10.5785,120.4811,16.636,4.6,"104 km SSE of Waingapu, Indonesia"
2023-11-23T22:44:44.160Z,-10.6328,120.6613,15.236,4.6,"116 km SSE of Waingapu, Indonesia"
2023-11-23T22:40:29.816Z,-10.6412,120.6426,14.784,4.5,"116 km SSE of Waingapu, Indonesia"
2023-11-22T19:02:55.286Z,-12.3434,121.6444,11.15,4.8,"235 km SW of Baa, Indonesia"
2023-11-21T18:51:08.204Z,-9.2577,125.8409,10,4.1,"35 km SE of Same, Timor Leste"
2023-11-21T07:10:14.505Z,-9.5673,148.6819,6,5.5,"101 km SSE of Popondetta, Papua New Guinea"
2023-11-19T17:30:55.348Z,-9.5638,112.8628,43.435,4.5,"150 km S of Dampit, Indonesia"
2023-11-16T11:24:07.060Z,-9.9467,123.7764,10,4.6,"30 km NE of Kupang, Indonesia"
2023-11-14T16:45:30.974Z,-9.2235,114.2107,67.368,4.4,"88 km S of Muncar, Indonesia"
2023-11-12T02:06:16.184Z,-9.9173,123.699,42.657,5.2,"29 km NNE of Kupang, Indonesia"
2023-11-11T20:07:29.749Z,-10.1256,123.6626,35,4.6,"7 km NE of Kupang, Indonesia"
2023-11-07T05:36:36.253Z,-10.2128,118.1755,20.65,4.9,"145 km SW of Tambolaka, Indonesia"
2023-11-02T10:24:02.081Z,-9.5543,114.0684,60.218,4.1,"127 km SSW of Muncar, Indonesia"
2023-11-01T21:04:48.023Z,-10.0561,123.7541,51,6.1,"20 km NE of Kupang, Indonesia"
2023-10-27T19:12:39.700Z,-10.5782,122.0834,12.082,4.3,"106 km W of Baa, Indonesia"
2023-10-27T18:10:27.222Z,-9.1503,124.1931,55.86,4.4,"21 km WNW of Pante Makasar, Timor Leste"
2023-10-27T07:49:51.506Z,-9.5654,120.1216,76.206,5,"18 km WNW of Waingapu, Indonesia"
2023-10-26T11:27:46.227Z,-10.4642,116.4335,22.856,4.4,"195 km S of Praya, Indonesia"
2023-10-24T12:38:05.308Z,-29.0951,147.14,10,4.1,"89 km WNW of Lightning Ridge, Australia"
2023-10-23T22:47:10.767Z,-10.5933,118.9974,19.824,4.3,"131 km SSW of Tambolaka, Indonesia"
2023-10-23T15:20:52.471Z,-10.512,113.4903,10,4.4,"245 km SSW of Gambiran Satu, Indonesia"
2023-10-22T14:02:15.564Z,-41.2452,126.8799,10,4.4,south of Australia
2023-10-21T15:11:07.581Z,-38.6944,143.5051,10,4.8,"16 km WNW of Apollo Bay, Australia"
2023-10-19T09:04:52.800Z,-9.4844,113.3423,36.136,4.5,"132 km S of Kencong, Indonesia"
2023-10-12T09:29:58.486Z,-10.2267,119.9149,10,4.9,"73 km SSW of Waingapu, Indonesia"
2023-10-04T11:11:44.176Z,-9.3367,124.7888,29.389,4.6,"27 km SSW of Atambua, Indonesia"
2023-10-01T00:18:40.619Z,-10.6211,113.1065,10,4.7,"260 km S of Kencong, Indonesia"
2023-09-25T09:19:17.241Z,-9.5905,148.7898,10,4.2,"109 km SE of Popondetta, Papua New Guinea"
2023-09-14T06:19:35.578Z,-10.9865,113.3733,10,4.6,"298 km S of Kencong, Indonesia"
2023-09-03T16:16:19.716Z,-9.2868,121.8927,85.339,4.5,"55 km SSE of Ende, Indonesia"
2023-08-31T10:29:28.866Z,-9.4768,123.9031,47.151,5.4,"19 km NE of Naisano Dua, Indonesia"
2023-08-29T20:04:55.314Z,-9.2284,114.9909,89.461,4,"51 km SSW of Jimbaran, Indonesia"
2023-08-20T19:17:13.354Z,-11.2705,118.3386,10,4.4,"226 km SSW of Tambolaka, Indonesia"
2023-08-18T13:41:07.611Z,-9.0068,111.0328,37.838,4.2,"124 km SSE of Wonosari, Indonesia"
2023-08-17T09:23:29.232Z,-9.1767,112.0552,59.949,4.4,"118 km S of Boyolangu, Indonesia"
2023-08-09T16:20:05.719Z,-9.7864,154.072,10,4.4,D'Entrecasteaux Islands region
2023-08-08T01:22:59.286Z,-9.6857,112.8598,35,4.9,"163 km S of Dampit, Indonesia"
2023-08-06T22:28:09.383Z,-9.725,114.0347,41.676,4.2,"146 km SSW of Muncar, Indonesia"
2023-08-06T20:02:22.814Z,-9.6748,114.1105,41.807,4.4,"139 km S of Muncar, Indonesia"
2023-08-06T19:46:19.072Z,-9.6865,114.2165,43.84,4.5,"139 km S of Muncar, Indonesia"
2023-08-06T19:40:17.755Z,-9.6864,114.0638,42.764,4.9,"141 km SSW of Muncar, Indonesia"
2023-08-06T12:49:40.710Z,-9.2595,114.0683,74.213,4.3,"south of Bali, Indonesia"
2023-08-05T21:34:43.128Z,-33.7603,118.2467,10,5.2,"64 km E of Katanning, Australia"
2023-07-31T07:17:37.526Z,-9.0757,123.652,86.794,4.5,"59 km NNW of Naisano Dua, Indonesia"
2023-07-26T17:39:47.580Z,-11.491,117.7812,10,4.3,"278 km SW of Tambolaka, Indonesia"
2023-07-25T00:25:10.718Z,-9.0432,123.9238,87.512,5.6,"53 km WNW of Pante Makasar, Timor Leste"
2023-07-23T08:38:11.148Z,-9.1335,124.1872,93.139,4.1,Timor region
2023-07-19T17:19:24.889Z,-11.483,117.1679,10,4.3,"south of Sumbawa, Indonesia"
2023-07-12T21:41:11.029Z,-10.1666,118.7309,27.264,4.6,"98 km SW of Tambolaka, Indonesia"
2023-07-12T14:46:44.933Z,-10.3331,118.5836,27.143,4.5,"123 km SW of Tambolaka, Indonesia"
2023-07-12T08:39:31.337Z,-10.1507,118.8415,16.765,5,"90 km SSW of Tambolaka, Indonesia"
2023-07-08T11:44:32.816Z,-11.3986,117.3716,10,4.5,"298 km SW of Tambolaka, Indonesia"
2023-07-07T17:27:00.797Z,-10.3133,120.1729,37.575,4.2,"73 km S of Waingapu, Indonesia"
2023-07-06T20:04:01.219Z,-9.5077,148.9127,10,5,"111 km SE of Popondetta, Papua New Guinea"
2023-06-29T15:32:43.658Z,-37.4416,146.3071,10,4.4,"34 km SSW of Mount Buller, Australia"
2023-06-27T18:58:16.469Z,-11.3915,116.2307,10,4.8,"295 km S of Lembar, Indonesia"
2023-06-25T05:22:12.768Z,-12.1799,124.5564,10,4.1,"230 km SE of Baa, Indonesia"
2023-06-23T11:30:55.228Z,-9.0684,112.6486,120.514,4.6,"95 km S of Dampit, Indonesia"
2023-06-22T05:26:05.361Z,-9.4502,116.5855,87.405,4.1,"83 km SSW of Taliwang, Indonesia"
2023-06-22T02:28:23.519Z,-9.3222,119.5755,65.804,4.2,"Sumba region, Indonesia"
2023-06-22T02:17:08.616Z,-9.3623,119.5507,72.737,4.1,"Sumba region, Indonesia"
2023-06-21T22:10:52.135Z,-18.3517,124.8027,10,4.2,"73 km NNW of St George Ranges, Australia"
2023-06-17T03:31:16.595Z,-9.6259,114.2335,60.985,4.4,"132 km S of Muncar, Indonesia"
2023-06-15T01:09:55.814Z,-9.1792,123.9135,35,4.6,"48 km NNE of Naisano Dua, Indonesia"
2023-06-13T04:05:42.413Z,-10.9313,113.8556,10,4.4,"276 km SSW of Jimbaran, Indonesia"
2023-06-07T12:13:05.439Z,-16.7731,147.0246,10.451,4.5,"122 km ENE of Yarrabah, Australia"
2023-06-05T13:08:49.180Z,-10.0963,118.7098,37.76,4.7,"93 km SW of Tambolaka, Indonesia"
2023-05-24T19:57:24.621Z,-9.2785,114.9566,80.202,4.6,"58 km SSW of Jimbaran, Indonesia"
2023-05-23T11:53:23.060Z,-10.1151,111.0585,10,4.5,"236 km SSW of Trenggalek, Indonesia"
2023-05-22T13:48:24.399Z,-9.4328,124.8101,26.707,4.2,"36 km E of Kefamenanu, Indonesia"
2023-05-22T08:41:17.949Z,-10.4528,119.4553,23.201,4.3,"115 km SSE of Tambolaka, Indonesia"
2023-05-16T03:19:52.806Z,-9.1708,124.3813,35,4.5,"3 km N of Pante Makasar, Timor Leste"
2023-05-15T14:50:47.486Z,-11.4679,117.3581,10,4.4,"south of Sumbawa, Indonesia"
2023-05-14T05:17:49.790Z,-9.1975,111.4623,63.226,4.4,"126 km SSW of Trenggalek, Indonesia"
2023-05-12T18:20:10.756Z,-18.269,120.3895,10,4.5,"195 km W of Cable Beach, Australia"
2023-05-11T08:40:14.362Z,-10.5412,123.4682,10,4.2,"43 km SSW of Kupang, Indonesia"
2023-05-06T22:34:10.024Z,-11.1014,121.9586,10,4.5,"126 km WSW of Baa, Indonesia"
2023-05-06T18:01:27.426Z,-10.7728,113.1601,10,4.3,"276 km S of Kencong, Indonesia"
2023-05-04T14:22:04.762Z,-10.6627,121.6641,11.499,4.5,"151 km W of Baa, Indonesia"
2023-05-03T10:12:13.055Z,-10.2424,119.3123,26.447,4,"90 km S of Tambolaka, Indonesia"
2023-05-02T17:56:44.935Z,-9.3033,114.1417,49.849,4.3,"98 km SSW of Muncar, Indonesia"
2023-05-01T07:54:05.770Z,-9.4501,148.5814,10,4.9,"eastern New Guinea region, Papua New Guinea"
2023-04-30T04:07:41.637Z,-10.791,113.4291,10,4.5,"276 km SSW of Gambiran Satu, Indonesia"
2023-04-29T15:12:38.154Z,-10.3619,120.1779,26.019,4.4,"78 km S of Waingapu, Indonesia"
2023-04-20T09:00:05.051Z,-9.7396,154.4209,10,4.4,D'Entrecasteaux Islands region
2023-04-19T16:42:16.335Z,-9.8452,115.0477,40.329,4.3,"117 km S of Jimbaran, Indonesia"
2023-04-17T09:02:57.242Z,-18.0667,120.2546,10,4.9,"207 km W of Cable Beach, Australia"
2023-04-13T02:46:32.337Z,-10.5099,124.281,10,4.6,"71 km S of Soe, Indonesia"
2023-04-12T08:32:08.202Z,-10.6756,113.3955,19.551,4.5,"south of Java, Indonesia"
2023-04-10T10:06:17.212Z,-9.4115,152.1796,10,4.1,"212 km NE of Samarai, Papua New Guinea"
2023-04-10T08:41:58.800Z,-10.0782,123.1755,18.134,4.2,"48 km WNW of Kupang, Indonesia"
2023-04-10T00:37:29.495Z,-9.5889,115.1162,58.547,5.1,"88 km S of Nusa Dua, Indonesia"
2023-04-10T00:36:20.961Z,-9.6608,115.1234,62.275,5,"95 km S of Nusa Dua, Indonesia"
2023-04-09T05:20:34.018Z,-9.5317,117.7092,66.135,4.6,"119 km SSE of Sumbawa Besar, Indonesia"
2023-04-06T06:43:28.057Z,-10.7373,113.3038,10,4.7,"271 km S of Kencong, Indonesia"
2023-03-31T08:28:35.619Z,-9.6154,115.1606,61.428,4.8,"90 km S of Nusa Dua, Indonesia"
2023-03-24T12:16:12.807Z,-10.8314,113.3152,10,4.6,"281 km S of Kencong, Indonesia"
2023-03-22T23:23:08.763Z,-32.8604,139.4757,9.096,4.9,"60 km ENE of Peterborough, Australia"
2023-03-17T10:54:19.253Z,-9.1634,119.3964,109.771,4.5,"34 km NNE of Tambolaka, Indonesia"
2023-03-16T08:14:28.632Z,-11.5583,117.4193,10,4.2,"south of Sumbawa, Indonesia"
2023-03-16T05:22:40.581Z,-10.5406,113.313,10,5.2,"249 km S of Kencong, Indonesia"
2023-03-10T06:43:50.565Z,-9.1856,123.1277,85.283,4,"84 km WNW of Naisano Dua, Indonesia"
2023-03-09T20:29:27.666Z,-9.6272,119.67,35,4.1,"52 km ESE of Tambolaka, Indonesia"
2023-03-08T15:22:48.754Z,-11.7368,112.0314,10,4.1,"south of Java, Indonesia"
2023-03-06T01:50:08.773Z,-9.3706,112.4379,45.416,4.8,"132 km SSW of Dampit, Indonesia"
2023-03-04T20:45:15.954Z,-9.6041,125.0782,54.83,4.3,East Timor region
2023-03-04T18:54:29.613Z,-9.2482,123.9874,44.773,4.3,"43 km W of Pante Makasar, Timor Leste"
2023-03-03T14:49:54.637Z,-10.746,113.3914,10,4.4,"272 km S of Kencong, Indonesia"
2023-03-03T11:07:46.656Z,-10.8483,113.3758,10,4.2,"south of Java, Indonesia"
2023-03-03T01:40:05.325Z,-9.022,153.4656,10,4.4,D'Entrecasteaux Islands region
2023-02-28T01:41:18.750Z,-30.4981,133.8849,10,4.3,"181 km N of Ceduna, Australia"
2023-02-26T21:15:24.248Z,-9.6772,122.8758,35,4,"97 km NW of Kupang, Indonesia"
2023-02-25T16:48:05.570Z,-12.2309,122.5576,10,4.4,"174 km SSW of Baa, Indonesia"
2023-02-23T16:56:47.008Z,-11.7096,116.4107,10,4.6,"South of Lombok, Indonesia"
2023-02-20T05:30:14.034Z,-10.1994,113.5497,24.274,4.2,"210 km SSW of Gambiran Satu, Indonesia"
2023-02-17T22:54:48.215Z,-11.4581,118.267,10,4.7,"248 km SSW of Tambolaka, Indonesia"
2023-02-13T17:33:21.929Z,-10.7477,115.9522,10,4.4,"223 km S of Lembar, Indonesia"
2023-02-05T00:39:58.032Z,-33.3788,117.0992,10,4.4,"24 km WSW of Wagin, Australia"
2023-01-28T20:49:02.769Z,-10.1625,115.8208,62.775,4.3,"161 km S of Lembar, Indonesia"
2023-01-25T19:10:54.720Z,-10.9286,111.7281,10,4.1,"south of Java, Indonesia"
2023-01-25T07:02:36.340Z,-11.3522,119.4827,17.854,4.3,"206 km SSW of Waingapu, Indonesia"
2023-01-18T16:27:49.542Z,-10.9587,111.7241,10,5.1,"south of Java, Indonesia"
2023-01-18T16:10:46.056Z,-11.0429,111.7727,10,4.9,"south of Java, Indonesia"
2023-01-17T21:42:34.943Z,-9.0648,148.127,22.274,5.1,"35 km SSW of Popondetta, Papua New Guinea"
2023-01-17T04:36:12.829Z,-9.0476,112.5383,66.345,5,"95 km SSW of Dampit, Indonesia"
2023-01-14T06:48:10.719Z,-9.1275,123.3759,91.787,4.5,"67 km NW of Naisano Dua, Indonesia"
2023-01-09T04:33:36.909Z,-9.0802,123.9138,117.27,4.1,"53 km WNW of Pante Makasar, Timor Leste"
2023-01-09T03:45:28.566Z,-9.0024,124.1028,102.413,4.4,Timor region
2023-01-06T22:27:47.628Z,-11.1836,112.5312,10,4.4,"south of Java, Indonesia"
2023-01-05T05:12:18.270Z,-33.7412,118.2596,10.875,4.7,Western Australia
2023-01-04T04:21:05.315Z,-10.7304,113.4073,25.287,4.6,"270 km S of Kencong, Indonesia"
2022-12-28T01:10:28.551Z,-10.7665,113.3774,10,4.5,"274 km S of Kencong, Indonesia"
2022-12-27T23:10:54.402Z,-38.1536,139.6072,12.805,4.4,"90 km SW of Millicent, Australia"
2022-12-24T12:09:27.301Z,-11.4197,117.859,10,4.4,"267 km SW of Tambolaka, Indonesia"
2022-12-22T11:22:24.944Z,-9.0365,124.3157,97.515,4.3,"19 km NNW of Pante Makasar, Timor Leste"
2022-12-18T20:53:48.356Z,-10.7339,113.4014,10,4.2,"271 km S of Kencong, Indonesia"
2022-12-17T18:28:26.055Z,-11.4271,117.9203,18.341,4.8,"263 km SSW of Tambolaka, Indonesia"
2022-12-17T09:39:40.229Z,-10.4897,118.8576,20.202,4.3,"179 km WSW of Waingapu, Indonesia"
2022-12-17T06:45:49.382Z,-10.1658,118.8581,30.376,4.5,"164 km WSW of Waingapu, Indonesia"
2022-12-16T11:19:08.379Z,-9.5724,110.3332,10,4.5,"179 km S of Pundong, Indonesia"
2022-12-14T20:12:39.802Z,-9.8967,118.7829,36.645,4.4,"154 km SSE of Dompu, Indonesia"
2022-12-13T22:09:26.180Z,-9.5401,120.4798,89.693,4.9,"26 km ENE of Waingapu, Indonesia"
2022-12-11T23:04:36.740Z,-10.8121,122.9274,10,4.2,"102 km SW of Kupang, Indonesia"
2022-12-11T16:13:09.055Z,-9.1364,111.3505,64.83,4,"123 km SSW of Trenggalek, Indonesia"
2022-12-11T14:34:48.664Z,-31.6669,125.8601,10,4.6,Western Australia
2022-12-10T20:21:17.210Z,-10.2241,118.7493,40.522,4.6,"177 km WSW of Waingapu, Indonesia"
2022-12-10T11:53:15.960Z,-10.7295,113.4056,10,4.8,"270 km S of Kencong, Indonesia"
2022-12-09T19:17:40.270Z,-10.6423,124.4258,10,4.2,"87 km S of Soe, Indonesia"
2022-12-07T21:43:18.058Z,-10.2477,118.7569,29.163,4.2,"177 km WSW of Waingapu, Indonesia"
2022-12-07T15:14:29.640Z,-10.6581,113.3708,12.524,4.2,"262 km S of Kencong, Indonesia"
2022-12-06T10:22:02.960Z,-10.5362,113.448,10,5.3,"249 km SSW of Gambiran Satu, Indonesia"
2022-12-06T08:55:50.567Z,-10.7127,113.4609,25.93,4,"267 km SSW of Gambiran Satu, Indonesia"
2022-12-06T06:07:48.037Z,-10.7234,113.386,17,5.9,"269 km S of Kencong, Indonesia"
2022-12-06T02:34:49.662Z,-9.1621,123.9568,66.995,4.5,"47 km W of Pante Makasar, Timor Leste"
2022-12-05T06:26:58.806Z,-10.1621,115.8594,35,4.3,"160 km S of Lembar, Indonesia"
2022-12-04T16:37:43.002Z,-11.319,112.4757,10,4.1,"south of Java, Indonesia"
2022-12-04T16:01:43.364Z,-9.7423,113.7039,56.519,4.1,"156 km SSW of Gambiran Satu, Indonesia"
2022-11-21T10:05:06.550Z,-17.7107,123.4295,10,4.5,"49 km SSW of Derby, Australia"
2022-11-20T22:55:08.309Z,-10.4492,123.8414,10,4.4,"40 km SE of Kupang, Indonesia"
2022-11-20T15:30:12.022Z,-10.4765,123.9037,10,4.4,"46 km SE of Kupang, Indonesia"
2022-11-20T13:49:17.463Z,-10.4363,123.7732,10,5.1,"34 km SSE of Kupang, Indonesia"
2022-11-15T21:14:12.543Z,-42.7796,124.5965,10,5.2,south of Australia
2022-11-13T21:09:49.812Z,-11.4633,120.3244,10,4.5,"south of Sumba, Indonesia"
2022-11-10T23:38:05.223Z,-9.4197,125.4228,10,4.4,"21 km ESE of Suai, Timor Leste"
2022-11-09T17:41:46.563Z,-10.9543,113.3845,10,4.8,"295 km SSW of Gambiran Satu, Indonesia"
2022-11-05T18:55:49.887Z,-9.7685,154.881,10,5.1,"283 km SW of Gizo, Solomon Islands"
2022-11-05T09:23:39.347Z,-11.5667,118.1105,10,4.1,"south of Sumbawa, Indonesia"
2022-11-04T07:18:47.010Z,-10.3087,118.9772,27.019,4.3,"158 km WSW of Waingapu, Indonesia"
2022-11-01T16:01:35.042Z,-10.4154,123.6981,12.002,4.3,"28 km SSE of Kupang, Indonesia"
2022-10-27T21:30:12.243Z,-10.8125,119.3419,10,4.5,"162 km SW of Waingapu, Indonesia"
2022-10-26T19:22:40.570Z,-12.1864,134.6878,10,4.1,"26 km WSW of Milingimbi, Australia"
2022-10-25T01:11:22.863Z,-9.0628,116.9722,36.167,4.3,"Lombok region, Indonesia"
2022-10-19T23:15:28.201Z,-9.0026,123.7407,113.567,4.6,"65 km N of Naisano Dua, Indonesia"
2022-10-16T01:00:49.857Z,-10.27,124.9641,10,4.1,"87 km ESE of Soe, Indonesia"
2022-10-12T11:41:08.812Z,-10.5809,121.3449,14.667,4.1,"156 km SE of Waingapu, Indonesia"
2022-10-07T18:26:43.214Z,-9.2614,118.9769,103.262,4.2,"92 km SSE of Bima, Indonesia"
2022-10-03T08:25:42.452Z,-10.3654,124.5192,10,4.3,"61 km SSE of Soe, Indonesia"
2022-10-03T00:25:26.221Z,-9.9724,118.7151,36.291,4.4,"83 km SW of Tambolaka, Indonesia"
2022-10-02T00:49:55.605Z,-10.308,124.7821,10,4,"73 km SE of Soe, Indonesia"
2022-09-30T00:21:50.068Z,-10.457,124.7267,10,4,"Timor region, Indonesia"
2022-09-29T20:48:04.488Z,-10.3881,124.7326,10,4.2,"76 km SE of Soe, Indonesia"
2022-09-26T23:17:35.311Z,-10.999,113.343,10,4.6,"south of Java, Indonesia"
2022-09-24T20:32:30.096Z,-9.3953,114.3631,74.072,4.9,"106 km S of Muncar, Indonesia"
2022-09-22T22:17:35.771Z,-9.781,112.9219,35,4.3,"172 km SSW of Kencong, Indonesia"
2022-09-21T23:59:37.286Z,-9.555,119.6012,84.179,4.3,"73 km W of Waingapu, Indonesia"
2022-09-21T19:41:11.124Z,-11.4315,119.2162,10,4.3,"227 km SSW of Waingapu, Indonesia"
2022-09-13T13:07:42.772Z,-11.7071,117.1821,10,4.3,"south of Sumbawa, Indonesia"
2022-09-12T21:37:12.808Z,-9.8593,118.6419,67.889,4.1,"147 km S of Dompu, Indonesia"
2022-09-11T04:16:33.158Z,-11.0482,110.8802,18.548,5.4,"south of Java, Indonesia"
2022-09-09T11:11:56.843Z,-9.3141,154.1055,10,4.2,D'Entrecasteaux Islands region
2022-08-28T22:23:01.813Z,-10.5408,113.6109,10,4.4,"244 km SSW of Gambiran Satu, Indonesia"
2022-08-28T08:09:54.675Z,-9.5796,117.1205,73.121,4.3,"124 km SSW of Sumbawa Besar, Indonesia"
2022-08-28T07:32:52.633Z,-9.532,112.8708,35,4.5,"146 km S of Dampit, Indonesia"
2022-08-26T12:21:49.378Z,-9.502,154.0274,10,4.4,D'Entrecasteaux Islands region
2022-08-26T12:02:08.125Z,-9.5936,154.5906,10,4.2,"297 km WSW of Gizo, Solomon Islands"
2022-08-21T04:37:00.739Z,-30.7677,117.3665,10,4.1,"117 km NW of Merredin, Australia"
2022-08-16T20:35:07.506Z,-11.4062,117.8447,10,4.4,"south of Sumbawa, Indonesia"
2022-08-16T19:25:34.739Z,-9.3401,124.5328,23.901,4.3,"13 km NNE of Kefamenanu, Indonesia"
2022-08-14T00:22:14.707Z,-12.1209,122.6035,10,4.2,"241 km SSW of Kupang, Indonesia"
2022-08-13T00:18:31.477Z,-11.3824,119.6944,10,4.7,"200 km SSW of Waingapu, Indonesia"
2022-08-12T11:42:13.912Z,-9.3823,149.9243,10,4.3,"118 km NNW of Alotau, Papua New Guinea"
2022-08-09T16:28:53.481Z,-10.4484,116.4799,21.334,4.5,"194 km S of Praya, Indonesia"
2022-08-08T08:55:09.096Z,-12.1262,122.7531,10,4.5,"235 km SSW of Kupang, Indonesia"
2022-08-05T17:01:15.868Z,-9.6628,116.2937,58.172,4.2,"105 km S of Praya, Indonesia"
2022-08-03T07:51:54.888Z,-9.0299,124.2016,70.561,4.9,"27 km NW of Pante Makasar, Timor Leste"
2022-07-26T20:21:27.163Z,-9.583,117.9329,57.33,4.3,"129 km SSW of Dompu, Indonesia"
2022-07-24T14:21:40.426Z,-16.8787,130.0865,9.059,4.3,"188 km SE of Kununurra, Australia"
2022-07-17T09:13:03.363Z,-9.2537,110.8097,37.06,5.1,"152 km SSE of Pundong, Indonesia"
2022-07-11T04:43:32.333Z,-9.4413,112.978,56.13,4.6,"135 km SSW of Kencong, Indonesia"
2022-07-11T03:46:19.515Z,-9.41,112.9832,58.95,4.6,"131 km SSW of Kencong, Indonesia"
2022-07-11T03:05:26.644Z,-9.531,112.8824,41.411,4.5,"146 km S of Dampit, Indonesia"
2022-07-10T07:16:38.445Z,-9.5802,112.8849,43.837,4.4,"152 km S of Dampit, Indonesia"
2022-07-09T20:40:16.336Z,-9.4791,112.9275,60.075,4.5,"140 km SSW of Kencong, Indonesia"
2022-07-09T18:10:16.136Z,-9.4155,113,58.284,4.2,"131 km SSW of Kencong, Indonesia"
2022-07-09T15:44:44.473Z,-9.7314,112.952,41.888,4.9,"south of Java, Indonesia"
2022-07-09T14:35:04.883Z,-9.5229,112.9112,60.493,4.6,"145 km SSW of Kencong, Indonesia"
2022-07-09T14:07:07.679Z,-9.49,112.8346,47.788,4.7,"141 km S of Dampit, Indonesia"
2022-07-09T05:03:17.145Z,-9.5999,112.8431,35,4.2,"153 km S of Dampit, Indonesia"
2022-07-09T02:53:46.615Z,-9.3644,112.9398,56.35,5.1,"128 km SSW of Kencong, Indonesia"
2022-07-09T00:06:42.400Z,-9.6019,112.8868,35,4.1,"154 km S of Dampit, Indonesia"
2022-07-08T22:50:17.678Z,-9.4455,112.9616,51.27,4.9,"south of Java, Indonesia"
2022-07-08T20:38:42.182Z,-9.9439,113.0943,27.627,4.5,"186 km S of Kencong, Indonesia"
2022-07-08T20:27:08.850Z,-9.4648,112.9197,41.048,5.2,"139 km SSW of Kencong, Indonesia"
2022-07-08T19:28:04.004Z,-9.4225,112.9567,56.626,4.8,"133 km SSW of Kencong, Indonesia"
2022-07-07T02:16:04.633Z,-11.4492,118.0873,10,4.3,"south of Sumbawa, Indonesia"
2022-07-04T12:53:16.922Z,-10.4131,124.1086,10,4.3,"61 km ESE of Kupang, Indonesia"
2022-07-03T17:11:21.760Z,-9.402,123.9222,91.81,4.4,"27 km NE of Naisano Dua, Indonesia"
2022-07-02T07:16:29.714Z,-10.5694,113.0677,10,4.1,"254 km S of Kencong, Indonesia"
2022-06-28T15:52:13.188Z,-9.1986,123.6014,102.45,5,"47 km NNW of Naisano Dua, Indonesia"
2022-06-26T16:16:46.597Z,-38.8963,134.6539,10,4.5,off the south coast of Australia
2022-06-23T21:29:28.662Z,-10.0378,116.7478,35,4.4,"156 km SSE of Praya, Indonesia"
2022-06-23T02:04:30.689Z,-9.4793,149.8333,10,5.5,"115 km NW of Alotau, Papua New Guinea"
2022-06-21T18:48:54.859Z,-9.5003,119.2294,78.166,4.2,"104 km SSW of Komodo, Indonesia"
2022-06-18T15:55:01.331Z,-10.9897,115.3475,10,4.5,"242 km S of Nusa Dua, Indonesia"
2022-06-17T15:58:50.847Z,-10.5717,116.01,10,4.4,"204 km S of Lembar, Indonesia"
2022-06-14T03:54:45.818Z,-10.4015,110.3767,10,4.1,"270 km S of Pundong, Indonesia"
2022-06-14T03:52:05.178Z,-10.2536,110.3558,10,4.4,"254 km S of Pundong, Indonesia"
2022-06-12T21:06:37.761Z,-11.6617,116.4258,10,4.2,"South of Lombok, Indonesia"
2022-06-12T05:07:12.138Z,-42.4527,120.026,10,4.5,south of Australia
2022-06-12T03:25:26.578Z,-9.8285,119.0955,29.77,4.6,"129 km W of Waingapu, Indonesia"
2022-06-10T22:27:41.054Z,-9.2693,125.2592,10,4.3,"4 km N of Suai, Timor Leste"
2022-06-09T11:39:37.896Z,-9.1992,125.3803,10,4.4,"18 km NE of Suai, Timor Leste"
2022-06-09T11:33:32.354Z,-9.1928,125.1822,10,4.5,"15 km NNW of Suai, Timor Leste"
2022-06-09T11:21:53.333Z,-9.2296,125.2271,10,4.4,"9 km NNW of Suai, Timor Leste"
2022-06-07T14:46:01.875Z,-9.4422,112.9586,58.08,4.1,"135 km SSW of Kencong, Indonesia"
2022-06-06T21:18:38.665Z,-9.177,117.3573,119.12,4.2,"75 km S of Sumbawa Besar, Indonesia"
2022-06-06T05:32:02.043Z,-10.7003,111.3913,10,4.1,"south of Java, Indonesia"
2022-06-02T04:13:04.344Z,-10.3648,110.378,10,4.1,"266 km S of Pundong, Indonesia"
2022-06-01T04:21:54.024Z,-9.6277,111.7167,27.48,4.3,"168 km S of Boyolangu, Indonesia"
2022-05-30T18:52:20.702Z,-11.4697,117.3697,10,4,"south of Sumbawa, Indonesia"
2022-05-28T00:54:50.435Z,-9.2995,123.6279,91.28,4.3,"36 km NNW of Naisano Dua, Indonesia"
2022-05-22T09:18:46.223Z,-10.3429,153.3327,10,4.6,"293 km E of Samarai, Papua New Guinea"
2022-05-22T08:41:06.628Z,-10.2119,153.1849,10,4.5,"279 km E of Samarai, Papua New Guinea"
2022-05-21T00:30:07.890Z,-10.2454,153.3329,10,4.4,"295 km E of Samarai, Papua New Guinea"
2022-05-20T19:14:25.910Z,-10.2614,153.1957,10,4.6,"280 km E of Samarai, Papua New Guinea"
2022-05-19T03:59:16.066Z,-11.9938,122.5819,10,4.3,"230 km SSW of Kupang, Indonesia"
2022-05-11T11:31:30.803Z,-9.6013,148.6809,10,4.6,"104 km SSE of Popondetta, Papua New Guinea"
2022-05-10T13:23:09.717Z,-9.4623,112.8972,53.54,4.4,"139 km S of Dampit, Indonesia"
2022-05-08T23:03:45.957Z,-12.1985,121.9137,10,4.8,"290 km SW of Kupang, Indonesia"
2022-05-05T04:34:45.915Z,-9.8429,155.1483,10,4.4,"267 km SW of Gizo, Solomon Islands"
2022-05-02T13:19:53.127Z,-11.6561,119.8645,10,4.2,"225 km S of Waingapu, Indonesia"
2022-04-29T18:25:26.679Z,-9.7003,116.2793,43.81,4.9,"110 km SSE of Lembar, Indonesia"
2022-04-28T23:15:47.614Z,-10.185,116.7053,35,4.7,"170 km SSE of Praya, Indonesia"
2022-04-28T03:36:30.880Z,-10.8026,123.2958,10,4.4,"77 km SSW of Kupang, Indonesia"
2022-04-27T04:41:59.641Z,-10.3684,123.5296,10,4.5,"23 km SSW of Kupang, Indonesia"
2022-04-23T05:54:34.310Z,-9.7659,113.0206,35.58,4.6,"168 km SSW of Kencong, Indonesia"
2022-04-20T01:58:21.743Z,-9.6402,113.9546,42.3,4,"139 km S of Gambiran Satu, Indonesia"
2022-04-18T00:47:11.864Z,-9.7721,118.8247,35,4.3,"142 km SSE of Dompu, Indonesia"
2022-04-17T13:27:57.438Z,-10.4367,120.2777,35,4.3,"86 km S of Waingapu, Indonesia"
2022-04-17T10:04:10.368Z,-9.9577,117.9017,48.36,5.1,"168 km SSW of Dompu, Indonesia"
2022-04-17T04:34:50.191Z,-17.4249,121.6938,10,4.4,"78 km NW of Bilingurr, Australia"
2022-04-13T21:51:48.436Z,-9.645,111.5779,10,4.6,"172 km SSW of Boyolangu, Indonesia"
2022-04-12T02:56:17.967Z,-11.4773,117.81,10,4.2,"south of Sumbawa, Indonesia"
2022-04-11T14:57:06.194Z,-9.6911,110.2204,10,4.3,"192 km S of Bambanglipuro, Indonesia"
2022-04-11T12:29:31.147Z,-9.7978,111.5511,10,4.7,"189 km SSW of Boyolangu, Indonesia"
2022-04-08T11:34:13.206Z,-12.7519,113.1955,10,4.3,northwest of Australia
2022-04-07T05:09:17.787Z,-10.8874,121.1318,10,4.4,"166 km SE of Waingapu, Indonesia"
2022-04-07T00:03:47.989Z,-9.6715,111.5877,10,4.6,"175 km S of Boyolangu, Indonesia"
2022-04-03T22:40:46.108Z,-10.6583,124.493,10,4.5,"91 km SSE of Soe, Indonesia"
2022-03-24T18:28:57.549Z,-10.9593,114.5379,10,4.8,"249 km SSW of Jimbaran, Indonesia"
2022-03-21T06:32:53.734Z,-22.9131,118.8587,10,4.4,"102 km WNW of Newman, Australia"
2022-03-20T16:16:14.825Z,-9.5286,148.997,10,4.5,"119 km SE of Popondetta, Papua New Guinea"
2022-03-18T15:34:27.186Z,-11.1984,112.2819,10,4.4,"south of Java, Indonesia"
2022-03-18T04:33:03.376Z,-10.0572,120.5478,46.91,4.3,"54 km SE of Waingapu, Indonesia"
2022-03-07T19:08:09.306Z,-19.7739,133.8918,4.26,4.4,"34 km WSW of Tennant Creek, Australia"
2022-03-05T20:50:07.490Z,-35.0866,138.8421,10,4,"3 km SW of Mount Barker, Australia"
2022-03-04T07:00:49.986Z,-9.2151,119.213,79.53,4.3,"75 km SSW of Komodo, Indonesia"
2022-03-03T18:36:15.093Z,-21.3217,131.9833,14.44,4.3,"295 km SW of Tennant Creek, Australia"
2022-02-26T16:44:51.760Z,-9.2773,125.5486,10,4.4,"31 km S of Ainaro, Timor Leste"
2022-02-26T14:11:46.018Z,-9.1087,123.5995,10,4.4,"57 km NNW of Naisano Dua, Indonesia"
2022-02-23T14:02:26.105Z,-10.8685,123.9063,10,4.2,"83 km SSE of Kupang, Indonesia"
2022-02-22T10:37:01.499Z,-11.6664,117.7234,10,4.1,"south of Sumbawa, Indonesia"
2022-02-20T12:37:56.295Z,-9.0975,124.7537,34.79,4.5,"15 km W of Atambua, Indonesia"
2022-02-18T19:09:13.154Z,-9.1175,124.1289,94.29,4.2,"29 km WNW of Pante Makasar, Timor Leste"
2022-02-17T21:55:38.846Z,-10.1481,118.7247,35,4.9,"177 km WSW of Waingapu, Indonesia"
2022-02-07T15:38:20.404Z,-9.8698,155.2334,10,4.7,"263 km SW of Gizo, Solomon Islands"
2022-02-06T07:23:49.557Z,-9.2804,121.0312,81.81,4.2,"84 km SW of Ende, Indonesia"
2022-02-05T07:57:07.998Z,-9.1247,125.9543,10,4.2,"36 km ESE of Same, Timor Leste"
2022-02-03T15:40:49.326Z,-9.1111,125.7147,10,5.2,"13 km SSE of Same, Timor Leste"
2022-02-01T10:41:02.718Z,-33.4281,117.3269,10,4.3,"13 km S of Wagin, Australia"
2022-01-30T20:22:20.321Z,-10.2091,122.2996,58.58,5,Savu Sea
2022-01-30T11:46:41.421Z,-10.2778,117.4855,35,4.5,"197 km S of Sumbawa Besar, Indonesia"
2022-01-30T11:31:33.583Z,-10.0718,117.4746,37.22,4.8,"174 km S of Sumbawa Besar, Indonesia"
2022-01-28T17:48:21.707Z,-10.4521,124.0482,10,4.2,"57 km ESE of Kupang, Indonesia"
2022-01-28T11:20:37.331Z,-12.0774,112.8834,10,4.9,northwest of Australia
2022-01-24T21:50:14.861Z,-32.7831,117.4357,10,4.2,"29 km NE of Narrogin, Australia"
2022-01-24T21:24:48.135Z,-33.3452,117.0973,7.41,4.9,"23 km W of Wagin, Australia"
2022-01-22T07:40:47.556Z,-33.3851,117.0067,10,4.2,"32 km WSW of Wagin, Australia"
2022-01-20T01:39:22.745Z,-11.8103,121.4839,10,4.5,"273 km SSE of Waingapu, Indonesia"
2022-01-19T03:39:22.326Z,-9.8876,118.8609,35,4.4,"155 km SSE of Dompu, Indonesia"
2022-01-17T19:39:55.362Z,-9.7636,119.908,45.04,4.3,"40 km WSW of Waingapu, Indonesia"
2022-01-14T08:23:26.370Z,-10.4171,110.4795,10,4.3,"273 km S of Pundong, Indonesia"
2022-01-10T10:28:14.789Z,-9.1167,112.8001,33.85,4.5,"100 km S of Dampit, Indonesia"
2022-01-09T06:18:24.452Z,-9.3268,148.521,10,4.4,"69 km SSE of Popondetta, Papua New Guinea"
2022-01-06T21:59:29.348Z,-9.2268,113.2424,54.12,4.5,"105 km S of Kencong, Indonesia"
2022-01-05T11:37:04.949Z,-32.9749,117.624,10,4.2,"41 km E of Narrogin, Australia"
2022-01-01T14:24:56.214Z,-26.0454,155.5393,10,4.6,"245 km E of Rainbow Beach, Australia"
2021-12-29T02:57:52.197Z,-22.792,125.4175,10,4.2,"283 km SE of Telfer, Australia"
2021-12-22T12:04:32.391Z,-11.4221,111.8584,10,4.5,"south of Java, Indonesia"
2021-12-16T05:25:33.449Z,-11.1873,123.1998,10,4.1,south of Timor
2021-12-14T21:29:19.690Z,-9.7532,114.1716,40.42,4.8,"147 km S of Muncar, Indonesia"
2021-12-14T16:07:46.043Z,-9.7811,114.2543,46.01,4.3,"147 km SW of Jimbaran, Indonesia"
2021-12-14T03:14:30.654Z,-9.6492,119.3977,43.01,4.1,"95 km W of Waingapu, Indonesia"
2021-12-13T05:46:58.852Z,-9.536,113.6533,54.94,5,"137 km SSW of Gambiran Satu, Indonesia"
2021-12-12T19:42:22.017Z,-10.6714,120.4521,35,4.5,"114 km S of Waingapu, Indonesia"
2021-12-12T19:34:25.570Z,-10.5158,120.3091,10,4.9,"95 km S of Waingapu, Indonesia"
2021-12-12T18:46:35.673Z,-10.6311,120.3859,35,4.6,"108 km S of Waingapu, Indonesia"
2021-12-12T18:22:25.177Z,-10.5685,120.361,49.85,4.5,"101 km S of Waingapu, Indonesia"
2021-12-09T23:07:36.599Z,-9.2509,113.578,46.42,4.4,"109 km SSE of Kencong, Indonesia"
2021-12-09T18:43:37.176Z,-21.4791,120.0874,10,4.3,"45 km N of Nullagine, Australia"
2021-11-30T12:16:32.543Z,-11.271,118.2114,10,4.2,"287 km SW of Waingapu, Indonesia"
2021-11-27T20:36:39.361Z,-9.3142,148.1694,10,5.1,"61 km S of Popondetta, Papua New Guinea"
2021-11-20T02:12:57.935Z,-19.9053,133.9169,10,4.3,"40 km SW of Tennant Creek, Australia"
2021-11-18T18:50:27.623Z,-10.9476,123.6777,10,4.6,"86 km S of Kupang, Indonesia"
2021-11-13T13:05:54.157Z,-20.9319,119.8141,10,5.3,"27 km NNE of Marble Bar, Australia"
2021-11-09T12:24:36.685Z,-19.8032,133.9289,10,4.1,"32 km WSW of Tennant Creek, Australia"
2021-11-06T05:32:07.071Z,-9.495,125.0703,10,4.2,"28 km SW of Suai, Timor Leste"
2021-11-05T13:17:23.780Z,-9.6568,117.4785,73.61,4.1,"122 km SE of Taliwang, Indonesia"
2021-10-29T11:35:08.507Z,-9.4834,121.3273,73.03,4.4,"79 km SSW of Ende, Indonesia"
2021-10-27T05:50:44.322Z,-9.5664,124.9568,38.38,4.8,"43 km SW of Suai, Timor Leste"
2021-10-23T14:58:14.118Z,-9.7078,118.8909,37.48,4.3,"137 km SSE of Dompu, Indonesia"
2021-10-22T02:39:17.295Z,-9.0639,110.4274,30.42,4.5,"123 km S of Pundong, Indonesia"
2021-10-21T03:21:09.851Z,-28.8614,112.7396,10,4.4,"181 km W of Beachlands, Australia"
2021-10-18T00:48:56.474Z,-9.7252,118.1752,10,4.3,"135 km SSW of Dompu, Indonesia"
2021-10-15T20:39:29.362Z,-9.8512,123.6376,10,4.2,"31 km SSW of Naisano Dua, Indonesia"
2021-10-14T02:28:44.531Z,-9.8733,154.5612,10,4.5,D'Entrecasteaux Islands region
2021-10-11T03:09:54.480Z,-9.0318,122.385,97.92,4.8,"49 km SSE of Maumere, Indonesia"
2021-10-08T16:47:26.773Z,-35.4066,141.0722,10,4.8,"100 km NE of Keith, Australia"
2021-10-06T13:37:58.119Z,-9.2492,124.7741,10,4.1,"20 km SW of Atambua, Indonesia"
2021-09-30T08:44:38.149Z,-9.3022,121.8329,80.67,4.1,"54 km SSE of Ende, Indonesia"
2021-09-25T01:43:30.093Z,-18.3002,120.5658,10,4.4,Western Australia
2021-09-24T05:22:25.337Z,-9.0832,119.1305,114.5,4.1,"67 km SW of Komodo, Indonesia"
2021-09-22T05:21:01.962Z,-9.5359,121.1506,97.75,4.4,"95 km SW of Ende, Indonesia"
2021-09-21T23:33:38.875Z,-37.4349,146.2528,10,4.1,"35 km SSW of Mount Buller, Australia"
2021-09-21T23:15:53.602Z,-37.492,146.3534,12,5.9,"39 km S of Mount Buller, Australia"
2021-09-20T18:33:39.625Z,-10.0968,117.3875,42.38,4.7,"177 km S of Sumbawa Besar, Indonesia"
2021-09-18T20:47:07.441Z,-9.7611,148.5974,20.28,5.3,"117 km SSE of Popondetta, Papua New Guinea"
2021-09-16T05:39:33.277Z,-9.265,123.0792,106.89,4.5,"84 km WNW of Naisano Dua, Indonesia"
2021-09-12T23:32:36.569Z,-11.2032,112.3688,10,4.5,"south of Java, Indonesia"
2021-09-10T19:24:36.376Z,-10.24,116.1221,44.23,4.4,"167 km S of Lembar, Indonesia"
2021-09-09T12:49:36.137Z,-9.3264,123.0811,89.44,4.4,"Timor region, Indonesia"
2021-09-09T06:55:11.381Z,-9.7742,120.6739,91.36,4.2,"46 km ESE of Waingapu, Indonesia"
2021-09-09T03:25:27.407Z,-10.5922,113.0958,10,4.3,"257 km S of Kencong, Indonesia"
2021-09-04T07:29:02.581Z,-9.4114,113.0671,50.95,4.9,"129 km SSW of Kencong, Indonesia"
2021-09-02T06:21:55.477Z,-9.213,121.2544,122.49,4,"60 km SW of Ende, Indonesia"
2021-08-31T20:12:36.550Z,-11.1675,111.165,10,4.3,"south of Java, Indonesia"
2021-08-29T06:30:38.911Z,-9.8912,121.5524,43.49,4,"116 km S of Ende, Indonesia"
2021-08-28T10:41:18.421Z,-9.798,120.1346,69.34,4.6,"21 km SW of Waingapu, Indonesia"
2021-08-27T16:01:25.286Z,-11.2976,118.5605,10,4.8,"260 km SW of Waingapu, Indonesia"
2021-08-25T22:17:44.962Z,-16.3902,127.7132,8.62,4.1,"129 km WSW of Kununurra, Australia"
2021-08-25T04:29:48.103Z,-10.5589,113.6156,10,4.7,"246 km SSW of Gambiran Satu, Indonesia"
2021-08-23T08:40:19.568Z,-11.2089,119.0291,10,4.9,"218 km SW of Waingapu, Indonesia"
2021-08-21T23:58:33.110Z,-11.3999,115.277,10,4.2,"287 km S of Nusa Dua, Indonesia"
2021-08-20T16:45:03.148Z,-9.0759,124.2399,80.44,4.9,"20 km NW of Pante Makasar, Timor Leste"
2021-08-17T19:19:34.267Z,-10.282,118.7062,10,4.3,"184 km WSW of Waingapu, Indonesia"
2021-08-10T23:22:26.291Z,-19.7392,113.0624,10,4.4,"266 km NNW of Exmouth, Australia"
2021-08-10T17:35:22.086Z,-9.4621,110.2786,10,4.2,"167 km S of Pundong, Indonesia"
2021-08-06T04:47:58.365Z,-9.9919,119.3452,61.9,4,"107 km WSW of Waingapu, Indonesia"
2021-08-05T03:29:01.319Z,-9.0821,125.4365,10,4.5,"12 km SW of Ainaro, Timor Leste"
2021-08-04T05:31:12.480Z,-9.7878,112.9861,47.42,4.2,"171 km SSW of Kencong, Indonesia"
2021-08-04T01:23:12.500Z,-9.6958,125.109,22.47,4.2,"45 km SSW of Suai, Timor Leste"
2021-08-03T19:44:32.190Z,-9.1652,119.2526,82.02,5,"68 km SSW of Komodo, Indonesia"
2021-07-30T17:35:22.136Z,-9.0024,122.4178,105.57,4.3,"48 km SSE of Maumere, Indonesia"
2021-07-25T07:17:06.544Z,-9.6865,123.7859,85.71,4.4,"9 km S of Naisano Dua, Indonesia"
2021-07-21T00:42:10.242Z,-9.3921,122.054,74.35,4.4,"74 km SE of Ende, Indonesia"
2021-07-08T11:28:40.584Z,-9.0308,112.995,61.07,4.4,"92 km SSW of Kencong, Indonesia"
2021-07-07T00:38:06.284Z,-9.3987,119.6794,82.2,4.9,"70 km WNW of Waingapu, Indonesia"
2021-07-05T21:44:56.074Z,-9.8334,121.7992,34.39,4.5,"110 km S of Ende, Indonesia"
2021-07-01T19:19:17.495Z,-10.113,123.6362,55.05,4.4,"7 km NNE of Kupang, Indonesia"
2021-06-30T09:36:10.924Z,-9.9261,122.0232,35,4.1,"126 km SSE of Ende, Indonesia"
2021-06-29T02:17:21.567Z,-18.4234,120.4944,10,4.4,"188 km WSW of Cable Beach, Australia"
2021-06-28T01:56:37.517Z,-10.4538,124.0128,10,5,"54 km SE of Kupang, Indonesia"
2021-06-26T22:12:16.459Z,-23.0013,113.9164,13.77,4.5,"120 km S of Exmouth, Australia"
2021-06-24T18:30:26.098Z,-31.4524,141.6855,10,4.3,"New South Wales, Australia"
2021-06-24T06:57:03.114Z,-18.203,120.3066,10,5.1,"203 km W of Cable Beach, Australia"
2021-06-21T00:34:05.428Z,-10.6864,119.3652,10,4.5,"150 km SW of Waingapu, Indonesia"
2021-06-18T13:55:33.459Z,-9.7547,151.1575,10,4.3,"98 km NE of Alotau, Papua New Guinea"
2021-06-15T21:22:40.127Z,-11.0465,124.453,10,4.1,"132 km S of Soe, Indonesia"
2021-06-15T07:30:11.090Z,-11.3459,118.4285,10,4.1,"274 km SW of Waingapu, Indonesia"
2021-06-12T18:16:49.744Z,-11.4041,118.4339,10,4.3,"278 km SW of Waingapu, Indonesia"
2021-06-07T08:03:18.354Z,-22.6031,120.1072,10,4.4,"78 km S of Nullagine, Australia"
2021-06-05T15:06:44.124Z,-9.6807,112.8975,55.59,4.1,"162 km SSW of Kencong, Indonesia"
2021-06-05T04:05:50.496Z,-11.2857,119.6147,10,4.3,"193 km SSW of Waingapu, Indonesia"
2021-06-02T14:28:33.002Z,-11.611,116.8552,10,4.3,"South of Lombok, Indonesia"
2021-05-29T18:29:44.207Z,-10.344,153.2429,10,4.5,"284 km E of Samarai, Papua New Guinea"
2021-05-17T05:38:27.214Z,-9.7634,112.8795,35,4.3,"172 km S of Dampit, Indonesia"
2021-05-09T09:42:47.905Z,-10.8687,114.9916,10,4.6,"230 km S of Nusa Dua, Indonesia"
2021-05-09T09:19:19.359Z,-14.0224,121.8096,10,4.2,northwest of Australia
2021-05-08T18:04:10.956Z,-10.1326,121.673,42.26,4.1,"142 km S of Ende, Indonesia"
2021-05-07T13:17:10.753Z,-10.7858,121.9086,10,4.3,"197 km WSW of Kupang, Indonesia"
2021-04-29T22:20:16.938Z,-9.1859,114.127,67.55,4.6,"86 km SSW of Muncar, Indonesia"
2021-04-24T19:21:01.696Z,-11.5728,117.6784,10,4.1,"south of Sumbawa, Indonesia"
2021-04-22T00:11:11.888Z,-10.2946,153.1935,10,4.6,"279 km E of Samarai, Papua New Guinea"
2021-04-21T23:07:02.494Z,-10.2801,153.1531,10,4.4,"275 km E of Samarai, Papua New Guinea"
2021-04-21T19:35:18.188Z,-10.3695,153.1454,10,4.8,D'Entrecasteaux Islands region
2021-04-21T15:37:46.991Z,-10.0258,153.0798,10,4.3,"272 km ENE of Samarai, Papua New Guinea"
2021-04-21T12:17:21.497Z,-10.3416,153.1309,10,4.7,"271 km E of Samarai, Papua New Guinea"
2021-04-21T12:13:04.886Z,-9.4456,150.2885,10,4.3,"97 km N of Alotau, Papua New Guinea"
2021-04-21T07:00:29.157Z,-10.2567,153.192,10,4.4,"279 km E of Samarai, Papua New Guinea"
2021-04-16T03:42:05.195Z,-10.2439,116.9849,19.31,5.4,"187 km SSE of Praya, Indonesia"
2021-04-16T03:30:32.843Z,-10.4818,117.0122,15.65,4.1,"212 km SSE of Praya, Indonesia"
2021-04-16T03:20:39.467Z,-11.344,117.8996,10,4.1,"south of Sumbawa, Indonesia"
2021-04-15T10:36:22.132Z,-10.4175,117.0405,19,5.4,"207 km SSE of Praya, Indonesia"
2021-04-15T01:23:56.331Z,-11.3644,122.3482,10,4.3,"190 km SW of Kupang, Indonesia"
2021-04-13T00:54:32.595Z,-10.0112,151.3309,10,4.6,"98 km NE of Samarai, Papua New Guinea"
2021-03-27T09:12:01.317Z,-10.9329,113.6943,10,4.3,"285 km S of Gambiran Satu, Indonesia"
2021-03-19T01:54:26.237Z,-9.578,155.4911,10,5.2,"220 km SW of Gizo, Solomon Islands"
2021-03-19T01:20:07.370Z,-9.5127,155.5672,10,5.1,"209 km SW of Gizo, Solomon Islands"
2021-03-18T23:55:54.881Z,-9.5909,155.6601,10,4.6,"209 km SW of Gizo, Solomon Islands"
2021-03-18T23:39:41.759Z,-9.5605,155.5841,5,5.5,"212 km SW of Gizo, Solomon Islands"
2021-03-18T22:27:38.063Z,-9.728,155.1651,10,4.6,"257 km SW of Gizo, Solomon Islands"
2021-03-18T22:16:48.596Z,-9.4046,155.4044,10,4.7,"213 km SW of Gizo, Solomon Islands"
2021-03-18T22:14:43.748Z,-9.6116,155.5812,10,5.1,"216 km SW of Gizo, Solomon Islands"
2021-03-18T20:59:22.541Z,-9.5029,155.5215,10,4.3,"212 km SW of Gizo, Solomon Islands"
2021-03-18T12:57:27.858Z,-10.9099,110.5576,39.45,4.4,"south of Java, Indonesia"
2021-03-13T04:02:34.390Z,-9.8811,119.0338,50.44,4.3,"137 km W of Waingapu, Indonesia"
2021-03-13T01:46:30.410Z,-9.9777,118.9465,58.8,4.3,"148 km WSW of Waingapu, Indonesia"
2021-03-12T13:57:44.133Z,-22.2507,129.5263,10,4.5,"Northern Territory, Australia"
2021-03-09T18:51:41.414Z,-10.0165,121.8571,53.31,4.1,"131 km S of Ende, Indonesia"
2021-03-09T18:48:16.600Z,-9.9462,148.5726,10,5,"135 km SSE of Popondetta, Papua New Guinea"
2021-02-24T03:31:59.182Z,-18.4142,120.4987,10,4.2,"188 km WSW of Cable Beach, Australia"
2021-02-23T14:09:09.730Z,-9.3972,115.5374,80.22,4.6,"73 km SSE of Nusa Dua, Indonesia"
2021-02-23T12:29:11.124Z,-11.4623,117.7654,10,4.3,"south of Sumbawa, Indonesia"
2021-02-21T07:34:27.932Z,-9.4383,154.9017,10,4.2,"259 km SW of Gizo, Solomon Islands"
2021-02-19T15:23:54.678Z,-10.156,126.6991,10,4.6,"148 km SSE of Viqueque, Timor Leste"
2021-02-14T15:03:40.630Z,-10.3411,123.2296,10,4.5,"45 km WSW of Kupang, Indonesia"
2021-02-14T15:02:38.577Z,-10.529,123.4047,10,4.3,"45 km SSW of Kupang, Indonesia"
2021-02-13T15:19:09.397Z,-10.5255,123.4288,10,4.8,"43 km SSW of Kupang, Indonesia"
2021-02-13T14:37:58.374Z,-10.5196,123.3513,10,4.7,"47 km SW of Kupang, Indonesia"
2021-02-12T05:05:09.763Z,-9.2587,111.1977,59.75,4.5,"142 km SSW of Trenggalek, Indonesia"
2021-02-08T15:28:06.578Z,-10.7214,117.2382,10,4.5,"246 km SSE of Praya, Indonesia"
2021-02-08T12:12:08.778Z,-9.5101,119.8099,71.8,4.2,"52 km WNW of Waingapu, Indonesia"
2021-02-08T01:12:28.584Z,-9.286,111.3583,41.73,4.8,"139 km SSW of Trenggalek, Indonesia"
2021-02-04T15:44:52.473Z,-9.2319,111.3242,51.14,4.3,"134 km SSW of Trenggalek, Indonesia"
2021-01-30T14:34:56.093Z,-9.1744,110.3448,57.04,4.3,"135 km S of Pundong, Indonesia"
2021-01-29T19:47:55.783Z,-13.9672,121.8641,10,5.7,northwest of Australia
2021-01-27T21:48:08.274Z,-11.4291,118.5098,10,4.2,"274 km SW of Waingapu, Indonesia"
2021-01-27T03:13:22.948Z,-10.5209,123.7781,10,4.9,"43 km SSE of Kupang, Indonesia"
2021-01-25T18:12:04.201Z,-11.7796,116.504,10,4,"South of Lombok, Indonesia"
2021-01-21T22:23:28.390Z,-9.7627,150.4767,10,4.3,"61 km N of Alotau, Papua New Guinea"
2021-01-19T06:32:49.658Z,-11.7978,116.4945,10,4.4,"South of Lombok, Indonesia"
2021-01-18T21:33:52.904Z,-11.3297,117.7775,10,4,"south of Sumbawa, Indonesia"
2021-01-10T18:56:03.754Z,-10.092,122.4477,67.33,4,"127 km W of Kupang, Indonesia"
2021-01-08T14:04:33.435Z,-11.9349,116.3819,10,4.3,"South of Lombok, Indonesia"
2021-01-05T11:56:18.094Z,-10.4267,123.8207,10,5.1,"36 km SE of Kupang, Indonesia"
2020-12-31T23:12:35.050Z,-9.1109,118.9156,85.73,4.8,"74 km SSE of Bima, Indonesia"
2020-12-31T00:11:08.050Z,-11.8334,116.4842,10,4,"South of Lombok, Indonesia"
2020-12-29T00:37:03.593Z,-10.3351,120.251,35,4.6,"75 km S of Waingapu, Indonesia"
2020-12-26T18:23:21.550Z,-9.0928,117.1835,63.84,4.1,"71 km SSW of Sumbawa Besar, Indonesia"
2020-12-25T11:40:12.838Z,-9.1954,119.7556,40.96,5,"73 km SSE of Komodo, Indonesia"
2020-12-24T22:09:10.232Z,-9.0282,117.3729,104.1,4.4,"59 km S of Sumbawa Besar, Indonesia"
2020-12-22T03:27:21.031Z,-9.5505,112.5698,35,4.1,"149 km S of Dampit, Indonesia"
2020-12-20T15:53:57.395Z,-9.2936,112.1503,35,4.3,"130 km SSW of Sumberpucung, Indonesia"
2020-12-20T15:16:45.796Z,-9.2506,110.851,35,4.2,"153 km SSE of Pundong, Indonesia"
2020-12-18T07:58:36.054Z,-10.2395,117.2994,45.62,4.3,"193 km S of Sumbawa Besar, Indonesia"
2020-12-16T04:15:00.793Z,-9.3194,113.9682,63.18,4.1,"104 km S of Gambiran Satu, Indonesia"
2020-12-14T15:39:29.556Z,-10.8905,113.2626,10,4.5,"288 km S of Kencong, Indonesia"
2020-12-09T09:37:44.085Z,-10.3657,118.9179,35,4,"167 km WSW of Waingapu, Indonesia"
2020-12-07T16:17:40.583Z,-9.6146,125.0344,10,4.2,"41 km SW of Suai, Timor Leste"
2020-12-07T07:49:02.101Z,-9.6685,124.7671,10,4.5,"40 km SE of Kefamenanu, Indonesia"
2020-12-04T18:54:53.110Z,-9.1213,124.0302,105.05,4.6,"39 km WNW of Pante Makasar, Timor Leste"
2020-12-04T11:29:52.676Z,-9.5653,116.3122,65.19,4.1,"Lombok region, Indonesia"
2020-12-03T17:55:07.498Z,-9.2055,113.2433,61.61,4.3,"102 km S of Kencong, Indonesia"
2020-11-18T00:28:48.337Z,-11.1553,112.1116,10,4.5,"south of Java, Indonesia"
2020-11-17T23:04:42.195Z,-9.5131,118.9964,58.43,4.4,"115 km SSW of Komodo, Indonesia"
2020-11-12T03:48:40.107Z,-9.2897,118.1354,73.13,4.8,"90 km SSW of Dompu, Indonesia"
2020-10-19T15:50:24.431Z,-9.8832,118.9199,35,4,"149 km W of Waingapu, Indonesia"
2020-10-18T07:03:48.832Z,-9.3339,113.9902,56.65,4.4,"105 km S of Gambiran Satu, Indonesia"
2020-10-09T20:06:25.485Z,-9.8069,119.1991,40.05,4.3,"118 km W of Waingapu, Indonesia"
2020-10-09T00:25:30.639Z,-9.5211,148.6032,10,4.3,"92 km SSE of Popondetta, Papua New Guinea"
2020-10-07T06:50:13.063Z,-10.4732,121.011,54.21,4.9,"121 km SE of Waingapu, Indonesia"
2020-10-06T14:25:59.828Z,-9.537,112.877,35,4,"147 km S of Dampit, Indonesia"
2020-10-06T14:09:58.869Z,-9.5012,112.6795,35,4.2,"142 km S of Dampit, Indonesia"
2020-10-06T13:52:31.725Z,-9.5429,112.8673,35,4.8,"147 km S of Dampit, Indonesia"
2020-10-05T03:07:47.654Z,-9.6117,119.3493,60.5,5,"100 km W of Waingapu, Indonesia"
2020-10-02T01:48:36.671Z,-11.7567,117.0309,10,4.8,"south of Sumbawa, Indonesia"
2020-09-30T18:38:55.480Z,-9.8651,119.1601,39.69,4,"123 km W of Waingapu, Indonesia"
2020-09-30T01:16:04.646Z,-9.4575,119.3452,10,4.5,"97 km S of Komodo, Indonesia"
2020-09-29T17:55:43.245Z,-9.6539,119.0589,10,4.9,"126 km SSW of Komodo, Indonesia"
2020-09-29T12:11:40.790Z,-21.1983,117.2943,10,4.5,"60 km SSE of Wickham, Australia"
2020-09-29T11:48:13.249Z,-9.7638,119.0617,10,4.2,"132 km W of Waingapu, Indonesia"
2020-09-28T03:44:54.775Z,-11.429,118.0339,10,4.8,"south of Sumbawa, Indonesia"
2020-09-25T20:24:20.664Z,-10.5281,117.547,14.71,4.7,"225 km S of Sumbawa Besar, Indonesia"
2020-09-15T03:24:14.345Z,-9.816,119.8584,35,4.1,"47 km WSW of Waingapu, Indonesia"
2020-09-12T07:10:36.130Z,-9.7204,119.0697,35,4.5,"131 km W of Waingapu, Indonesia"
2020-09-12T00:58:12.208Z,-9.3089,117.7374,71.14,4.3,"96 km SSE of Sumbawa Besar, Indonesia"
2020-09-10T23:33:37.104Z,-9.1317,118.8158,100.28,4.3,"74 km S of Bima, Indonesia"
2020-09-04T02:10:09.141Z,-9.5629,111.9763,35,4.2,"160 km S of Boyolangu, Indonesia"
2020-09-03T15:19:02.096Z,-39.5056,119.828,10,4.1,off the south coast of Australia
2020-08-23T03:00:52.644Z,-20.9471,146.2574,10,4.7,"96 km S of Charters Towers City, Australia"
2020-08-19T16:30:15.096Z,-10.3719,124.2131,10,4.9,"57 km S of Soe, Indonesia"
2020-08-19T02:09:01.887Z,-11.6389,119.7514,10,4.8,"226 km SSW of Waingapu, Indonesia"
2020-08-18T05:45:10.814Z,-9.7196,118.932,35,4.1,"139 km SSW of Komodo, Indonesia"
2020-08-18T04:25:20.476Z,-9.8353,118.9412,35,4.1,"146 km W of Waingapu, Indonesia"
2020-08-17T15:14:59.067Z,-9.9364,118.9184,35,4.2,"150 km WSW of Waingapu, Indonesia"
2020-08-17T12:54:45.655Z,-9.365,152.4101,10,5.4,"236 km NE of Samarai, Papua New Guinea"
2020-08-17T12:54:30.375Z,-9.4868,152.6396,10,4.3,"249 km ENE of Samarai, Papua New Guinea"
2020-08-15T07:12:11.735Z,-9.3551,114.0643,54.48,5,"106 km SSW of Muncar, Indonesia"
2020-08-14T13:21:35.017Z,-10.4428,124.3686,10,5.1,"65 km S of Soe, Indonesia"
2020-08-12T03:17:43.051Z,-9.687,119.0993,31.98,4.3,"127 km W of Waingapu, Indonesia"
2020-08-11T14:44:26.828Z,-9.7275,119.0549,10,4.1,"132 km W of Waingapu, Indonesia"
2020-08-11T06:12:47.611Z,-9.8495,119.1413,10,4.3,"125 km W of Waingapu, Indonesia"
2020-08-09T23:42:59.544Z,-9.8113,118.9413,10,4.2,"146 km W of Waingapu, Indonesia"
2020-08-09T22:12:21.370Z,-9.3254,110.2462,10,4.6,"152 km S of Bambanglipuro, Indonesia"
2020-08-09T21:31:13.724Z,-9.729,119.017,10,4.6,"136 km SSW of Komodo, Indonesia"
2020-08-09T04:52:51.328Z,-9.6788,118.9168,10,5,"135 km SSE of Dompu, Indonesia"
2020-08-09T04:13:31.700Z,-9.518,119.1063,10,4,"111 km SSW of Komodo, Indonesia"
2020-08-08T22:36:29.010Z,-9.6748,118.9154,10,4.2,"135 km SSE of Dompu, Indonesia"
2020-08-08T21:03:18.202Z,-9.767,118.9725,11.84,4.6,"142 km SSW of Komodo, Indonesia"
2020-08-08T18:20:42.114Z,-9.8537,119.0212,10,4.3,"138 km W of Waingapu, Indonesia"
2020-08-08T16:32:31.658Z,-9.6376,118.9854,10,5,"128 km SSW of Komodo, Indonesia"
2020-08-08T11:37:28.525Z,-9.7431,118.9526,10,4.5,"140 km SSW of Komodo, Indonesia"
2020-08-08T11:16:26.448Z,-9.5544,119.2283,10,4.2,"110 km SSW of Komodo, Indonesia"
2020-08-08T10:49:10.054Z,-9.7568,118.9477,10,4.8,"142 km SSW of Komodo, Indonesia"
2020-08-08T10:45:49.201Z,-9.7772,118.992,10,5.3,"140 km W of Waingapu, Indonesia"
2020-08-08T10:28:02.187Z,-9.7806,118.9102,10,4.7,"146 km SSE of Dompu, Indonesia"
2020-08-08T10:26:34.072Z,-9.5575,118.8831,10,4.5,"121 km SSE of Dompu, Indonesia"
2020-08-08T10:24:04.269Z,-9.5261,118.952,10,5.1,"119 km SSW of Komodo, Indonesia"
2020-08-08T10:23:30.762Z,-9.788,118.8832,10,4.9,"145 km SSE of Dompu, Indonesia"
2020-08-08T10:17:49.530Z,-9.6563,119.0873,10,5.1,"126 km SSW of Komodo, Indonesia"
2020-08-05T21:49:46.192Z,-11.5582,121.3501,9.72,4.2,"241 km SSE of Waingapu, Indonesia"
2020-08-05T09:18:14.975Z,-9.8523,119.0972,10,4.3,"129 km W of Waingapu, Indonesia"
2020-08-05T08:27:12.019Z,-9.6826,119.1179,10,5.1,"125 km W of Waingapu, Indonesia"
2020-08-03T13:10:48.854Z,-9.1869,113.9404,83.22,4.1,"90 km SSW of Gambiran Satu, Indonesia"
2020-07-31T20:37:44.180Z,-10.8163,151.0067,10,4.2,"44 km ESE of Samarai, Papua New Guinea"
2020-07-31T00:37:08.242Z,-9.2107,115.1245,71.82,4.2,"south of Bali, Indonesia"
2020-07-25T02:41:36.131Z,-9.9141,122.932,10,4.4,"79 km WNW of Kupang, Indonesia"
2020-07-24T12:38:53.931Z,-10.4048,116.0904,10,4.6,"185 km S of Lembar, Indonesia"
2020-07-17T22:17:21.641Z,-9.7518,154.8604,10,4.6,"284 km SW of Gizo, Solomon Islands"
2020-07-07T07:58:01.292Z,-11.0184,115.232,10,4.7,"245 km S of Nusa Dua, Indonesia"
2020-07-06T09:14:09.874Z,-11.4699,114.781,10,4.2,"299 km S of Jimbaran, Indonesia"
2020-07-04T02:07:47.000Z,-9.7437,154.7219,10,4.4,"295 km SW of Gizo, Solomon Islands"
2020-07-04T01:49:58.862Z,-9.8517,154.8815,10,5.2,"289 km SW of Gizo, Solomon Islands"
2020-07-04T01:34:45.174Z,-9.6799,154.9027,10,5.5,"275 km SW of Gizo, Solomon Islands"
2020-07-04T01:17:24.531Z,-9.6694,154.6611,10,4.7,"295 km SW of Gizo, Solomon Islands"
2020-07-04T01:09:20.687Z,-9.6116,154.6288,10,4.6,"295 km SW of Gizo, Solomon Islands"
2020-07-04T01:07:26.510Z,-9.7579,154.7242,10,4.4,"296 km SW of Gizo, Solomon Islands"
2020-07-02T18:04:05.433Z,-9.1955,124.0751,113.96,4.1,"33 km W of Pante Makasar, Timor Leste"
2020-06-26T04:44:11.903Z,-9.4266,113.683,61.63,4.2,"125 km SSW of Gambiran Satu, Indonesia"
2020-06-26T04:39:17.114Z,-9.4097,113.6355,56.51,4.3,"125 km SSW of Gambiran Satu, Indonesia"
2020-06-18T13:57:09.644Z,-9.1656,111.2848,58.25,4.3,"129 km SSW of Trenggalek, Indonesia"
2020-06-18T11:16:54.774Z,-9.7384,127.6623,10,4.5,"153 km SSE of Lospalos, Timor Leste"
2020-06-17T18:09:44.736Z,-9.4008,114.12,63.24,4.4,"109 km SSW of Muncar, Indonesia"
2020-06-16T17:54:45.179Z,-9.5847,116.5908,67.32,4,"103 km SSE of Praya, Indonesia"
2020-06-16T04:16:01.188Z,-9.9565,119.579,60.18,4.2,"82 km WSW of Waingapu, Indonesia"
2020-06-16T02:53:40.437Z,-9.3464,125.6428,10,4.3,"37 km S of Same, Timor Leste"
2020-06-15T04:07:48.219Z,-9.4515,155.9975,10,5.1,"175 km SSW of Gizo, Solomon Islands"
2020-06-08T13:46:30.724Z,-9.2645,123.0591,95.63,4.6,"86 km WNW of Naisano Dua, Indonesia"
2020-06-06T02:06:14.437Z,-9.2085,121.7865,88.42,4.1,"42 km SSE of Ende, Indonesia"
2020-05-26T17:13:59.018Z,-9.4728,155.9483,10,4.6,"180 km SSW of Gizo, Solomon Islands"
2020-05-14T05:53:33.305Z,-33.7003,138.7666,7.04,4.4,"15 km WSW of Burra, Australia"
2020-05-11T11:39:00.428Z,-9.4698,114.4352,38.63,4.2,"109 km SW of Jimbaran, Indonesia"
2020-05-09T11:14:40.628Z,-9.601,125.0443,10,4.6,"39 km SW of Suai, Timor Leste"
2020-05-02T17:48:38.784Z,-32.3551,150.8055,16.05,4,"11 km ENE of Denman, Australia"
2020-04-26T21:27:12.973Z,-11.5771,116.726,10,4.4,"South of Lombok, Indonesia"
2020-04-21T13:42:33.625Z,-9.6451,155.3591,10,4.4,"235 km SW of Gizo, Solomon Islands"
2020-04-21T13:41:50.273Z,-9.882,155.1836,10,4.6,"268 km SW of Gizo, Solomon Islands"
2020-04-21T13:41:01.691Z,-9.5817,155.2455,10,4.1,"239 km SW of Gizo, Solomon Islands"
2020-04-20T18:00:59.842Z,-10.0647,121.4409,36.72,4,"136 km ESE of Waingapu, Indonesia"
2020-04-16T06:29:55.368Z,-9.3766,118.9753,85.83,4.3,"103 km SSW of Komodo, Indonesia"
2020-04-16T03:48:46.288Z,-9.6734,119.342,47.85,4.3,"101 km W of Waingapu, Indonesia"
2020-04-16T02:11:03.279Z,-11.109,115.1379,10,4.2,"255 km S of Nusa Dua, Indonesia"
2020-04-15T07:11:04.854Z,-19.8545,148.77,10,5,"32 km NNW of Whitsundays, Australia"
2020-04-13T10:58:11.740Z,-11.3411,119.2395,10,4.1,"217 km SSW of Waingapu, Indonesia"
2020-04-12T22:03:26.948Z,-17.134,121.9442,10,4.3,"90 km NNW of Bilingurr, Australia"
2020-04-12T14:34:32.201Z,-9.24,123.643,114.18,4.2,"41 km NNW of Naisano Dua, Indonesia"
2020-04-11T10:44:01.357Z,-18.1361,120.3644,10,4.2,"196 km W of Cable Beach, Australia"
2020-04-10T19:58:25.496Z,-9.5052,148.7686,10,4.5,"100 km SE of Popondetta, Papua New Guinea"
2020-04-07T08:44:10.660Z,-9.3944,112.3674,59.11,4.3,"137 km S of Sumberpucung, Indonesia"
2020-04-07T08:03:00.023Z,-9.3569,112.3524,52.07,4.9,"133 km S of Sumberpucung, Indonesia"
2020-04-06T01:56:42.920Z,-9.7601,118.8493,73.37,4.1,"141 km SSE of Dompu, Indonesia"
2020-04-04T18:26:14.428Z,-11.3137,115.2912,10,4.4,"278 km S of Nusa Dua, Indonesia"
2020-04-03T18:38:24.879Z,-11.1856,115.3875,10,4.6,"264 km S of Nusa Dua, Indonesia"
2020-04-02T03:34:47.277Z,-9.4385,114.6801,50.18,4.3,"88 km SW of Jimbaran, Indonesia"
2020-03-30T21:01:35.811Z,-9.2256,123.8071,102.95,4.9,"41 km N of Naisano Dua, Indonesia"
2020-03-30T14:48:41.374Z,-9.648,112.9979,49.18,4.5,"156 km SSW of Kencong, Indonesia"
2020-03-29T22:53:21.268Z,-11.0415,115.2858,10,4.2,"247 km S of Nusa Dua, Indonesia"
2020-03-28T09:44:59.739Z,-10.9835,115.2504,10,4.6,"241 km S of Nusa Dua, Indonesia"
2020-03-28T07:11:40.780Z,-9.4427,113.0043,60.3,4.4,"134 km SSW of Kencong, Indonesia"
2020-03-28T00:16:29.752Z,-11.1093,115.1653,10,4.4,"255 km S of Nusa Dua, Indonesia"
2020-03-27T21:53:56.021Z,-10.9995,115.2578,10,4.5,"243 km S of Nusa Dua, Indonesia"
2020-03-26T20:34:17.012Z,-9.2645,113.595,58.27,4.5,"111 km SSE of Kencong, Indonesia"
2020-03-25T06:31:53.839Z,-11.145,115.2162,10,4,"259 km S of Nusa Dua, Indonesia"
2020-03-23T19:30:47.144Z,-11.2593,115.3372,16.93,4.1,"272 km S of Nusa Dua, Indonesia"
2020-03-23T06:24:07.572Z,-9.9871,113.3233,35,4.3,"188 km S of Kencong, Indonesia"
2020-03-22T06:48:43.462Z,-11.0131,115.1587,10,4.9,"244 km S of Nusa Dua, Indonesia"
2020-03-21T22:45:53.885Z,-11.1703,115.1961,10,4.4,"262 km S of Nusa Dua, Indonesia"
2020-03-20T22:26:00.431Z,-11.0171,115.2515,10,4.4,"245 km S of Nusa Dua, Indonesia"
2020-03-18T22:51:41.919Z,-10.8943,115.1472,10,4.4,"231 km S of Nusa Dua, Indonesia"
2020-03-18T17:45:39.299Z,-11.0521,115.1378,20.68,6.2,"249 km S of Nusa Dua, Indonesia"
2020-03-15T21:05:32.421Z,-10.4691,118.2924,10,5.2,"214 km S of Dompu, Indonesia"
2020-03-03T02:22:47.839Z,-9.9541,126.9518,10,4.4,"137 km SSE of Viqueque, Timor Leste"
2020-02-27T21:28:07.612Z,-10.4912,116.4622,10,4.9,"198 km S of Praya, Indonesia"
2020-02-21T23:23:00.700Z,-9.3066,118.7327,104.92,4.1,"90 km SSE of Dompu, Indonesia"
2020-02-21T02:13:10.501Z,-9.6056,120.6018,85.77,4.2,"37 km E of Waingapu, Indonesia"
2020-02-18T13:13:06.954Z,-10.6893,116.0795,10,4.3,"217 km S of Lembar, Indonesia"
2020-02-17T21:11:10.925Z,-9.1877,123.042,89.72,4.4,"91 km WNW of Naisano Dua, Indonesia"
2020-02-13T15:17:25.408Z,-11.5505,113.2109,10,4.8,"south of Java, Indonesia"
2020-02-10T09:24:38.966Z,-21.4511,114.9944,10,4.3,"23 km NNW of Onslow, Australia"
2020-02-06T23:27:46.534Z,-9.7108,118.7175,35,4.2,"132 km SSE of Dompu, Indonesia"
2020-02-06T21:06:31.559Z,-9.6665,117.6614,35,4.9,"132 km SSE of Sumbawa Besar, Indonesia"
2020-02-06T02:02:06.666Z,-9.4041,123.5984,119.08,4.2,"28 km NW of Naisano Dua, Indonesia"
2020-02-03T21:16:47.549Z,-9.3678,114.0841,60.72,4.6,"106 km SSW of Muncar, Indonesia"
2020-02-01T02:39:54.129Z,-11.4495,118.4631,10,4.1,"279 km SW of Waingapu, Indonesia"
2020-02-01T02:36:54.288Z,-11.4085,118.4269,10,4.7,"279 km SW of Waingapu, Indonesia"
2020-01-30T04:25:18.680Z,-11.3532,118.5747,10,4.2,"263 km SW of Waingapu, Indonesia"
2020-01-30T03:46:16.387Z,-11.5219,118.4161,10,4.2,"288 km SW of Waingapu, Indonesia"
2020-01-28T07:50:13.306Z,-9.1119,122.6236,89.54,4.2,"70 km SE of Maumere, Indonesia"
2020-01-28T04:47:27.467Z,-11.6731,124.3402,10,4.5,"184 km SSE of Kupang, Indonesia"
2020-01-28T03:10:54.891Z,-23.5546,126.4035,10,4.4,Western Australia
2020-01-24T00:50:43.530Z,-9.8774,116.9285,35,4.9,"148 km SSE of Praya, Indonesia"
2020-01-22T17:54:35.899Z,-10.4557,124.3151,10,4.4,"65 km S of Soe, Indonesia"
2020-01-22T16:49:26.627Z,-9.6054,118.4294,59.27,4.2,"118 km S of Dompu, Indonesia"
2020-01-16T22:09:45.752Z,-9.6784,151.0494,10,5,"95 km NE of Alotau, Papua New Guinea"
2020-01-16T22:04:24.935Z,-10.472,124.1355,10,4.9,"66 km ESE of Kupang, Indonesia"
2020-01-16T02:21:40.891Z,-9.7144,121.706,51.44,4.2,"96 km S of Ende, Indonesia"
2020-01-16T00:20:01.888Z,-10.082,115.6104,35,4,"147 km SSE of Nusa Dua, Indonesia"
2020-01-15T16:22:13.858Z,-9.1328,123.7967,79.91,5,"51 km N of Naisano Dua, Indonesia"
2020-01-15T12:16:41.567Z,-10.4167,124.0807,10,4.5,"58 km ESE of Kupang, Indonesia"
2020-01-15T08:35:52.232Z,-11.6382,116.6649,32.54,4.7,"South of Lombok, Indonesia"
2020-01-15T07:55:30.169Z,-10.3733,124.0857,10,5.7,"Timor region, Indonesia"
2020-01-08T17:41:34.248Z,-9.351,119.258,84.97,4.4,"88 km SSW of Komodo, Indonesia"
2020-01-07T02:36:33.098Z,-11.4575,118.3983,10,4.2,"285 km SW of Waingapu, Indonesia"
2020-01-06T22:31:53.408Z,-11.3061,118.4931,10,5.3,"266 km SW of Waingapu, Indonesia"
2020-01-05T21:05:02.937Z,-11.7611,116.3191,10,4.4,"South of Lombok, Indonesia"
2020-01-05T14:59:54.616Z,-9.7443,119.0236,35,4.4,"136 km W of Waingapu, Indonesia"
2019-12-26T06:05:23.121Z,-9.9273,152.515,10,4,"216 km ENE of Samarai, Papua New Guinea"
2019-12-24T18:54:18.346Z,-9.1226,124.1917,112.81,4,"22 km WNW of Pante Makasar, Timor Leste"
2019-12-20T14:29:10.383Z,-12.1704,136.124,10,4.1,"62 km ESE of Galiwinku, Australia"
2019-12-16T05:29:42.556Z,-32.3497,150.8136,10,4.2,"12 km SW of Muswellbrook, Australia"
2019-12-12T19:33:21.771Z,-9.0325,124.2063,95.91,4,"26 km NW of Pante Makasar, Timor Leste"
2019-12-09T14:18:29.021Z,-9.8194,116.4263,54.44,4,"124 km S of Praya, Indonesia"
2019-12-06T01:03:37.741Z,-11.4571,117.0377,35,4.5,"south of Sumbawa, Indonesia"
2019-12-02T03:55:42.767Z,-9.7004,112.8968,35,4.1,"165 km SSW of Kencong, Indonesia"
2019-11-26T17:24:36.868Z,-10.2438,113.7797,10,4.6,"208 km S of Gambiran Satu, Indonesia"
2019-11-24T03:07:56.823Z,-9.3237,124.1842,71.86,4.3,"25 km WSW of Pante Makasar, Timor Leste"
2019-11-22T13:46:38.746Z,-12.732,113.3209,10,4.1,northwest of Australia
2019-11-20T07:03:06.162Z,-9.6832,121.7422,35,4.3,"93 km S of Ende, Indonesia"
2019-11-19T20:27:24.096Z,-12.6325,113.3054,10,4.8,northwest of Australia
2019-11-18T21:59:13.278Z,-18.3143,120.3976,10,4.3,"196 km W of Cable Beach, Australia"
2019-11-14T07:33:32.705Z,-9.8509,122.1537,35,4.5,"123 km SSE of Ende, Indonesia"
2019-11-10T09:18:27.786Z,-9.6667,152.3696,10,4.5,"214 km ENE of Samarai, Papua New Guinea"
2019-11-05T19:18:59.162Z,-9.4943,121.14,85.58,4,"92 km SW of Ende, Indonesia"
2019-11-05T11:57:30.685Z,-9.4829,151.9202,10,4.3,"184 km ENE of Alotau, Papua New Guinea"
2019-11-02T22:03:19.938Z,-18.149,120.3479,10,4.4,"198 km W of Cable Beach, Australia"
2019-10-27T07:42:14.130Z,-9.065,111.4035,67.64,4.5,"114 km SSW of Trenggalek, Indonesia"
2019-10-26T04:57:19.595Z,-18.3745,120.6248,10,4.2,"174 km WSW of Cable Beach, Australia"
2019-10-23T11:42:53.240Z,-9.4164,113.0472,49.19,4.1,"130 km SSW of Kencong, Indonesia"
2019-10-22T13:13:48.951Z,-9.5279,118.2619,67.5,4.8,"111 km SSW of Dompu, Indonesia"
2019-10-22T05:10:32.156Z,-11.1776,121.3977,10,4.3,"209 km SE of Waingapu, Indonesia"
2019-10-21T15:37:28.961Z,-9.1088,128.473,10,4.3,"174 km ESE of Lospalos, Timor Leste"
2019-10-20T06:57:42.677Z,-9.7353,112.7839,35,4.5,"168 km S of Dampit, Indonesia"
2019-10-14T21:26:32.056Z,-9.0122,128.5791,10,4.3,"182 km ESE of Lospalos, Timor Leste"
2019-10-13T12:48:28.098Z,-18.187,120.3487,10,4.2,"198 km W of Cable Beach, Australia"
2019-10-10T11:33:58.980Z,-9.8262,117.9222,47.85,4.1,"154 km SSW of Dompu, Indonesia"
2019-10-10T10:12:20.015Z,-10.1785,119.3116,49.11,4.2,"119 km WSW of Waingapu, Indonesia"
2019-09-30T14:06:53.242Z,-10.2021,116.0185,35.46,4.3,"163 km S of Lembar, Indonesia"
2019-09-28T12:32:05.686Z,-9.2772,150.691,13.86,4.1,"117 km NNE of Alotau, Papua New Guinea"
2019-09-24T03:51:38.210Z,-18.1494,120.3243,10,4.6,"201 km W of Cable Beach, Australia"
2019-09-19T17:28:06.294Z,-9.0607,124.0944,75.76,4.5,"35 km WNW of Pante Makasar, Timor Leste"
2019-09-19T12:38:35.347Z,-11.0832,115.228,10,4.4,"252 km S of Nusa Dua, Indonesia"
2019-09-18T16:10:18.266Z,-9.888,150.1896,10,5.1,"55 km NNW of Alotau, Papua New Guinea"
2019-09-18T14:46:20.951Z,-10.555,152.3556,10,5.2,"185 km E of Samarai, Papua New Guinea"
2019-09-15T22:05:30.702Z,-30.3214,117.8995,10,4.4,"133 km NNW of Merredin, Australia"
2019-09-14T19:52:02.303Z,-9.5207,120.0142,77.31,4.3,"31 km WNW of Waingapu, Indonesia"
2019-09-11T09:01:00.622Z,-23.6049,127.4754,10,4.1,Western Australia
2019-09-10T17:12:33.519Z,-9.1446,113.4456,71.59,4.7,"95 km S of Kencong, Indonesia"
2019-09-08T07:39:24.908Z,-11.4794,122.3354,10,4,"200 km SW of Kupang, Indonesia"
2019-09-04T05:25:42.792Z,-9.4519,125.2071,10,4.3,"16 km SSW of Suai, Timor Leste"
2019-08-31T21:00:25.860Z,-35.3037,134.3524,11.69,4.2,off the south coast of Australia
2019-08-24T23:23:43.035Z,-9.1366,124.2317,43.48,4.2,"18 km WNW of Pante Makasar, Timor Leste"
2019-08-18T12:49:44.803Z,-19.7672,133.9199,10,4.1,"31 km WSW of Tennant Creek, Australia"
2019-08-18T11:38:41.484Z,-20.8538,151.929,10,4.7,"279 km NNE of Yeppoon, Australia"
2019-08-18T07:06:43.229Z,-11.2795,123.8942,10,4.8,"126 km SSE of Kupang, Indonesia"
2019-08-17T15:37:41.489Z,-9.5124,123.9903,94.88,4.5,"25 km ENE of Naisano Dua, Indonesia"
2019-08-17T12:42:42.696Z,-9.4465,120.7024,92.72,4.2,"53 km ENE of Waingapu, Indonesia"
2019-08-16T12:25:43.528Z,-18.2645,120.3358,10,4.1,"201 km W of Cable Beach, Australia"
2019-08-13T13:40:09.938Z,-9.7401,114.0321,43.64,4.9,"148 km SSW of Muncar, Indonesia"
2019-08-13T10:21:32.295Z,-9.6244,113.9544,49.18,4.9,"137 km S of Gambiran Satu, Indonesia"
2019-08-13T02:14:45.386Z,-33.7743,131.142,10,4.6,"298 km SW of Ceduna, Australia"
2019-08-12T19:11:48.070Z,-21.4847,120.5547,10,4.6,"64 km NE of Nullagine, Australia"
2019-08-12T08:31:23.780Z,-9.6245,113.8996,35,4.9,"138 km SSW of Gambiran Satu, Indonesia"
2019-08-12T07:43:19.887Z,-9.6019,114.1901,51.16,4.4,"130 km S of Muncar, Indonesia"
2019-08-11T22:51:33.111Z,-9.6418,113.9469,35,5,"139 km S of Gambiran Satu, Indonesia"
2019-08-05T19:42:44.935Z,-10.776,113.8783,10,4.2,"260 km SSW of Jimbaran, Indonesia"
2019-08-01T23:03:58.468Z,-18.3516,120.447,10,4.9,"191 km WSW of Cable Beach, Australia"
2019-08-01T16:49:19.387Z,-34.6232,117.6946,10,4.2,"2 km ENE of Mount Barker, Australia"
2019-08-01T01:22:16.999Z,-19.7723,133.9,10,5.1,"33 km WSW of Tennant Creek, Australia"
2019-07-30T07:07:48.038Z,-9.2757,121.8161,60.67,4.2,"50 km SSE of Ende, Indonesia"
2019-07-29T12:42:29.443Z,-9.7714,118.0015,35,5,"145 km SSW of Dompu, Indonesia"
2019-07-27T15:23:56.668Z,-10.2216,123.1884,61.38,4.7,"46 km W of Kupang, Indonesia"
2019-07-25T19:06:15.505Z,-18.2225,120.3765,10,4,"196 km W of Cable Beach, Australia"
2019-07-24T13:17:19.240Z,-10.6813,114.9655,10,5.2,"210 km S of Nusa Dua, Indonesia"
2019-07-20T00:18:02.751Z,-18.0599,120.2139,10,4.6,"211 km W of Cable Beach, Australia"
2019-07-19T12:33:17.757Z,-9.2465,116.2031,123.99,4.2,"59 km SSE of Lembar, Indonesia"
2019-07-19T09:21:27.935Z,-18.0965,120.2808,10,4.6,"205 km W of Cable Beach, Australia"
2019-07-17T10:20:10.407Z,-18.4535,120.2826,10,4.6,"211 km WSW of Cable Beach, Australia"
2019-07-15T05:59:38.869Z,-10.0326,118.8085,35,4.9,"164 km WSW of Waingapu, Indonesia"
2019-07-14T23:01:36.511Z,-18.2782,120.2792,10,5,"207 km W of Cable Beach, Australia"
2019-07-14T21:33:50.889Z,-18.0833,120.3321,10,4.7,"199 km W of Cable Beach, Australia"
2019-07-14T15:58:32.648Z,-18.1689,120.3277,10,4.5,"200 km W of Cable Beach, Australia"
2019-07-14T10:58:00.228Z,-18.407,120.4184,10,4.6,"196 km WSW of Cable Beach, Australia"
2019-07-14T07:26:36.127Z,-18.0076,120.4803,10,4.9,"183 km W of Cable Beach, Australia"
2019-07-14T06:03:08.690Z,-18.7883,120.2867,10,4.2,"223 km WSW of Cable Beach, Australia"
2019-07-14T05:39:23.420Z,-18.2242,120.3584,10,6.6,"198 km W of Cable Beach, Australia"
2019-07-12T19:15:31.992Z,-9.0081,117.8778,40.85,4.4,"76 km SE of Sumbawa Besar, Indonesia"
2019-07-06T08:53:31.176Z,-11.0162,113.7339,10,4.7,"291 km SSW of Jimbaran, Indonesia"
2019-07-06T05:30:36.355Z,-9.4179,113.996,51.83,4.6,"114 km S of Gambiran Satu, Indonesia"
2019-07-03T22:12:54.977Z,-9.646,114.1005,47.07,4.2,"136 km S of Muncar, Indonesia"
2019-07-02T19:51:46.481Z,-43.6798,123.9065,10,5.6,south of Australia
2019-06-27T05:05:23.549Z,-9.4158,117.3257,90.93,4.4,"102 km S of Sumbawa Besar, Indonesia"
2019-06-23T22:26:59.928Z,-10.4999,113.6549,10,4.6,"239 km SSW of Gambiran Satu, Indonesia"
2019-06-22T16:52:38.422Z,-10.2138,151.8575,10,4.5,"138 km ENE of Samarai, Papua New Guinea"
2019-06-22T16:20:56.521Z,-10.5614,151.5815,10,4.4,"100 km E of Samarai, Papua New Guinea"
2019-06-20T14:30:06.493Z,-33.3459,119.5242,10,4.2,"186 km ENE of Katanning, Australia"
2019-06-19T00:30:53.423Z,-10.1349,151.5076,10,4.3,"106 km ENE of Samarai, Papua New Guinea"
2019-06-16T20:13:56.945Z,-10.3659,120.0323,44.97,5,"82 km SSW of Waingapu, Indonesia"
2019-06-15T02:59:40.927Z,-21.4085,121.0848,15.69,4.4,"113 km ENE of Nullagine, Australia"
2019-06-14T06:54:56.986Z,-11.1731,118.4592,10,5.1,"259 km SW of Waingapu, Indonesia"
2019-06-09T09:47:42.337Z,-11.5287,115.6675,10,4.9,"south of Bali, Indonesia"
2019-06-05T05:57:48.190Z,-10.6065,123.5877,10,4.2,"48 km S of Kupang, Indonesia"
2019-06-04T15:43:24.031Z,-10.4492,123.6176,10,4.6,"30 km S of Kupang, Indonesia"
2019-05-30T07:38:55.244Z,-21.2953,132.0098,10,4.4,"291 km SW of Tennant Creek, Australia"
2019-05-30T02:26:52.595Z,-21.3078,132.0076,10,4.9,"292 km SW of Tennant Creek, Australia"
2019-05-27T00:54:57.811Z,-9.2689,118.9093,61.99,4.4,"91 km SSE of Bima, Indonesia"
2019-05-26T21:31:25.632Z,-10.661,124.6844,10,4.5,"98 km SSE of Soe, Indonesia"
2019-05-24T21:52:15.490Z,-11.2547,112.2516,10,4.5,"south of Java, Indonesia"
2019-05-24T10:54:19.464Z,-10.5791,113.5051,10,4,"251 km SSW of Gambiran Satu, Indonesia"
2019-05-24T04:21:32.865Z,-11.1861,124.0718,10,4.4,"123 km SSE of Kupang, Indonesia"
2019-05-22T07:09:27.887Z,-9.5032,114.0125,56.88,4.1,"123 km SSW of Muncar, Indonesia"
2019-05-21T07:02:37.793Z,-9.0556,124.1585,121.51,4.2,"29 km WNW of Pante Makasar, Timor Leste"
2019-05-19T08:47:01.810Z,-9.7666,119.0432,10,4.5,"134 km W of Waingapu, Indonesia"
2019-05-19T06:16:06.222Z,-10.292,119.1795,10,4.8,"138 km WSW of Waingapu, Indonesia"
2019-05-15T03:14:43.229Z,-9.8596,154.3135,10,4.8,D'Entrecasteaux Islands region
2019-05-07T20:27:05.982Z,-11.4548,117.9266,10,4.2,"south of Sumbawa, Indonesia"
2019-05-07T20:04:07.639Z,-9.3847,112.0667,49.76,4.2,"141 km S of Boyolangu, Indonesia"
2019-05-07T06:32:03.713Z,-10.7202,113.6852,10,4.2,"262 km S of Gambiran Satu, Indonesia"
2019-05-06T02:58:20.143Z,-9.8301,122.4744,35,4.2,"129 km WNW of Kupang, Indonesia"
2019-05-04T22:07:36.409Z,-9.6549,112.8934,35,4.2,"160 km SSW of Kencong, Indonesia"
2019-04-30T23:55:09.615Z,-9.6654,148.5709,10,4.9,"106 km SSE of Popondetta, Papua New Guinea"
2019-04-30T21:01:00.722Z,-9.5848,148.6231,10,4.9,"100 km SSE of Popondetta, Papua New Guinea"
2019-04-28T23:42:56.637Z,-9.3506,116.0563,81.05,4.2,"69 km S of Lembar, Indonesia"
2019-04-26T21:07:05.596Z,-9.7396,119.069,34.24,4.2,"131 km W of Waingapu, Indonesia"
2019-04-22T06:49:51.502Z,-9.1528,117.4461,100.58,4.7,"73 km S of Sumbawa Besar, Indonesia"
2019-04-22T03:01:01.976Z,-9.7534,151.6118,10,4.4,"140 km NE of Samarai, Papua New Guinea"
2019-04-22T02:34:49.970Z,-9.4705,151.1546,10,4.3,"120 km NE of Alotau, Papua New Guinea"
2019-04-19T12:29:17.962Z,-11.547,116.3105,10,4.9,"South of Lombok, Indonesia"
2019-04-17T23:50:48.845Z,-9.4968,150.8922,10,4.7,"102 km NNE of Alotau, Papua New Guinea"
2019-04-17T23:26:36.826Z,-9.5595,150.8671,8.46,5.1,"94 km NNE of Alotau, Papua New Guinea"
2019-04-17T23:21:52.084Z,-9.5507,151.0451,10,4.5,"106 km NE of Alotau, Papua New Guinea"
2019-04-17T23:07:31.593Z,-9.6208,151.0331,10,4.9,"99 km NE of Alotau, Papua New Guinea"
2019-04-17T21:15:29.930Z,-9.5284,150.9285,18.3,4.9,"101 km NNE of Alotau, Papua New Guinea"
2019-04-17T19:57:46.841Z,-9.5692,150.7033,35,4,"86 km NNE of Alotau, Papua New Guinea"
2019-04-17T19:03:33.445Z,-9.4634,150.9417,10,4,"108 km NNE of Alotau, Papua New Guinea"
2019-04-17T15:15:38.250Z,-9.4119,150.897,10,4.9,"110 km NNE of Alotau, Papua New Guinea"
2019-04-17T08:21:55.206Z,-9.4428,150.9941,10,5,"113 km NNE of Alotau, Papua New Guinea"
2019-04-15T06:49:36.960Z,-9.0907,120.505,113.33,4.6,"53 km S of Ruteng, Indonesia"
2019-04-12T14:35:18.665Z,-9.9502,118.8193,35,4.2,"161 km SSE of Dompu, Indonesia"
2019-04-10T17:26:21.745Z,-9.2893,118.5187,85.48,4.1,"83 km S of Dompu, Indonesia"
2019-04-09T05:17:03.293Z,-9.2527,118.4631,95.11,4.3,"79 km S of Dompu, Indonesia"
2019-04-08T15:39:46.493Z,-10.2387,123.9271,41.37,4.5,"35 km ESE of Kupang, Indonesia"
2019-04-07T02:18:19.349Z,-9.2992,124.7998,35,5.1,"23 km SSW of Atambua, Indonesia"
2019-04-04T07:22:00.683Z,-9.0318,119.2422,96.61,4.6,"56 km SSW of Komodo, Indonesia"
2019-03-25T01:13:02.870Z,-9.5577,123.3965,83.35,4.5,"41 km W of Naisano Dua, Indonesia"
2019-03-23T20:51:38.651Z,-10.5669,151.8262,10,4.4,"127 km E of Samarai, Papua New Guinea"
2019-03-17T17:41:42.228Z,-9.6615,119.0513,20.94,5,"128 km SSW of Komodo, Indonesia"
2019-03-16T12:35:50.195Z,-9.3547,124.2458,98.29,4.1,"22 km SW of Pante Makasar, Timor Leste"
2019-03-15T00:29:56.499Z,-9.7476,124.6691,10,4.6,"39 km SSE of Kefamenanu, Indonesia"
2019-03-13T14:42:44.900Z,-9.1946,125.7594,10,4.6,"24 km SSE of Same, Timor Leste"
2019-03-12T15:12:06.070Z,-9.6806,120.8755,10,4,"67 km E of Waingapu, Indonesia"
2019-03-11T03:04:02.640Z,-9.9965,151.6461,10,4.3,"127 km ENE of Samarai, Papua New Guinea"
2019-03-10T15:54:06.265Z,-9.9981,151.9221,10,4.9,"153 km ENE of Samarai, Papua New Guinea"
2019-03-10T13:51:56.650Z,-10.256,152.2465,10,4.4,"177 km ENE of Samarai, Papua New Guinea"
2019-03-10T13:37:31.750Z,-10.2199,152.1722,10,4.4,"170 km ENE of Samarai, Papua New Guinea"
2019-03-10T12:48:00.607Z,-10.1317,152.0647,9,6,"162 km ENE of Samarai, Papua New Guinea"
2019-03-10T09:21:46.551Z,-9.2941,112.6658,65.17,5.1,"120 km S of Dampit, Indonesia"
2019-03-08T03:48:28.510Z,-11.5525,152.0847,10,4,"187 km ESE of Samarai, Papua New Guinea"
2019-03-07T20:40:08.897Z,-17.6837,119.4086,10,4.4,"298 km W of Cable Beach, Australia"
2019-03-05T14:55:16.110Z,-14.0443,123.806,10,4.2,northwest of Australia
2019-03-02T23:06:44.170Z,-9.8853,150.1622,10,4.4,"57 km NW of Alotau, Papua New Guinea"
2019-03-02T12:27:56.290Z,-9.7816,150.0472,10,4.8,"74 km NW of Alotau, Papua New Guinea"
2019-02-26T04:18:44.390Z,-11.4299,119.2247,35,4.3,"226 km SSW of Waingapu, Indonesia"
2019-02-25T23:30:00.840Z,-10.1391,118.9511,35.77,4.1,"153 km WSW of Waingapu, Indonesia"
2019-02-23T17:40:33.560Z,-9.8131,149.9294,10,5.1,"80 km NW of Alotau, Papua New Guinea"
2019-02-20T02:26:54.290Z,-15.5269,129.2734,10,4.3,"63 km ENE of Kununurra, Australia"
2019-02-18T23:52:56.080Z,-9.7971,112.7722,35,4.2,"175 km S of Dampit, Indonesia"
2019-02-18T22:21:39.590Z,-9.65,112.827,35,4.1,"159 km S of Dampit, Indonesia"
2019-02-18T19:30:22.900Z,-9.5093,112.8605,23,5.7,"144 km S of Dampit, Indonesia"
2019-02-17T09:26:36.710Z,-11.5429,118.8463,10,4.6,"259 km SW of Waingapu, Indonesia"
2019-02-16T20:05:03.360Z,-10.2488,119.1295,35,4.1,"140 km WSW of Waingapu, Indonesia"
2019-02-15T02:50:25.690Z,-9.2653,123.546,82.86,4.5,"44 km NW of Naisano Dua, Indonesia"
2019-02-12T09:34:52.260Z,-9.987,119.2819,35,4.3,"Sumba region, Indonesia"
2019-02-11T10:30:02.600Z,-11.3272,118.3186,37.5,4.3,"281 km SW of Waingapu, Indonesia"
2019-02-08T10:18:08.650Z,-10.1631,118.8587,35,4.5,"163 km WSW of Waingapu, Indonesia"
2019-02-07T14:26:44.470Z,-10.0643,152.0668,10,4.3,"165 km ENE of Samarai, Papua New Guinea"
2019-02-01T08:28:16.760Z,-24.5219,113.0182,10,4.5,"75 km WNW of Brockman, Australia"
2019-01-30T18:52:25.970Z,-11.2267,112.1585,10,4.3,"south of Java, Indonesia"
2019-01-30T17:41:44.860Z,-10.2721,118.7875,30.1,4.2,"175 km WSW of Waingapu, Indonesia"
2019-01-29T00:21:13.880Z,-9.1933,123.8364,78.63,4.6,"45 km N of Naisano Dua, Indonesia"
2019-01-28T12:12:07.340Z,-10.3135,119.1358,10,4.1,"143 km WSW of Waingapu, Indonesia"
2019-01-26T04:16:53.370Z,-9.1267,123.7977,102.22,4,"52 km N of Naisano Dua, Indonesia"
2019-01-23T14:47:55.870Z,-10.3602,118.7175,10,4.5,"186 km WSW of Waingapu, Indonesia"
2019-01-23T12:36:10.230Z,-10.4128,119.0016,10,5,"161 km WSW of Waingapu, Indonesia"
2019-01-23T11:39:02.390Z,-10.2981,118.9231,24,5.6,"163 km WSW of Waingapu, Indonesia"
2019-01-22T05:34:57.130Z,-10.2889,119.0504,10,4.4,"150 km WSW of Waingapu, Indonesia"
2019-01-22T05:10:03.480Z,-10.4148,119.0165,24,6.3,"160 km WSW of Waingapu, Indonesia"
2019-01-22T01:56:57.260Z,-10.3348,119.1155,10,5.1,"146 km WSW of Waingapu, Indonesia"
2019-01-22T00:56:54.060Z,-10.3487,118.9293,10,4.6,"165 km WSW of Waingapu, Indonesia"
2019-01-22T00:08:31.770Z,-10.3438,119.1059,10,5,"147 km WSW of Waingapu, Indonesia"
2019-01-21T23:59:23.860Z,-10.3278,119.1521,26,6,"142 km WSW of Waingapu, Indonesia"
2019-01-21T16:04:28.180Z,-11.2509,118.0622,10,4.1,"298 km SW of Waingapu, Indonesia"
2019-01-18T01:58:51.880Z,-9.8407,118.9622,10,4,"144 km W of Waingapu, Indonesia"
2019-01-17T02:40:38.900Z,-10.6792,113.417,10,4.2,"265 km S of Kencong, Indonesia"
2019-01-09T18:56:31.060Z,-9.3853,119.9551,72.93,5,"45 km NW of Waingapu, Indonesia"
2019-01-09T13:30:18.470Z,-11.5614,119.5559,10,4.3,"224 km SSW of Waingapu, Indonesia"
2019-01-03T21:39:25.000Z,-11.2638,113.2485,10,4.3,"south of Java, Indonesia"
2019-01-03T04:49:18.340Z,-11.4695,118.1823,32.59,4.6,"south of Sumbawa, Indonesia"
2019-01-02T20:01:55.550Z,-9.4372,118.1624,10,4.1,"104 km SSW of Dompu, Indonesia"
2019-01-02T14:26:01.950Z,-9.445,117.9736,10,4.9,"114 km SSW of Dompu, Indonesia"
2019-01-01T16:25:36.300Z,-9.5818,122.6874,62.72,5,"118 km SSE of Maumere, Indonesia"
2018-12-30T04:10:55.190Z,-9.5353,118.9551,59.93,4.8,"120 km SSW of Komodo, Indonesia"
2018-12-18T06:21:17.070Z,-9.0312,111.1398,68.25,4.3,"122 km SSW of Trenggalek, Indonesia"
2018-12-16T14:26:19.620Z,-23.3226,112.4979,10,5.8,"208 km NW of East Carnarvon, Australia"
2018-12-10T09:53:57.680Z,-9.0262,117.7632,110.96,4.8,"69 km SSE of Sumbawa Besar, Indonesia"
2018-12-09T10:33:22.930Z,-9.6486,112.8875,35,4.6,"159 km S of Dampit, Indonesia"
2018-12-08T21:55:29.870Z,-9.8157,111.3877,10,4.3,"195 km S of Trenggalek, Indonesia"
2018-12-04T02:14:59.300Z,-9.7335,111.7472,35,4.4,"179 km S of Boyolangu, Indonesia"
2018-12-04T01:28:26.630Z,-9.6012,111.8807,35,4.3,"164 km S of Boyolangu, Indonesia"
2018-12-03T19:18:00.710Z,-9.771,111.8638,10,4.7,"182 km S of Boyolangu, Indonesia"
2018-11-29T07:12:09.460Z,-9.1654,124.0352,98.82,4.5,"38 km W of Pante Makasar, Timor Leste"
2018-11-25T16:32:15.180Z,-9.0478,110.0981,43.56,4.3,"123 km S of Bambanglipuro, Indonesia"
2018-11-21T16:12:51.140Z,-11.0765,110.6775,10,4.2,"south of Java, Indonesia"
2018-11-21T15:58:50.300Z,-33.2585,136.923,10,4.2,"47 km N of Cowell, Australia"
2018-11-18T21:55:38.920Z,-9.8208,123.0689,65.77,4.6,"70 km WNW of Kupang, Indonesia"
2018-11-14T17:23:31.720Z,-9.0392,115.4621,68.09,5,"36 km SE of Nusa Dua, Indonesia"
2018-11-10T05:52:41.470Z,-9.1096,123.7755,117.81,4.4,"Timor region, Indonesia"
2018-11-08T21:07:01.300Z,-34.3508,116.8388,10,5.2,"64 km SSW of Kojonup, Australia"
2018-10-31T18:22:56.110Z,-9.1501,117.2784,80.8,4.3,"74 km SSW of Sumbawa Besar, Indonesia"
2018-10-28T18:37:22.790Z,-11.186,110.8615,10,4.7,"south of Java, Indonesia"
2018-10-28T15:16:18.140Z,-9.5866,112.8771,35,4.3,"152 km S of Dampit, Indonesia"
2018-10-28T02:33:21.280Z,-9.7618,112.9425,48.88,4.3,"170 km SSW of Kencong, Indonesia"
2018-10-27T09:06:30.260Z,-9.0242,115.9416,76.72,4.5,"36 km SSW of Lembar, Indonesia"
2018-10-23T23:16:31.030Z,-10.4691,116.8856,10,4.4,"206 km SSE of Praya, Indonesia"
2018-10-23T21:35:14.470Z,-10.4668,116.953,10,4.4,"208 km SSE of Praya, Indonesia"
2018-10-19T09:19:33.550Z,-10.2318,123.7451,10,5.1,"16 km ESE of Kupang, Indonesia"
2018-10-16T19:01:20.020Z,-11.5645,117.8664,35.84,4.1,"south of Sumbawa, Indonesia"
2018-10-16T16:26:33.710Z,-9.6817,118.7891,48.4,4.7,"131 km SSE of Dompu, Indonesia"
2018-10-12T16:31:30.360Z,-34.3495,116.8696,10,4.5,"63 km SSW of Kojonup, Australia"
2018-10-12T15:27:21.620Z,-11.5324,117.3186,10,4.1,"south of Sumbawa, Indonesia"
2018-10-12T07:58:19.010Z,-10.5178,120.1093,10,4.6,"96 km S of Waingapu, Indonesia"
2018-10-11T12:27:56.760Z,-10.7452,124.288,10,4.2,"97 km S of Soe, Indonesia"
2018-10-08T12:30:33.080Z,-9.0138,124.1432,104.89,4.3,"33 km NW of Pante Makasar, Timor Leste"
2018-10-04T04:08:58.440Z,-10.6129,120.3073,35,4.6,"105 km S of Waingapu, Indonesia"
2018-10-03T18:46:39.470Z,-10.674,120.3119,31.19,4.2,"112 km S of Waingapu, Indonesia"
2018-10-03T18:29:00.810Z,-10.6081,120.2558,34.02,4.3,"105 km S of Waingapu, Indonesia"
2018-10-03T15:53:29.450Z,-10.4076,120.107,35,4.5,"84 km SSW of Waingapu, Indonesia"
2018-10-03T14:46:41.290Z,-10.5736,120.2955,28.74,4.1,"101 km S of Waingapu, Indonesia"
2018-10-03T12:50:58.540Z,-10.2398,120.1912,27.7,4.5,"64 km S of Waingapu, Indonesia"
2018-10-03T12:38:05.440Z,-10.4304,120.133,16.63,5.2,"86 km S of Waingapu, Indonesia"
2018-10-03T12:20:15.540Z,-10.5921,120.4018,11.99,4.2,"104 km S of Waingapu, Indonesia"
2018-10-03T11:54:47.040Z,-10.4839,120.2994,10.82,4.7,"91 km S of Waingapu, Indonesia"
2018-10-03T11:54:01.580Z,-10.6054,120.306,34.06,4.6,"105 km S of Waingapu, Indonesia"
2018-10-03T10:06:48.070Z,-10.5039,120.1824,12.79,4.2,"94 km S of Waingapu, Indonesia"
2018-10-03T09:58:06.600Z,-10.5463,120.2353,14.96,5.1,"98 km S of Waingapu, Indonesia"
2018-10-03T09:37:57.330Z,-10.4943,120.1846,20.36,4,"93 km S of Waingapu, Indonesia"
2018-10-02T21:20:58.540Z,-10.5666,120.2824,33.98,4.2,"100 km S of Waingapu, Indonesia"
2018-10-02T20:42:51.600Z,-10.6265,120.2646,40,4.1,"107 km S of Waingapu, Indonesia"
2018-10-02T08:35:17.070Z,-10.5459,120.3699,35,4.3,"99 km S of Waingapu, Indonesia"
2018-10-02T07:54:36.810Z,-10.5452,120.2524,35,4.5,"98 km S of Waingapu, Indonesia"
2018-10-02T07:27:37.410Z,-10.4126,120.2738,38.97,4,"83 km S of Waingapu, Indonesia"
2018-10-02T07:01:09.490Z,-10.5017,120.3077,35,4.8,"93 km S of Waingapu, Indonesia"
2018-10-02T06:09:17.680Z,-10.4909,120.2976,10.91,4.5,"92 km S of Waingapu, Indonesia"
2018-10-02T04:49:31.220Z,-10.4716,120.1194,17.58,5.7,"91 km S of Waingapu, Indonesia"
2018-10-02T04:11:47.360Z,-10.5131,120.267,26.67,4.4,"94 km S of Waingapu, Indonesia"
2018-10-02T03:26:01.100Z,-10.5837,120.1908,23.45,4.4,"102 km S of Waingapu, Indonesia"
2018-10-02T02:21:54.240Z,-10.5606,120.2838,37.65,4.6,"100 km S of Waingapu, Indonesia"
2018-10-02T01:08:23.700Z,-10.9146,120.6155,35,4,"144 km SSE of Waingapu, Indonesia"
2018-10-02T00:37:45.990Z,-10.4476,120.1729,35,4,"88 km S of Waingapu, Indonesia"
2018-10-02T00:16:45.690Z,-10.4747,120.1428,26,5.9,"91 km S of Waingapu, Indonesia"
2018-10-01T23:59:42.740Z,-10.5585,120.2424,29,6,"99 km S of Waingapu, Indonesia"
2018-10-01T23:27:03.780Z,-10.4403,120.2001,10.18,4.9,"86 km S of Waingapu, Indonesia"
2018-10-01T23:12:02.340Z,-10.5005,120.1704,10,5,"93 km S of Waingapu, Indonesia"
2018-10-01T14:11:47.080Z,-9.1654,124.0673,94.18,4.6,"34 km W of Pante Makasar, Timor Leste"
2018-09-30T22:46:05.300Z,-9.2566,111.9124,60.61,4.2,"125 km S of Boyolangu, Indonesia"
2018-09-23T02:45:31.820Z,-11.4229,116.1718,10,4.2,"298 km S of Lembar, Indonesia"
2018-09-20T17:01:06.050Z,-10.8785,123.9835,10,4.4,"88 km SSE of Kupang, Indonesia"
2018-09-19T14:48:16.080Z,-10.6512,124.4356,10,4.5,"89 km S of Soe, Indonesia"
2018-09-18T01:52:26.450Z,-10.7435,123.3824,10,4.4,"67 km SSW of Kupang, Indonesia"
2018-09-17T15:29:07.640Z,-10.4959,123.9199,10,4.6,"49 km SE of Kupang, Indonesia"
2018-09-17T08:19:40.880Z,-9.329,123.6116,89.63,4.7,"34 km NNW of Naisano Dua, Indonesia"
2018-09-16T04:56:25.520Z,-34.3146,116.759,10,5.3,"57 km E of Manjimup, Australia"
2018-09-11T15:33:49.450Z,-10.6495,121.6211,10,4.3,"184 km SE of Waingapu, Indonesia"
2018-09-10T21:55:19.750Z,-12.8312,122.6771,10,4.5,south of Timor
2018-09-04T02:32:29.110Z,-9.8596,118.6034,35,4.1,"147 km S of Dompu, Indonesia"
2018-09-01T01:07:59.120Z,-10.7558,124.3621,10,4,"99 km S of Soe, Indonesia"
2018-08-31T22:12:57.660Z,-10.687,124.3931,10,4.4,"92 km S of Soe, Indonesia"
2018-08-31T21:53:35.140Z,-10.8152,124.2802,10,5.1,"102 km SE of Kupang, Indonesia"
2018-08-31T02:21:54.910Z,-9.0292,115.872,62.48,4.1,"40 km SSW of Lembar, Indonesia"
2018-08-28T18:36:32.910Z,-9.0219,110.1451,40,5.2,"119 km S of Bambanglipuro, Indonesia"
2018-08-28T13:22:38.360Z,-10.781,124.2671,10,4.6,"98 km SE of Kupang, Indonesia"
2018-08-28T11:55:45.260Z,-10.871,124.2173,10,5,"102 km SE of Kupang, Indonesia"
2018-08-28T11:03:56.640Z,-10.8386,124.2837,10,4.4,"104 km SE of Kupang, Indonesia"
2018-08-28T09:44:32.260Z,-10.8193,124.5399,10,4.1,"109 km SSE of Soe, Indonesia"
2018-08-28T08:43:14.380Z,-10.7748,124.3034,10,4.4,"101 km S of Soe, Indonesia"
2018-08-28T08:40:55.530Z,-10.674,124.3738,10,4.5,"90 km S of Soe, Indonesia"
2018-08-28T07:13:32.150Z,-10.631,124.1363,8.18,5.7,"77 km SE of Kupang, Indonesia"
2018-08-28T07:08:11.360Z,-10.773,124.1871,14,6.2,"92 km SE of Kupang, Indonesia"
2018-08-27T12:28:37.910Z,-9.1824,118.5841,108.24,4,"72 km S of Dompu, Indonesia"
2018-08-26T23:46:37.440Z,-10.0649,123.3951,35,4.7,"26 km WNW of Kupang, Indonesia"
2018-08-25T16:37:28.470Z,-11.1846,111.7478,10,4.2,"south of Java, Indonesia"
2018-08-22T22:48:42.610Z,-9.0829,114.8224,70.95,5.1,"49 km SW of Jimbaran, Indonesia"
2018-08-21T04:08:05.050Z,-9.109,116.5957,10,4.4,"57 km SE of Praya, Indonesia"
2018-08-15T16:45:34.970Z,-31.2533,111.498,10,4.3,west of Australia
2018-08-11T19:44:42.450Z,-41.4447,119.9841,10,4.4,south of Australia
2018-08-08T14:19:15.940Z,-32.3586,122.4347,10.35,4.1,"146 km SSE of Kambalda East, Australia"
2018-08-06T12:06:25.230Z,-11.3772,118.2102,10,4.9,"294 km SW of Waingapu, Indonesia"
2018-08-05T10:50:20.360Z,-9.4676,121.2732,116.23,4.9,"81 km SSW of Ende, Indonesia"
2018-08-01T11:25:35.430Z,-9.2587,118.2092,120.13,4.2,"84 km SSW of Dompu, Indonesia"
2018-08-01T09:21:01.290Z,-10.561,123.9106,10,4.1,"54 km SE of Kupang, Indonesia"
2018-07-30T16:38:26.450Z,-9.1199,125.8392,35,4,"24 km ESE of Same, Timor Leste"
2018-07-30T07:46:43.430Z,-9.7117,150.8258,10,5.5,"78 km NNE of Alotau, Papua New Guinea"
2018-07-28T21:46:53.350Z,-9.4497,112.9341,51.63,4.4,"137 km SSW of Kencong, Indonesia"
2018-07-28T00:15:49.920Z,-9.8227,112.8805,35,4.5,"178 km SSW of Kencong, Indonesia"
2018-07-28T00:14:03.850Z,-9.1026,112.8674,56.64,4.8,"99 km S of Dampit, Indonesia"
2018-07-28T00:12:20.880Z,-9.5711,112.8499,50.16,4.9,"150 km S of Dampit, Indonesia"
2018-07-24T14:50:40.810Z,-10.3889,116.4874,30.12,4.9,"187 km S of Praya, Indonesia"
2018-07-23T14:01:42.960Z,-9.4169,113.0398,36.45,4.3,"130 km SSW of Kencong, Indonesia"
2018-07-23T13:57:29.800Z,-9.6104,112.8893,35,4.8,"155 km S of Dampit, Indonesia"
2018-07-22T09:35:26.670Z,-10.8705,113.3061,10,4.2,"286 km S of Kencong, Indonesia"
2018-07-21T04:35:07.580Z,-9.6284,112.8297,35,4.2,"156 km S of Dampit, Indonesia"
2018-07-20T14:46:33.430Z,-10.3211,124.1167,25.64,4.4,"54 km SSW of Soe, Indonesia"
2018-07-20T00:33:19.660Z,-9.714,112.8791,35,4.3,"166 km S of Dampit, Indonesia"
2018-07-19T20:25:56.390Z,-9.7356,112.8056,35,4.3,"168 km S of Dampit, Indonesia"
2018-07-19T19:49:52.490Z,-9.8385,112.909,35,4.6,"179 km SSW of Kencong, Indonesia"
2018-07-19T17:43:54.400Z,-9.4947,112.8012,39.89,4.6,"142 km S of Dampit, Indonesia"
2018-07-19T12:49:37.890Z,-9.7815,112.9225,35,4.8,"172 km SSW of Kencong, Indonesia"
2018-07-19T12:23:35.660Z,-9.5608,112.8231,31.53,5.4,"149 km S of Dampit, Indonesia"
2018-07-19T12:17:09.140Z,-9.4199,112.9044,35,4.4,"134 km S of Dampit, Indonesia"
2018-07-19T12:03:44.880Z,-9.5392,112.8798,35,4.4,"south of Java, Indonesia"
2018-07-19T06:37:59.350Z,-9.0299,111.1364,61.46,4.1,"122 km SSW of Trenggalek, Indonesia"
2018-07-15T23:48:52.010Z,-9.0101,115.4768,79.79,4.7,"35 km SE of Nusa Dua, Indonesia"
2018-07-04T06:04:34.550Z,-9.9183,118.9296,54.53,4.9,"149 km W of Waingapu, Indonesia"
2018-07-04T05:14:47.480Z,-9.8852,118.9639,47.78,5.2,"144 km W of Waingapu, Indonesia"
2018-07-03T01:19:00.570Z,-9.743,115.1596,55.29,4.4,"104 km S of Nusa Dua, Indonesia"
2018-06-30T20:26:10.900Z,-9.4241,155.4335,10,4.3,"212 km SW of Gizo, Solomon Islands"
2018-06-22T23:05:44.210Z,-11.6929,117.1144,8.87,4.5,"south of Sumbawa, Indonesia"
2018-06-20T02:54:32.190Z,-32.413,122.4811,8.11,4.5,"154 km SSE of Kambalda East, Australia"
2018-06-19T08:39:40.120Z,-9.2157,112.9014,25.17,4.4,"112 km S of Dampit, Indonesia"
2018-06-18T06:26:49.110Z,-26.0891,121.5452,10,4.5,"143 km ENE of Wiluna, Australia"
2018-06-09T08:28:01.000Z,-9.7963,154.8877,10,5.2,"285 km SW of Gizo, Solomon Islands"
2018-06-09T01:26:47.240Z,-9.1304,155.4295,10,4.2,"192 km SW of Gizo, Solomon Islands"
2018-06-03T06:58:29.660Z,-42.5481,124.6437,10,4.4,south of Australia
2018-06-01T20:32:54.000Z,-9.1778,153.5483,10,4.8,D'Entrecasteaux Islands region
2018-05-28T19:25:22.440Z,-9.1493,118.4063,10,5.1,"68 km S of Dompu, Indonesia"
2018-05-28T13:57:09.910Z,-9.2006,120.1991,39.74,4,"50 km N of Waingapu, Indonesia"
2018-05-22T20:12:38.300Z,-9.4323,110.5405,57.01,4.5,"165 km S of Pundong, Indonesia"
2018-05-22T19:38:25.550Z,-9.1607,110.6118,43.89,4.5,"136 km SSE of Pundong, Indonesia"
2018-05-19T14:03:06.250Z,-11.4457,117.3821,43.21,4.5,"south of Sumbawa, Indonesia"
2018-05-19T07:54:47.680Z,-9.3425,119.2445,31.24,4.2,"87 km SSW of Komodo, Indonesia"
2018-05-16T22:48:48.590Z,-10.7228,115.0479,10,4.7,"213 km S of Nusa Dua, Indonesia"
2018-05-16T15:30:17.460Z,-10.8786,110.404,10,4.7,"south of Java, Indonesia"
2018-05-13T18:36:46.850Z,-10.7052,112.1271,35,4.3,"284 km SSW of Dampit, Indonesia"
2018-05-12T00:50:55.680Z,-28.7372,139.3171,10,4.4,South Australia
2018-05-11T07:54:25.410Z,-9.4004,112.424,48.25,4.4,"136 km SSW of Dampit, Indonesia"
2018-05-07T00:32:22.090Z,-11.3362,118.6595,10,4.2,"255 km SW of Waingapu, Indonesia"
2018-04-26T03:04:02.100Z,-9.5555,112.5779,35,4.4,"149 km S of Dampit, Indonesia"
2018-04-20T23:16:36.370Z,-9.3602,155.9793,10,4.7,"168 km SW of Gizo, Solomon Islands"
2018-04-18T08:15:31.970Z,-9.6771,124.6261,51.67,4.4,"30 km SSE of Kefamenanu, Indonesia"
2018-04-13T20:43:38.650Z,-11.4601,117.4895,10,4.1,"south of Sumbawa, Indonesia"
2018-04-12T03:17:24.740Z,-10.1937,119.33,35,4.1,"118 km WSW of Waingapu, Indonesia"
2018-04-12T01:50:49.560Z,-10.2914,119.1373,35,4.7,"142 km WSW of Waingapu, Indonesia"
2018-04-11T21:10:57.640Z,-10.1615,119.1803,35,4.5,"131 km WSW of Waingapu, Indonesia"
2018-04-11T21:10:08.300Z,-10.2395,119.1353,35,4.1,"139 km WSW of Waingapu, Indonesia"
2018-04-11T20:57:48.080Z,-10.3445,119.052,35,4.5,"153 km WSW of Waingapu, Indonesia"
2018-04-10T07:04:00.140Z,-11.6987,114.4511,10,4.4,"south of Bali, Indonesia"
2018-04-07T09:56:42.780Z,-10.709,117.287,10,4.8,"245 km S of Sumbawa Besar, Indonesia"
2018-04-06T20:19:23.330Z,-9.5095,119.9347,79.06,5.1,"39 km WNW of Waingapu, Indonesia"
2018-04-03T09:24:57.110Z,-9.3169,152.7351,10,4.6,"268 km ENE of Samarai, Papua New Guinea"
2018-04-01T13:33:45.040Z,-9.5284,125.0985,43.62,4,"29 km SW of Suai, Timor Leste"
2018-04-01T10:50:33.280Z,-9.0727,111.3027,55.41,4.1,"118 km SSW of Trenggalek, Indonesia"
2018-03-23T19:39:05.090Z,-10.5263,123.6686,14.2,4.4,"39 km S of Kupang, Indonesia"
2018-03-17T17:53:08.200Z,-9.8706,127.0399,10,4.3,"134 km SSE of Viqueque, Timor Leste"
2018-03-17T17:52:06.210Z,-9.8418,126.9259,10,4.2,"125 km SSE of Viqueque, Timor Leste"
2018-03-17T14:14:09.060Z,-9.9883,126.8598,10,4.2,"136 km SSE of Viqueque, Timor Leste"
2018-03-17T09:23:48.440Z,-9.7555,126.9091,10,4.8,"115 km SSE of Viqueque, Timor Leste"
2018-03-17T09:15:07.210Z,-9.9252,126.8103,10,4.4,"127 km SSE of Viqueque, Timor Leste"
2018-03-12T06:00:25.840Z,-9.5447,118.4652,43.77,4,"111 km S of Dompu, Indonesia"
2018-03-07T20:57:07.090Z,-9.6498,118.3909,66.42,4.2,"123 km S of Dompu, Indonesia"
2018-03-01T17:45:03.180Z,-11.6461,116.2899,10,4.4,"South of Lombok, Indonesia"
2018-02-26T11:16:26.880Z,-9.3179,146.4807,45.32,4.6,"75 km WNW of Port Moresby, Papua New Guinea"
2018-02-21T01:44:42.420Z,-10.4676,115.5512,35,4.7,"187 km S of Nusa Dua, Indonesia"
2018-02-21T00:33:10.070Z,-10.4816,120.3631,42.95,4.5,"91 km S of Waingapu, Indonesia"
2018-02-17T00:28:26.520Z,-9.4743,117.6073,66.82,4.7,"110 km S of Sumbawa Besar, Indonesia"
2018-02-13T00:50:54.960Z,-9.2859,126.4461,35,4.6,"48 km S of Viqueque, Timor Leste"
2018-02-07T22:28:41.090Z,-10.1368,118.7441,34.92,4.5,"174 km WSW of Waingapu, Indonesia"
2018-02-04T19:55:04.930Z,-9.1356,122.4646,138.46,5.1,"63 km SSE of Maumere, Indonesia"
2018-01-16T22:16:01.110Z,-9.7463,122.9814,81.46,4.2,"83 km NW of Kupang, Indonesia"
2018-01-12T21:49:04.550Z,-10.0341,122.8739,87.64,4.9,"81 km W of Kupang, Indonesia"
2018-01-11T02:03:45.200Z,-9.6198,121.5443,79.77,4.6,"86 km S of Ende, Indonesia"
2018-01-10T21:31:56.280Z,-18.867,123.3303,10,4,"116 km SE of Roebuck, Australia"
2018-01-01T16:32:39.270Z,-9.3547,120.9223,123.94,4.2,"79 km ENE of Waingapu, Indonesia"
2017-12-31T02:09:28.020Z,-9.4447,123.4407,105.99,4.3,"39 km WNW of Naisano Dua, Indonesia"
2017-12-31T01:45:18.320Z,-9.373,123.466,103.33,4.6,"41 km NW of Naisano Dua, Indonesia"
2017-12-28T13:08:01.200Z,-9.7495,112.9113,47.54,4.6,"169 km SSW of Kencong, Indonesia"
2017-12-23T21:22:38.220Z,-9.1504,112.4266,51.76,4.2,"109 km SSW of Dampit, Indonesia"
2017-12-21T18:08:25.780Z,-10.7883,113.6408,10,4.4,"270 km SSW of Gambiran Satu, Indonesia"
2017-12-19T15:44:33.590Z,-9.848,120.1015,62.17,4,"27 km SW of Waingapu, Indonesia"
2017-12-18T23:25:34.100Z,-9.1053,123.8899,97.15,4.7,"55 km W of Pante Makasar, Timor Leste"
2017-12-17T10:54:01.460Z,-11.3604,118.6853,24.67,4.3,"255 km SW of Waingapu, Indonesia"
2017-12-11T09:58:21.970Z,-9.7799,119.484,71.08,4.2,"86 km W of Waingapu, Indonesia"
2017-12-09T04:57:23.620Z,-9.1162,121.9425,89.59,4.1,"43 km SE of Ende, Indonesia"
2017-12-04T11:52:25.290Z,-9.6932,123.0962,60.98,5,"74 km W of Naisano Dua, Indonesia"
2017-12-02T16:56:28.160Z,-10.0664,152.4076,10,4.7,"200 km ENE of Samarai, Papua New Guinea"
2017-11-30T18:43:57.630Z,-9.4154,112.9803,59.76,4.5,"132 km SSW of Kencong, Indonesia"
2017-11-30T10:13:04.120Z,-9.2253,123.5683,133.16,4.4,"46 km NNW of Naisano Dua, Indonesia"
2017-11-30T08:21:53.130Z,-9.5652,118.4423,100.3,4.3,"113 km S of Dompu, Indonesia"
2017-11-27T08:47:07.570Z,-10.1377,152.3605,10,4.3,"193 km ENE of Samarai, Papua New Guinea"
2017-11-23T14:02:22.930Z,-10.6303,120.346,35,4.1,"108 km S of Waingapu, Indonesia"
2017-11-22T16:53:10.120Z,-10.4745,120.1982,35,4.5,"90 km S of Waingapu, Indonesia"
2017-11-21T17:40:47.450Z,-9.9031,112.938,35,4.7,"185 km SSW of Kencong, Indonesia"
2017-11-10T03:10:51.190Z,-9.7342,119.4604,35,4.1,"88 km W of Waingapu, Indonesia"
2017-11-09T10:49:21.690Z,-9.3978,125.2633,10,4.5,"9 km S of Suai, Timor Leste"
2017-11-06T18:20:24.020Z,-9.1298,117.0188,108.96,4.1,"79 km SSE of Labuan Lombok, Indonesia"
2017-10-28T12:29:48.910Z,-10.0305,119.0096,57.09,4.4,"143 km WSW of Waingapu, Indonesia"
2017-10-26T00:54:45.550Z,-10.0047,123.7795,10,4.4,"26 km NE of Kupang, Indonesia"
2017-10-25T22:04:06.370Z,-9.7012,113.0276,42.27,4.4,"161 km SSW of Kencong, Indonesia"
2017-10-25T17:48:12.090Z,-9.65,112.903,35,4.2,"159 km SSW of Kencong, Indonesia"
2017-10-25T17:19:59.940Z,-9.4826,113.0083,54.13,4.9,"138 km SSW of Kencong, Indonesia"
2017-10-25T17:16:27.670Z,-9.7304,112.8701,35,4,"168 km S of Dampit, Indonesia"
2017-10-25T16:35:36.480Z,-9.6404,112.9337,35,5,"157 km SSW of Kencong, Indonesia"
2017-10-23T18:35:57.920Z,-9.1847,113.19,47.2,4.2,"101 km S of Kencong, Indonesia"
2017-10-18T00:22:15.400Z,-9.7601,114.2041,48.19,4.4,"147 km S of Muncar, Indonesia"
2017-10-14T14:09:49.540Z,-10.8545,112.3622,10,4.5,"295 km S of Dampit, Indonesia"
2017-10-14T14:03:30.060Z,-10.796,112.3139,10,4.6,"289 km S of Dampit, Indonesia"
2017-10-14T06:06:57.440Z,-10.8307,112.2848,10,4.3,"294 km S of Dampit, Indonesia"
2017-10-14T05:35:36.660Z,-10.8642,112.2993,10,4.7,"297 km S of Dampit, Indonesia"
2017-10-13T17:46:07.470Z,-11.5819,117.1579,10,4.2,"south of Sumbawa, Indonesia"
2017-10-12T16:56:17.180Z,-9.7569,114.234,48.1,4.6,"146 km S of Muncar, Indonesia"
2017-10-09T13:09:40.880Z,-9.9928,152.1918,10,4.9,"180 km ENE of Samarai, Papua New Guinea"
2017-10-09T05:09:42.350Z,-10.4194,123.8525,31.1,4.5,"38 km SE of Kupang, Indonesia"
2017-10-09T01:39:22.420Z,-9.9997,152.2982,10,4.7,"191 km ENE of Samarai, Papua New Guinea"
2017-10-06T23:05:02.190Z,-9.9796,152.3526,10,4.4,"197 km ENE of Samarai, Papua New Guinea"
2017-10-06T09:02:19.020Z,-9.9681,152.2136,10,4.1,"184 km ENE of Samarai, Papua New Guinea"
2017-10-06T04:03:16.410Z,-10.2164,152.1781,10,4.8,"171 km ENE of Samarai, Papua New Guinea"
2017-10-06T01:32:57.550Z,-9.963,152.2108,10,4.5,"184 km ENE of Samarai, Papua New Guinea"
2017-10-03T17:17:49.640Z,-9.8042,119.8909,69.81,4.1,"44 km WSW of Waingapu, Indonesia"
2017-09-28T08:12:59.680Z,-10.7449,117.2263,10,4.7,"248 km SSE of Praya, Indonesia"
2017-09-25T22:59:44.190Z,-10.6682,115.85,39.69,4.3,"216 km S of Lembar, Indonesia"
2017-09-23T23:54:06.300Z,-9.5364,114.2983,62.22,4.1,"122 km S of Muncar, Indonesia"
2017-09-20T16:25:11.310Z,-10.1961,118.8822,10.84,5.3,"162 km WSW of Waingapu, Indonesia"
2017-09-17T00:41:32.330Z,-10.4335,123.9711,23.54,4.3,"49 km SE of Kupang, Indonesia"
2017-09-16T09:57:47.920Z,-10.8831,122.1193,38.93,4,"180 km WSW of Kupang, Indonesia"
2017-09-14T21:26:06.710Z,-12.9278,122.1651,10,4.4,south of Timor
2017-09-11T03:47:05.940Z,-10.4186,152.5803,10,4.1,"211 km E of Samarai, Papua New Guinea"
2017-09-01T03:47:34.730Z,-11.5035,112.7922,10,4.8,"south of Java, Indonesia"
2017-09-01T01:43:47.930Z,-9.7725,123.2554,58.25,4.1,"58 km NW of Kupang, Indonesia"
2017-08-31T17:45:29.040Z,-25.7102,129.9133,10,4.3,"120 km WSW of Yulara, Australia"
2017-08-27T00:02:22.440Z,-10.326,111.1036,10,5.2,"257 km SSW of Trenggalek, Indonesia"
2017-08-21T22:53:22.030Z,-9.3234,113.4273,52.87,4.6,"115 km S of Kencong, Indonesia"
2017-08-19T21:22:17.430Z,-9.7388,111.8844,10,4.3,"179 km S of Boyolangu, Indonesia"
2017-08-12T10:17:21.940Z,-9.3793,116.8291,59.36,4.1,"96 km SE of Praya, Indonesia"
2017-08-09T16:50:31.400Z,-10.0844,113.1818,34.2,4.2,"200 km S of Kencong, Indonesia"
2017-08-06T04:21:50.710Z,-19.1146,128.0923,4.57,4.9,"108 km SSE of Halls Creek, Australia"
2017-08-04T17:43:55.470Z,-9.8902,154.2773,10,5,D'Entrecasteaux Islands region
2017-08-01T13:34:51.670Z,-9.4684,113.8023,67.03,4.2,"124 km SSW of Gambiran Satu, Indonesia"
2017-07-30T13:22:49.480Z,-10.0948,114.9189,52.05,4,"146 km S of Jimbaran, Indonesia"
2017-07-29T12:52:34.200Z,-9.4984,125.8281,68.34,4.5,"58 km SSE of Same, Timor Leste"
2017-07-29T02:29:23.320Z,-9.4413,111.9455,50.65,4.2,"146 km S of Boyolangu, Indonesia"
2017-07-28T09:06:23.030Z,-9.2867,113.0643,21.5,4.1,"115 km SSW of Kencong, Indonesia"
2017-07-17T09:05:53.800Z,-9.7897,111.8698,40.39,4.7,"184 km S of Boyolangu, Indonesia"
2017-07-17T00:59:03.730Z,-11.5408,118.24,35,4.1,"south of Sumbawa, Indonesia"
2017-07-15T21:27:26.350Z,-26.1405,131.9527,5.75,4.2,"138 km SE of Yulara, Australia"
2017-07-15T15:31:11.090Z,-9.0969,126.7855,84.4,4.4,"53 km ESE of Viqueque, Timor Leste"
2017-07-11T15:34:44.670Z,-9.0048,113.148,48.56,4.3,"83 km SSW of Kencong, Indonesia"
2017-07-11T12:11:12.690Z,-10.1232,118.1884,51.86,4.4,"178 km S of Dompu, Indonesia"
2017-07-06T01:48:02.390Z,-11.5515,118.2712,48.16,4.1,"south of Sumbawa, Indonesia"
2017-07-03T16:44:00.100Z,-9.4306,118.3006,100.81,4,"100 km S of Dompu, Indonesia"
2017-06-26T13:12:53.730Z,-9.5706,124.6893,22.71,5,"26 km ESE of Kefamenanu, Indonesia"
2017-06-22T19:20:02.460Z,-10.2589,112.7665,10,4.2,"226 km S of Dampit, Indonesia"
2017-06-10T18:50:47.730Z,-9.525,117.5285,72.2,4.1,"114 km S of Sumbawa Besar, Indonesia"
2017-06-09T17:16:14.240Z,-22.2934,121.1969,10,4.5,"120 km ESE of Nullagine, Australia"
2017-06-08T11:57:17.120Z,-11.4413,118.4324,38.28,4.4,"281 km SW of Waingapu, Indonesia"
2017-05-29T15:33:01.100Z,-9.2441,112.1255,37.7,4.2,"126 km SSW of Sumberpucung, Indonesia"
2017-05-28T16:50:23.860Z,-19.8692,133.9267,6.49,4.3,"Northern Territory, Australia"
2017-05-28T03:18:51.560Z,-9.6702,119.5772,60.76,4.2,"75 km W of Waingapu, Indonesia"
2017-05-26T04:15:00.000Z,-10.219,118.859,43.56,4.6,"166 km WSW of Waingapu, Indonesia"
2017-05-19T19:17:27.950Z,-11.5641,118.2093,34.83,4.1,"south of Sumbawa, Indonesia"
2017-05-05T01:49:33.010Z,-10.3323,118.8513,10,4.6,"171 km WSW of Waingapu, Indonesia"
2017-05-02T20:02:50.260Z,-9.5045,111.8514,40.43,4.6,"153 km S of Boyolangu, Indonesia"
2017-05-02T14:18:54.310Z,-9.5684,111.7938,35,4.2,"160 km S of Boyolangu, Indonesia"
2017-05-02T02:56:43.090Z,-9.9511,111.3807,46.82,4.2,"210 km S of Trenggalek, Indonesia"
2017-05-01T10:43:20.840Z,-9.539,111.836,40.31,4.8,"157 km S of Boyolangu, Indonesia"
2017-04-30T14:47:02.780Z,-9.7733,111.7055,10,4.4,"184 km S of Boyolangu, Indonesia"
2017-04-30T14:33:48.280Z,-9.8291,114.907,35,4.4,"118 km SSW of Jimbaran, Indonesia"
2017-04-30T07:44:40.130Z,-9.379,111.4547,35,4.3,"146 km S of Trenggalek, Indonesia"
2017-04-29T17:37:33.280Z,-9.7686,111.6993,10,4.2,"183 km S of Boyolangu, Indonesia"
2017-04-29T15:45:54.470Z,-9.6024,111.7727,10,4.9,"164 km S of Boyolangu, Indonesia"
2017-04-29T14:30:04.080Z,-9.6529,111.7854,14.29,4.9,"170 km S of Boyolangu, Indonesia"
2017-04-29T10:02:12.550Z,-9.6687,111.8495,10,5.5,"171 km S of Boyolangu, Indonesia"
2017-04-24T11:52:59.190Z,-9.4274,123.8772,78.17,4.3,"22 km NNE of Naisano Dua, Indonesia"
2017-04-24T07:37:25.290Z,-32.2936,138.3526,23.93,4,"29 km ENE of Quorn, Australia"
2017-04-21T20:49:04.320Z,-9.5625,113.0053,56.99,4.4,"146 km SSW of Kencong, Indonesia"
2017-04-21T03:38:51.320Z,-9.4376,111.8268,46.3,4.3,"146 km S of Boyolangu, Indonesia"
2017-04-18T17:45:04.250Z,-9.5726,111.7592,40.36,4,"161 km S of Boyolangu, Indonesia"
2017-04-13T17:01:21.500Z,-25.6073,129.9183,10.8,4.5,"115 km WSW of Yulara, Australia"
2017-04-13T16:31:06.360Z,-33.5328,148.9562,14.53,4.2,"23 km WSW of Millthorpe, Australia"
2017-04-10T12:05:47.810Z,-9.6374,111.7197,42.54,4.3,"169 km S of Boyolangu, Indonesia"
2017-04-09T23:22:45.670Z,-9.5742,111.7819,40.91,4.9,"161 km S of Boyolangu, Indonesia"
2017-04-08T11:08:03.910Z,-9.3571,114.4122,83.9,4.3,"102 km S of Muncar, Indonesia"
2017-04-07T18:25:31.010Z,-9.1344,115.5351,95.69,4.3,"49 km SE of Nusa Dua, Indonesia"
2017-04-04T03:55:54.340Z,-25.9262,128.8547,13.86,4.4,"227 km WSW of Yulara, Australia"
2017-04-01T02:05:33.040Z,-9.1572,123.9163,125.81,4.4,"51 km NNE of Naisano Dua, Indonesia"
2017-03-26T20:00:04.110Z,-31.5062,122.8771,14.98,4.1,"119 km ESE of Kambalda East, Australia"
2017-03-22T04:45:05.700Z,-9.5793,123.7992,73.98,4.3,"3 km ENE of Naisano Dua, Indonesia"
2017-03-20T14:45:47.030Z,-10.653,123.5142,35,4.2,"54 km S of Kupang, Indonesia"
2017-03-18T01:15:35.260Z,-10.7723,115.1546,10,4.5,"218 km S of Nusa Dua, Indonesia"
2017-03-16T18:39:26.270Z,-11.539,114.5737,10,5.5,"south of Bali, Indonesia"
2017-02-28T13:14:56.010Z,-9.1684,118.7517,89.71,4.3,"76 km SSE of Dompu, Indonesia"
2017-02-28T01:01:42.940Z,-9.1545,113.3399,57.47,4.2,"96 km S of Kencong, Indonesia"
2017-02-19T16:20:33.070Z,-10.6527,115.8822,41.07,4.7,"214 km S of Lembar, Indonesia"
2017-02-19T11:35:38.650Z,-9.1225,116.603,38.16,4.1,"58 km SE of Praya, Indonesia"
2017-02-12T06:42:43.480Z,-9.2988,112.1499,35,4.9,"131 km SSW of Sumberpucung, Indonesia"
2017-02-12T04:25:11.430Z,-9.3531,115.7353,60.51,4.6,"78 km SSW of Lembar, Indonesia"
2017-02-10T10:17:53.440Z,-9.697,111.9895,35,4.3,"174 km S of Boyolangu, Indonesia"
2017-02-09T17:47:51.960Z,-11.7622,117.6019,10,4.3,"south of Sumbawa, Indonesia"
2017-02-03T20:26:18.720Z,-11.1391,116.2387,32.76,4.3,"267 km S of Lembar, Indonesia"
2017-01-29T11:57:29.240Z,-9.4266,112.9103,62.99,4.8,"135 km S of Dampit, Indonesia"
2017-01-28T09:28:32.910Z,-9.7638,112.9653,37.62,4.7,"169 km SSW of Kencong, Indonesia"
2017-01-26T13:52:13.570Z,-10.9155,121.6397,47,4.3,"205 km SE of Waingapu, Indonesia"
2017-01-07T09:11:59.550Z,-9.3195,120.2104,76.4,5.2,"37 km N of Waingapu, Indonesia"
2017-01-05T18:49:00.640Z,-10.3564,119.3023,35,4.3,"130 km SW of Waingapu, Indonesia"
2017-01-04T02:39:40.690Z,-11.5752,113.4321,10,4.8,"south of Java, Indonesia"
2017-01-03T15:30:19.000Z,-30.609,118.455,10,4.5,"98 km N of Merredin, Australia"
2017-01-02T10:22:20.640Z,-9.4856,155.2866,10,4.9,"229 km SW of Gizo, Solomon Islands"
2016-12-30T08:24:53.620Z,-9.1767,123.5689,116.02,4.6,"51 km NNW of Naisano Dua, Indonesia"
2016-12-30T06:41:20.480Z,-9.1597,118.7325,105.58,4.4,"75 km SSE of Dompu, Indonesia"
2016-12-29T22:30:19.300Z,-9.0279,118.6639,79,6.3,"58 km SSE of Dompu, Indonesia"
2016-12-23T17:11:15.920Z,-9.9823,123.1908,71.16,4.2,"50 km WNW of Kupang, Indonesia"
2016-12-20T03:19:58.770Z,-9.5048,155.9357,23.69,4.5,"184 km SSW of Gizo, Solomon Islands"
2016-12-15T15:34:55.800Z,-9.1459,123.8471,76.75,4.4,"50 km N of Naisano Dua, Indonesia"
2016-12-13T13:35:51.500Z,-11.6665,111.9291,26.46,4.2,"south of Java, Indonesia"
2016-12-06T10:11:58.510Z,-9.0108,110.9081,87.01,4.2,"126 km S of Jatiroto, Indonesia"
2016-12-02T09:11:41.260Z,-9.6358,117.4646,81.64,4.9,"126 km S of Sumbawa Besar, Indonesia"
2016-11-29T15:05:21.020Z,-9.6736,118.8869,42.91,4,"134 km SSE of Dompu, Indonesia"
2016-11-23T22:49:58.500Z,-9.0484,124.2287,86.46,4.3,"23 km NW of Pante Makasar, Timor Leste"
2016-11-22T19:51:30.420Z,-10.8442,123.3875,37.96,4.5,"78 km SSW of Kupang, Indonesia"
2016-11-22T18:56:17.740Z,-10.6533,123.3685,38.5,4.4,"59 km SSW of Kupang, Indonesia"
2016-11-20T22:06:46.550Z,-9.086,148.1091,25.63,4.8,"37 km SSW of Popondetta, Papua New Guinea"
2016-11-20T00:18:53.450Z,-9.8443,114.1404,43.96,4,"157 km S of Muncar, Indonesia"
2016-11-19T18:53:23.980Z,-9.3213,113.2126,57.12,4.2,"116 km S of Kencong, Indonesia"
2016-11-19T18:11:11.290Z,-9.5946,117.8011,63.83,4.4,"128 km SSE of Sumbawa Besar, Indonesia"
2016-11-16T18:09:33.570Z,-9.2572,110.3729,48.44,4.2,"144 km S of Pundong, Indonesia"
2016-11-16T15:10:11.020Z,-9.0027,113.2445,85,5.7,"80 km S of Kencong, Indonesia"
2016-11-10T10:24:51.000Z,-19.853,133.866,5,4.2,"40 km WSW of Tennant Creek, Australia"
2016-11-06T09:54:31.000Z,-19.106,127.987,10,4.8,"103 km SSE of Halls Creek, Australia"
2016-11-05T22:48:09.810Z,-9.1886,119.0945,89.7,4,"79 km SSW of Komodo, Indonesia"
2016-11-03T16:25:13.000Z,-29.627,137.098,10,4.1,"105 km N of Roxby Downs, Australia"
2016-11-01T20:53:40.200Z,-9.5747,116.2433,89.25,4.1,"95 km S of Lembar, Indonesia"
2016-10-31T12:10:00.470Z,-9.6057,114.0345,46.42,4.1,"133 km SSW of Muncar, Indonesia"
2016-10-23T23:29:29.030Z,-9.7899,121.9484,30.93,4.1,"109 km SSE of Ende, Indonesia"
2016-10-19T10:06:00.010Z,-9.428,112.9574,58.81,4,"134 km SSW of Kencong, Indonesia"
2016-10-11T12:17:32.660Z,-9.5017,111.9236,64.12,4.1,"153 km S of Boyolangu, Indonesia"
2016-10-08T09:10:33.280Z,-9.9019,111.6387,36.83,4.6,"199 km S of Boyolangu, Indonesia"
2016-10-05T14:22:24.350Z,-9.0755,123.6514,108.04,4.4,"59 km NNW of Naisano Dua, Indonesia"
2016-10-03T02:54:10.190Z,-9.5129,111.7207,35,4.6,"155 km S of Boyolangu, Indonesia"
2016-10-02T02:51:46.010Z,-9.581,111.774,59.57,4.1,"162 km S of Boyolangu, Indonesia"
2016-09-30T21:33:17.800Z,-9.6999,111.9118,57.52,4.4,"174 km S of Boyolangu, Indonesia"
2016-09-30T21:00:44.980Z,-9.7648,111.6921,29.95,4.7,"183 km S of Boyolangu, Indonesia"
2016-09-30T20:56:45.250Z,-9.4948,111.8085,35,4.7,"152 km S of Boyolangu, Indonesia"
2016-09-30T19:33:42.560Z,-10.3794,149.4146,19.29,4,"114 km W of Alotau, Papua New Guinea"
2016-09-30T14:49:44.500Z,-9.8302,111.68,22.77,4.4,"190 km S of Boyolangu, Indonesia"
2016-09-28T02:55:09.230Z,-9.7585,111.7105,33.97,4.3,"182 km S of Boyolangu, Indonesia"
2016-09-23T15:37:25.270Z,-10.1058,123.6036,35,4.9,"7 km N of Kupang, Indonesia"
2016-09-23T06:30:11.570Z,-9.5252,124.9967,10,4.9,"36 km SW of Suai, Timor Leste"
2016-09-21T13:55:17.140Z,-9.1687,124.0865,103.78,4.8,"32 km W of Pante Makasar, Timor Leste"
2016-09-19T04:03:08.990Z,-9.4493,119.4394,60.78,4.3,"93 km WNW of Waingapu, Indonesia"
2016-09-19T00:02:29.400Z,-9.8802,111.636,10,4.5,"196 km S of Boyolangu, Indonesia"
2016-09-18T21:54:38.250Z,-9.4395,111.8113,53.2,4.4,"146 km S of Boyolangu, Indonesia"
2016-09-18T21:50:32.450Z,-9.5047,111.8051,45.78,4.6,"153 km S of Boyolangu, Indonesia"
2016-09-14T19:23:56.330Z,-9.2961,119.4617,103.45,4.6,"78 km S of Komodo, Indonesia"
2016-09-12T10:38:20.900Z,-11.2609,113.8675,35.15,4.7,"south of Java, Indonesia"
2016-09-11T07:17:27.550Z,-9.8964,111.6283,10,4.2,"198 km S of Boyolangu, Indonesia"
2016-09-10T13:22:31.340Z,-9.8042,111.6845,10,4.8,"187 km S of Boyolangu, Indonesia"
2016-09-10T11:21:13.890Z,-9.7438,111.7721,10,4.7,"180 km S of Boyolangu, Indonesia"
2016-09-10T02:49:54.250Z,-9.8648,111.6546,10,5.2,"194 km S of Boyolangu, Indonesia"
2016-09-04T12:35:30.800Z,-10.3298,119.2445,43.68,4.3,"134 km WSW of Waingapu, Indonesia"
2016-09-01T23:26:13.270Z,-9.9158,119.0812,54.53,4,"132 km WSW of Waingapu, Indonesia"
2016-08-28T12:42:51.330Z,-9.1068,119.4008,63.58,4.7,"58 km S of Komodo, Indonesia"
2016-08-18T18:27:35.010Z,-19.6628,148.8618,10,4.3,"50 km N of Whitsundays, Australia"
2016-08-18T05:30:34.000Z,-19.73,148.92,2,4,"43 km N of Whitsundays, Australia"
2016-08-18T04:30:08.800Z,-19.8352,148.7233,10,5.7,"37 km NNW of Whitsundays, Australia"
2016-08-17T06:01:46.300Z,-10.2779,124.7036,10,4.8,"65 km SE of Soe, Indonesia"
2016-08-14T00:00:54.430Z,-9.8826,113.9365,35,4.3,"166 km SSW of Muncar, Indonesia"
2016-08-13T15:31:12.390Z,-23.8567,152.9265,10,4.6,"111 km ENE of Agnes Water, Australia"
2016-08-12T18:20:12.230Z,-9.6475,119.9051,48.88,5.4,"39 km W of Waingapu, Indonesia"
2016-08-06T21:16:33.000Z,-25.572,129.804,0,4.2,"124 km WSW of Yulara, Australia"
2016-08-04T02:24:35.350Z,-9.0614,124.1606,118.48,4.5,"28 km WNW of Pante Makasar, Timor Leste"
2016-08-02T15:11:48.630Z,-11.5605,117.3842,27.35,4.1,"south of Sumbawa, Indonesia"
2016-08-01T14:15:35.140Z,-9.4153,148.8176,27.56,4.4,"96 km SE of Popondetta, Papua New Guinea"
2016-08-01T08:32:16.880Z,-9.6287,122.3723,64.42,4.9,"112 km S of Maumere, Indonesia"
2016-07-31T13:45:49.350Z,-19.1824,111.7783,10,4.1,northwest of Australia
2016-07-23T02:34:33.790Z,-9.6532,125.4191,74.83,4.2,"41 km SSE of Suai, Timor Leste"
2016-07-22T20:21:02.550Z,-9.8535,118.0724,29.74,4.5,"151 km SSW of Dompu, Indonesia"
2016-07-18T17:55:37.700Z,-11.4649,116.2885,10,4.7,"South of Lombok, Indonesia"
2016-07-16T11:44:49.000Z,-32.501,122.436,0,4,"155 km NNE of Castletown, Australia"
2016-07-14T21:29:34.940Z,-10.0333,119.1911,61.82,4.5,"124 km WSW of Waingapu, Indonesia"
2016-07-14T10:08:55.000Z,-32.536,122.433,0,4,"151 km NNE of Castletown, Australia"
2016-07-08T09:40:50.000Z,-32.458,122.511,0,5.2,"160 km SSE of Kambalda East, Australia"
2016-07-04T08:54:07.810Z,-9.8404,154.0211,10,4.3,D'Entrecasteaux Islands region
2016-07-03T11:56:05.300Z,-11.5547,116.0562,30.63,4,"South of Lombok, Indonesia"
2016-07-03T11:44:28.190Z,-11.5132,116.3732,29.91,4.3,"South of Lombok, Indonesia"
2016-07-03T11:40:51.930Z,-11.5983,116.1111,36.36,4.2,"South of Lombok, Indonesia"
2016-07-02T09:28:55.490Z,-10.3268,119.2173,49.24,5,"136 km WSW of Waingapu, Indonesia"
2016-06-19T01:54:09.000Z,-35.916,136.45,10,4.5,"111 km WSW of Kingscote, Australia"
2016-06-15T07:24:33.200Z,-11.4811,116.2994,24.18,4.2,"South of Lombok, Indonesia"
2016-06-15T02:10:54.320Z,-11.3901,116.2796,30.24,4.7,"295 km S of Lembar, Indonesia"
2016-06-14T00:27:18.990Z,-10.1001,124.4621,28.96,4.5,"32 km SE of Soe, Indonesia"
2016-06-09T16:38:42.550Z,-10.1229,119.025,18.28,4.4,"145 km WSW of Waingapu, Indonesia"
2016-06-09T07:23:47.170Z,-10.5345,119.1232,37.56,4.9,"158 km SW of Waingapu, Indonesia"
2016-06-09T06:50:01.100Z,-10.6083,119.1079,44.06,4.7,"164 km SW of Waingapu, Indonesia"
2016-06-09T04:13:08.130Z,-11.2487,116.2669,19,6.1,"279 km S of Lembar, Indonesia"
2016-06-09T02:40:31.870Z,-9.1475,115.8457,92.4,4.2,"52 km SSW of Lembar, Indonesia"
2016-06-08T02:01:09.000Z,-32.337,122.386,0,4.2,"142 km SSE of Kambalda East, Australia"
2016-06-02T18:02:25.430Z,-9.1655,117.9669,107.03,4.4,"88 km SW of Dompu, Indonesia"
2016-06-01T19:50:43.260Z,-9.1741,113.1066,57.65,4.7,"102 km SSW of Kencong, Indonesia"
2016-05-28T16:38:44.000Z,-32.285,122.396,15,4.9,"138 km SSE of Kambalda East, Australia"
2016-05-28T15:30:27.000Z,-32.285,122.396,6,4.8,"138 km SSE of Kambalda East, Australia"
2016-05-23T03:31:08.830Z,-9.7944,119.3498,61.86,4.3,"101 km W of Waingapu, Indonesia"
2016-05-21T11:08:31.000Z,-25.512,129.894,0,4.1,"114 km WSW of Yulara, Australia"
2016-05-21T09:08:34.000Z,-25.519,129.891,0,4.2,"114 km WSW of Yulara, Australia"
2016-05-21T08:46:44.620Z,-25.5802,129.8082,10,4.4,"124 km WSW of Yulara, Australia"
2016-05-21T08:46:18.000Z,-25.601,129.837,0,4.4,"122 km WSW of Yulara, Australia"
2016-05-21T07:12:31.000Z,-25.532,129.838,0,4.2,"120 km WSW of Yulara, Australia"
2016-05-20T19:06:09.000Z,-25.574,129.812,0,4.2,"124 km WSW of Yulara, Australia"
2016-05-20T18:14:04.670Z,-25.5655,129.8841,10,6,"116 km WSW of Yulara, Australia"
2016-05-16T20:13:20.000Z,-22.904,128.602,10,4.2,Western Australia
2016-05-16T03:33:57.510Z,-10.5719,113.1893,11.67,4.1,"253 km S of Kencong, Indonesia"
2016-05-12T18:23:51.530Z,-11.2179,117.0314,10,4.9,"290 km SSE of Praya, Indonesia"
2016-05-10T09:44:38.250Z,-16.3853,118.8669,10,5,northwest of Australia
2016-05-06T17:14:46.720Z,-9.4775,112.9412,53.87,4.1,"140 km SSW of Kencong, Indonesia"
2016-05-04T22:17:54.920Z,-10.4346,123.989,10,4.4,"51 km SE of Kupang, Indonesia"
2016-05-04T20:43:00.900Z,-9.0959,112.1763,60.84,4.1,"109 km SSW of Sumberpucung, Indonesia"
2016-05-02T19:08:46.950Z,-10.5554,152.3694,10,4.1,"186 km E of Samarai, Papua New Guinea"
2016-05-02T07:13:48.790Z,-10.8578,112.0594,10,4.1,"south of Java, Indonesia"
2016-05-01T18:32:18.150Z,-9.2925,122.4249,112.91,4,"78 km SSE of Maumere, Indonesia"
2016-04-28T16:52:44.000Z,-19.77,133.888,10,4.4,"34 km WSW of Tennant Creek, Australia"
2016-04-27T09:13:48.380Z,-9.5262,115.5471,57.42,4.2,"87 km SSE of Nusa Dua, Indonesia"
2016-04-22T18:28:10.870Z,-11.8559,124.367,46.13,4.1,"204 km SSE of Kupang, Indonesia"
2016-04-16T17:16:06.120Z,-9.7827,123.1063,102.86,4.3,"69 km NW of Kupang, Indonesia"
2016-04-14T18:15:14.120Z,-9.5345,112.946,40.08,4.1,"145 km SSW of Kencong, Indonesia"
2016-03-28T17:26:53.660Z,-10.6465,152.6415,28.11,4.3,"216 km E of Samarai, Papua New Guinea"
2016-03-28T15:48:56.080Z,-9.7489,119.6779,53.57,4,"65 km W of Waingapu, Indonesia"
2016-03-19T03:05:51.660Z,-10.1908,119.5308,58.58,4.1,"99 km SW of Waingapu, Indonesia"
2016-03-16T19:37:57.830Z,-9.7726,151.9606,10,4,"169 km ENE of Samarai, Papua New Guinea"
2016-03-16T13:11:27.040Z,-11.9366,118.3702,10,4.9,"south of Sumbawa, Indonesia"
2016-03-11T11:00:23.320Z,-9.4482,126.2843,10,4.5,"65 km S of Viqueque, Timor Leste"
2016-03-10T01:58:14.330Z,-9.8797,154.6806,10,4.2,D'Entrecasteaux Islands region
2016-03-03T08:36:32.650Z,-9.7645,125.316,29.5,5.6,"50 km S of Suai, Timor Leste"
2016-03-03T08:34:55.770Z,-9.4118,125.1883,20,5.4,"13 km SW of Suai, Timor Leste"
2016-02-29T12:52:40.760Z,-9.0005,127.1933,35,4.5,"57 km SSE of Lospalos, Timor Leste"
2016-02-27T17:47:26.270Z,-9.8331,122.0068,54.53,4,"115 km SSE of Ende, Indonesia"
2016-02-26T22:30:49.360Z,-9.8476,118.7646,54.94,4,"148 km SSE of Dompu, Indonesia"
2016-02-26T02:16:08.230Z,-10.2255,122.1652,77.1,4,"158 km W of Kupang, Indonesia"
2016-02-25T17:26:19.280Z,-10.0205,122.0279,45.84,4.3,"136 km SSE of Ende, Indonesia"
2016-02-24T02:33:48.980Z,-9.0552,127.1953,45.93,4.7,"62 km SSE of Lospalos, Timor Leste"
2016-02-20T22:10:57.010Z,-9.2446,123.9916,110.59,4.3,"43 km W of Pante Makasar, Timor Leste"
2016-02-16T21:29:38.800Z,-10.4684,111.3514,10,4.6,"266 km SSW of Boyolangu, Indonesia"
2016-02-12T21:16:26.820Z,-9.5614,122.2342,79.27,4,"101 km SE of Ende, Indonesia"
2016-02-12T19:55:24.460Z,-9.8987,119.2984,57.57,4.4,"109 km WSW of Waingapu, Indonesia"
2016-02-12T19:32:21.900Z,-9.4036,124.2772,95.96,4.1,"22 km WNW of Kefamenanu, Indonesia"
2016-02-12T10:02:24.050Z,-9.6338,119.4013,28,6.3,"94 km W of Waingapu, Indonesia"
2016-02-12T01:40:00.480Z,-9.0862,119.1814,115.4,4.5,"64 km SSW of Komodo, Indonesia"
2016-02-11T00:05:43.560Z,-10.24,119.1624,35.59,4.6,"136 km WSW of Waingapu, Indonesia"
2016-02-10T00:49:25.260Z,-9.0938,113.093,69.39,4.3,"94 km SSW of Kencong, Indonesia"
2016-02-09T04:17:19.070Z,-9.2811,110.7225,41.02,4.2,"152 km SSE of Pundong, Indonesia"
2016-02-07T03:21:55.120Z,-11.655,116.7716,29.04,4.3,"South of Lombok, Indonesia"
2016-02-06T08:31:33.580Z,-10.0238,127.0324,10,4.5,"148 km SSE of Viqueque, Timor Leste"
2016-02-03T20:27:28.170Z,-10.0781,123.5698,10,5.2,"Timor region, Indonesia"
2016-01-30T17:55:24.320Z,-10.04,126.8796,95.11,4.1,Timor Sea
2016-01-30T16:22:17.670Z,-11.4004,112.5354,35.47,4.4,"south of Java, Indonesia"
2016-01-30T08:34:59.800Z,-9.916,126.848,10,4.7,"128 km SSE of Viqueque, Timor Leste"
2016-01-30T05:35:21.140Z,-9.8322,126.8093,10,4.5,"118 km SSE of Viqueque, Timor Leste"
2016-01-26T21:59:56.260Z,-10.3314,119.4196,19.68,5.2,"118 km SW of Waingapu, Indonesia"
2016-01-25T11:03:21.610Z,-10.3125,117.4481,56.53,4.2,"201 km S of Sumbawa Besar, Indonesia"
2016-01-17T12:14:48.570Z,-10.031,123.6677,34.34,4.5,"16 km NNE of Kupang, Indonesia"
2016-01-17T00:03:01.730Z,-9.3803,123.6386,88.73,4.1,"28 km NNW of Naisano Dua, Indonesia"
2016-01-16T04:35:56.930Z,-10.0114,123.5855,14.06,5,"17 km N of Kupang, Indonesia"
2016-01-08T22:21:31.420Z,-9.4425,117.6913,74.5,5.4,"109 km SSE of Sumbawa Besar, Indonesia"
2016-01-08T13:08:22.200Z,-9.5895,112.8751,44.64,4.1,"153 km S of Dampit, Indonesia"
2016-01-07T22:08:26.860Z,-10.762,124.7211,15.07,4.4,"110 km SSE of Soe, Indonesia"
2016-01-07T20:22:51.110Z,-10.2206,124.6068,31.05,4.3,"53 km SE of Soe, Indonesia"
2015-12-29T17:38:22.260Z,-10.033,114.2023,33.42,4.7,"173 km SW of Jimbaran, Indonesia"
2015-12-29T11:29:25.960Z,-11.6276,118.8954,31.72,4.5,"264 km SW of Waingapu, Indonesia"
2015-12-25T18:40:07.390Z,-25.5522,154.145,15.31,4.2,"112 km ENE of Rainbow Beach, Australia"
2015-12-19T10:17:18.770Z,-9.8178,119.1916,76.14,4.1,"119 km W of Waingapu, Indonesia"
2015-12-18T06:10:26.210Z,-9.6322,112.9668,40.92,4.2,"155 km SSW of Kencong, Indonesia"
2015-12-17T05:11:45.030Z,-11.6136,121.3035,11.16,4.3,"244 km SSE of Waingapu, Indonesia"
2015-12-16T18:54:47.000Z,-9.1226,110.428,51.32,4.5,"129 km S of Pundong, Indonesia"
2015-12-15T07:43:29.050Z,-9.6383,112.9358,53.23,4.3,"157 km SSW of Kencong, Indonesia"
2015-12-15T07:38:10.950Z,-9.6356,112.8601,43.35,4.6,"157 km S of Dampit, Indonesia"
2015-12-10T05:20:51.820Z,-11.1395,119.0093,25.75,4.2,"213 km SW of Waingapu, Indonesia"
2015-12-06T20:54:39.970Z,-11.7008,117.4716,30.5,4.6,"south of Sumbawa, Indonesia"
2015-12-06T11:09:04.600Z,-9.1939,124.2693,102.41,4.3,"12 km W of Pante Makasar, Timor Leste"
2015-11-28T16:44:01.900Z,-9.3754,115.0527,66.56,4.2,"65 km S of Jimbaran, Indonesia"
2015-11-27T23:13:07.030Z,-9.3035,124.1779,95.87,4.5,"25 km WSW of Pante Makasar, Timor Leste"
2015-11-19T23:16:18.200Z,-9.3177,118.7624,92.74,4,"92 km SSE of Dompu, Indonesia"
2015-11-15T13:53:17.860Z,-9.2726,124.1679,81.11,4.4,"24 km WSW of Pante Makasar, Timor Leste"
2015-11-15T04:51:13.570Z,-10.3648,124.0569,28.53,4.5,"53 km ESE of Kupang, Indonesia"
2015-11-12T02:34:43.140Z,-9.5526,112.3083,63.86,4.3,"155 km S of Sumberpucung, Indonesia"
2015-11-10T18:49:54.020Z,-9.2994,123.6056,94.58,4.5,"37 km NNW of Naisano Dua, Indonesia"
2015-11-07T20:57:51.820Z,-10.1753,111.1987,10,5,"238 km SSW of Trenggalek, Indonesia"
2015-11-05T19:33:54.840Z,-9.7415,121.8855,54.67,4.4,"102 km SSE of Ende, Indonesia"
2015-11-04T20:44:50.630Z,-9.1296,119.0899,108.77,4.3,"74 km SW of Komodo, Indonesia"
2015-11-04T16:25:21.440Z,-9.1986,124.9941,51.67,4,"15 km SE of Atambua, Indonesia"
2015-11-04T04:19:00.400Z,-9.7208,124.5679,42.8,4.4,"31 km SSE of Kefamenanu, Indonesia"
2015-11-03T01:30:50.750Z,-9.7659,124.8476,58.1,4.5,"53 km SE of Kefamenanu, Indonesia"
2015-11-03T01:07:44.000Z,-19.784,133.938,11,4.3,"30 km WSW of Tennant Creek, Australia"
2015-10-31T04:43:55.820Z,-9.0587,124.0636,53.73,5.3,"38 km WNW of Pante Makasar, Timor Leste"
2015-10-29T19:42:15.990Z,-10.7451,111.9521,33.83,4,"290 km S of Boyolangu, Indonesia"
2015-10-26T03:56:01.850Z,-9.1546,124.0671,126.38,4.4,"35 km W of Pante Makasar, Timor Leste"
2015-10-22T20:45:15.480Z,-25.4034,154.203,10,4.2,"124 km ENE of Rainbow Beach, Australia"
2015-10-21T07:15:32.060Z,-11.4312,118.6005,20.03,4,"267 km SW of Waingapu, Indonesia"
2015-10-16T09:03:19.740Z,-11.549,118.2217,35.01,4.5,"south of Sumbawa, Indonesia"
2015-10-13T06:54:57.640Z,-22.5819,120.8975,11.25,4.3,"111 km SE of Nullagine, Australia"
2015-10-07T20:30:12.490Z,-17.1882,121.8921,10,4.5,"87 km NNW of Bilingurr, Australia"
2015-10-04T16:40:16.680Z,-9.1985,110.3619,41.64,4.7,"137 km S of Pundong, Indonesia"
2015-09-28T14:55:34.170Z,-9.2596,120.1331,78.08,4.7,"46 km NNW of Waingapu, Indonesia"
2015-09-22T03:50:17.670Z,-10.762,112.2797,33.24,4.2,"286 km S of Dampit, Indonesia"
2015-09-18T04:12:54.820Z,-9.1462,110.4025,53.03,4.1,"132 km S of Pundong, Indonesia"
2015-09-17T23:19:48.580Z,-10.1524,123.9464,52.2,4.4,"37 km E of Kupang, Indonesia"
2015-09-17T02:44:55.000Z,-39.839,142.419,10,4.8,"123 km W of Currie, Australia"
2015-09-16T21:52:46.530Z,-9.2709,116.2024,57.38,4.1,"61 km SSE of Lembar, Indonesia"
2015-09-16T21:25:31.650Z,-9.8424,155.327,10,4.3,D'Entrecasteaux Islands region
2015-09-16T21:18:15.130Z,-9.5912,155.0622,10,4.1,"255 km SW of Gizo, Solomon Islands"
2015-09-11T19:02:22.300Z,-11.5235,119.2019,27.59,4.4,"236 km SSW of Waingapu, Indonesia"
2015-09-05T17:47:54.380Z,-9.4286,120.0368,80.89,4.1,"35 km NW of Waingapu, Indonesia"
2015-09-04T17:48:48.360Z,-11.328,112.617,39.5,4.3,"south of Java, Indonesia"
2015-08-29T23:34:34.680Z,-9.2534,118.3732,61.88,4.4,"79 km S of Dompu, Indonesia"
2015-08-29T20:02:26.650Z,-10.8411,116.3414,34.44,5.1,"235 km S of Lembar, Indonesia"
2015-08-27T16:08:17.770Z,-11.1357,110.1524,13.96,4.2,"south of Java, Indonesia"
2015-08-21T21:02:39.360Z,-9.7359,119.359,77.77,4,"99 km W of Waingapu, Indonesia"
2015-08-21T20:28:20.520Z,-10.0438,123.8574,42.15,4.8,"30 km ENE of Kupang, Indonesia"
2015-08-20T01:01:42.840Z,-9.526,117.9393,76.22,4.1,"123 km SSW of Dompu, Indonesia"
2015-08-17T00:42:10.970Z,-9.028,123.8528,112.64,4.1,"61 km WNW of Pante Makasar, Timor Leste"
2015-08-14T01:06:55.340Z,-25.4498,154.3241,10,4.3,"133 km ENE of Rainbow Beach, Australia"
2015-08-10T23:53:22.610Z,-9.5948,117.7305,72.4,4.6,"126 km SSE of Sumbawa Besar, Indonesia"
2015-08-06T12:13:06.900Z,-9.3522,124.4509,12.89,4.1,"10 km NNW of Kefamenanu, Indonesia"
2015-08-06T05:05:49.930Z,-9.7758,115.9399,35.19,5.3,"117 km S of Lembar, Indonesia"
2015-08-04T19:17:14.350Z,-9.5625,116.1549,46.49,4.2,"92 km S of Lembar, Indonesia"
2015-08-01T04:46:24.830Z,-25.4093,154.1987,10,5.2,"123 km ENE of Rainbow Beach, Australia"
2015-08-01T03:38:44.590Z,-25.343,154.3348,9,5.4,"139 km ENE of Rainbow Beach, Australia"
2015-07-29T23:41:40.420Z,-25.3727,154.2281,9,5.5,"128 km ENE of Rainbow Beach, Australia"
2015-07-27T22:23:42.260Z,-9.3022,124.0369,88.41,4.4,"39 km WSW of Pante Makasar, Timor Leste"
2015-07-27T15:16:33.880Z,-9.3577,123.8741,104.44,4.4,"28 km NNE of Naisano Dua, Indonesia"
2015-07-26T11:26:13.460Z,-9.3764,112.6786,63.67,4,"129 km S of Dampit, Indonesia"
2015-07-26T10:16:53.970Z,-10.2464,124.6055,38.87,4.3,"55 km SE of Soe, Indonesia"
2015-07-26T07:05:10.130Z,-9.2585,112.6695,52,5.9,"116 km S of Dampit, Indonesia"
2015-07-25T18:12:28.470Z,-10.9286,114.7803,11.45,4.1,"south of Bali, Indonesia"
2015-07-20T07:11:26.080Z,-10.301,152.3076,10,4.1,"183 km E of Samarai, Papua New Guinea"
2015-07-19T14:14:43.270Z,-9.1464,153.6345,12.88,4.5,D'Entrecasteaux Islands region
2015-07-16T14:40:40.630Z,-9.367,121.5139,68.64,4.1,"60 km SSW of Ende, Indonesia"
2015-07-14T13:20:50.840Z,-11.114,111.3014,26.82,4.8,"south of Java, Indonesia"
2015-07-14T02:24:22.400Z,-9.0071,114.0318,43.68,4.1,"68 km S of Gambiran Satu, Indonesia"
2015-07-14T02:10:08.390Z,-9.5204,154.328,24.51,4.8,D'Entrecasteaux Islands region
2015-07-10T02:16:32.150Z,-9.8969,114.9152,58.48,4.2,"125 km SSW of Jimbaran, Indonesia"
2015-07-03T17:59:35.120Z,-11.1162,119.4418,21.07,4.1,"184 km SSW of Waingapu, Indonesia"
2015-07-03T17:46:40.860Z,-10.32,151.8992,35.25,4.3,"139 km ENE of Samarai, Papua New Guinea"
2015-07-03T15:54:12.900Z,-10.3022,152.0078,30.25,5,"151 km ENE of Samarai, Papua New Guinea"
2015-07-03T15:44:54.730Z,-10.4712,152.164,31.83,4.5,"165 km E of Samarai, Papua New Guinea"
2015-06-27T22:54:07.060Z,-9.5218,125.1544,48.65,4.2,"25 km SSW of Suai, Timor Leste"
2015-06-26T17:58:15.670Z,-9.3078,119.3034,90.21,4,"82 km SSW of Komodo, Indonesia"
2015-06-26T04:37:43.810Z,-10.6372,152.372,29.75,4.1,"187 km E of Samarai, Papua New Guinea"
2015-06-25T15:41:16.410Z,-10.312,152.1337,10,5.4,"164 km ENE of Samarai, Papua New Guinea"
2015-06-24T10:32:52.760Z,-9.438,125.1965,40.11,4.8,"15 km SSW of Suai, Timor Leste"
2015-06-19T01:59:29.240Z,-9.0799,124.1259,103.96,4.3,"31 km WNW of Pante Makasar, Timor Leste"
2015-06-17T05:00:06.960Z,-9.8342,150.536,10,4.3,"53 km N of Alotau, Papua New Guinea"
2015-06-16T17:43:19.520Z,-9.9151,114.8651,37.41,4.2,"128 km SSW of Jimbaran, Indonesia"
2015-06-15T23:14:27.790Z,-9.5117,125.2399,10,4.4,"22 km S of Suai, Timor Leste"
2015-06-15T22:09:50.400Z,-9.4949,125.2122,10,5,"20 km SSW of Suai, Timor Leste"
2015-06-15T17:40:53.930Z,-9.742,125.2517,20,5.8,"47 km S of Suai, Timor Leste"
2015-06-15T15:24:33.920Z,-10.3336,118.5943,40.06,4,"197 km WSW of Waingapu, Indonesia"
2015-06-13T02:15:59.430Z,-10.3786,123.8659,25.41,4.3,"36 km SE of Kupang, Indonesia"
2015-06-11T16:25:48.770Z,-9.0195,122.2741,101.06,4.1,"44 km S of Maumere, Indonesia"
2015-06-10T22:01:29.980Z,-10.5215,120.7255,35,5.1,"108 km SSE of Waingapu, Indonesia"
2015-06-10T17:19:50.960Z,-9.4787,148.8403,25.48,4.2,"103 km SE of Popondetta, Papua New Guinea"
2015-06-05T16:38:05.280Z,-9.3155,111.5017,56.12,4.9,"138 km S of Trenggalek, Indonesia"
2015-06-02T19:24:39.190Z,-9.2833,125.7952,61.85,4.3,"34 km SSE of Same, Timor Leste"
2015-06-02T04:25:42.130Z,-10.1821,124.6654,51.45,4,"54 km SE of Soe, Indonesia"
2015-05-16T13:22:38.270Z,-10.6324,115.8979,39.5,4.3,"211 km S of Lembar, Indonesia"
2015-05-15T10:30:34.610Z,-9.7201,150.4217,10,5.3,"65 km N of Alotau, Papua New Guinea"
2015-05-13T15:14:02.210Z,-9.1465,124.1187,146.92,4.3,"29 km WNW of Pante Makasar, Timor Leste"
2015-05-12T20:45:26.220Z,-10.3063,119.5586,40.14,4.4,"105 km SW of Waingapu, Indonesia"
2015-05-09T21:22:11.190Z,-9.5591,112.8361,36.83,4.1,"149 km S of Dampit, Indonesia"
2015-05-09T04:44:34.570Z,-9.5794,151.8282,34.14,4.4,"170 km ENE of Alotau, Papua New Guinea"
2015-05-09T04:18:55.980Z,-9.5715,151.8835,27.28,4.5,D'Entrecasteaux Islands region
2015-05-08T17:25:31.550Z,-10.5961,120.3326,33.18,4.1,"104 km S of Waingapu, Indonesia"
2015-05-01T15:04:43.910Z,-9.4829,117.645,72.01,4.2,"112 km SSE of Sumbawa Besar, Indonesia"
2015-05-01T02:46:22.140Z,-9.4395,112.9109,61.38,5,"136 km S of Dampit, Indonesia"
2015-04-28T05:58:54.700Z,-9.02,118.9862,117.17,4.2,"68 km SSE of Bima, Indonesia"
2015-04-27T23:48:14.690Z,-10.7583,120.3345,51.14,4.1,"122 km S of Waingapu, Indonesia"
2015-04-26T18:15:22.080Z,-10.5898,120.3623,51.18,4.1,"103 km S of Waingapu, Indonesia"
2015-04-26T10:55:33.080Z,-10.5788,120.3353,35,4.3,"102 km S of Waingapu, Indonesia"
2015-04-26T10:44:42.490Z,-10.6553,120.4549,35,4.3,"112 km S of Waingapu, Indonesia"
2015-04-26T10:38:00.130Z,-10.5892,120.4098,35,5.1,"104 km S of Waingapu, Indonesia"
2015-04-26T10:36:06.600Z,-10.6178,120.2969,35,4.6,"106 km S of Waingapu, Indonesia"
2015-04-26T10:31:25.820Z,-10.6171,120.4136,35,4.3,"107 km S of Waingapu, Indonesia"
2015-04-26T10:22:58.420Z,-10.6183,120.3704,53.28,4.2,"106 km S of Waingapu, Indonesia"
2015-04-18T11:30:43.600Z,-9.9395,124.7964,12.44,4.1,"56 km E of Soe, Indonesia"
2015-04-14T01:37:50.280Z,-9.4345,118.684,87.16,4.3,"102 km SSE of Dompu, Indonesia"
2015-04-11T10:32:50.430Z,-9.0232,114.0849,81.8,4.2,"69 km S of Gambiran Satu, Indonesia"
2015-04-10T03:12:22.990Z,-10.4897,123.9385,44.01,4.5,"50 km SE of Kupang, Indonesia"
2015-04-08T04:00:33.130Z,-9.5294,126.3257,66.72,4.3,"74 km S of Viqueque, Timor Leste"
2015-04-07T22:11:35.080Z,-9.2792,126.4572,35,4.2,East Timor region
2015-04-06T17:19:58.680Z,-9.6464,125.2222,56.52,4.1,East Timor region
2015-04-06T10:48:30.920Z,-9.3692,110.3879,46.78,4.1,"156 km S of Pundong, Indonesia"
2015-04-06T02:35:21.370Z,-9.3057,110.3747,49.08,4.2,"149 km S of Pundong, Indonesia"
2015-04-06T02:12:53.670Z,-9.2983,110.347,47.43,4.4,"148 km S of Pundong, Indonesia"
2015-04-05T18:20:26.590Z,-9.7537,110.5096,32.57,4.5,"200 km S of Pundong, Indonesia"
2015-04-05T13:00:43.890Z,-9.3061,110.3196,40.25,4.7,"149 km S of Pundong, Indonesia"
2015-03-27T00:13:34.150Z,-9.8752,122.336,94.82,4.1,"136 km SSE of Ende, Indonesia"
2015-03-26T00:38:21.620Z,-9.521,117.6324,70.24,4.5,"116 km SSE of Sumbawa Besar, Indonesia"
2015-03-23T15:11:00.480Z,-9.1283,123.6549,92.83,4.1,"53 km NNW of Naisano Dua, Indonesia"
2015-03-22T00:19:14.930Z,-9.6851,114.2388,53.65,4.5,"138 km S of Muncar, Indonesia"
2015-03-16T01:39:46.350Z,-9.7466,112.8253,58.81,4.2,"169 km S of Dampit, Indonesia"
2015-03-15T21:19:13.920Z,-9.6876,112.8854,49.71,5,"163 km S of Dampit, Indonesia"
2015-03-15T13:24:47.430Z,-9.2159,110.4645,54.69,4.1,"140 km S of Pundong, Indonesia"
2015-03-15T01:28:41.260Z,-9.8402,117.4824,67.24,4.1,"149 km S of Sumbawa Besar, Indonesia"
2015-03-06T03:06:52.420Z,-10.6425,121.0083,58.64,4,"136 km SE of Waingapu, Indonesia"
2015-02-28T23:03:31.260Z,-9.5591,155.9075,10,4,"191 km SSW of Gizo, Solomon Islands"
2015-02-26T00:01:25.530Z,-11.6514,117.6536,10,4,"south of Sumbawa, Indonesia"
2015-02-22T16:57:54.030Z,-11.4592,118.1508,40.97,4,"south of Sumbawa, Indonesia"
2015-02-21T12:21:00.990Z,-9.1607,115.2133,103.56,4.1,"39 km S of Nusa Dua, Indonesia"
2015-02-15T15:57:10.000Z,-25.219,151.374,15,4.9,"42 km N of Mundubbera, Australia"
2015-02-03T00:17:01.460Z,-10.0638,122.3895,75.42,4.4,"133 km W of Kupang, Indonesia"
2015-01-30T18:41:15.570Z,-9.8426,117.8286,88.33,4.4,"155 km SSE of Sumbawa Besar, Indonesia"
2015-01-28T18:19:20.850Z,-9.9314,118.0498,63.28,4.4,"160 km SSW of Dompu, Indonesia"
2015-01-27T18:30:41.140Z,-9.1428,127.0033,49.94,4.1,Timor Sea
2015-01-24T19:16:32.720Z,-9.1804,113.099,58.71,4,"103 km SSW of Kencong, Indonesia"
2015-01-23T00:05:46.410Z,-10.63,123.8512,10,4.2,"57 km SSE of Kupang, Indonesia"
2015-01-16T22:57:52.420Z,-9.5877,117.7646,65.45,4.1,"126 km SSE of Sumbawa Besar, Indonesia"
2015-01-15T13:18:35.930Z,-9.5714,112.8937,48.89,4.2,"151 km S of Dampit, Indonesia"
2015-01-14T08:01:28.530Z,-9.5642,112.9184,45.3,4.3,"149 km SSW of Kencong, Indonesia"
2015-01-13T15:06:39.580Z,-10.5391,123.66,22.38,4.4,"41 km S of Kupang, Indonesia"
2015-01-08T05:37:28.090Z,-10.6294,120.4844,40.84,4.1,"110 km SSE of Waingapu, Indonesia"
2015-01-06T21:04:39.700Z,-10.5845,120.3776,44.72,4.1,"103 km S of Waingapu, Indonesia"
2015-01-01T15:45:49.500Z,-9.4648,113.3892,51.54,4,"130 km S of Kencong, Indonesia"
2014-12-27T16:04:41.360Z,-9.4443,155.0646,10,4.3,"245 km SW of Gizo, Solomon Islands"
2014-12-23T13:37:42.900Z,-9.8427,123.9476,67.77,4.4,"33 km SE of Naisano Dua, Indonesia"
2014-12-22T22:04:06.870Z,-9.0538,124.0574,107.62,4.4,"39 km WNW of Pante Makasar, Timor Leste"
2014-12-17T19:46:51.880Z,-9.6087,155.1066,10,4.7,"253 km SW of Gizo, Solomon Islands"
2014-12-09T20:20:23.130Z,-10.8664,123.8749,10,4.7,"82 km SSE of Kupang, Indonesia"
2014-12-08T21:48:16.080Z,-9.8688,150.0534,20.5,4,"66 km NW of Alotau, Papua New Guinea"
2014-12-08T03:10:08.720Z,-9.178,122.5242,136.27,4.1,"70 km SSE of Maumere, Indonesia"
2014-12-05T11:27:00.850Z,-9.3627,118.8587,35,4,"100 km S of Bima, Indonesia"
2014-12-01T10:25:16.100Z,-21.6482,131.1734,10,4.5,"Northern Territory, Australia"
2014-11-28T09:42:16.250Z,-10.5477,124.4143,35,4.2,"77 km S of Soe, Indonesia"
2014-11-28T05:27:59.600Z,-9.0587,112.5287,47.72,4.1,"96 km SSW of Dampit, Indonesia"
2014-11-28T03:01:45.000Z,-26.054,112.569,15,4,"97 km W of Denham, Australia"
2014-11-25T16:47:51.480Z,-11.5572,117.5099,10,4.3,"south of Sumbawa, Indonesia"
2014-11-24T07:33:00.580Z,-9.6015,155.4643,10,4.5,"224 km SW of Gizo, Solomon Islands"
2014-11-21T18:55:07.590Z,-9.5593,155.2553,23.04,4.2,"237 km SW of Gizo, Solomon Islands"
2014-11-21T18:54:51.870Z,-9.5645,155.3535,22.78,4.1,"230 km SW of Gizo, Solomon Islands"
2014-11-19T14:08:39.790Z,-10.5064,123.9655,19.29,4.2,"54 km SE of Kupang, Indonesia"
2014-11-19T03:07:26.360Z,-10.3785,123.9375,35,4.3,"42 km ESE of Kupang, Indonesia"
2014-11-19T02:56:27.130Z,-10.4824,123.8436,24.54,5.2,"43 km SE of Kupang, Indonesia"
2014-11-18T00:28:13.720Z,-9.6382,155.4203,10,4,D'Entrecasteaux Islands region
2014-11-17T17:53:34.170Z,-9.5396,155.4244,25.11,4,D'Entrecasteaux Islands region
2014-11-17T13:32:32.710Z,-10.0509,154.7842,15.02,4.3,D'Entrecasteaux Islands region
2014-11-17T13:27:17.440Z,-9.7745,155.1421,19.99,5.3,"262 km SW of Gizo, Solomon Islands"
2014-11-17T13:23:19.250Z,-9.7028,155.5022,21.96,4.4,"230 km SW of Gizo, Solomon Islands"
2014-11-17T12:49:04.040Z,-9.3051,155.0825,22.73,4.1,"234 km SW of Gizo, Solomon Islands"
2014-11-17T08:38:25.780Z,-9.578,155.3369,10,4.3,"232 km SW of Gizo, Solomon Islands"
2014-11-17T04:57:56.740Z,-9.68,155.2546,10,4.1,"246 km SW of Gizo, Solomon Islands"
2014-11-17T01:05:57.680Z,-9.5484,155.1391,10,5.8,"246 km SW of Gizo, Solomon Islands"
2014-11-17T00:32:42.120Z,-9.5682,155.2334,23.62,4,"239 km SW of Gizo, Solomon Islands"
2014-11-16T20:58:00.100Z,-9.5181,155.3728,10,4.2,"224 km SW of Gizo, Solomon Islands"
2014-11-15T03:34:09.920Z,-10.8616,124.7186,72.38,4.2,"120 km SSE of Soe, Indonesia"
2014-11-08T00:01:03.630Z,-11.4907,116.655,30.18,4.7,"South of Lombok, Indonesia"
2014-11-01T16:37:53.470Z,-9.5351,125.4508,64.09,4.4,"32 km SE of Suai, Timor Leste"
2014-10-31T19:15:25.000Z,-30.815,121.232,10,4.5,"21 km WSW of Somerville, Australia"
2014-10-31T00:02:14.650Z,-9.6174,113.7262,34.38,4.3,"142 km SSW of Gambiran Satu, Indonesia"
2014-10-30T19:36:03.000Z,-10.3832,123.8659,24.59,4.3,"36 km SE of Kupang, Indonesia"
2014-10-27T03:40:46.550Z,-10.3214,112.8213,34.9,4,"233 km SSW of Kencong, Indonesia"
2014-10-26T23:24:55.960Z,-10.2751,112.8117,47.26,4.5,"228 km S of Dampit, Indonesia"
2014-10-26T19:56:31.200Z,-9.0493,126.84,66.48,4.2,"56 km ESE of Viqueque, Timor Leste"
2014-10-26T09:07:24.990Z,-10.3177,112.7863,29.91,4.9,"232 km S of Dampit, Indonesia"
2014-10-26T09:06:05.800Z,-10.3732,112.7722,25.21,4.1,"239 km S of Dampit, Indonesia"
2014-10-26T08:56:41.720Z,-10.2403,112.7996,36.09,5,"224 km S of Dampit, Indonesia"
2014-10-25T02:34:49.590Z,-9.6289,150.4463,10,4.1,"eastern New Guinea region, Papua New Guinea"
2014-10-19T19:21:11.000Z,-10.7669,124.3611,10,4.3,"100 km S of Soe, Indonesia"
2014-10-17T05:23:43.570Z,-9.079,120.6626,112.29,4.1,"56 km SSE of Ruteng, Indonesia"
2014-10-08T19:22:56.390Z,-10.8836,117.2192,44.26,4,"262 km SSE of Praya, Indonesia"
2014-10-06T00:11:24.310Z,-9.253,124.0536,25.13,4.3,"36 km W of Pante Makasar, Timor Leste"
2014-10-03T05:26:29.940Z,-9.4264,110.3297,60.7,4.5,"163 km S of Pundong, Indonesia"
2014-10-03T04:57:28.570Z,-9.1953,110.3486,46.44,4.4,"137 km S of Pundong, Indonesia"
2014-10-02T19:46:04.280Z,-9.0761,115.9067,49.76,4.1,"42 km SSW of Lembar, Indonesia"
2014-10-02T15:52:57.360Z,-10.3478,113.2808,34.82,4.2,"228 km S of Kencong, Indonesia"
2014-09-26T15:38:16.000Z,-20.1,119.534,10,4.4,"99 km ENE of Port Hedland, Australia"
2014-09-20T17:39:25.360Z,-9.578,125.4379,67.76,4,"35 km SE of Suai, Timor Leste"
2014-09-20T09:51:20.680Z,-9.7559,146.9948,13.76,4.2,"35 km SSW of Port Moresby, Papua New Guinea"
2014-09-17T22:10:39.410Z,-9.7762,112.9061,10,4.1,"172 km SSW of Kencong, Indonesia"
2014-09-17T21:19:39.210Z,-10.3265,118.9211,30.87,4.5,"164 km WSW of Waingapu, Indonesia"
2014-09-10T11:54:06.540Z,-9.7963,118.094,60.46,4.7,"Sumbawa region, Indonesia"
2014-09-09T09:14:36.090Z,-9.5325,125.3802,35,4.2,East Timor region
2014-09-07T17:54:56.480Z,-9.3303,116.0065,96.2,4.1,"67 km S of Lembar, Indonesia"
2014-09-06T19:50:21.090Z,-9.4391,112.5873,35,4.4,"136 km S of Dampit, Indonesia"
2014-09-02T18:39:40.650Z,-10.1463,111.224,35.57,4.5,"234 km SSW of Trenggalek, Indonesia"
2014-09-02T03:28:24.410Z,-10.3009,118.3475,33.6,4.1,"195 km S of Dompu, Indonesia"
2014-09-01T23:01:33.000Z,-19.942,133.872,5,4.3,"46 km SW of Tennant Creek, Australia"
2014-08-31T23:37:09.470Z,-9.8087,119.1291,37.86,4.6,"125 km W of Waingapu, Indonesia"
2014-08-31T23:00:59.900Z,-9.5301,113.9997,58.22,4,"126 km S of Gambiran Satu, Indonesia"
2014-08-31T13:43:46.950Z,-9.656,111.5897,52.81,4.2,"173 km S of Boyolangu, Indonesia"
2014-08-31T11:12:55.200Z,-9.5027,148.6624,23.47,4.1,"94 km SSE of Popondetta, Papua New Guinea"
2014-08-31T01:16:20.560Z,-10.9667,123.9602,40.74,4.3,"96 km SSE of Kupang, Indonesia"
2014-08-30T04:02:32.920Z,-9.8935,154.3742,23.07,4.3,D'Entrecasteaux Islands region
2014-08-27T12:58:26.450Z,-9.4813,111.8333,42.49,4.4,"150 km S of Boyolangu, Indonesia"
2014-08-26T23:58:26.300Z,-9.0971,125.7816,10,4.7,"17 km SE of Same, Timor Leste"
2014-08-25T20:17:00.630Z,-9.0485,126.1065,10,4.4,"35 km SW of Viqueque, Timor Leste"
2014-08-24T02:39:22.950Z,-10.3105,116.3993,46.62,4.4,"178 km S of Praya, Indonesia"
2014-08-23T15:58:43.290Z,-9.4123,114.5547,50.46,4.1,"95 km SW of Jimbaran, Indonesia"
2014-08-19T05:30:52.030Z,-11.4746,116.3694,30.82,4.1,"South of Lombok, Indonesia"
2014-08-17T20:15:16.820Z,-9.3015,112.5382,58.34,4.3,"122 km S of Dampit, Indonesia"
2014-08-15T12:04:36.470Z,-10.1914,123.9672,62.43,4.2,"39 km E of Kupang, Indonesia"
2014-08-13T15:22:33.000Z,-33.342,142.146,10,4,"87 km NNE of Wentworth, Australia"
2014-08-12T16:29:03.270Z,-9.1034,113.0986,61.32,4.3,"95 km SSW of Kencong, Indonesia"
2014-08-10T21:14:50.510Z,-9.5173,124.1539,105.31,4.3,"36 km WSW of Kefamenanu, Indonesia"
2014-08-10T16:19:17.050Z,-9.8645,119.7911,57.37,4.1,"56 km WSW of Waingapu, Indonesia"
2014-08-09T15:16:19.390Z,-10.1061,124.9298,35,4.6,"75 km ESE of Soe, Indonesia"
2014-07-29T15:53:11.660Z,-9.3709,118.9674,84.27,4.1,"103 km SSW of Komodo, Indonesia"
2014-07-27T23:35:06.640Z,-10.0422,119.9258,54.48,4.2,"56 km SW of Waingapu, Indonesia"
2014-07-25T03:12:20.480Z,-9.1006,124.2317,68.17,4.1,"19 km WNW of Pante Makasar, Timor Leste"
2014-07-25T00:15:37.790Z,-9.3775,113.1421,64.24,4.3,"123 km SSW of Kencong, Indonesia"
2014-07-24T08:41:07.550Z,-9.1269,111.5753,35,5,"116 km SSW of Boyolangu, Indonesia"
2014-07-24T08:16:51.600Z,-9.3146,113.0401,35,4.5,"119 km SSW of Kencong, Indonesia"
2014-07-16T23:39:09.040Z,-9.0533,124.1269,100.34,4.3,"32 km WNW of Pante Makasar, Timor Leste"
2014-07-14T01:26:19.130Z,-9.1253,110.1586,47.27,4.3,"130 km S of Bambanglipuro, Indonesia"
2014-07-13T00:29:28.710Z,-9.2902,119.4978,46.83,4.4,"77 km S of Komodo, Indonesia"
2014-07-10T16:49:17.730Z,-9.753,111.536,43.85,4.1,"185 km SSW of Boyolangu, Indonesia"
2014-07-09T23:17:35.080Z,-9.581,124.8872,31.05,4.1,"47 km ESE of Kefamenanu, Indonesia"
2014-07-09T13:34:49.240Z,-9.7572,111.5563,34.16,4.4,"185 km SSW of Boyolangu, Indonesia"
2014-07-09T06:03:07.990Z,-9.603,111.6233,38.5,4.7,"166 km S of Boyolangu, Indonesia"
2014-07-09T02:10:47.010Z,-10.4908,124.6261,57.82,4,"79 km SSE of Soe, Indonesia"
2014-07-03T08:16:20.750Z,-10.8466,123.96,10,4.6,"84 km SSE of Kupang, Indonesia"
2014-06-29T18:20:48.870Z,-9.4402,125.8731,54.57,4.2,"54 km SSE of Same, Timor Leste"
2014-06-28T10:18:44.580Z,-9.13,125.449,85.02,4.3,"16 km SSW of Ainaro, Timor Leste"
2014-06-27T01:22:21.330Z,-9.9473,112.1615,43.38,4.1,"200 km S of Sumberpucung, Indonesia"
2014-06-26T00:12:23.610Z,-9.6365,118.1543,73.11,5.1,"126 km SSW of Dompu, Indonesia"
2014-06-24T14:55:59.180Z,-10.6466,120.3042,46.23,4,"109 km S of Waingapu, Indonesia"
2014-06-24T13:17:04.890Z,-10.6634,120.3213,54.52,4,"111 km S of Waingapu, Indonesia"
2014-06-23T22:27:04.090Z,-10.8329,120.2175,35,4.3,"130 km S of Waingapu, Indonesia"
2014-06-23T22:23:47.140Z,-10.6334,120.267,35,4.6,"108 km S of Waingapu, Indonesia"
2014-06-23T22:22:04.180Z,-10.7172,120.273,35,4.4,"117 km S of Waingapu, Indonesia"
2014-06-23T21:44:12.080Z,-10.7137,120.2965,35,4.3,"116 km S of Waingapu, Indonesia"
2014-06-23T19:24:23.430Z,-10.82,120.2554,53.34,4,"128 km S of Waingapu, Indonesia"
2014-06-23T13:52:28.690Z,-10.7493,120.2224,43.53,4.6,"120 km S of Waingapu, Indonesia"
2014-06-22T16:05:51.250Z,-10.7381,120.2105,56.02,4,"119 km S of Waingapu, Indonesia"
2014-06-22T15:22:06.760Z,-10.7856,120.2281,48.17,4.1,"125 km S of Waingapu, Indonesia"
2014-06-22T15:03:45.510Z,-10.1949,120.8488,36.97,4,"87 km SE of Waingapu, Indonesia"
2014-06-22T15:02:43.620Z,-10.6404,120.4598,54.17,4,"110 km S of Waingapu, Indonesia"
2014-06-22T14:37:27.500Z,-10.776,120.3204,51.68,4.2,"123 km S of Waingapu, Indonesia"
2014-06-22T14:29:35.230Z,-10.6535,120.2617,44.63,4.5,"110 km S of Waingapu, Indonesia"
2014-06-22T14:25:03.660Z,-10.8054,120.1894,52.06,4.2,"127 km S of Waingapu, Indonesia"
2014-06-22T14:16:08.120Z,-10.7179,120.3699,51.34,4.2,"117 km S of Waingapu, Indonesia"
2014-06-22T14:15:43.010Z,-10.7568,120.1405,44.09,4.3,"122 km S of Waingapu, Indonesia"
2014-06-22T14:05:48.090Z,-10.4464,120.2941,54.55,4.4,"87 km S of Waingapu, Indonesia"
2014-06-22T14:01:54.550Z,-10.6848,120.2427,57.29,4.4,"113 km S of Waingapu, Indonesia"
2014-06-22T13:54:10.090Z,-10.7017,120.2748,47.07,4.1,"115 km S of Waingapu, Indonesia"
2014-06-22T13:51:54.580Z,-10.705,120.3503,59.28,4.2,"116 km S of Waingapu, Indonesia"
2014-06-22T13:44:36.030Z,-10.5028,120.3642,37.27,4.6,"94 km S of Waingapu, Indonesia"
2014-06-22T13:33:50.500Z,-10.6658,120.3209,44.08,4.5,"111 km S of Waingapu, Indonesia"
2014-06-22T13:30:24.240Z,-10.4281,120.6309,51.24,4.6,"94 km SSE of Waingapu, Indonesia"
2014-06-22T13:29:44.960Z,-10.4981,120.3658,44.35,4.6,"93 km S of Waingapu, Indonesia"
2014-06-22T13:17:07.690Z,-10.7086,120.3108,49.84,4.3,"116 km S of Waingapu, Indonesia"
2014-06-22T12:36:49.630Z,-10.6341,120.2934,27.31,4,"108 km S of Waingapu, Indonesia"
2014-06-22T12:23:32.430Z,-10.6687,120.2812,44.57,4.1,"111 km S of Waingapu, Indonesia"
2014-06-22T07:17:31.600Z,-10.6424,120.2708,46.18,4.2,"109 km S of Waingapu, Indonesia"
2014-06-22T07:11:02.930Z,-10.6179,120.3201,48.67,4.6,"106 km S of Waingapu, Indonesia"
2014-06-22T07:08:33.430Z,-10.6881,120.3083,44.95,4.1,"114 km S of Waingapu, Indonesia"
2014-06-22T06:42:52.840Z,-10.8119,120.4249,54.01,4,"Sumba region, Indonesia"
2014-06-22T05:35:03.270Z,-10.6501,120.3206,47.78,4.2,"110 km S of Waingapu, Indonesia"
2014-06-20T21:22:46.480Z,-9.4655,120.0909,129.73,4.1,"28 km NW of Waingapu, Indonesia"
2014-06-17T16:40:19.760Z,-11.6516,116.9381,31.78,4.4,"South of Lombok, Indonesia"
2014-06-16T06:02:02.440Z,-10.0905,118.7882,47.29,4.2,"168 km WSW of Waingapu, Indonesia"
2014-06-09T18:07:35.000Z,-29.901,137.627,9,4,"101 km NE of Roxby Downs, Australia"
2014-06-09T16:19:37.150Z,-9.3715,120.1299,92.48,4.2,"34 km NNW of Waingapu, Indonesia"
2014-06-06T22:18:39.580Z,-9.4914,112.9375,56.99,4.3,"141 km SSW of Kencong, Indonesia"
2014-06-04T09:01:41.310Z,-10.9419,110.0438,10,4.4,"south of Java, Indonesia"
2014-06-04T02:29:09.000Z,-29.867,137.71,13,4.2,"110 km NE of Roxby Downs, Australia"
2014-06-02T19:22:57.090Z,-9.2254,123.7444,96.99,4.3,"41 km N of Naisano Dua, Indonesia"
2014-05-29T09:29:22.280Z,-10.5161,113.0641,10,4,"249 km S of Kencong, Indonesia"
2014-05-28T22:23:36.300Z,-9.0501,114.2199,82.03,4.1,"69 km S of Muncar, Indonesia"
2014-05-28T13:49:04.390Z,-9.0558,112.8697,76.17,4.4,"94 km S of Dampit, Indonesia"
2014-05-25T06:45:16.590Z,-9.1889,122.744,91.42,4,"85 km SE of Maumere, Indonesia"
2014-05-20T12:14:42.510Z,-9.4502,120.3918,85.29,4.3,"26 km NNE of Waingapu, Indonesia"
2014-05-14T18:55:53.580Z,-11.719,124.0492,44.48,4.1,"177 km SSE of Kupang, Indonesia"
2014-05-14T11:44:33.970Z,-9.4721,155.842,23.41,4.4,"187 km SW of Gizo, Solomon Islands"
2014-05-13T09:44:10.200Z,-18.7196,149.9563,10,4.1,"189 km NE of Whitsundays, Australia"
2014-05-09T20:56:09.330Z,-10.533,123.8019,19.37,4.3,"45 km SSE of Kupang, Indonesia"
2014-05-08T22:21:23.860Z,-10.6323,123.6301,27.47,4.4,"51 km S of Kupang, Indonesia"
2014-05-04T22:37:54.000Z,-23.005,128.589,10,4.2,Western Australia
2014-05-01T14:10:26.140Z,-9.6237,125.0037,66.68,4.5,"44 km SW of Suai, Timor Leste"
2014-04-30T14:01:03.810Z,-37.7927,111.9215,22.92,4.3,southwest of Australia
2014-04-30T01:20:54.130Z,-9.3556,119.9752,71.61,4.5,"45 km NW of Waingapu, Indonesia"
2014-04-29T09:54:56.000Z,-32.796,139.541,13,4.6,"68 km ENE of Peterborough, Australia"
2014-04-28T16:07:36.580Z,-12.3542,114.0092,10,4.5,northwest of Australia
2014-04-28T13:07:30.190Z,-9.6783,148.5874,25.53,4.1,"108 km SSE of Popondetta, Papua New Guinea"
2014-04-28T07:52:29.930Z,-9.3071,110.3596,35,4.3,"149 km S of Pundong, Indonesia"
2014-04-28T07:27:33.490Z,-9.2998,110.2606,12.26,4.4,"149 km S of Bambanglipuro, Indonesia"
2014-04-28T05:38:47.650Z,-9.2188,110.3843,35,4.2,"140 km S of Pundong, Indonesia"
2014-04-28T05:20:39.310Z,-9.2582,110.2745,18.14,4.5,"144 km S of Pundong, Indonesia"
2014-04-27T16:39:07.460Z,-11.7657,117.8717,37.06,4,"south of Sumbawa, Indonesia"
2014-04-27T15:49:05.040Z,-11.172,121.7333,10.03,4.3,"232 km SE of Waingapu, Indonesia"
2014-04-27T04:15:16.980Z,-10.0449,119.0972,51.96,4.2,"135 km WSW of Waingapu, Indonesia"
2014-04-26T17:25:34.690Z,-9.9535,120.8086,71.91,4,"Sumba region, Indonesia"
2014-04-25T10:16:34.480Z,-9.1105,111.8628,35,4.1,"109 km S of Boyolangu, Indonesia"
2014-04-22T23:20:52.940Z,-10.5908,113.8299,21.38,4.5,"244 km SSW of Muncar, Indonesia"
2014-04-22T19:45:21.960Z,-9.5279,154.1156,22.18,4.4,D'Entrecasteaux Islands region
2014-04-18T15:36:27.480Z,-9.276,110.227,48.62,4.2,"146 km S of Bambanglipuro, Indonesia"
2014-04-18T15:07:10.590Z,-9.1005,110.4197,36.93,5,"south of Java, Indonesia"
2014-04-18T14:10:23.200Z,-9.3623,110.4148,69.77,4.2,"156 km S of Pundong, Indonesia"
2014-04-18T13:33:36.010Z,-9.0559,110.3444,15.37,5.3,"122 km S of Pundong, Indonesia"
2014-04-16T17:38:23.950Z,-9.4363,117.9185,61.98,4.7,"116 km SSW of Dompu, Indonesia"
2014-04-16T04:11:12.120Z,-9.3394,118.5352,89.43,4.4,"89 km S of Dompu, Indonesia"
2014-04-12T12:32:54.740Z,-9.507,117.9249,58.99,4.6,"122 km SSW of Dompu, Indonesia"
2014-04-09T08:32:37.850Z,-9.8448,154.9893,22.89,5.1,"280 km SW of Gizo, Solomon Islands"
2014-04-08T13:57:54.940Z,-11.5997,115.0572,23.09,4.1,"south of Bali, Indonesia"
2014-04-04T00:34:00.690Z,-9.4877,113.1437,49.72,4.2,"135 km S of Kencong, Indonesia"
2014-03-26T04:38:45.480Z,-11.3816,114.7562,49.46,4.3,"289 km S of Jimbaran, Indonesia"
2014-03-24T22:18:26.840Z,-11.4753,116.725,23.34,4.6,"South of Lombok, Indonesia"
2014-03-22T13:57:21.290Z,-9.9161,123.9172,61.86,4.5,"38 km SSE of Naisano Dua, Indonesia"
2014-03-20T22:35:22.540Z,-11.3903,118.1656,36.85,4,"299 km SW of Waingapu, Indonesia"
2014-03-20T21:49:10.190Z,-9.702,114.2729,72.87,4,"140 km SW of Jimbaran, Indonesia"
2014-03-20T21:37:32.400Z,-10.0292,114.4948,46.28,4.2,"155 km SSW of Jimbaran, Indonesia"
2014-03-20T21:33:00.060Z,-9.653,114.2783,51.41,5,"135 km S of Muncar, Indonesia"
2014-03-17T06:39:26.810Z,-11.2745,111.7336,14.38,4.1,"south of Java, Indonesia"
2014-03-16T00:14:34.210Z,-9.6696,114.2271,63.17,4.3,"137 km S of Muncar, Indonesia"
2014-03-11T11:01:13.780Z,-9.227,155.3943,23.42,4.2,"202 km SW of Gizo, Solomon Islands"
2014-03-09T11:49:07.770Z,-11.4373,119.0839,21.29,4.7,"235 km SSW of Waingapu, Indonesia"
2014-03-09T00:49:57.220Z,-9.3083,115.2523,40.93,4.2,"56 km S of Nusa Dua, Indonesia"
2014-03-08T23:42:47.010Z,-10.1577,118.8848,75,4.1,"161 km WSW of Waingapu, Indonesia"
2014-03-07T13:11:09.040Z,-9.7005,151.6583,10,4.3,"148 km ENE of Alotau, Papua New Guinea"
2014-03-03T15:15:33.220Z,-9.5905,117.6359,58.3,4.4,"123 km S of Sumbawa Besar, Indonesia"
2014-03-03T15:14:22.420Z,-9.4487,117.6954,69.16,4.4,"109 km SSE of Sumbawa Besar, Indonesia"
2014-02-26T00:00:07.000Z,-30.679,121.187,0,4.5,"26 km W of Hannans, Australia"
2014-02-23T21:21:15.390Z,-9.8174,117.9568,33.74,5,"152 km SSW of Dompu, Indonesia"
2014-02-22T22:25:36.690Z,-9.033,111.4286,83.77,4.2,"110 km SSW of Trenggalek, Indonesia"
2014-02-18T13:42:22.890Z,-10.8826,111.2132,10,4.4,"south of Java, Indonesia"
2014-02-13T02:49:12.850Z,-11.5606,116.8587,31.87,4.3,"South of Lombok, Indonesia"
2014-02-07T22:31:06.970Z,-9.4612,124.7911,79.07,4.3,"34 km E of Kefamenanu, Indonesia"
2014-02-07T14:06:18.060Z,-9.2386,122.5176,82.96,4.6,"76 km SSE of Maumere, Indonesia"
2014-02-06T20:56:45.630Z,-9.1537,121.2793,116.9,4.7,"54 km SW of Ende, Indonesia"
2014-02-05T20:20:48.800Z,-9.8134,119.6391,36.84,4.2,"70 km WSW of Waingapu, Indonesia"
2014-02-02T00:56:12.400Z,-11.4214,117.3056,34.46,4.5,"south of Sumbawa, Indonesia"
2014-02-01T23:53:26.390Z,-9.3071,123.4894,150.16,4,"44 km NW of Naisano Dua, Indonesia"
2014-01-31T07:05:24.460Z,-11.2569,118.2011,29.34,4.2,"286 km SW of Waingapu, Indonesia"
2014-01-27T05:58:59.250Z,-10.6569,119.6495,37.16,4,"129 km SSW of Waingapu, Indonesia"
2014-01-22T00:46:27.810Z,-9.0737,152.8824,25.48,4.4,"296 km NE of Samarai, Papua New Guinea"
2014-01-06T11:13:47.340Z,-10.3361,119.3189,48.02,4.1,"128 km SW of Waingapu, Indonesia"
2014-01-04T01:55:04.580Z,-11.6734,111.0161,11.67,4.3,"south of Java, Indonesia"
2014-01-02T18:47:58.230Z,-10.8855,113.1514,39.99,4.6,"288 km S of Kencong, Indonesia"
2014-01-02T00:21:00.070Z,-37.1496,124.6015,10,4.1,off the south coast of Australia
2013-12-26T22:18:53.120Z,-10.5859,120.094,60.56,4.3,"104 km S of Waingapu, Indonesia"
2013-12-26T21:18:01.690Z,-10.488,120.0706,46.65,4.3,"94 km SSW of Waingapu, Indonesia"
2013-12-23T10:55:57.420Z,-10.4002,119.0658,41.52,4.3,"154 km WSW of Waingapu, Indonesia"
2013-12-23T00:25:21.640Z,-9.1931,150.45,17.31,4.4,"124 km N of Alotau, Papua New Guinea"
2013-12-19T22:00:19.160Z,-9.8565,118.0101,69.13,4.5,"154 km SSW of Dompu, Indonesia"
2013-12-19T06:05:14.020Z,-10.6386,116.3805,40.81,4.4,"214 km S of Lembar, Indonesia"
2013-12-18T14:16:49.050Z,-11.5692,122.4818,77.39,4.4,"197 km SW of Kupang, Indonesia"
2013-12-18T08:07:07.120Z,-11.8127,119.9167,26.43,4.1,"241 km S of Waingapu, Indonesia"
2013-12-11T14:50:20.820Z,-10.1706,124.5341,21.53,4.5,"43 km SE of Soe, Indonesia"
2013-12-10T18:12:31.800Z,-11.2624,118.5981,34.92,4.2,"254 km SW of Waingapu, Indonesia"
2013-12-10T17:34:24.200Z,-11.407,118.1581,42.9,4.1,"south of Sumbawa, Indonesia"
2013-12-07T15:26:38.930Z,-9.2582,124.1339,102.51,4.4,"28 km WSW of Pante Makasar, Timor Leste"
2013-12-04T19:58:34.720Z,-10.2692,115.5366,38.37,4.4,"165 km SSE of Nusa Dua, Indonesia"
2013-12-04T19:43:57.250Z,-10.04,124.1887,12.81,4.6,"22 km SSW of Soe, Indonesia"
2013-11-28T18:13:55.340Z,-9.2487,113.332,55.21,4.4,"106 km S of Kencong, Indonesia"
2013-11-28T03:58:40.900Z,-9.5133,120.3819,86.39,4.5,"20 km NE of Waingapu, Indonesia"
2013-11-27T20:46:14.830Z,-10.367,119.8591,45.77,4,"90 km SSW of Waingapu, Indonesia"
2013-11-26T11:29:53.750Z,-9.4455,112.9276,61.39,4,"137 km SSW of Kencong, Indonesia"
2013-11-23T08:14:36.780Z,-10.8629,113.7776,34.88,4.5,"274 km SSW of Jimbaran, Indonesia"
2013-11-20T16:20:30.240Z,-9.1495,123.431,117.66,4.6,"62 km NW of Naisano Dua, Indonesia"
2013-11-18T21:31:09.490Z,-10.0604,123.7611,29.11,5.4,"20 km NE of Kupang, Indonesia"
2013-11-10T03:20:58.460Z,-9.9447,118.619,61.85,4.4,"156 km S of Dompu, Indonesia"
2013-11-08T00:16:48.700Z,-9.037,117.8047,64.81,4.6,"73 km SE of Sumbawa Besar, Indonesia"
2013-11-05T14:56:45.720Z,-9.6531,120.4272,68.54,4,"17 km E of Waingapu, Indonesia"
2013-10-27T22:22:34.300Z,-9.6998,120.3401,62.78,4,"9 km ESE of Waingapu, Indonesia"
2013-10-24T08:20:55.770Z,-9.6088,111.1329,35.22,4,"180 km SSW of Trenggalek, Indonesia"
2013-10-15T12:50:13.020Z,-9.764,114.9424,8.47,4.9,"110 km SSW of Jimbaran, Indonesia"
2013-10-15T12:49:20.220Z,-9.737,114.7564,9.82,4.9,"113 km SSW of Jimbaran, Indonesia"
2013-10-13T07:53:58.860Z,-9.1848,117.1783,98.57,4,"80 km SSW of Sumbawa Besar, Indonesia"
2013-10-10T10:47:11.880Z,-9.4747,155.4147,24.13,4.3,"218 km SW of Gizo, Solomon Islands"
2013-10-07T15:36:23.300Z,-10.2357,151.6635,36.05,4.8,"117 km ENE of Samarai, Papua New Guinea"
2013-10-07T15:17:25.060Z,-10.1687,151.8481,34.62,5.1,"138 km ENE of Samarai, Papua New Guinea"
2013-10-07T13:32:09.660Z,-10.081,151.7996,35.29,5.3,"137 km ENE of Samarai, Papua New Guinea"
2013-10-07T06:02:06.010Z,-11.535,111.9241,34.88,4.1,"south of Java, Indonesia"
2013-10-04T10:35:42.720Z,-11.3943,121.7886,8.4,5.2,"240 km SW of Kupang, Indonesia"
2013-10-04T00:37:36.860Z,-10.5323,121.4492,50.77,4.7,"162 km SE of Waingapu, Indonesia"
2013-09-23T15:12:55.000Z,-9.8648,115.9595,39.88,5.2,"126 km S of Lembar, Indonesia"
2013-09-22T14:14:31.550Z,-9.6904,119.7871,67.74,4.6,"52 km W of Waingapu, Indonesia"
2013-09-04T07:50:57.090Z,-9.4621,122.0028,74.42,4.4,"78 km SSE of Ende, Indonesia"
2013-09-04T06:45:12.880Z,-11.4085,118.3558,27.55,4.6,"284 km SW of Waingapu, Indonesia"
2013-09-03T23:28:25.700Z,-10.8805,113.8329,9.58,4.6,"273 km SSW of Jimbaran, Indonesia"
2013-09-01T20:31:50.170Z,-10.8673,112.4105,21.67,4.6,"296 km S of Dampit, Indonesia"
2013-08-27T20:47:59.450Z,-9.058,123.2829,103.72,4.7,"80 km NW of Naisano Dua, Indonesia"
2013-08-22T18:58:36.720Z,-10.5342,114.3361,10,5.1,"212 km SSW of Jimbaran, Indonesia"
2013-08-15T18:45:46.560Z,-10.0897,118.7263,48.5,4.7,"174 km S of Dompu, Indonesia"
2013-08-13T02:16:06.370Z,-11.8759,117.6993,38.09,4.1,"south of Sumbawa, Indonesia"
2013-08-08T09:09:32.000Z,-9.9189,120.7136,34.87,4,"57 km ESE of Waingapu, Indonesia"
2013-07-28T08:35:00.130Z,-9.029,122.506,126.5,4.4,"55 km SE of Maumere, Indonesia"
2013-07-20T20:06:57.000Z,-9.685,151.049,24.4,4.4,"95 km NE of Alotau, Papua New Guinea"
2013-07-20T01:34:20.040Z,-13.365,114.773,12,4.3,northwest of Australia
2013-07-18T11:39:11.780Z,-19.777,133.953,10,4.4,"28 km WSW of Tennant Creek, Australia"
2013-07-11T18:41:38.100Z,-9.707,124.356,58.2,4.4,"18 km NNE of Soe, Indonesia"
2013-07-11T16:57:59.930Z,-10.381,124.017,76.3,4.1,"50 km ESE of Kupang, Indonesia"
2013-07-08T06:35:10.110Z,-10.436,120.43,46.3,4.3,"88 km SSE of Waingapu, Indonesia"
2013-07-06T16:34:05.130Z,-9.706,124.233,78.6,4.2,"18 km NNW of Soe, Indonesia"
2013-06-22T08:37:57.900Z,-10.425,124.239,46.1,4.5,"62 km S of Soe, Indonesia"
2013-06-14T23:29:24.700Z,-10.978,113.89,39.5,4.3,"279 km SSW of Jimbaran, Indonesia"
2013-06-14T16:51:41.090Z,-10.576,150.219,12.5,4.4,"38 km SW of Alotau, Papua New Guinea"
2013-06-14T11:26:45.810Z,-9.216,110.441,10,4.4,"140 km S of Pundong, Indonesia"
2013-06-13T22:46:43.520Z,-10.797,113.919,10.2,4.5,"260 km SSW of Jimbaran, Indonesia"
2013-06-09T14:22:15.000Z,-26.11,131.994,0,5.3,"139 km SE of Yulara, Australia"
2013-06-08T18:40:06.990Z,-11.558,117.327,35.9,4.3,"south of Sumbawa, Indonesia"
2013-06-04T06:40:27.510Z,-10.852,113.837,24,4.6,"270 km SSW of Jimbaran, Indonesia"
2013-05-27T08:42:12.380Z,-9.326,120.077,75.5,4.2,"41 km NNW of Waingapu, Indonesia"
2013-05-25T17:05:17.290Z,-11.06,110.633,9.7,4.7,"south of Java, Indonesia"
2013-05-23T19:07:19.020Z,-9.903,124.586,30.4,4.5,"33 km E of Soe, Indonesia"
2013-05-21T14:56:23.150Z,-9.3,123.801,81.7,4.7,"33 km N of Naisano Dua, Indonesia"
2013-05-21T04:24:35.720Z,-9.052,115.726,100.9,4.1,"52 km SW of Lembar, Indonesia"
2013-05-19T02:51:56.390Z,-9.366,154.49,21.2,4.4,"294 km WSW of Gizo, Solomon Islands"
2013-05-18T15:35:57.720Z,-9.03,124.074,95.5,4.9,"38 km WNW of Pante Makasar, Timor Leste"
2013-05-18T11:08:19.940Z,-9.377,112.472,35,4.4,"132 km SSW of Dampit, Indonesia"
2013-05-16T16:26:56.200Z,-11.58,113.648,6.1,4.4,"south of Java, Indonesia"
2013-05-15T14:24:04.790Z,-10.736,113.935,35,4.5,"253 km SSW of Jimbaran, Indonesia"
2013-05-14T19:09:24.260Z,-10.558,112.391,15.9,4.4,"262 km S of Dampit, Indonesia"
2013-05-09T15:24:16.040Z,-10.436,118.762,38.6,4.5,"185 km WSW of Waingapu, Indonesia"
2013-05-05T20:37:12.940Z,-9.101,125.727,10,4.7,"13 km SE of Same, Timor Leste"
2013-05-03T08:22:54.080Z,-10.75,113.918,38.4,4,"255 km SSW of Jimbaran, Indonesia"
2013-05-02T21:08:51.520Z,-11.484,117.177,35,4.6,"south of Sumbawa, Indonesia"
2013-05-01T20:02:31.620Z,-10.665,114.156,33.2,4.4,"234 km SSW of Jimbaran, Indonesia"
2013-04-30T15:52:39.050Z,-12.441,117.288,42.5,4.1,"south of Sumbawa, Indonesia"
2013-04-30T01:18:37.800Z,-9.353,119.242,72.6,4.5,"88 km SSW of Komodo, Indonesia"
2013-04-28T12:54:45.490Z,-10.366,124.057,20.5,4.6,"53 km ESE of Kupang, Indonesia"
2013-04-23T23:03:58.490Z,-9.075,123.952,101.1,4.4,"49 km WNW of Pante Makasar, Timor Leste"
2013-04-19T17:51:41.360Z,-11.976,121.632,15.2,5.8,"293 km SW of Kupang, Indonesia"
2013-04-15T23:03:21.850Z,-9.503,120.057,77,4.1,"28 km NW of Waingapu, Indonesia"
2013-04-11T14:04:39.530Z,-9.165,118.982,103.4,4.4,"82 km SSE of Bima, Indonesia"
2013-04-07T00:29:04.260Z,-9.587,114.115,57.2,4.3,"129 km S of Muncar, Indonesia"
2013-04-03T11:03:54.820Z,-10.284,152.271,14.9,4.2,"179 km ENE of Samarai, Papua New Guinea"
2013-04-02T11:18:28.100Z,-9.351,123.734,85.6,4.4,"27 km N of Naisano Dua, Indonesia"
2013-03-30T05:03:44.530Z,-10.401,123.699,18.6,4.6,"27 km SSE of Kupang, Indonesia"
2013-03-28T16:49:03.250Z,-11.622,116.78,30,4.5,"South of Lombok, Indonesia"
2013-03-26T17:23:58.100Z,-9.353,120.278,68.7,5.5,"33 km N of Waingapu, Indonesia"
2013-03-25T11:54:55.520Z,-11.458,117.193,10,5.1,"south of Sumbawa, Indonesia"
2013-03-25T07:40:38.740Z,-10.859,113.888,41.3,4.5,"267 km SSW of Jimbaran, Indonesia"
2013-03-17T11:49:28.370Z,-9.786,115.906,59,4.1,"118 km S of Lembar, Indonesia"
2013-03-16T18:27:58.880Z,-9.691,119.355,48.6,4.5,"99 km W of Waingapu, Indonesia"
2013-03-11T18:13:34.200Z,-9.139,118.432,109,4.5,"66 km S of Dompu, Indonesia"
2013-03-07T09:59:37.300Z,-9.272,152.583,37.6,4.4,"257 km NE of Samarai, Papua New Guinea"
2013-03-05T12:37:24.480Z,-11.24,110.93,10,4,"south of Java, Indonesia"
2013-03-05T10:22:15.950Z,-9.363,116.194,79.6,4.4,"71 km S of Lembar, Indonesia"
2013-03-02T23:42:18.830Z,-11.469,117.302,10,4.7,"south of Sumbawa, Indonesia"
2013-02-27T07:31:43.880Z,-9.723,114.233,32,4.3,"143 km S of Muncar, Indonesia"
2013-02-18T14:25:00.420Z,-9.94,119.033,36,4.6,"138 km WSW of Waingapu, Indonesia"
2013-02-17T05:38:45.760Z,-9.948,124.337,23.4,4.5,"11 km SSE of Soe, Indonesia"
2013-02-09T08:40:03.100Z,-11.107,116.337,24.6,4.8,"264 km S of Lembar, Indonesia"
2013-02-05T10:08:09.160Z,-9.256,110.527,51.9,4.3,"145 km S of Pundong, Indonesia"
2013-02-02T11:54:03.740Z,-9.675,112.965,35,4.5,"160 km SSW of Kencong, Indonesia"
2013-01-27T00:27:18.890Z,-9.489,121.862,67.2,4.8,"74 km SSE of Ende, Indonesia"
2013-01-23T09:51:24.450Z,-9.785,119.043,15.6,4.6,"134 km W of Waingapu, Indonesia"
2013-01-21T13:23:44.350Z,-13.209,123.069,10,4.5,northwest of Australia
2013-01-16T22:41:36.100Z,-11.555,112.52,10,4.5,"south of Java, Indonesia"
2013-01-16T11:23:02.010Z,-9.698,155.061,10,4.7,"263 km SW of Gizo, Solomon Islands"
2013-01-14T07:36:10.230Z,-9.658,112.838,46.5,4.6,"160 km S of Dampit, Indonesia"
2013-01-14T06:50:53.680Z,-9.17,124.354,87.5,4.2,"4 km NW of Pante Makasar, Timor Leste"
2013-01-14T01:57:14.730Z,-9.684,155.148,10,4.6,"255 km SW of Gizo, Solomon Islands"
2013-01-13T03:13:52.090Z,-9.55,112.925,46.2,4.4,"148 km SSW of Kencong, Indonesia"
2013-01-11T07:47:44.830Z,-9.275,115.063,59.1,4.3,"54 km SSW of Jimbaran, Indonesia"
2013-01-08T11:26:49.080Z,-10.43,120.213,38.5,4.4,"85 km S of Waingapu, Indonesia"
2013-01-02T14:57:40.230Z,-10.856,113.875,4.8,4.5,"268 km SSW of Jimbaran, Indonesia"
2012-12-24T04:38:31.260Z,-9.318,110.232,15.5,4.9,"151 km S of Bambanglipuro, Indonesia"
2012-12-22T01:36:26.550Z,-11.117,112.26,35,4.1,"south of Java, Indonesia"
2012-12-16T16:24:23.840Z,-10.984,113.994,17,4.2,"south of Java, Indonesia"
2012-12-13T18:15:51.840Z,-9.799,154.804,6.6,4.8,"292 km SW of Gizo, Solomon Islands"
2012-12-13T00:58:10.490Z,-9.836,154.741,10,4.8,D'Entrecasteaux Islands region
2012-12-13T00:57:24.640Z,-9.736,154.951,10,4.3,"275 km SW of Gizo, Solomon Islands"
2012-12-11T19:17:35.520Z,-10.882,119.799,35,4.4,"144 km SSW of Waingapu, Indonesia"
2012-12-08T14:30:38.190Z,-9.692,114.24,35,4.2,"139 km S of Muncar, Indonesia"
2012-12-06T17:27:51.860Z,-10.066,124.813,37.6,4.1,"62 km ESE of Soe, Indonesia"
2012-12-02T16:40:22.310Z,-9.826,118.856,57.2,4,"149 km SSE of Dompu, Indonesia"
2012-11-28T22:35:22.000Z,-27.757,125.943,0,4.2,Western Australia
2012-11-24T20:34:34.660Z,-11.184,112.648,35,4.3,"south of Java, Indonesia"
2012-11-22T21:29:20.070Z,-11.45,117.928,4.8,4.8,"south of Sumbawa, Indonesia"
2012-11-21T16:46:40.130Z,-11.359,117.931,25,5.4,"south of Sumbawa, Indonesia"
2012-11-21T13:31:49.430Z,-11.667,119.599,10,4.2,"233 km SSW of Waingapu, Indonesia"
2012-11-21T11:30:18.030Z,-11.687,119.531,10,4.2,"238 km SSW of Waingapu, Indonesia"
2012-11-21T11:26:22.560Z,-11.626,119.647,10,4.5,"228 km SSW of Waingapu, Indonesia"
2012-11-19T14:46:28.380Z,-10.878,113.626,15.6,4.1,"south of Java, Indonesia"
2012-11-10T17:46:36.730Z,-10.838,113.795,10,4.3,"271 km SSW of Jimbaran, Indonesia"
2012-11-09T18:07:47.680Z,-9.472,122.126,71.5,4.5,"86 km SE of Ende, Indonesia"
2012-11-09T05:51:42.250Z,-42.732,124.723,10,5.3,south of Australia
2012-11-09T05:13:05.330Z,-9.953,118.12,52.1,4,"161 km SSW of Dompu, Indonesia"
2012-11-05T19:31:45.970Z,-11.316,129.119,22.8,4.5,"171 km WNW of Wurrumiyanga, Australia"
2012-11-03T21:39:48.000Z,-9.739,118.926,25.1,4,"141 km SSW of Komodo, Indonesia"
2012-11-02T16:26:36.060Z,-9.906,118.787,10,4.5,"155 km SSE of Dompu, Indonesia"
2012-11-01T01:24:13.290Z,-11.545,119.718,35,4.8,"217 km SSW of Waingapu, Indonesia"
2012-11-01T01:23:22.130Z,-11.61,119.691,35,4.7,"224 km SSW of Waingapu, Indonesia"
2012-10-27T10:51:24.540Z,-9.073,111.378,71.1,4.4,"116 km SSW of Trenggalek, Indonesia"
2012-10-25T05:28:16.710Z,-10.997,113.469,10,4,"297 km SSW of Gambiran Satu, Indonesia"
2012-10-23T16:34:17.960Z,-10.788,113.672,22.8,4.2,"270 km S of Gambiran Satu, Indonesia"
2012-10-15T20:43:49.660Z,-10.373,124.005,35,4.6,"49 km ESE of Kupang, Indonesia"
2012-10-15T16:05:11.970Z,-10.84,113.728,22.4,4.3,"274 km SSW of Muncar, Indonesia"
2012-10-15T05:51:39.000Z,-10.75,113.797,10,4.1,"262 km SSW of Muncar, Indonesia"
2012-10-07T08:21:14.980Z,-10.827,113.79,10,4.8,"270 km SW of Jimbaran, Indonesia"
2012-10-06T23:22:30.240Z,-10.707,113.92,10,4.2,"251 km SSW of Jimbaran, Indonesia"
2012-10-06T00:33:33.650Z,-11.648,120.186,24,4.2,"220 km S of Waingapu, Indonesia"
2012-10-04T03:51:34.820Z,-10.632,114.035,10,4.8,"238 km SSW of Jimbaran, Indonesia"
2012-10-03T22:37:37.610Z,-10.815,113.833,20.1,4.7,"267 km SSW of Jimbaran, Indonesia"
2012-10-02T15:46:05.760Z,-10.785,113.767,10,4.6,"267 km SSW of Muncar, Indonesia"
2012-10-01T20:39:59.900Z,-10.905,113.648,10,4,"283 km S of Gambiran Satu, Indonesia"
2012-10-01T18:14:14.140Z,-10.744,113.724,10,4.2,"264 km S of Gambiran Satu, Indonesia"
2012-10-01T15:26:50.300Z,-10.759,113.777,10,4.4,"264 km SSW of Muncar, Indonesia"
2012-09-28T03:27:20.350Z,-10.755,113.818,10,4.4,"262 km SW of Jimbaran, Indonesia"
2012-09-27T22:24:19.200Z,-10.582,113.989,10,4.3,"236 km SSW of Jimbaran, Indonesia"
2012-09-27T10:28:40.890Z,-9.402,123.624,101.4,4.8,"26 km NW of Naisano Dua, Indonesia"
2012-09-25T20:25:23.920Z,-10.762,113.877,1,4.6,"259 km SSW of Jimbaran, Indonesia"
2012-09-25T03:08:16.660Z,-9.428,124.728,35,4.8,"27 km E of Kefamenanu, Indonesia"
2012-09-24T18:22:21.700Z,-11.309,113.309,35,4.1,"south of Java, Indonesia"
2012-09-24T17:03:06.110Z,-9.656,151.02,42.4,4,"95 km NE of Alotau, Papua New Guinea"
2012-09-22T23:05:06.910Z,-10.956,113.768,10,4,"284 km SSW of Jimbaran, Indonesia"
2012-09-22T19:41:34.860Z,-9.819,124.623,64.7,4.3,"37 km E of Soe, Indonesia"
2012-09-22T15:15:53.710Z,-10.836,113.767,10,4.2,"272 km SSW of Muncar, Indonesia"
2012-09-22T14:15:35.120Z,-10.798,113.806,10,4.1,"267 km SW of Jimbaran, Indonesia"
2012-09-21T02:52:21.610Z,-10.7,114.137,10,4,"239 km SSW of Jimbaran, Indonesia"
2012-09-21T02:14:51.320Z,-10.827,114.004,18.9,4.5,"258 km SSW of Jimbaran, Indonesia"
2012-09-19T13:44:15.630Z,-9.717,113.544,10,4.1,"159 km S of Kencong, Indonesia"
2012-09-19T13:18:13.570Z,-10.362,114.389,5.9,4.4,"193 km SSW of Jimbaran, Indonesia"
2012-09-19T10:45:40.110Z,-9.616,124.726,35,4.4,"33 km SE of Kefamenanu, Indonesia"
2012-09-19T07:31:42.600Z,-10.767,113.919,10,4.4,"257 km SSW of Jimbaran, Indonesia"
2012-09-19T07:12:08.670Z,-10.756,113.893,10,4.3,"258 km SSW of Jimbaran, Indonesia"
2012-09-18T06:42:24.720Z,-10.749,114.022,10,4.8,"249 km SSW of Jimbaran, Indonesia"
2012-09-17T20:28:31.690Z,-10.594,114.043,24,4.3,"234 km SSW of Jimbaran, Indonesia"
2012-09-17T14:19:24.220Z,-10.78,113.821,16.1,4.8,"264 km SW of Jimbaran, Indonesia"
2012-09-17T13:27:23.530Z,-10.878,113.807,10,4.7,"274 km SSW of Jimbaran, Indonesia"
2012-09-16T15:32:55.590Z,-10.721,113.865,18.3,4.9,"256 km SW of Jimbaran, Indonesia"
2012-09-16T13:13:30.520Z,-10.801,113.741,10,4.3,"269 km SSW of Muncar, Indonesia"
2012-09-15T18:19:54.870Z,-10.798,113.922,10,4,"260 km SSW of Jimbaran, Indonesia"
2012-09-15T17:35:40.980Z,-10.738,113.883,10,5.3,"256 km SSW of Jimbaran, Indonesia"
2012-09-15T17:33:36.010Z,-10.74,113.942,10,4.5,"253 km SSW of Jimbaran, Indonesia"
2012-09-15T17:25:45.310Z,-10.797,113.785,10,4.2,"268 km SSW of Muncar, Indonesia"
2012-09-15T17:14:26.460Z,-10.728,113.857,17.7,4.3,"257 km SW of Jimbaran, Indonesia"
2012-09-15T17:01:28.710Z,-10.744,113.801,10,4.3,"262 km SSW of Muncar, Indonesia"
2012-09-15T16:32:21.510Z,-10.732,113.865,10,5.7,"257 km SSW of Jimbaran, Indonesia"
2012-09-15T09:02:59.020Z,-10.701,113.7,24.6,4.2,"259 km S of Gambiran Satu, Indonesia"
2012-09-15T02:05:04.220Z,-10.723,113.661,10,4.2,"263 km SSW of Gambiran Satu, Indonesia"
2012-09-15T01:57:11.930Z,-10.572,113.885,10,4.2,"241 km SSW of Muncar, Indonesia"
2012-09-14T00:20:11.990Z,-10.552,114.225,10,4.4,"220 km SSW of Jimbaran, Indonesia"
2012-09-13T23:40:02.950Z,-10.768,113.755,10,5.4,"265 km SSW of Muncar, Indonesia"
2012-09-13T01:40:30.040Z,-10.901,113.98,10,5.1,"266 km SSW of Jimbaran, Indonesia"
2012-09-11T14:32:09.040Z,-10.712,113.81,21.6,4.4,"258 km SSW of Muncar, Indonesia"
2012-09-11T14:21:36.290Z,-10.705,113.832,10,5.3,"257 km SW of Jimbaran, Indonesia"
2012-09-11T14:14:56.470Z,-10.794,113.988,18.7,4.2,"256 km SSW of Jimbaran, Indonesia"
2012-09-11T14:08:30.870Z,-10.697,113.795,20.5,4.8,"257 km SSW of Muncar, Indonesia"
2012-09-11T07:48:46.470Z,-10.849,113.924,14.9,4.9,"264 km SSW of Jimbaran, Indonesia"
2012-09-11T06:03:35.230Z,-10.926,113.947,10,4.4,"271 km SSW of Jimbaran, Indonesia"
2012-09-10T00:38:26.270Z,-10.73,113.97,13.6,4.8,"251 km SSW of Jimbaran, Indonesia"
2012-09-09T09:39:15.020Z,-10.753,113.852,6.3,4.8,"260 km SSW of Jimbaran, Indonesia"
2012-09-09T03:30:27.390Z,-10.698,114.04,21.8,4.4,"244 km SSW of Jimbaran, Indonesia"
2012-09-08T11:40:51.400Z,-10.887,113.881,10,4.4,"270 km SSW of Jimbaran, Indonesia"
2012-09-08T09:22:17.930Z,-10.852,113.824,10,4.6,"271 km SSW of Jimbaran, Indonesia"
2012-09-08T07:36:37.630Z,-10.804,113.975,19.1,4.5,"257 km SSW of Jimbaran, Indonesia"
2012-09-08T06:42:35.840Z,-10.898,113.712,10,4.5,"281 km SSW of Muncar, Indonesia"
2012-09-08T06:42:02.680Z,-10.771,113.94,25,4.5,"256 km SSW of Jimbaran, Indonesia"
2012-09-08T04:29:03.650Z,-9.358,125.941,48.7,4.4,"50 km SE of Same, Timor Leste"
2012-09-07T19:48:53.110Z,-10.832,113.785,30.7,4.7,"271 km SW of Jimbaran, Indonesia"
2012-09-07T17:41:02.010Z,-10.73,113.833,4.8,5.4,"259 km SW of Jimbaran, Indonesia"
2012-09-07T14:45:10.730Z,-10.789,113.869,14.9,4.3,"262 km SSW of Jimbaran, Indonesia"
2012-09-07T09:41:26.650Z,-10.847,113.825,10,4.5,"270 km SSW of Jimbaran, Indonesia"
2012-09-07T05:21:09.470Z,-10.809,113.873,23.7,4.6,"264 km SSW of Jimbaran, Indonesia"
2012-09-05T17:47:58.190Z,-10.788,113.899,10,4.6,"260 km SSW of Jimbaran, Indonesia"
2012-09-05T03:01:10.830Z,-10.702,113.906,15,4.4,"252 km SSW of Jimbaran, Indonesia"
2012-09-05T02:06:54.470Z,-10.894,113.737,26.2,4,"279 km SSW of Muncar, Indonesia"
2012-09-05T00:48:04.770Z,-10.803,113.849,18.9,4.9,"264 km SSW of Jimbaran, Indonesia"
2012-09-04T21:19:31.380Z,-10.787,113.988,15,4.9,"255 km SSW of Jimbaran, Indonesia"
2012-09-04T20:00:01.810Z,-10.912,113.845,24.1,4.4,"275 km SSW of Jimbaran, Indonesia"
2012-09-04T19:52:36.100Z,-10.755,113.827,8.1,4.6,"261 km SW of Jimbaran, Indonesia"
2012-09-04T15:29:30.500Z,-10.78,113.812,10,4.3,"265 km SW of Jimbaran, Indonesia"
2012-09-04T14:35:12.460Z,-10.861,113.819,9.7,4.5,"272 km SSW of Jimbaran, Indonesia"
2012-09-04T14:08:24.430Z,-10.756,113.884,8.1,4.4,"258 km SSW of Jimbaran, Indonesia"
2012-09-04T13:42:12.330Z,-10.823,113.884,18.5,4.7,"264 km SSW of Jimbaran, Indonesia"
2012-09-04T13:40:08.920Z,-10.697,113.884,9,4.5,"253 km SSW of Jimbaran, Indonesia"
2012-09-04T13:31:04.180Z,-10.652,113.911,14.1,5.2,"247 km SW of Jimbaran, Indonesia"
2012-09-04T12:49:05.940Z,-10.818,113.879,10,4.8,"264 km SSW of Jimbaran, Indonesia"
2012-09-04T12:07:26.630Z,-10.771,113.822,10,5.2,"263 km SW of Jimbaran, Indonesia"
2012-09-04T11:38:14.900Z,-10.879,113.858,10,4.6,"271 km SSW of Jimbaran, Indonesia"
2012-09-04T04:27:13.020Z,-10.839,113.962,10,5,"261 km SSW of Jimbaran, Indonesia"
2012-09-04T00:08:24.830Z,-10.844,113.943,10,4.7,"263 km SSW of Jimbaran, Indonesia"
2012-09-03T18:50:05.390Z,-10.834,113.795,10,4.8,"271 km SSW of Jimbaran, Indonesia"
2012-09-03T18:23:05.230Z,-10.708,113.931,14,6.1,"251 km SSW of Jimbaran, Indonesia"
2012-09-03T14:48:02.870Z,-10.72,113.945,10,4.6,"251 km SSW of Jimbaran, Indonesia"
2012-09-03T14:26:43.350Z,-10.74,113.918,19.1,4.9,"255 km SSW of Jimbaran, Indonesia"
2012-08-31T20:41:24.450Z,-9.169,124.223,113.7,4.5,"17 km W of Pante Makasar, Timor Leste"
2012-08-26T09:19:32.330Z,-10.028,116.843,41.1,4.2,"159 km SSE of Praya, Indonesia"
2012-08-18T17:34:32.050Z,-11.628,116.485,35,4.1,"South of Lombok, Indonesia"
2012-08-18T08:58:16.900Z,-9.38,120.708,32.9,4.8,"57 km ENE of Waingapu, Indonesia"
2012-08-18T06:55:39.970Z,-9.137,114.198,90.7,4.3,"79 km S of Muncar, Indonesia"
2012-08-12T13:18:32.040Z,-10.41,111.063,41.5,4.7,"267 km SSW of Trenggalek, Indonesia"
2012-08-07T14:32:13.690Z,-9.284,112.437,50.6,4.5,"123 km SSW of Dampit, Indonesia"
2012-07-31T14:43:41.000Z,-9.196,113.362,46.1,4.3,"100 km S of Kencong, Indonesia"
2012-07-20T09:11:31.000Z,-38.282,146.164,13,4.6,"8 km S of Trafalgar, Australia"
2012-07-18T21:42:56.630Z,-10.371,112.534,10,4,"240 km S of Dampit, Indonesia"
2012-07-18T10:55:54.230Z,-9.291,123.288,104.1,4.4,"62 km WNW of Naisano Dua, Indonesia"
2012-07-17T17:42:26.460Z,-9.944,151.979,35,4.7,"162 km ENE of Samarai, Papua New Guinea"
2012-07-14T04:25:29.490Z,-9.724,112.913,35,4,"166 km SSW of Kencong, Indonesia"
2012-07-13T01:32:02.290Z,-9.64,113.028,35,4,"154 km SSW of Kencong, Indonesia"
2012-07-08T07:06:50.660Z,-9.832,119.1,70.4,4.4,"Sumba region, Indonesia"
2012-07-05T18:54:52.940Z,-10.885,116.984,35,4.7,"253 km SSE of Praya, Indonesia"
2012-06-30T17:04:41.810Z,-10.159,118.192,19.9,4.7,"181 km S of Dompu, Indonesia"
2012-06-28T12:10:05.370Z,-9.573,113.07,43.7,4.6,"146 km SSW of Kencong, Indonesia"
2012-06-28T11:37:01.170Z,-9.542,113.057,40.3,4.8,"143 km SSW of Kencong, Indonesia"
2012-06-19T10:53:29.000Z,-38.304,146.2,10,5.2,"11 km NNE of Mirboo North, Australia"
2012-06-18T14:01:19.900Z,-10.589,113.655,66,4.2,"248 km SSW of Gambiran Satu, Indonesia"
2012-06-13T18:51:53.380Z,-11.55,125.292,35,4.2,"216 km SSE of Soe, Indonesia"
2012-06-09T08:32:48.010Z,-11.388,116.281,11.1,4.2,"295 km S of Lembar, Indonesia"
2012-06-08T11:32:39.000Z,-30.748,150.4,0,4.1,"22 km ESE of Blair Athol, Australia"
2012-06-08T11:31:00.000Z,-30.759,150.413,0,4,"23 km ESE of Blair Athol, Australia"
2012-06-04T16:11:27.650Z,-9.178,118.44,85,4.3,"70 km S of Dompu, Indonesia"
2012-05-29T22:47:51.510Z,-11.511,125.161,10,4.3,"206 km SSE of Soe, Indonesia"
2012-05-27T09:27:11.980Z,-40.68,155.911,14.7,4.7,southeast of Australia
2012-05-11T18:27:41.680Z,-10.582,128.104,116.2,4.5,"258 km SSE of Lospalos, Timor Leste"
2012-04-28T08:55:57.590Z,-10.037,124.497,35,4.5,"30 km SE of Soe, Indonesia"
2012-04-23T05:37:53.600Z,-9.713,118.223,45.7,4,"132 km SSW of Dompu, Indonesia"
2012-04-20T21:45:29.330Z,-9.891,113.536,55.1,4.4,"south of Java, Indonesia"
2012-04-14T17:11:44.270Z,-10.837,112.58,35,4.5,"290 km S of Dampit, Indonesia"
2012-04-11T16:21:47.000Z,-10.559,113.731,22.1,4.9,"243 km S of Gambiran Satu, Indonesia"
2012-04-07T01:48:18.540Z,-9.828,118.998,59,4.1,"140 km W of Waingapu, Indonesia"
2012-04-05T01:44:41.150Z,-10.207,123.705,19.3,4.7,"11 km ESE of Kupang, Indonesia"
2012-03-28T23:09:46.650Z,-9.268,113.501,55.2,4.8,"109 km S of Kencong, Indonesia"
2012-03-28T13:07:47.970Z,-9.298,118.41,81.6,4.4,"Sumbawa region, Indonesia"
2012-03-23T09:25:14.000Z,-26.163,131.955,7,5.3,"140 km SE of Yulara, Australia"
2012-03-20T12:34:07.540Z,-9.386,120.528,14.8,4.8,"41 km NE of Waingapu, Indonesia"
2012-03-16T11:24:36.000Z,-26.174,131.824,15,4.3,"133 km SE of Yulara, Australia"
2012-03-15T15:56:29.780Z,-9.587,119.332,59.6,4.5,"102 km W of Waingapu, Indonesia"
2012-03-10T19:19:40.890Z,-10.777,113.426,31.1,4.5,"275 km SSW of Gambiran Satu, Indonesia"
2012-03-09T21:27:09.780Z,-9.024,113.018,76.6,4.4,"90 km SSW of Kencong, Indonesia"
2012-02-22T17:12:14.730Z,-9.553,125.164,25.1,4.3,"28 km SSW of Suai, Timor Leste"
2012-02-14T07:06:08.080Z,-9.609,117.541,57.5,4.3,"124 km S of Sumbawa Besar, Indonesia"
2012-02-07T19:45:27.050Z,-9.744,122.361,38.9,4.7,"125 km S of Maumere, Indonesia"
2012-02-02T07:59:54.520Z,-9.835,120.454,52.8,4.9,"28 km SE of Waingapu, Indonesia"
2012-01-31T15:46:18.100Z,-9.357,125.447,13.2,4.3,"21 km ESE of Suai, Timor Leste"
2012-01-28T02:14:28.050Z,-10.176,116.285,26.2,4.1,"161 km S of Lembar, Indonesia"
2012-01-27T17:16:25.930Z,-10.369,116.013,7,5.1,"181 km S of Lembar, Indonesia"
2012-01-23T04:16:06.210Z,-9.461,113.351,56.8,4.6,"south of Java, Indonesia"
2012-01-14T20:10:16.070Z,-10.148,110.42,34.9,4.2,"242 km S of Pundong, Indonesia"
2012-01-10T04:54:30.300Z,-9.129,123.724,89.1,4.3,"52 km N of Naisano Dua, Indonesia"
2012-01-04T04:41:03.460Z,-11.131,119.053,2.7,4.9,"210 km SW of Waingapu, Indonesia"
2011-12-29T20:06:34.660Z,-11.116,110.909,35,4.9,"south of Java, Indonesia"
2011-12-25T02:25:39.300Z,-10.618,119.311,39.8,4,"149 km SW of Waingapu, Indonesia"
2011-12-23T10:24:15.980Z,-10.466,123.708,35,4.5,"34 km SSE of Kupang, Indonesia"
2011-12-17T05:23:32.660Z,-10.928,114.821,20.5,4.2,"239 km S of Jimbaran, Indonesia"
2011-12-16T22:28:04.430Z,-10.456,124.86,13.4,4,"91 km SE of Soe, Indonesia"
2011-12-13T09:44:46.800Z,-10.47,124.035,35,4.7,"57 km SE of Kupang, Indonesia"
2011-12-05T19:10:00.000Z,-21.51,114.42,15,5.2,"55 km NNE of Exmouth, Australia"
2011-12-04T01:28:55.610Z,-9.797,123.627,72.4,4.1,"27 km SW of Naisano Dua, Indonesia"
2011-12-02T06:09:37.800Z,-11.136,110.925,10,4.7,"south of Java, Indonesia"
2011-11-26T22:35:36.940Z,-9.594,120.061,54.7,4.5,"23 km WNW of Waingapu, Indonesia"
2011-11-18T12:23:55.220Z,-10.775,113.745,40,4.8,"266 km SSW of Muncar, Indonesia"
2011-11-15T03:39:24.890Z,-9.097,127.105,39.9,4.5,"64 km S of Lospalos, Timor Leste"
2011-11-14T13:20:13.470Z,-9.613,124.73,13.8,4.4,"33 km ESE of Kefamenanu, Indonesia"
2011-11-08T02:41:52.810Z,-9.32,122.718,81.8,5.1,"95 km SE of Maumere, Indonesia"
2011-11-06T04:13:46.410Z,-9.275,114.13,57.9,4.4,"95 km SSW of Muncar, Indonesia"
2011-11-02T02:34:50.060Z,-11.389,118.173,35,4.1,"298 km SW of Waingapu, Indonesia"
2011-10-30T04:13:45.860Z,-10.277,154.706,35,4.2,D'Entrecasteaux Islands region
2011-10-30T03:14:40.690Z,-9.393,119.79,78,4.4,"59 km WNW of Waingapu, Indonesia"
2011-10-28T09:08:38.140Z,-40.609,126.596,10,4.8,south of Australia
2011-10-25T20:39:57.150Z,-9.631,124.368,61.3,4,"23 km SSW of Kefamenanu, Indonesia"
2011-10-23T07:58:53.030Z,-9.805,118.867,51.3,4.1,"147 km SSE of Dompu, Indonesia"
2011-10-19T00:50:45.740Z,-9.425,124.785,32.3,5,"33 km E of Kefamenanu, Indonesia"
2011-10-15T10:38:10.000Z,-32.286,138.819,0,4.6,"73 km E of Quorn, Australia"
2011-10-13T12:16:33.660Z,-12.002,119.846,10,4.6,"263 km S of Waingapu, Indonesia"
2011-10-13T07:52:45.370Z,-9.43,114.527,35,4.9,"99 km SW of Jimbaran, Indonesia"
2011-10-13T03:16:30.160Z,-9.35,114.587,39,6.1,"88 km SW of Jimbaran, Indonesia"
2011-10-06T07:34:50.020Z,-9.259,128.268,45.5,4,"161 km ESE of Lospalos, Timor Leste"
2011-10-04T12:27:58.640Z,-10.182,123.017,54.9,4.6,"64 km W of Kupang, Indonesia"
2011-10-03T22:08:06.850Z,-9.227,120.246,84.6,5,"47 km N of Waingapu, Indonesia"
2011-09-30T02:03:49.700Z,-9.687,119.442,61.4,4,"90 km W of Waingapu, Indonesia"
2011-09-29T17:25:28.630Z,-10.664,113.892,20.2,4.8,"249 km SW of Jimbaran, Indonesia"
2011-09-21T19:52:30.710Z,-9.587,117.82,46.2,5.2,"128 km SSE of Sumbawa Besar, Indonesia"
2011-09-17T16:28:29.000Z,-20.214,147.614,5,4.3,"44 km NNW of Collinsville, Australia"
2011-09-12T03:47:47.610Z,-9.768,117.743,63.8,4.4,"145 km SSE of Sumbawa Besar, Indonesia"
2011-09-11T00:09:09.780Z,-10.451,123.936,8.4,4.7,"47 km SE of Kupang, Indonesia"
2011-09-04T11:15:11.000Z,-33.079,138.713,2,4.1,"16 km SW of Peterborough, Australia"
2011-09-01T03:57:57.810Z,-12.064,117.377,10,4.6,"south of Sumbawa, Indonesia"
2011-08-24T16:41:41.070Z,-11.16,115.485,23.9,4.3,"262 km S of Nusa Dua, Indonesia"
2011-07-24T00:09:11.700Z,-9.261,128.093,10,4.5,"145 km SE of Lospalos, Timor Leste"
2011-07-16T14:25:37.440Z,-9.017,111.219,58,4.4,"117 km SSW of Trenggalek, Indonesia"
2011-07-14T05:51:36.000Z,-20.865,120.356,12,4,"72 km ENE of Marble Bar, Australia"
2011-07-13T11:26:40.760Z,-11.082,114.991,35,4.1,"253 km S of Nusa Dua, Indonesia"
2011-07-12T10:26:45.110Z,-9.576,148.973,35,4,"121 km SE of Popondetta, Papua New Guinea"
2011-07-11T21:17:06.580Z,-11.107,120.519,14.8,4.5,"162 km S of Waingapu, Indonesia"
2011-07-05T01:32:11.000Z,-38.412,145.839,2,4.4,"2 km NNE of Korumburra, Australia"
2011-07-03T15:55:18.060Z,-9.599,155.018,10,4.6,"260 km SW of Gizo, Solomon Islands"
2011-07-01T04:39:09.390Z,-12.555,114.38,10,4.6,northwest of Australia
2011-06-29T11:35:55.140Z,-9.577,113.759,41,4.4,"137 km SSW of Gambiran Satu, Indonesia"
2011-06-28T02:07:31.930Z,-9.198,121.577,114,4.5,"40 km SSW of Ende, Indonesia"
2011-06-22T01:59:15.240Z,-9.374,125.51,40.3,4.2,"28 km ESE of Suai, Timor Leste"
2011-06-19T16:35:45.910Z,-9.499,112.838,49.2,4.3,"142 km S of Dampit, Indonesia"
2011-06-13T20:03:35.160Z,-10.351,122.325,68.1,4.6,"141 km W of Kupang, Indonesia"
2011-06-13T12:04:04.280Z,-9.234,122.977,85.8,4.6,"95 km WNW of Naisano Dua, Indonesia"
2011-06-07T06:16:49.600Z,-11.127,113.741,35,4.5,"south of Java, Indonesia"
2011-05-24T04:51:39.790Z,-10.577,117.199,21.1,4.8,"230 km SSE of Praya, Indonesia"
2011-05-20T20:03:29.000Z,-23.46,119.332,9,4.7,"42 km WSW of Newman, Australia"
2011-05-18T05:01:39.470Z,-9.292,112.561,35,5.1,"121 km S of Dampit, Indonesia"
2011-05-17T11:01:54.130Z,-9.772,124.316,10,4.6,"10 km NNE of Soe, Indonesia"
2011-05-17T09:45:07.440Z,-9.779,124.362,10,4.6,"12 km NE of Soe, Indonesia"
2011-05-17T00:14:57.650Z,-9.203,112.585,28,5.7,"111 km S of Dampit, Indonesia"
2011-05-12T14:33:10.830Z,-9.881,114.073,35,4.2,"162 km S of Muncar, Indonesia"
2011-05-07T05:23:36.000Z,-17.735,122.881,10,4.4,"62 km NE of Roebuck, Australia"
2011-05-06T05:41:45.150Z,-11.813,115.768,35,4.5,"south of Bali, Indonesia"
2011-04-22T05:18:02.820Z,-9.17,110.621,106,4,"137 km SSE of Pundong, Indonesia"
2011-04-22T03:34:22.230Z,-9.219,110.405,60.5,4.2,"140 km S of Pundong, Indonesia"
2011-04-17T18:41:18.460Z,-19.921,113.73,10,5.3,"226 km N of Exmouth, Australia"
2011-04-16T21:03:55.530Z,-10.078,123.971,51.5,4.2,"41 km ENE of Kupang, Indonesia"
2011-04-16T20:03:50.010Z,-9.517,123.113,116.6,4.4,"72 km W of Naisano Dua, Indonesia"
2011-04-16T07:06:52.000Z,-20.17,147.679,0,4,"45 km NNW of Collinsville, Australia"
2011-04-16T05:31:18.000Z,-20.085,147.764,7,5,"Queensland, Australia"
2011-04-15T11:59:11.870Z,-9.714,114.011,39.3,4.8,"146 km SSW of Muncar, Indonesia"
2011-04-15T08:38:16.130Z,-9.633,114.13,59.7,4.4,"134 km S of Muncar, Indonesia"
2011-04-08T06:05:24.590Z,-42.46,120.156,10,5,south of Australia
2011-04-05T13:52:53.820Z,-9.678,112.779,43,4.1,"162 km S of Dampit, Indonesia"
2011-04-04T23:11:04.000Z,-9.251,114.008,61.1,4.6,"96 km S of Gambiran Satu, Indonesia"
2011-04-01T02:14:31.270Z,-10.528,118.636,45.5,4.3,"202 km WSW of Waingapu, Indonesia"
2011-03-27T04:18:39.930Z,-9.146,122.287,83.2,4.4,"58 km S of Maumere, Indonesia"
2011-03-26T20:19:50.430Z,-9.332,121.813,67.1,4.4,Savu Sea
2011-03-23T02:57:41.530Z,-9.207,123.859,85.8,4.4,"44 km NNE of Naisano Dua, Indonesia"
2011-03-23T00:07:32.810Z,-9.39,114.019,52.6,4.8,"111 km S of Gambiran Satu, Indonesia"
2011-03-06T11:27:09.630Z,-10.882,116.284,35,4,"239 km S of Lembar, Indonesia"
2011-03-06T10:11:36.230Z,-9.258,119.352,88,4.5,"75 km SSW of Komodo, Indonesia"
2011-02-22T18:56:20.360Z,-9.403,112.048,34.7,4.4,"143 km S of Boyolangu, Indonesia"
2011-02-21T21:59:36.000Z,-20.903,135.419,0.6,4,"188 km SE of Tennant Creek, Australia"
2011-02-20T13:41:14.810Z,-10.574,120.158,49,4.3,"102 km S of Waingapu, Indonesia"
2011-02-20T00:47:09.250Z,-9.965,116.268,43.2,4,"138 km S of Lembar, Indonesia"
2011-02-18T07:00:52.370Z,-11.199,116.861,35,4.4,"283 km SSE of Praya, Indonesia"
2011-02-14T11:43:55.540Z,-10.06,113.795,48,4.9,"188 km SSW of Gambiran Satu, Indonesia"
2011-02-08T15:27:00.080Z,-9.996,113.88,50.3,5.2,"south of Java, Indonesia"
2011-02-01T00:04:21.830Z,-10.598,114.304,35,4.2,"220 km SSW of Jimbaran, Indonesia"
2011-01-31T16:47:16.530Z,-9.237,110.635,49.8,4.1,"south of Java, Indonesia"
2011-01-15T08:58:40.550Z,-9.366,121.448,74.9,4.4,"62 km SSW of Ende, Indonesia"
2011-01-11T17:34:23.470Z,-9.344,120.731,68,4.3,"61 km NE of Waingapu, Indonesia"
2011-01-06T23:12:22.100Z,-11.564,117.939,10,4.3,"south of Sumbawa, Indonesia"
2011-01-03T21:24:26.060Z,-10.318,113.313,25.6,4.5,"225 km S of Kencong, Indonesia"
2010-12-23T23:23:46.940Z,-9.78,124.59,54.5,4.2,"34 km ENE of Soe, Indonesia"
2010-12-19T02:31:04.850Z,-9.221,120.435,46,4.1,"51 km NNE of Waingapu, Indonesia"
2010-12-11T17:49:29.000Z,-9.426,123.532,70.2,4.4,"32 km NW of Naisano Dua, Indonesia"
2010-12-11T03:31:05.790Z,-10.948,124.224,39.4,4,"109 km SE of Kupang, Indonesia"
2010-12-06T01:43:00.640Z,-9.116,127.268,35,4.5,"72 km SSE of Lospalos, Timor Leste"
2010-12-04T23:52:19.170Z,-9.06,116.744,5.5,4.1,"62 km S of Labuan Lombok, Indonesia"
2010-12-04T00:54:21.420Z,-9.669,117.031,17.9,4.3,"135 km SSE of Labuan Lombok, Indonesia"
2010-11-23T23:09:44.630Z,-10.493,123.957,25.6,4,"52 km SE of Kupang, Indonesia"
2010-11-16T23:22:47.800Z,-9.003,123.955,101.4,4.8,"51 km WNW of Pante Makasar, Timor Leste"
2010-11-09T11:05:33.010Z,-9.343,119.29,76.3,4.6,"86 km SSW of Komodo, Indonesia"
2010-11-08T23:48:26.700Z,-9.361,152.843,48.4,4.7,"276 km ENE of Samarai, Papua New Guinea"
2010-10-30T16:55:45.470Z,-9.403,119.347,95.9,4,"91 km S of Komodo, Indonesia"
2010-10-29T23:58:27.990Z,-9.758,150.111,21.7,4.3,"72 km NNW of Alotau, Papua New Guinea"
2010-10-23T18:09:38.420Z,-10.667,120.316,35,4.5,"111 km S of Waingapu, Indonesia"
2010-10-10T02:30:18.000Z,-32.902,139.961,0,4.5,"105 km E of Peterborough, Australia"
2010-10-10T01:40:30.460Z,-9.73,148.865,35,4.1,"127 km SSE of Popondetta, Papua New Guinea"
2010-10-08T03:14:54.620Z,-9.48,119.23,80.3,4,"102 km SSW of Komodo, Indonesia"
2010-10-01T01:24:26.100Z,-10.925,113.794,15.4,5.3,"279 km SSW of Jimbaran, Indonesia"
2010-09-29T09:09:25.000Z,-29.568,143.752,0,4.2,"218 km WNW of Bourke, Australia"
2010-09-27T06:33:50.380Z,-9.131,118.776,10,4.8,"74 km SSE of Dompu, Indonesia"
2010-09-23T07:16:08.010Z,-9.153,113.987,79.8,4.1,"85 km SSW of Gambiran Satu, Indonesia"
2010-09-13T11:48:53.850Z,-9.158,126.356,10,4.5,"33 km S of Viqueque, Timor Leste"
2010-09-04T11:37:20.800Z,-9.139,150.245,10,4.9,"132 km N of Alotau, Papua New Guinea"
2010-08-26T09:45:03.500Z,-9.733,124.779,10,4.5,"45 km SE of Kefamenanu, Indonesia"
2010-08-21T20:30:04.840Z,-9.772,123.445,10,4.8,"40 km WSW of Naisano Dua, Indonesia"
2010-08-13T01:23:26.030Z,-38.036,111.579,10,4.2,southwest of Australia
2010-08-08T12:21:19.070Z,-9.484,124.382,15.2,4.2,"11 km WSW of Kefamenanu, Indonesia"
2010-08-04T14:27:38.590Z,-9.687,118.038,48.1,4.9,"135 km SSW of Dompu, Indonesia"
2010-07-30T21:29:22.000Z,-32.175,138.141,10,4.2,"21 km NNE of Quorn, Australia"
2010-07-29T16:52:01.140Z,-10.254,124.947,26.8,4.5,"84 km ESE of Soe, Indonesia"
2010-07-26T04:54:58.310Z,-10.356,112.172,17.2,4.8,"245 km S of Sumberpucung, Indonesia"
2010-07-24T19:17:56.000Z,-12.548,114.522,10,5,northwest of Australia
2010-07-20T14:31:12.170Z,-9.159,119.038,93.7,4.7,"80 km SW of Komodo, Indonesia"
2010-07-19T05:18:05.260Z,-9.049,110.536,35,4,"123 km S of Pundong, Indonesia"
2010-07-05T16:29:57.880Z,-9.971,124.929,13.3,4.4,"71 km E of Soe, Indonesia"
2010-07-03T20:39:53.190Z,-9.426,123.797,35,4.2,"19 km N of Naisano Dua, Indonesia"
2010-07-02T20:39:36.240Z,-9.108,125.652,10,4.4,"11 km S of Same, Timor Leste"
2010-06-24T12:08:52.480Z,-10.371,117.511,35,4.7,"207 km S of Sumbawa Besar, Indonesia"
2010-06-22T10:46:00.910Z,-10.188,116.579,44,4.4,"167 km SSE of Praya, Indonesia"
2010-06-21T05:04:45.600Z,-9.23,125.216,10,4.5,"10 km NNW of Suai, Timor Leste"
2010-06-15T21:51:21.080Z,-9.286,113.554,66.3,4.7,"112 km S of Kencong, Indonesia"
2010-06-05T21:47:00.000Z,-33.559,136.714,15,4.7,"23 km NW of Cowell, Australia"
2010-06-04T16:47:27.770Z,-9.001,112.427,34.1,4.8,"93 km S of Sumberpucung, Indonesia"
2010-05-26T15:55:57.240Z,-9.262,113.588,66.1,4.8,"110 km SSE of Kencong, Indonesia"
2010-05-26T14:12:41.730Z,-10.135,121.305,24.8,4.1,"125 km ESE of Waingapu, Indonesia"
2010-05-26T08:43:02.110Z,-10.177,121.387,38.7,4.1,"135 km ESE of Waingapu, Indonesia"
2010-05-26T07:51:09.660Z,-10.116,121.448,35,5,"139 km ESE of Waingapu, Indonesia"
2010-05-26T07:48:56.810Z,-10.095,121.486,42.6,4.9,"139 km S of Ende, Indonesia"
2010-05-21T19:56:53.860Z,-9.463,112.844,51.3,4.6,"138 km S of Dampit, Indonesia"
2010-05-19T15:36:38.280Z,-11.706,119.176,21.5,4,"256 km SSW of Waingapu, Indonesia"
2010-05-08T20:42:33.170Z,-9.723,118.589,48.4,4.5,"131 km S of Dompu, Indonesia"
2010-05-07T11:44:46.370Z,-10.408,123.503,11.3,5,"Timor region, Indonesia"
2010-05-07T04:33:21.370Z,-9.163,113.1,59.9,4.7,"101 km SSW of Kencong, Indonesia"
2010-05-04T04:09:31.730Z,-9,117.388,47.4,4.2,"56 km S of Sumbawa Besar, Indonesia"
2010-04-26T05:06:29.380Z,-9.944,123.459,67.1,4.2,"29 km NNW of Kupang, Indonesia"
2010-04-25T05:00:53.670Z,-10.137,124.912,20,4.7,"75 km ESE of Soe, Indonesia"
2010-04-20T00:17:08.000Z,-30.794,121.406,0,5.2,"5 km WSW of Somerville, Australia"
2010-04-15T04:01:44.170Z,-10.852,115.492,29.9,4.1,"228 km S of Nusa Dua, Indonesia"
2010-04-09T16:34:25.960Z,-9.6,149.848,37.2,5.4,"103 km NW of Alotau, Papua New Guinea"
2010-04-08T04:51:18.270Z,-9.553,124.018,89.7,4.7,"27 km E of Naisano Dua, Indonesia"
2010-04-06T00:25:16.360Z,-9.161,123.465,104.3,4.8,"58 km NW of Naisano Dua, Indonesia"
2010-04-05T11:23:41.220Z,-42.627,124.949,10,5.1,south of Australia
2010-04-05T11:16:35.270Z,-42.607,124.82,10,4.3,south of Australia
2010-04-02T04:07:36.100Z,-9.162,112.811,51.9,4.4,"105 km S of Dampit, Indonesia"
2010-03-26T08:09:55.790Z,-9.067,110.545,35,4.4,"125 km S of Pundong, Indonesia"
2010-03-25T20:36:41.010Z,-9.517,118.435,80.6,4.3,"108 km S of Dompu, Indonesia"
2010-03-15T11:19:13.410Z,-9.324,118.317,91.1,4.5,"88 km S of Dompu, Indonesia"
2010-03-01T17:28:38.920Z,-10.949,124.196,38.9,4.4,"Timor region, Indonesia"
2010-02-28T04:58:22.480Z,-9.506,119.368,88.1,4.6,"99 km W of Waingapu, Indonesia"
2010-02-22T19:10:41.350Z,-9.8,123.066,69.4,4.2,"72 km NW of Kupang, Indonesia"
2010-02-11T18:43:09.710Z,-9.905,113.845,51,5.8,"170 km S of Gambiran Satu, Indonesia"
2010-02-10T06:33:44.260Z,-9.26,111.025,35,5,"150 km SSW of Trenggalek, Indonesia"
2010-01-18T10:18:08.290Z,-9.724,113.912,41.7,4.3,"149 km S of Gambiran Satu, Indonesia"
2010-01-05T17:09:52.050Z,-11.174,124.509,10,4.1,"147 km S of Soe, Indonesia"
2010-01-04T22:49:00.100Z,-9.32,125.021,35,4.5,"25 km W of Suai, Timor Leste"
2009-12-31T02:17:14.160Z,-9.457,117.709,75.9,4.5,"111 km SSE of Sumbawa Besar, Indonesia"
2009-12-28T23:41:16.590Z,-10.66,120.289,30.2,4.3,"111 km S of Waingapu, Indonesia"
2009-12-28T15:00:23.520Z,-10.131,124.637,10,5.2,"48 km SE of Soe, Indonesia"
2009-12-26T09:36:32.430Z,-10.41,119.052,35,4.9,"156 km WSW of Waingapu, Indonesia"
2009-12-19T17:17:29.810Z,-42.564,120.404,10,4.6,south of Australia
2009-12-14T03:05:24.380Z,-10.028,123.661,45.8,5.5,"16 km NNE of Kupang, Indonesia"
2009-12-13T10:44:42.990Z,-10.559,119.083,58.4,4.7,"163 km SW of Waingapu, Indonesia"
2009-12-02T01:59:35.170Z,-11.139,116.023,41.7,4.3,"266 km S of Lembar, Indonesia"
2009-11-29T04:31:50.930Z,-10.728,118.563,13,4.4,"220 km WSW of Waingapu, Indonesia"
2009-11-28T18:59:09.380Z,-10.641,118.946,37.7,4.7,"180 km SW of Waingapu, Indonesia"
2009-11-28T12:36:49.050Z,-10.703,118.717,35,4.5,"205 km SW of Waingapu, Indonesia"
2009-11-28T11:53:35.440Z,-10.621,118.761,30.1,4.6,"196 km WSW of Waingapu, Indonesia"
2009-11-28T06:36:04.300Z,-10.635,118.877,33,4.2,"186 km SW of Waingapu, Indonesia"
2009-11-28T06:25:22.790Z,-10.671,118.992,35,4.2,"178 km SW of Waingapu, Indonesia"
2009-11-28T06:18:00.090Z,-10.438,118.997,35,4.6,"163 km WSW of Waingapu, Indonesia"
2009-11-28T06:04:22.200Z,-10.403,118.885,15,6,"172 km WSW of Waingapu, Indonesia"
2009-11-28T04:25:04.310Z,-10.493,118.934,35,4.7,"172 km WSW of Waingapu, Indonesia"
2009-11-28T01:09:57.930Z,-10.703,118.75,28.9,4.4,"202 km SW of Waingapu, Indonesia"
2009-11-28T00:04:36.980Z,-10.435,118.848,35,5.1,"177 km WSW of Waingapu, Indonesia"
2009-11-27T23:36:10.000Z,-10.566,118.852,35,4.9,"184 km WSW of Waingapu, Indonesia"
2009-11-24T04:00:35.340Z,-10.623,118.888,35,4.9,"184 km SW of Waingapu, Indonesia"
2009-11-23T21:30:36.890Z,-10.421,119.115,35.7,4.1,"151 km SW of Waingapu, Indonesia"
2009-11-21T07:04:27.320Z,-10.688,118.911,40.9,4.3,"187 km SW of Waingapu, Indonesia"
2009-11-21T04:29:05.210Z,-10.556,118.84,41.9,4.7,"185 km WSW of Waingapu, Indonesia"
2009-11-05T08:06:42.070Z,-10.605,110.094,35,4.1,"294 km S of Bambanglipuro, Indonesia"
2009-10-24T21:04:27.730Z,-10.04,118.685,17.4,5,"168 km S of Dompu, Indonesia"
2009-10-24T20:54:50.840Z,-9.896,118.793,35,5.6,"154 km SSE of Dompu, Indonesia"
2009-10-22T16:33:37.280Z,-42.806,124.572,10,4.5,south of Australia
2009-10-18T16:46:56.300Z,-11.562,117.899,21,4.5,"south of Sumbawa, Indonesia"
2009-10-17T16:16:45.330Z,-9.153,127.094,53.6,4.8,"70 km S of Lospalos, Timor Leste"
2009-10-16T12:58:02.260Z,-10.487,124.718,35,4.8,"84 km SE of Soe, Indonesia"
2009-10-15T09:44:11.970Z,-9.093,123.095,92.2,4.5,"92 km NW of Naisano Dua, Indonesia"
2009-10-01T18:30:49.660Z,-9.385,122.22,80.5,4.5,"84 km S of Maumere, Indonesia"
2009-09-19T02:40:12.050Z,-9.214,115.685,84,4.2,"67 km SE of Nusa Dua, Indonesia"
2009-09-18T23:06:57.720Z,-9.138,115.593,79,5.7,"54 km SE of Nusa Dua, Indonesia"
2009-09-14T22:16:29.090Z,-9.857,155.137,35,4.2,"269 km SW of Gizo, Solomon Islands"
2009-09-07T16:12:22.560Z,-10.198,110.628,23,6.2,"250 km S of Pundong, Indonesia"
2009-09-05T07:47:52.210Z,-11.539,118.278,35,4.2,"south of Sumbawa, Indonesia"
2009-09-02T00:36:54.580Z,-9.224,154.079,10,4.9,D'Entrecasteaux Islands region
2009-08-28T02:52:48.010Z,-9.202,154.166,10,5.1,D'Entrecasteaux Islands region
2009-08-13T10:48:17.960Z,-9.009,111.23,35,4,"south of Java, Indonesia"
2009-08-12T04:56:54.000Z,-38.799,137.469,10,4.7,"271 km SW of Robe, Australia"
2009-08-10T13:12:49.190Z,-9.135,123.089,79.7,4.5,"90 km NW of Naisano Dua, Indonesia"
2009-08-05T22:27:54.050Z,-38.872,137.298,10,4.3,"287 km SW of Robe, Australia"
2009-08-05T21:43:26.190Z,-38.844,137.239,10,5,"289 km SW of Robe, Australia"
2009-08-01T22:00:50.480Z,-9.187,123.184,113,5.3,"78 km NW of Naisano Dua, Indonesia"
2009-08-01T05:06:19.380Z,-9.106,113.275,50.1,4.4,"91 km S of Kencong, Indonesia"
2009-07-31T03:21:37.600Z,-10.137,118.911,60.4,4.4,"south of Sumbawa, Indonesia"
2009-07-31T00:05:27.150Z,-9.962,118.752,18.3,5.1,"160 km SSE of Dompu, Indonesia"
2009-07-26T16:44:29.920Z,-11.974,121.127,9.7,4.6,"273 km SSE of Waingapu, Indonesia"
2009-07-20T11:08:36.310Z,-9.576,118.759,50,4,"119 km SSE of Dompu, Indonesia"
2009-07-13T10:52:19.950Z,-9.139,119.32,65,5.9,"63 km SSW of Komodo, Indonesia"
2009-07-08T22:16:06.630Z,-11.615,118.009,35,4,"south of Sumbawa, Indonesia"
2009-06-25T15:16:49.000Z,-30.619,117.468,0,4.2,"122 km NW of Merredin, Australia"
2009-06-25T12:52:21.470Z,-9.288,116.937,72,4.3,"92 km SSE of Labuan Lombok, Indonesia"
2009-06-05T18:08:35.170Z,-9.17,123.728,56,5,"47 km N of Naisano Dua, Indonesia"
2009-05-23T21:22:08.720Z,-9.308,124.522,35,4,Timor region
2009-05-17T05:59:59.280Z,-9.083,124.163,35,4.3,"27 km WNW of Pante Makasar, Timor Leste"
2009-05-09T00:28:56.610Z,-11.298,118.634,10,4.6,"254 km SW of Waingapu, Indonesia"
2009-04-29T21:31:24.840Z,-10.535,118.825,43.9,4.8,"185 km WSW of Waingapu, Indonesia"
2009-04-14T22:24:42.320Z,-42.7,124.594,10,4.5,south of Australia
2009-04-09T08:18:36.400Z,-9.874,120.646,29.5,4.8,"48 km ESE of Waingapu, Indonesia"
2009-04-08T05:31:50.000Z,-34.148,116.881,0,4.1,"43 km SW of Kojonup, Australia"
2009-04-06T00:15:13.530Z,-9.394,124.035,39.5,4.5,"36 km NE of Naisano Dua, Indonesia"
2009-04-05T22:11:17.170Z,-9.346,124.035,35,4.7,"40 km NE of Naisano Dua, Indonesia"
2009-04-05T19:45:27.040Z,-9.275,124.156,10,5.1,"26 km WSW of Pante Makasar, Timor Leste"
2009-04-01T21:48:40.210Z,-9.872,150.823,35,4.2,"63 km NE of Alotau, Papua New Guinea"
2009-03-18T05:28:17.000Z,-38.425,145.822,15,4.3,"0 km N of Korumburra, Australia"
2009-03-09T12:53:15.860Z,-9.818,112.957,35,4.9,"175 km SSW of Kencong, Indonesia"
2009-03-07T00:36:14.500Z,-9.329,124.847,33.2,5,"25 km SSW of Atambua, Indonesia"
2009-03-06T09:55:36.000Z,-38.445,145.839,14,4.5,"1 km SE of Korumburra, Australia"
2009-03-06T01:35:57.710Z,-16.167,121.299,10,4.7,"187 km WNW of Dampier Peninsula, Australia"
2009-03-05T12:53:51.000Z,-30.208,117.774,0,4.6,"149 km NNW of Merredin, Australia"
2009-02-26T00:59:10.760Z,-11.436,118.499,35,4,"275 km SW of Waingapu, Indonesia"
2009-02-15T12:03:51.260Z,-11.168,111.077,10,4,"south of Java, Indonesia"
2009-02-14T23:23:15.430Z,-11.234,123.454,10,4.6,"118 km S of Kupang, Indonesia"
2009-02-04T16:17:58.600Z,-9.121,123.759,99.5,4.5,"52 km N of Naisano Dua, Indonesia"
2009-01-31T11:55:21.000Z,-30.215,117.798,0,4.3,"147 km NNW of Merredin, Australia"
2009-01-31T08:47:03.000Z,-30.23,117.784,2,4.2,"146 km NNW of Merredin, Australia"
2009-01-29T11:02:56.390Z,-9.087,124.238,51,4.7,"20 km NW of Pante Makasar, Timor Leste"
2009-01-29T04:45:05.520Z,-9.009,124.114,65.9,5,"36 km NW of Pante Makasar, Timor Leste"
2009-01-27T00:57:35.930Z,-11.379,117.55,12.3,5.1,"south of Sumbawa, Indonesia"
2009-01-26T00:29:20.000Z,-32.79,139.01,17,4.6,"25 km NE of Peterborough, Australia"
2009-01-20T21:09:36.010Z,-10.613,115.067,35,4.5,"201 km S of Nusa Dua, Indonesia"
2009-01-20T12:34:34.050Z,-10.685,115.025,30.9,5.1,"209 km S of Nusa Dua, Indonesia"
2009-01-07T04:43:55.090Z,-9.114,123.846,54.3,5,"54 km N of Naisano Dua, Indonesia"
2009-01-01T06:28:53.570Z,-9.614,120.72,20,4.2,"50 km E of Waingapu, Indonesia"
2008-12-30T18:09:24.770Z,-10.248,118.459,49.3,5.2,"189 km S of Dompu, Indonesia"
2008-12-27T16:45:56.840Z,-11.195,111.476,35,4.1,"south of Java, Indonesia"
2008-12-21T01:56:44.710Z,-11.349,116.257,44.8,4.3,"290 km S of Lembar, Indonesia"
2008-12-19T10:16:34.970Z,-9.783,122.696,84.1,4,"108 km WNW of Kupang, Indonesia"
2008-12-18T16:08:34.460Z,-9.187,123.948,98.6,4.3,"47 km W of Pante Makasar, Timor Leste"
2008-12-16T20:49:20.330Z,-11.674,122.203,10,4.3,"226 km SW of Kupang, Indonesia"
2008-12-14T15:59:53.630Z,-9.674,151.575,32.8,5,"141 km ENE of Alotau, Papua New Guinea"
2008-12-12T07:56:56.720Z,-11.462,119.768,21.8,4.2,"206 km SSW of Waingapu, Indonesia"
2008-12-11T13:57:03.720Z,-9.492,113.831,41.4,4.8,"126 km SSW of Gambiran Satu, Indonesia"
2008-11-26T01:07:23.920Z,-11.213,114.25,35,4.2,"285 km SSW of Jimbaran, Indonesia"
2008-11-22T16:53:02.960Z,-9.617,112.751,35,4.5,"155 km S of Dampit, Indonesia"
2008-11-17T16:11:48.820Z,-9.302,124.135,76.6,4.5,"29 km WSW of Pante Makasar, Timor Leste"
2008-11-16T02:02:18.000Z,-31.402,138.729,19,4.2,"123 km NNE of Quorn, Australia"
2008-11-04T15:16:26.040Z,-11.355,116.168,30.2,4.9,"290 km S of Lembar, Indonesia"
2008-11-04T14:53:29.340Z,-11.352,116.214,30.7,4,"290 km S of Lembar, Indonesia"
2008-11-03T10:37:42.980Z,-9.116,116.909,63.5,4.6,"73 km SSE of Labuan Lombok, Indonesia"
2008-11-01T21:02:43.220Z,-9.05,118.797,89.1,4.7,"65 km S of Bima, Indonesia"
2008-10-25T13:06:31.920Z,-9.883,118.097,10,4.2,"154 km SSW of Dompu, Indonesia"
2008-10-25T10:25:28.650Z,-9.144,127.123,64.4,4.2,"70 km SSE of Lospalos, Timor Leste"
2008-10-24T11:05:23.170Z,-10.332,116.222,35,4,"178 km S of Lembar, Indonesia"
2008-10-23T11:52:05.000Z,-32.477,140.656,7,4,"94 km SW of Broken Hill, Australia"
2008-10-21T18:22:20.760Z,-11.319,116.277,8.1,4.8,"287 km S of Lembar, Indonesia"
2008-10-16T13:17:13.420Z,-43.313,120.433,10,4.6,south of Australia
2008-10-15T09:38:36.220Z,-10.194,152.643,10,4.4,"221 km ENE of Samarai, Papua New Guinea"
2008-10-14T22:00:15.350Z,-11.503,114.691,35,4.5,"south of Bali, Indonesia"
2008-10-13T05:53:50.670Z,-10.336,152.037,35,4,"153 km ENE of Samarai, Papua New Guinea"
2008-10-11T13:08:43.510Z,-10.24,152.358,26.6,4.6,"190 km ENE of Samarai, Papua New Guinea"
2008-10-11T07:51:03.150Z,-10.234,152.339,35,4.3,"188 km ENE of Samarai, Papua New Guinea"
2008-10-09T11:33:05.250Z,-10.273,152.249,35,4.8,"177 km ENE of Samarai, Papua New Guinea"
2008-10-08T12:39:43.360Z,-10.106,152.138,35,4.3,"170 km ENE of Samarai, Papua New Guinea"
2008-10-06T11:53:39.520Z,-10.158,152.48,35,4,"205 km ENE of Samarai, Papua New Guinea"
2008-10-02T07:34:51.780Z,-9.27,124.232,95.4,4.7,"18 km WSW of Pante Makasar, Timor Leste"
2008-09-30T07:35:20.510Z,-9.402,124.538,35,4.7,"8 km NE of Kefamenanu, Indonesia"
2008-09-29T09:36:30.230Z,-9.782,113.383,35,4.2,"165 km S of Kencong, Indonesia"
2008-09-23T18:37:32.010Z,-10.118,152.137,30,4.6,"170 km ENE of Samarai, Papua New Guinea"
2008-09-18T01:06:39.150Z,-11.134,118.583,35,4.2,"246 km SW of Waingapu, Indonesia"
2008-09-16T22:05:38.480Z,-10.333,120.217,37,4.8,"74 km S of Waingapu, Indonesia"
2008-09-16T13:33:35.430Z,-9.061,126.928,38.5,4.1,"60 km S of Lospalos, Timor Leste"
2008-09-16T07:30:55.370Z,-9.098,126.931,35,4.3,"64 km S of Lospalos, Timor Leste"
2008-09-14T22:07:13.000Z,-9.031,126.988,35,4.1,"56 km S of Lospalos, Timor Leste"
2008-09-14T07:36:07.110Z,-9.01,126.981,35,4.3,"54 km S of Lospalos, Timor Leste"
2008-09-14T06:22:33.990Z,-9.186,123.363,97.3,4.6,"63 km NW of Naisano Dua, Indonesia"
2008-09-14T04:14:34.490Z,-9.041,126.992,35,4.4,"57 km S of Lospalos, Timor Leste"
2008-09-13T15:30:10.630Z,-10.093,125.343,45.6,4.3,"86 km S of Suai, Timor Leste"
2008-09-04T15:31:24.520Z,-11.639,112.065,10,4.3,"south of Java, Indonesia"
2008-09-01T23:31:48.150Z,-10.03,119.447,35,4.2,"98 km WSW of Waingapu, Indonesia"
2008-08-24T02:03:40.050Z,-10.364,150.469,5.3,4.7,"5 km SSE of Alotau, Papua New Guinea"
2008-08-19T15:07:40.780Z,-10.637,115.627,10,4.4,"207 km SSE of Nusa Dua, Indonesia"
2008-08-17T20:54:48.980Z,-9.137,119.152,96.9,4.6,"71 km SSW of Komodo, Indonesia"
2008-08-03T22:32:17.570Z,-9.247,120.463,63.6,4.6,"50 km NNE of Waingapu, Indonesia"
2008-07-30T21:51:59.710Z,-11.44,117.657,22.4,4.3,"south of Sumbawa, Indonesia"
2008-07-10T14:17:13.320Z,-9.566,118.816,62.8,4.8,"120 km SSE of Dompu, Indonesia"
2008-07-09T23:45:20.000Z,-26.034,125.223,1,4.5,Western Australia
2008-07-02T13:24:47.320Z,-10.429,113.579,10,4.2,"233 km SSW of Gambiran Satu, Indonesia"
2008-06-28T18:49:46.950Z,-9.899,124.369,47.4,4.2,"10 km ESE of Soe, Indonesia"
2008-06-27T17:22:52.220Z,-9.13,123.324,35,4.3,"71 km NW of Naisano Dua, Indonesia"
2008-06-20T17:20:02.690Z,-9.048,125.335,16.2,4.3,"14 km ESE of Maliana, Timor Leste"
2008-06-19T10:48:15.230Z,-10.724,111.97,35,4.8,"288 km S of Boyolangu, Indonesia"
2008-06-17T22:19:39.050Z,-9.28,127.267,77.7,4.6,"88 km SSE of Lospalos, Timor Leste"
2008-06-17T17:05:22.040Z,-12.135,117.378,10,4.8,"south of Sumbawa, Indonesia"
2008-06-12T17:31:32.190Z,-9.91,113.204,10,4.6,"180 km S of Kencong, Indonesia"
2008-06-12T05:19:57.410Z,-9.379,112.769,51.9,5.2,"129 km S of Dampit, Indonesia"
2008-06-10T20:02:12.890Z,-10.371,115.7,8.7,4.2,"181 km SSE of Nusa Dua, Indonesia"
2008-06-09T20:53:52.520Z,-10.775,123.063,153.7,4.3,"89 km SW of Kupang, Indonesia"
2008-06-08T14:22:10.440Z,-9.002,113.352,10,4,"79 km S of Kencong, Indonesia"
2008-06-06T18:57:21.150Z,-9.532,115.924,46.2,4.7,"90 km S of Lembar, Indonesia"
2008-06-05T15:31:56.740Z,-9.747,114.155,28.2,4.7,"146 km S of Muncar, Indonesia"
2008-06-01T16:27:28.160Z,-11.064,116.978,57.6,4.3,"272 km SSE of Praya, Indonesia"
2008-06-01T15:59:48.750Z,-9.159,118.034,81.9,5.1,"83 km SW of Dompu, Indonesia"
2008-06-01T09:54:34.470Z,-43.076,121.444,10,4.9,south of Australia
2008-05-26T11:13:21.620Z,-9.333,116.26,50.6,4.7,"69 km S of Praya, Indonesia"
2008-05-25T21:20:55.530Z,-10.613,121.859,35,4,"196 km S of Ende, Indonesia"
2008-05-24T23:09:50.940Z,-10.004,150.92,35,4.2,"61 km NE of Alotau, Papua New Guinea"
2008-05-21T02:45:52.610Z,-9.981,150.891,39,5.4,"60 km NE of Alotau, Papua New Guinea"
2008-05-21T01:37:32.530Z,-9.907,151.186,10,4.3,"91 km ENE of Alotau, Papua New Guinea"
2008-05-21T01:30:24.800Z,-9.946,150.914,35.9,5.2,"64 km NE of Alotau, Papua New Guinea"
2008-05-17T09:10:41.980Z,-9.206,123.859,89.3,4.6,"44 km NNE of Naisano Dua, Indonesia"
2008-05-10T05:32:45.640Z,-9.313,123.299,87.4,4.1,"60 km WNW of Naisano Dua, Indonesia"
2008-04-28T09:29:59.630Z,-11.641,118.136,10,4.5,"south of Sumbawa, Indonesia"
2008-04-21T16:38:11.510Z,-10.585,124.403,35,4.2,"81 km S of Soe, Indonesia"
2008-04-15T16:56:23.050Z,-11.107,115.123,10,4.1,"255 km S of Nusa Dua, Indonesia"
2008-04-14T09:24:26.880Z,-9.597,151.26,10,4.6,"118 km NE of Alotau, Papua New Guinea"
2008-03-31T15:37:12.400Z,-9.831,112.523,35,4.1,"180 km S of Dampit, Indonesia"
2008-03-31T13:51:21.140Z,-9.163,111.91,27.9,5.1,"115 km S of Boyolangu, Indonesia"
2008-03-31T08:27:48.000Z,-27.666,112.332,18,4.8,"180 km W of Kalbarri, Australia"
2008-03-29T23:22:48.750Z,-9.214,125.694,10,4.3,"23 km SSE of Same, Timor Leste"
2008-03-27T16:58:57.790Z,-9.666,118.211,60.7,4,"127 km SSW of Dompu, Indonesia"
2008-03-13T13:24:01.260Z,-9.27,124.282,117.8,4.7,"13 km SW of Pante Makasar, Timor Leste"
2008-03-13T07:26:24.190Z,-9.677,118.298,34.9,4.8,"127 km S of Dompu, Indonesia"
2008-03-04T20:38:51.790Z,-9.633,123.824,143.8,4.7,"7 km ESE of Naisano Dua, Indonesia"
2008-03-03T12:33:26.460Z,-9.407,116.903,30,4,"103 km SSE of Labuan Lombok, Indonesia"
2008-02-16T12:36:54.880Z,-9.606,149.827,43.2,4.3,"104 km NW of Alotau, Papua New Guinea"
2008-02-14T06:26:29.810Z,-9.411,112.865,10,4.5,"133 km S of Dampit, Indonesia"
2008-02-13T21:57:27.000Z,-27.551,146.651,0,4.2,"111 km ENE of Cunnamulla, Australia"
2008-02-11T05:12:36.890Z,-10.998,113.741,35,4.8,"289 km SSW of Jimbaran, Indonesia"
2008-02-10T23:50:42.440Z,-11.283,117.46,29.8,4.4,"south of Sumbawa, Indonesia"
2008-02-06T06:46:47.000Z,-13.402,129.644,7,4.2,"93 km N of Wadeye, Australia"
2008-02-04T19:36:04.060Z,-9.178,113.47,39.2,4.2,"99 km S of Kencong, Indonesia"
2008-02-03T00:42:51.940Z,-10.316,120.056,35,4.6,"76 km SSW of Waingapu, Indonesia"
2008-01-30T22:07:07.820Z,-9.474,113.872,64,4.6,"123 km SSW of Gambiran Satu, Indonesia"
2008-01-21T10:06:23.080Z,-9.378,125.362,8.1,4.2,"13 km ESE of Suai, Timor Leste"
2008-01-11T04:43:51.530Z,-10.612,113.344,15,4.8,"257 km S of Kencong, Indonesia"
2008-01-10T19:45:00.680Z,-10.651,113.291,32.6,4.9,"262 km S of Kencong, Indonesia"
2008-01-08T04:14:52.570Z,-9.998,120.159,20,4.4,"39 km SSW of Waingapu, Indonesia"
2008-01-02T21:01:02.590Z,-9.123,123.581,64.7,4.4,"56 km NNW of Naisano Dua, Indonesia"
2008-01-02T17:32:55.250Z,-9.594,114.455,83.2,4.7,"117 km SW of Jimbaran, Indonesia"
2007-12-31T09:36:05.040Z,-9.138,114.399,35.6,4.9,"78 km S of Muncar, Indonesia"
2007-12-31T02:31:59.040Z,-9.046,115.778,77,4,"48 km SW of Lembar, Indonesia"
2007-12-26T15:36:11.000Z,-32.086,138.383,16,4.4,"43 km NE of Quorn, Australia"
2007-12-20T18:09:19.550Z,-9.566,124.643,135.9,4,"22 km SE of Kefamenanu, Indonesia"
2007-12-20T09:13:24.980Z,-9.608,119.528,60.7,4.5,"80 km W of Waingapu, Indonesia"
2007-12-19T06:12:25.030Z,-9.188,123.945,39.4,5.3,"48 km W of Pante Makasar, Timor Leste"
2007-12-17T12:46:14.650Z,-10.755,113.355,10,5.3,"273 km S of Kencong, Indonesia"
2007-12-17T00:09:37.220Z,-9.215,112.385,48,5,"117 km S of Sumberpucung, Indonesia"
2007-12-09T07:14:50.120Z,-9.43,123.123,44.1,4.2,"73 km WNW of Naisano Dua, Indonesia"
2007-12-07T10:45:53.720Z,-9.979,113.472,10,5.3,"187 km S of Kencong, Indonesia"
2007-12-03T04:02:14.580Z,-9.15,114.112,98.6,4.4,"82 km SSW of Muncar, Indonesia"
2007-11-29T13:21:41.950Z,-9.352,120.259,75.4,4.4,"33 km N of Waingapu, Indonesia"
2007-11-29T02:50:36.780Z,-9.573,117.931,40,4.3,"128 km SSW of Dompu, Indonesia"
2007-11-28T21:31:59.530Z,-9.607,155.486,10,4.4,"223 km SW of Gizo, Solomon Islands"
2007-11-28T21:18:28.330Z,-9.505,155.543,10,4.4,"210 km SW of Gizo, Solomon Islands"
2007-11-19T20:01:01.000Z,-12.336,143.735,24,4.8,"195 km E of Mission River, Australia"
2007-11-13T05:31:13.640Z,-9.241,113.464,35,4.7,"106 km S of Kencong, Indonesia"
2007-11-11T22:34:11.480Z,-10.651,123.781,40.4,4.2,"56 km SSE of Kupang, Indonesia"
2007-11-06T21:13:08.360Z,-10.844,117.14,78.8,4.1,"south of Sumbawa, Indonesia"
2007-11-06T10:56:58.220Z,-9.345,117.414,66.4,4.7,"94 km S of Sumbawa Besar, Indonesia"
2007-11-06T08:38:48.980Z,-9.991,118.767,35,4.4,"164 km SSE of Dompu, Indonesia"
2007-11-05T01:53:04.620Z,-9.072,120.557,82.7,4.4,"51 km SSE of Ruteng, Indonesia"
2007-11-04T12:19:51.000Z,-23.842,114.861,15,4,"165 km NE of East Carnarvon, Australia"
2007-10-24T16:43:00.750Z,-9.642,119.659,50.2,4.8,"66 km W of Waingapu, Indonesia"
2007-10-16T08:22:08.310Z,-9.015,114.568,35,4.2,"69 km SSE of Muncar, Indonesia"
2007-10-15T09:37:54.140Z,-9.506,125.121,51.4,4.3,"26 km SW of Suai, Timor Leste"
2007-10-10T07:43:45.740Z,-10.358,149.918,5.9,4.1,"59 km W of Alotau, Papua New Guinea"
2007-10-09T23:58:40.000Z,-33.946,117.505,0,4.5,"29 km S of Katanning, Australia"
2007-10-08T09:23:20.760Z,-10.166,117.294,84.6,4.6,"185 km S of Sumbawa Besar, Indonesia"
2007-10-06T02:39:31.000Z,-36.07,136.11,10,4.2,"145 km WSW of Kingscote, Australia"
2007-10-05T09:40:45.110Z,-11.325,118.75,86.1,4.4,"248 km SW of Waingapu, Indonesia"
2007-09-21T20:08:26.280Z,-10.461,124.466,30.6,4.9,"69 km SSE of Soe, Indonesia"
2007-09-20T09:29:18.100Z,-10.378,117.006,35,5.7,"201 km SSE of Praya, Indonesia"
2007-09-16T23:18:34.000Z,-31.392,138.523,33,4.7,"115 km NNE of Quorn, Australia"
2007-09-15T15:56:58.100Z,-9.321,115.433,35,4.4,"61 km SSE of Nusa Dua, Indonesia"
2007-09-08T13:39:05.610Z,-9.433,127.25,87.2,4,"104 km SSE of Lospalos, Timor Leste"
2007-09-08T02:01:52.150Z,-10.33,117.654,87,4.5,"204 km S of Sumbawa Besar, Indonesia"
2007-09-06T14:38:50.370Z,-9.317,124.036,93,4.3,"40 km WSW of Pante Makasar, Timor Leste"
2007-09-05T21:42:56.690Z,-10.748,122.839,41.9,4.5,"105 km SW of Kupang, Indonesia"
2007-09-03T02:00:57.000Z,-10.169,152.757,30,4.3,"234 km ENE of Samarai, Papua New Guinea"
2007-08-29T18:49:22.520Z,-10.703,112.386,10,4.4,"278 km S of Dampit, Indonesia"
2007-08-28T15:33:00.020Z,-35.475,115.863,10,4.6,"115 km S of Pemberton, Australia"
2007-08-28T14:24:58.760Z,-11.125,118.729,10,4.3,"233 km SW of Waingapu, Indonesia"
2007-08-26T13:47:02.450Z,-9.776,154.118,10,5.3,D'Entrecasteaux Islands region
2007-08-26T13:29:57.160Z,-9.906,154.162,37.1,4.5,D'Entrecasteaux Islands region
2007-08-26T12:55:01.860Z,-9.838,154.052,25.2,4.5,D'Entrecasteaux Islands region
2007-08-26T12:23:45.950Z,-9.906,154.219,35,5,D'Entrecasteaux Islands region
2007-08-18T14:52:27.960Z,-9.405,122.847,80.2,4,"103 km WNW of Naisano Dua, Indonesia"
2007-08-16T15:49:49.610Z,-9.255,120.643,53,4,"60 km NE of Waingapu, Indonesia"
2007-08-08T00:53:09.260Z,-11.157,118.849,16.7,4.5,"227 km SW of Waingapu, Indonesia"
2007-08-01T15:47:39.810Z,-9.387,118.445,68.4,4.6,"94 km S of Dompu, Indonesia"
2007-07-30T04:11:14.410Z,-9.772,154.528,10,4.6,D'Entrecasteaux Islands region
2007-07-30T03:43:34.780Z,-9.505,110.806,11.9,4.7,"178 km SSE of Pundong, Indonesia"
2007-07-20T16:25:07.320Z,-11.417,112.821,35,4.1,"south of Java, Indonesia"
2007-07-20T09:49:46.410Z,-9.36,117.988,81.4,5.2,"105 km SSW of Dompu, Indonesia"
2007-07-09T15:29:11.040Z,-9.439,111.699,10,4.9,"147 km S of Boyolangu, Indonesia"
2007-07-08T04:29:41.840Z,-9.426,112.951,35,4.4,"134 km SSW of Kencong, Indonesia"
2007-07-07T15:51:25.020Z,-11.042,115.062,41.2,4.7,"248 km S of Nusa Dua, Indonesia"
2007-07-07T00:40:57.970Z,-10.266,121.496,35,4.2,"150 km ESE of Waingapu, Indonesia"
2007-07-01T23:46:53.420Z,-9.035,124.341,77.1,4.5,"18 km NNW of Pante Makasar, Timor Leste"
2007-07-01T13:56:48.000Z,-22.977,128.662,0,4.2,Western Australia
2007-06-30T14:06:35.000Z,-30.77,117.157,8,4.2,"107 km NNE of Northam, Australia"
2007-06-28T14:41:35.200Z,-9.357,125.533,10,4.7,"30 km E of Suai, Timor Leste"
2007-06-24T03:08:04.510Z,-9.16,126.055,10,4.5,"47 km SW of Viqueque, Timor Leste"
2007-06-23T07:47:44.170Z,-9.006,110.694,10,4.9,"122 km SSE of Pundong, Indonesia"
2007-06-22T10:43:01.000Z,-11.026,116.756,10,4.7,"262 km SSE of Praya, Indonesia"
2007-06-20T16:43:55.340Z,-9.23,150.248,42.5,4.9,"122 km N of Alotau, Papua New Guinea"
2007-06-20T13:57:02.090Z,-9.765,119.449,68.9,4,"90 km W of Waingapu, Indonesia"
2007-06-11T20:37:46.430Z,-9.215,112.03,10,4.9,"122 km S of Boyolangu, Indonesia"
2007-06-05T06:13:43.740Z,-9.919,118.962,49.9,4.4,"145 km WSW of Waingapu, Indonesia"
2007-06-02T20:59:49.780Z,-9.657,118.933,45.2,4.2,"133 km SSW of Komodo, Indonesia"
2007-06-02T20:33:47.340Z,-9.733,118.742,32,4.3,"135 km SSE of Dompu, Indonesia"
2007-06-01T20:01:55.980Z,-9.69,118.777,30,4.7,"132 km SSE of Dompu, Indonesia"
2007-05-27T07:38:57.620Z,-9.701,155.094,10,4.6,"261 km SW of Gizo, Solomon Islands"
2007-05-26T12:19:21.560Z,-9.213,123.738,101.8,4,"42 km N of Naisano Dua, Indonesia"
2007-05-26T06:07:23.660Z,-9.366,117.779,57.9,5,"104 km SSE of Sumbawa Besar, Indonesia"
2007-05-24T01:06:25.530Z,-9.553,118.797,37.9,5.6,"118 km SSE of Dompu, Indonesia"
2007-05-06T04:03:49.290Z,-9.466,112.905,10,4.2,"139 km S of Dampit, Indonesia"
2007-04-29T16:53:34.780Z,-11.431,121.718,10,4.6,"249 km SW of Kupang, Indonesia"
2007-04-28T22:19:12.230Z,-11.962,124.77,35,4.5,"235 km SSE of Kupang, Indonesia"
2007-04-18T23:54:37.710Z,-9.007,124.187,146.8,4.6,"30 km NW of Pante Makasar, Timor Leste"
2007-04-16T17:57:57.430Z,-10.228,150.648,55.7,4,"22 km ENE of Alotau, Papua New Guinea"
2007-04-14T23:25:41.680Z,-9.095,124.352,107.3,4.5,"12 km NNW of Pante Makasar, Timor Leste"
2007-04-14T07:27:38.160Z,-10.901,124.5,20,4.4,"117 km SSE of Soe, Indonesia"
2007-04-13T15:00:23.140Z,-9.053,111.283,10,4.1,"117 km SSW of Trenggalek, Indonesia"
2007-04-11T23:14:13.680Z,-9.731,154.789,10,4.2,"288 km SW of Gizo, Solomon Islands"
2007-04-09T03:58:38.010Z,-11.397,117.965,35,4.4,"south of Sumbawa, Indonesia"
2007-04-04T05:58:03.450Z,-9.363,155.248,10,4.4,"224 km SW of Gizo, Solomon Islands"
2007-04-03T00:22:09.460Z,-9.742,154.629,10,5.5,D'Entrecasteaux Islands region
2007-04-02T23:01:11.160Z,-9.744,155.36,10,4.4,"243 km SW of Gizo, Solomon Islands"
2007-04-02T22:59:51.310Z,-9.722,154.67,10,4.5,"298 km SW of Gizo, Solomon Islands"
2007-04-02T22:49:53.160Z,-9.706,154.663,10,5.6,"298 km SW of Gizo, Solomon Islands"
2007-04-02T22:49:21.980Z,-9.681,154.76,10,4.7,"287 km SW of Gizo, Solomon Islands"
2007-03-26T22:45:48.830Z,-9.681,124.563,35,4,"27 km SSE of Kefamenanu, Indonesia"
2007-03-26T22:37:06.040Z,-9.162,124.28,35,4.8,"12 km WNW of Pante Makasar, Timor Leste"
2007-03-24T18:31:03.800Z,-9.234,123.694,42.2,4.6,"Timor region, Indonesia"
2007-03-20T01:15:31.860Z,-10.305,117.805,66,4.3,"204 km SSE of Sumbawa Besar, Indonesia"
2007-03-18T09:56:21.370Z,-9.481,124.978,25,4.8,"35 km WSW of Suai, Timor Leste"
2007-03-18T07:32:36.750Z,-9.437,125.045,10,4.6,"26 km WSW of Suai, Timor Leste"
2007-03-18T06:48:17.450Z,-9.509,124.534,25,5.1,"9 km SE of Kefamenanu, Indonesia"
2007-03-14T12:48:01.240Z,-9.477,124.628,10,4.4,"16 km ESE of Kefamenanu, Indonesia"
2007-03-11T20:53:47.780Z,-9.363,125.242,10,4.3,"5 km SSW of Suai, Timor Leste"
2007-03-06T20:50:01.580Z,-9.196,120.59,58.3,4.6,"62 km NE of Waingapu, Indonesia"
2007-03-03T02:30:44.400Z,-9.599,122.767,24,4.5,"110 km W of Naisano Dua, Indonesia"
2007-02-22T05:59:10.390Z,-9.595,151.004,50.9,4.9,"99 km NE of Alotau, Papua New Guinea"
2007-02-21T14:24:44.120Z,-9.106,119.704,10,4.3,"61 km SSE of Komodo, Indonesia"
2007-02-20T23:12:32.620Z,-11.234,118.927,40,5.2,"227 km SW of Waingapu, Indonesia"
2007-02-17T20:00:51.490Z,-9.297,122.515,116.4,4.3,"82 km SSE of Maumere, Indonesia"
2007-02-15T15:38:36.000Z,-25.967,113.276,19,4.9,"26 km W of Denham, Australia"
2007-02-08T16:30:24.290Z,-9.005,118.818,25,5.1,"Sumbawa region, Indonesia"
2007-02-07T15:42:24.700Z,-10.198,123.717,10,5,"12 km ESE of Kupang, Indonesia"
2007-02-06T18:53:54.160Z,-9.367,123.669,10,4.6,"27 km NNW of Naisano Dua, Indonesia"
2007-01-30T11:58:06.170Z,-11.332,118.741,10,4.8,"249 km SW of Waingapu, Indonesia"
2007-01-28T21:11:25.400Z,-9.417,111.692,10,4.2,"145 km S of Boyolangu, Indonesia"
2007-01-28T20:31:54.000Z,-30.799,138.616,10,4,"166 km E of Roxby Downs, Australia"
2007-01-27T23:22:09.090Z,-9.468,117.032,35,4.3,"114 km SSE of Labuan Lombok, Indonesia"
2007-01-24T19:31:22.760Z,-11.138,118.752,40,4.6,"232 km SW of Waingapu, Indonesia"
2007-01-20T11:16:55.580Z,-9.764,125.665,51.4,4.4,"67 km SE of Suai, Timor Leste"
2007-01-20T03:10:12.850Z,-11.113,118.068,35.3,4.9,"288 km S of Dompu, Indonesia"
2007-01-10T18:32:27.470Z,-9.725,114.126,40,4.3,"144 km S of Muncar, Indonesia"
2007-01-09T05:01:11.470Z,-9.459,120.764,35,4.6,"59 km ENE of Waingapu, Indonesia"
2006-12-29T06:26:49.040Z,-10.701,113.855,10,5.2,"255 km SW of Jimbaran, Indonesia"
2006-12-27T08:49:37.000Z,-10.386,123.779,35,5.1,"30 km SE of Kupang, Indonesia"
2006-12-26T09:48:41.140Z,-9.649,125.666,10,4.6,"58 km SE of Suai, Timor Leste"
2006-12-26T07:29:01.490Z,-38.221,112.029,10,5.2,southwest of Australia
2006-12-14T22:55:44.750Z,-9.638,119.693,35,4.4,"62 km W of Waingapu, Indonesia"
2006-12-14T17:23:05.610Z,-42.791,143.439,10,4.8,"191 km WSW of Queenstown, Australia"
2006-12-14T15:40:37.690Z,-10.038,119.156,35,4.4,"128 km WSW of Waingapu, Indonesia"
2006-12-11T16:35:44.810Z,-11.106,118.145,10,4.1,"282 km SW of Waingapu, Indonesia"
2006-11-30T17:39:47.150Z,-11.19,117.589,43.1,4.3,"298 km S of Sumbawa Besar, Indonesia"
2006-11-30T04:39:36.750Z,-9.219,152.627,47.8,4.6,"264 km NE of Samarai, Papua New Guinea"
2006-11-14T08:37:54.160Z,-9.004,123.61,30,4.4,"68 km NNW of Naisano Dua, Indonesia"
2006-11-12T07:38:10.010Z,-10.943,115.13,30,4.1,"237 km S of Nusa Dua, Indonesia"
2006-11-12T01:35:12.330Z,-9.884,118.893,35,4.3,"152 km W of Waingapu, Indonesia"
2006-11-08T11:16:59.780Z,-11.427,116.96,35,4.6,"South of Lombok, Indonesia"
2006-11-06T03:22:23.550Z,-10.85,124.317,35,4.7,"108 km SE of Kupang, Indonesia"
2006-11-02T17:03:20.420Z,-9.495,119.299,29.9,4.6,"102 km SSW of Komodo, Indonesia"
2006-10-22T14:01:18.810Z,-9.588,155.142,35,4.2,"248 km SW of Gizo, Solomon Islands"
2006-10-21T18:03:59.170Z,-9.233,123.667,15.8,4.5,"41 km NNW of Naisano Dua, Indonesia"
2006-10-21T11:28:12.850Z,-9.49,155.212,10,4.3,"235 km SW of Gizo, Solomon Islands"
2006-10-21T09:51:49.000Z,-34.036,149.16,15,4.2,"48 km ESE of Cowra, Australia"
2006-10-20T23:54:02.720Z,-9.926,118.825,10,4.7,"158 km SSE of Dompu, Indonesia"
2006-10-10T03:22:52.490Z,-9.019,127.446,10,4.7,"73 km SE of Lospalos, Timor Leste"
2006-10-02T15:40:49.060Z,-9.732,154.463,25,4.6,D'Entrecasteaux Islands region
2006-10-02T07:47:25.870Z,-11.587,123.268,19.4,4.7,"160 km SSW of Kupang, Indonesia"
2006-09-29T12:49:47.000Z,-44.36,145.01,9,4.9,"203 km SW of Geeveston, Australia"
2006-09-27T21:11:39.480Z,-9.162,154.061,10,4.2,D'Entrecasteaux Islands region
2006-09-23T03:53:37.670Z,-9.039,119.146,100.7,5.2,"62 km SW of Komodo, Indonesia"
2006-09-21T23:01:26.940Z,-9.041,110.646,10,4.2,"124 km SSE of Pundong, Indonesia"
2006-09-21T19:46:49.770Z,-9.044,110.529,10,4.6,"122 km S of Pundong, Indonesia"
2006-09-21T19:31:40.230Z,-9.047,110.535,10,4.6,"122 km S of Pundong, Indonesia"
2006-09-21T18:54:50.050Z,-9.05,110.365,25,6,"121 km S of Pundong, Indonesia"
2006-09-21T18:13:08.140Z,-9.024,110.555,10,4.1,"120 km S of Pundong, Indonesia"
2006-09-14T10:19:19.470Z,-12.121,118.881,30,4,"south of Sumbawa, Indonesia"
2006-09-13T09:44:08.000Z,-10.352,123.649,100,4.6,"20 km SSE of Kupang, Indonesia"
2006-09-04T10:51:33.180Z,-9.687,154.862,35,4.8,"279 km SW of Gizo, Solomon Islands"
2006-08-31T13:22:37.150Z,-11.352,118.467,35,4.9,"271 km SW of Waingapu, Indonesia"
2006-08-31T10:37:03.030Z,-9.327,150.551,48.1,4.7,"109 km N of Alotau, Papua New Guinea"
2006-08-15T08:55:39.360Z,-11.189,124.392,103.7,4.7,"141 km SE of Kupang, Indonesia"
2006-08-15T05:43:20.990Z,-9.273,150.481,10,5.7,"115 km N of Alotau, Papua New Guinea"
2006-08-07T12:11:05.840Z,-9.236,113.118,10,4.4,"108 km SSW of Kencong, Indonesia"
2006-08-02T14:45:04.630Z,-11.167,116.85,15,5.9,"279 km SSE of Praya, Indonesia"
2006-07-19T10:09:43.950Z,-10.835,112.099,21.8,4.8,"298 km SSW of Dampit, Indonesia"
2006-07-17T03:59:41.690Z,-10.253,120.386,7.1,5,"67 km SSE of Waingapu, Indonesia"
2006-07-14T11:18:40.540Z,-9.585,116.235,35,4,"96 km S of Lembar, Indonesia"
2006-07-11T02:30:44.060Z,-9.579,123.337,71.4,4.9,"47 km W of Naisano Dua, Indonesia"
2006-07-11T02:11:40.030Z,-9.107,111.086,35,4.4,"132 km SSW of Trenggalek, Indonesia"
2006-07-09T05:11:26.790Z,-10.467,120.126,36.6,4,"90 km S of Waingapu, Indonesia"
2006-07-07T23:48:13.000Z,-31.381,138.682,19,4,"123 km NNE of Quorn, Australia"
2006-07-05T18:26:44.030Z,-10.92,115.546,20,4.6,"236 km S of Nusa Dua, Indonesia"
2006-06-26T12:08:21.680Z,-10.491,152.899,35,4.5,"245 km E of Samarai, Papua New Guinea"
2006-06-25T16:36:52.380Z,-9.642,114.746,40,4,"104 km SSW of Jimbaran, Indonesia"
2006-06-24T23:34:46.960Z,-11.09,118.194,35,4.4,"276 km SW of Waingapu, Indonesia"
2006-06-09T02:12:18.590Z,-11.155,118.619,40,4.8,"244 km SW of Waingapu, Indonesia"
2006-06-06T15:34:09.000Z,-25.032,117.44,6,4.1,"203 km S of Paraburdoo, Australia"
2006-06-03T21:37:13.350Z,-9.063,119.039,147.1,4.8,"72 km SW of Komodo, Indonesia"
2006-06-02T13:58:55.230Z,-9.378,150.101,41.9,4.1,"110 km NNW of Alotau, Papua New Guinea"
2006-05-23T14:14:16.210Z,-9.62,123.054,2.8,4.5,"78 km W of Naisano Dua, Indonesia"
2006-05-20T18:42:46.960Z,-11.239,117.057,52.9,5,"293 km SSE of Praya, Indonesia"
2006-05-20T06:21:30.580Z,-11.808,115.543,25,4.3,"south of Bali, Indonesia"
2006-05-20T06:15:43.400Z,-9.988,112.029,39.7,5,"207 km S of Boyolangu, Indonesia"
2006-05-16T11:43:50.610Z,-11.016,118.328,30,4.5,"259 km SW of Waingapu, Indonesia"
2006-05-14T21:12:08.670Z,-10.461,115.462,35.4,4.2,"185 km S of Nusa Dua, Indonesia"
2006-05-14T01:20:06.950Z,-11.241,116.009,33.7,4.9,"278 km S of Lembar, Indonesia"
2006-05-13T02:18:25.680Z,-11.247,116.053,24.9,4.2,"278 km S of Lembar, Indonesia"
2006-05-13T01:04:46.000Z,-27.719,135.992,1,4.3,"187 km NE of Coober Pedy, Australia"
2006-05-12T03:47:35.090Z,-11.794,115.598,25,4.3,"south of Bali, Indonesia"
2006-05-12T02:20:51.420Z,-11.846,115.4,10,4.2,"south of Bali, Indonesia"
2006-05-12T01:58:47.850Z,-11.259,116.005,10,4.8,"280 km S of Lembar, Indonesia"
2006-05-12T01:12:32.680Z,-11.258,116.01,25.1,4.3,"280 km S of Lembar, Indonesia"
2006-05-12T00:11:04.650Z,-11.215,116.032,35,4.1,"275 km S of Lembar, Indonesia"
2006-05-11T23:56:16.390Z,-11.228,116.161,35,4,"276 km S of Lembar, Indonesia"
2006-05-11T23:25:49.290Z,-11.151,116.105,35,4.4,"268 km S of Lembar, Indonesia"
2006-05-11T23:23:03.110Z,-11.227,115.981,25,4.7,"276 km S of Lembar, Indonesia"
2006-05-11T23:20:50.840Z,-11.225,116.008,31.8,4.7,"276 km S of Lembar, Indonesia"
2006-05-11T23:10:22.560Z,-11.681,115.796,25,4.1,"south of Bali, Indonesia"
2006-05-11T22:58:12.190Z,-11.243,116.024,10,4.8,"278 km S of Lembar, Indonesia"
2006-05-10T01:18:03.260Z,-9.061,120.351,80.4,5,"51 km SSW of Ruteng, Indonesia"
2006-05-08T21:49:17.180Z,-10.435,121.312,25,4.6,"143 km SE of Waingapu, Indonesia"
2006-05-06T08:22:01.320Z,-10.557,115.316,32.3,4.6,"194 km S of Nusa Dua, Indonesia"
2006-05-06T08:08:45.580Z,-10.529,115.38,32.5,4.9,"191 km S of Nusa Dua, Indonesia"
2006-05-04T06:35:24.480Z,-11.017,118.837,35,4.3,"216 km SW of Waingapu, Indonesia"
2006-05-03T11:14:45.800Z,-11.42,120.114,30,4.1,"195 km S of Waingapu, Indonesia"
2006-05-02T08:33:02.600Z,-10.058,114.652,25,4.2,"south of Bali, Indonesia"
2006-04-30T15:21:09.750Z,-9.138,119.996,36.1,4.2,"64 km NNW of Waingapu, Indonesia"
2006-04-29T09:01:12.370Z,-11.141,118.704,40,4.2,"236 km SW of Waingapu, Indonesia"
2006-04-29T04:06:13.020Z,-11.211,118.349,23,5.8,"271 km SW of Waingapu, Indonesia"
2006-04-27T23:23:17.760Z,-9.806,110.102,35,4,"206 km S of Bambanglipuro, Indonesia"
2006-04-24T20:05:23.870Z,-9.392,113.111,37.4,4.9,"125 km SSW of Kencong, Indonesia"
2006-04-23T22:10:43.300Z,-11.205,116.538,35,4.2,"278 km S of Praya, Indonesia"
2006-04-13T20:18:22.820Z,-9.202,119.319,44.4,4.6,"70 km SSW of Komodo, Indonesia"
2006-04-13T18:32:11.060Z,-9.058,111.351,10,4.4,"115 km SSW of Trenggalek, Indonesia"
2006-04-09T09:02:52.720Z,-11.566,118.434,35,4.2,"291 km SW of Waingapu, Indonesia"
2006-04-05T21:51:44.210Z,-9.748,154.831,25,4.9,"286 km SW of Gizo, Solomon Islands"
2006-04-05T03:19:42.400Z,-11.309,117.456,51,4.4,"south of Sumbawa, Indonesia"
2006-04-04T15:09:16.870Z,-10.867,123.969,34.2,4.5,"86 km SSE of Kupang, Indonesia"
2006-04-02T18:04:20.910Z,-10.111,118.935,58.3,4,"south of Sumbawa, Indonesia"
2006-04-02T08:39:44.000Z,-22.131,118.66,14,4,"108 km NE of Tom Price, Australia"
2006-04-01T01:09:18.000Z,-25.992,130.985,11,4.8,"83 km S of Yulara, Australia"
2006-03-31T19:09:58.140Z,-9.21,120.574,80.4,4.4,"59 km NE of Waingapu, Indonesia"
2006-03-27T19:44:45.390Z,-10.769,111.547,10,4.3,"295 km S of Boyolangu, Indonesia"
2006-03-25T06:42:07.660Z,-10.935,119.038,40,4.4,"195 km SW of Waingapu, Indonesia"
2006-03-14T10:06:00.250Z,-9.734,150.714,62.9,4.6,"70 km NNE of Alotau, Papua New Guinea"
2006-03-12T00:19:43.330Z,-9.065,124.515,26.6,4.7,"20 km NE of Pante Makasar, Timor Leste"
2006-02-22T06:49:13.530Z,-9.488,123.465,10,4.6,"35 km WNW of Naisano Dua, Indonesia"
2006-02-21T19:06:12.300Z,-10.287,121.284,25,4.9,"131 km ESE of Waingapu, Indonesia"
2006-02-15T03:17:30.860Z,-9.246,118.061,10,4.2,"90 km SSW of Dompu, Indonesia"
2006-02-15T01:46:04.080Z,-9.943,126.402,36.9,4.8,"120 km S of Viqueque, Timor Leste"
2006-02-15T01:17:03.590Z,-10.075,117.335,40,4.5,"175 km S of Sumbawa Besar, Indonesia"
2006-02-15T00:48:51.890Z,-9.966,117.569,33.8,4.7,"163 km S of Sumbawa Besar, Indonesia"
2006-02-12T06:02:29.330Z,-9.651,151.011,41.3,4.7,"95 km NE of Alotau, Papua New Guinea"
2006-02-11T08:48:09.290Z,-9.516,117.208,36.7,4.5,"115 km SSW of Sumbawa Besar, Indonesia"
2006-02-05T08:15:43.600Z,-10.585,123.922,60,4.7,"57 km SE of Kupang, Indonesia"
2006-02-01T00:14:13.540Z,-13.795,122.785,10,4.3,northwest of Australia
2006-01-30T17:08:41.040Z,-10.059,118.884,10,4.1,"157 km WSW of Waingapu, Indonesia"
2006-01-24T15:49:31.900Z,-9.751,120.849,20,4.4,"65 km E of Waingapu, Indonesia"
2006-01-24T04:47:41.590Z,-10.156,110.516,41.9,4.7,"244 km S of Pundong, Indonesia"
2006-01-18T09:10:28.200Z,-11.308,119.145,35,4.4,"219 km SW of Waingapu, Indonesia"
2006-01-07T19:20:35.470Z,-9.703,112.568,27.4,4.7,"166 km S of Dampit, Indonesia"
2006-01-03T12:16:10.380Z,-11.044,119.027,30,4.5,"204 km SW of Waingapu, Indonesia"
2005-12-29T14:56:14.400Z,-10.43,112.006,82.1,4.6,"256 km S of Boyolangu, Indonesia"
2005-12-29T05:36:49.700Z,-11.243,117.663,39,4.5,"south of Sumbawa, Indonesia"
2005-12-26T20:40:12.940Z,-13.869,122.673,35,4.5,northwest of Australia
2005-12-26T11:49:48.640Z,-9.319,120.431,35,4.2,"41 km NNE of Waingapu, Indonesia"
2005-12-23T07:53:37.730Z,-9.752,119.322,20,4.1,"103 km W of Waingapu, Indonesia"
2005-12-22T07:14:51.470Z,-9.58,114.063,47.7,4.6,"130 km SSW of Muncar, Indonesia"
2005-12-20T19:49:26.000Z,-29.4,114.102,10,4.1,"80 km W of Port Denison, Australia"
2005-12-15T15:05:16.420Z,-9.086,118.578,109.9,4.8,"62 km SSE of Dompu, Indonesia"
2005-12-13T08:05:33.740Z,-10.492,123.795,30,4.7,"41 km SSE of Kupang, Indonesia"
2005-12-04T12:44:53.250Z,-10.076,121.106,50,4.1,"103 km ESE of Waingapu, Indonesia"
2005-12-01T03:15:47.910Z,-9.109,119.774,10,5.1,"65 km SSE of Komodo, Indonesia"
2005-11-28T04:32:14.290Z,-9.196,113.872,30,4.4,"93 km SSW of Gambiran Satu, Indonesia"
2005-11-16T02:47:39.970Z,-9.585,117.997,10,4.7,"126 km SSW of Dompu, Indonesia"
2005-11-13T06:37:00.270Z,-11.27,117.376,40,4.9,"south of Sumbawa, Indonesia"
2005-11-05T14:37:01.350Z,-9.742,117.984,6.9,4.9,"143 km SSW of Dompu, Indonesia"
2005-11-04T07:47:46.040Z,-9.741,118.992,10,4.4,"138 km SSW of Komodo, Indonesia"
2005-11-01T21:59:22.220Z,-9.504,122.052,12.2,4.5,"84 km SSE of Ende, Indonesia"
2005-11-01T14:35:07.630Z,-9.263,112.109,35,4.7,"128 km S of Ngunut, Indonesia"
2005-10-29T00:34:26.230Z,-9.657,129.83,47.4,4.5,"248 km NNW of Wurrumiyanga, Australia"
2005-10-21T14:17:39.810Z,-9.379,117.476,110.3,4.2,"98 km S of Sumbawa Besar, Indonesia"
2005-10-20T23:15:57.490Z,-9.36,117.361,25,5.3,"96 km S of Sumbawa Besar, Indonesia"
2005-10-18T21:11:48.980Z,-9.223,118.625,80,4.4,"77 km SSE of Dompu, Indonesia"
2005-10-16T13:45:43.330Z,-9.179,152.7,25,4.3,"273 km NE of Samarai, Papua New Guinea"
2005-10-14T13:51:14.530Z,-11.47,119.602,10,4.4,"213 km SSW of Waingapu, Indonesia"
2005-10-14T02:14:37.000Z,-9.139,121.609,35,4.2,"33 km S of Ende, Indonesia"
2005-10-13T07:44:42.860Z,-9.527,117.2,3,4.5,"116 km SSW of Sumbawa Besar, Indonesia"
2005-10-12T04:47:27.890Z,-11.306,119.461,4.1,5,"202 km SSW of Waingapu, Indonesia"
2005-10-10T14:45:53.640Z,-10.732,111.87,35,4.3,"289 km S of Boyolangu, Indonesia"
2005-09-30T14:37:09.520Z,-10.507,111.852,34.3,4.7,"264 km S of Boyolangu, Indonesia"
2005-09-30T11:54:53.900Z,-10.824,111.729,40,4,"299 km S of Boyolangu, Indonesia"
2005-09-28T13:43:15.670Z,-10.41,120.33,62.9,4.6,"83 km S of Waingapu, Indonesia"
2005-09-28T00:43:57.030Z,-10.433,111.979,40,4.6,"256 km S of Boyolangu, Indonesia"
2005-09-27T18:21:48.270Z,-10.52,111.872,35.1,4.7,"265 km S of Boyolangu, Indonesia"
2005-09-27T11:16:25.760Z,-10.585,111.945,10,4.8,"272 km S of Boyolangu, Indonesia"
2005-09-25T17:02:04.070Z,-10.433,112.032,20,4.4,"256 km S of Sumberpucung, Indonesia"
2005-09-22T03:52:59.000Z,-30.124,117.204,0,4.3,"128 km ENE of Moora, Australia"
2005-09-21T22:46:41.000Z,-30.146,117.165,2,4.2,"124 km ENE of Moora, Australia"
2005-09-20T16:10:27.950Z,-9.826,118.474,10,4.8,"142 km S of Dompu, Indonesia"
2005-09-18T22:13:38.230Z,-9.398,117.684,25,4.7,"104 km SSE of Sumbawa Besar, Indonesia"
2005-09-14T05:12:21.000Z,-19.844,134.046,5,4.9,"26 km SW of Tennant Creek, Australia"
2005-09-12T19:26:23.270Z,-10.112,118.728,30,4.4,"175 km WSW of Waingapu, Indonesia"
2005-09-12T13:34:51.950Z,-9.563,116.097,30,4.6,"92 km S of Lembar, Indonesia"
2005-09-11T12:48:50.480Z,-9.483,116.209,45.4,4.8,"84 km S of Lembar, Indonesia"
2005-09-07T00:14:36.910Z,-9.648,119.675,20,4.5,"64 km W of Waingapu, Indonesia"
2005-09-05T02:00:24.390Z,-9.3,119.103,30,5,"89 km SSW of Komodo, Indonesia"
2005-09-01T20:30:56.150Z,-9.308,119.948,38.7,4.2,"51 km NW of Waingapu, Indonesia"
2005-08-27T14:13:07.810Z,-10.163,124.081,20,4.8,"40 km SSW of Soe, Indonesia"
2005-08-25T10:20:40.290Z,-9.61,123.439,10,4.5,"36 km W of Naisano Dua, Indonesia"
2005-08-06T22:58:50.670Z,-9.089,113.286,25,4.8,"89 km S of Kencong, Indonesia"
2005-08-03T09:35:22.530Z,-9.196,118.476,10,4.6,"72 km S of Dompu, Indonesia"
2005-07-24T15:25:47.010Z,-11.261,112.282,40,4.3,"south of Java, Indonesia"
2005-07-18T02:56:49.880Z,-10.01,124.414,10,4.7,"21 km SE of Soe, Indonesia"
2005-07-18T02:32:05.110Z,-10.063,124.417,10,4.3,"26 km SSE of Soe, Indonesia"
2005-07-18T02:06:53.820Z,-9.911,124.238,10,5.5,"7 km SW of Soe, Indonesia"
2005-07-18T02:04:59.860Z,-9.948,124.48,10,5.4,"23 km ESE of Soe, Indonesia"
2005-07-17T04:20:40.080Z,-10.176,116.491,42.8,4.7,"164 km S of Praya, Indonesia"
2005-07-08T17:13:34.690Z,-9.449,124.06,25,4.6,"36 km ENE of Naisano Dua, Indonesia"
2005-07-01T06:36:06.910Z,-9.186,153.217,58.9,4.7,D'Entrecasteaux Islands region
2005-06-20T01:52:32.560Z,-10.181,116.655,45.4,4.7,"168 km SSE of Praya, Indonesia"
2005-06-12T20:36:44.000Z,-30.558,117.03,8,4.5,"98 km E of Moora, Australia"
2005-06-12T10:51:19.000Z,-30.802,117.108,2,4.3,"102 km NNE of Northam, Australia"
2005-05-22T14:33:01.830Z,-10.484,115.25,43.8,4,"186 km S of Nusa Dua, Indonesia"
2005-05-18T23:39:47.000Z,-20.108,119.374,26,4.6,Western Australia
2005-05-18T18:07:49.830Z,-10.653,115.04,30,4.5,"205 km S of Nusa Dua, Indonesia"
2005-05-14T19:53:05.000Z,-31,139.153,14,4.4,"182 km NE of Quorn, Australia"
2005-05-13T00:24:16.140Z,-11.019,111.94,7.1,4.5,"south of Java, Indonesia"
2005-05-09T10:15:05.490Z,-10.359,114.164,28.5,4.5,"205 km SSW of Jimbaran, Indonesia"
2005-05-01T09:43:16.000Z,-30.194,117.912,3,4.1,"146 km NNW of Merredin, Australia"
2005-04-30T00:11:14.740Z,-9.045,124.168,109.4,4.6,"29 km NW of Pante Makasar, Timor Leste"
2005-04-29T20:57:42.320Z,-9.166,124.419,35,4.3,"5 km NE of Pante Makasar, Timor Leste"
2005-04-25T08:08:05.050Z,-10.537,115.205,26.5,5,"192 km S of Nusa Dua, Indonesia"
2005-04-24T10:06:12.690Z,-9.593,111.861,40.9,4.8,"163 km S of Boyolangu, Indonesia"
2005-04-24T09:32:21.680Z,-9.575,111.887,39,4.8,"161 km S of Boyolangu, Indonesia"
2005-04-24T08:42:07.780Z,-9.58,111.965,20,4.6,"161 km S of Boyolangu, Indonesia"
2005-04-23T05:47:37.590Z,-11.529,117.798,40,4.4,"south of Sumbawa, Indonesia"
2005-04-21T08:44:02.070Z,-10.541,124.324,90.7,4,"75 km S of Soe, Indonesia"
2005-04-21T02:24:41.690Z,-10.442,123.472,17.5,4.6,"33 km SSW of Kupang, Indonesia"
2005-04-20T17:18:35.200Z,-11.42,121.856,10,4.6,"236 km SW of Kupang, Indonesia"
2005-04-14T01:25:39.870Z,-10.096,124.147,122.3,4.6,"30 km SSW of Soe, Indonesia"
2005-04-12T15:48:55.190Z,-11.407,114.455,10,4,"299 km SSW of Jimbaran, Indonesia"
2005-04-08T11:14:13.410Z,-9.027,130.318,75.9,4.3,Timor Sea
2005-04-06T14:04:43.870Z,-9.352,113.051,25,4.4,"123 km SSW of Kencong, Indonesia"
2005-04-05T19:29:53.710Z,-10.691,124.35,10,4.3,"92 km S of Soe, Indonesia"
2005-03-19T07:29:28.000Z,-26.091,130.868,10,4.1,"94 km S of Yulara, Australia"
2005-03-17T13:00:52.430Z,-9.66,118.881,35.4,4.8,"132 km SSE of Dompu, Indonesia"
2005-03-16T01:27:16.000Z,-30.619,117.472,0,4.2,"122 km NW of Merredin, Australia"
2005-03-13T02:09:49.000Z,-26.155,131.644,5,4.5,"120 km SSE of Yulara, Australia"
2005-03-11T05:09:57.690Z,-9.104,115.675,87.4,4.4,"59 km SE of Nusa Dua, Indonesia"
2005-03-08T04:54:22.610Z,-14.738,122.014,10,4.2,"259 km NNW of Dampier Peninsula, Australia"
2005-03-05T23:55:33.250Z,-11.482,118.396,40,4.2,"south of Sumbawa, Indonesia"
2005-03-05T21:22:47.870Z,-9.895,115.236,48.6,4.5,"121 km S of Nusa Dua, Indonesia"
2005-03-03T10:57:01.000Z,-30.899,139.139,21,4.5,"191 km NNE of Quorn, Australia"
2005-03-02T01:49:10.460Z,-9.616,115.262,30,4.2,"90 km S of Nusa Dua, Indonesia"
2005-02-28T08:53:04.010Z,-9.713,112.719,32.7,4.2,"166 km S of Dampit, Indonesia"
2005-02-23T19:35:02.570Z,-14.636,122.095,10,4.6,"267 km NNW of Dampier Peninsula, Australia"
2005-02-20T08:31:29.490Z,-9.19,123.796,56.5,4.8,"45 km N of Naisano Dua, Indonesia"
2005-02-19T20:24:57.780Z,-42.622,124.593,10,4.7,south of Australia
2005-02-18T07:32:12.730Z,-10.106,150.731,35,4.9,"37 km NE of Alotau, Papua New Guinea"
2005-02-10T09:19:54.720Z,-10.307,122.679,55,4.5,"102 km W of Kupang, Indonesia"
2005-02-05T03:25:22.700Z,-9.672,122.574,76.4,4.5,"123 km SSE of Maumere, Indonesia"
2005-01-27T09:57:46.010Z,-10.887,124.043,54.7,4.9,"92 km SSE of Kupang, Indonesia"
2005-01-24T19:05:33.140Z,-10.482,113.883,57.4,4.3,"231 km SSW of Muncar, Indonesia"
2005-01-22T23:46:37.730Z,-9.701,112.737,35,4.4,"164 km S of Dampit, Indonesia"
2005-01-22T10:48:45.710Z,-10.73,123.948,41.7,5.2,"72 km SSE of Kupang, Indonesia"
2005-01-08T16:24:56.820Z,-11.379,118.535,40,4.6,"268 km SW of Waingapu, Indonesia"
2005-01-04T10:16:42.140Z,-10.924,113.198,10,4.4,"292 km S of Kencong, Indonesia"
2004-12-24T22:33:49.360Z,-9.682,150.527,12.5,4.7,"70 km N of Alotau, Papua New Guinea"
2004-12-21T11:14:16.460Z,-11.554,118.554,35.1,4.5,"281 km SW of Waingapu, Indonesia"
2004-12-19T04:39:53.120Z,-9.768,124.911,25,4.5,"59 km SE of Kefamenanu, Indonesia"
2004-12-16T09:44:09.590Z,-11.078,121.65,10,4.7,"218 km SE of Waingapu, Indonesia"
2004-12-14T07:32:05.450Z,-9.05,111.243,10,4.2,"119 km SSW of Trenggalek, Indonesia"
2004-12-14T06:18:04.130Z,-11.458,111.68,10,4.4,"south of Java, Indonesia"
2004-12-12T12:55:05.150Z,-40.873,126.931,10,4.2,south of Australia
2004-12-09T15:19:50.770Z,-9.215,119.248,20,4.2,"74 km SSW of Komodo, Indonesia"
2004-12-07T23:29:04.070Z,-9.317,113.08,25,4.3,"118 km SSW of Kencong, Indonesia"
2004-12-07T20:40:52.300Z,-9.398,118.57,99.9,4.2,"96 km S of Dompu, Indonesia"
2004-12-05T21:50:52.150Z,-10.31,116.223,10,4.4,"175 km S of Lembar, Indonesia"
2004-11-28T13:11:43.180Z,-9.947,118.832,17.1,4.8,"160 km WSW of Waingapu, Indonesia"
2004-11-24T02:42:59.000Z,-30.633,117.472,0,4.1,"121 km NW of Merredin, Australia"
2004-11-23T10:50:50.000Z,-16.937,127.153,10,4,"152 km NNW of Halls Creek, Australia"
2004-11-18T23:31:50.370Z,-41.642,146.026,10,4.3,"37 km SW of Sheffield, Australia"
2004-11-12T14:01:20.260Z,-10.994,117.949,40,4.2,"277 km SSW of Dompu, Indonesia"
2004-11-12T01:28:25.770Z,-10.786,125.584,10,4.4,"166 km SSE of Suai, Timor Leste"
2004-11-07T23:51:28.260Z,-11.648,120.116,10,4.6,"220 km S of Waingapu, Indonesia"
2004-11-07T12:42:57.590Z,-10.55,115.863,42.9,4.5,"203 km S of Lembar, Indonesia"
2004-11-03T03:07:44.630Z,-10.712,112.677,11.1,4.9,"276 km S of Dampit, Indonesia"
2004-11-02T13:29:07.280Z,-11.968,117.132,10,4.6,"south of Sumbawa, Indonesia"
2004-10-31T03:52:03.120Z,-10.356,124.154,20,4.2,"56 km SSW of Soe, Indonesia"
2004-10-19T09:17:45.720Z,-9.268,125.151,10,4.2,"12 km WNW of Suai, Timor Leste"
2004-10-14T04:09:04.420Z,-9.501,114.3,61.9,5.1,"118 km S of Muncar, Indonesia"
2004-10-13T20:24:40.710Z,-9.128,120.235,45.4,4.2,"58 km N of Waingapu, Indonesia"
2004-10-05T04:18:25.930Z,-9.975,111.423,36.6,4,"211 km SSW of Boyolangu, Indonesia"
2004-10-01T16:42:11.700Z,-11.715,117.223,25.1,4.5,"south of Sumbawa, Indonesia"
2004-09-30T08:43:30.510Z,-11.044,116.726,21.3,4.1,"263 km S of Praya, Indonesia"
2004-09-25T15:10:42.000Z,-16.776,129.152,10,4,"118 km SSE of Kununurra, Australia"
2004-09-23T12:16:05.670Z,-11.088,111.956,10,4.3,"south of Java, Indonesia"
2004-09-22T23:31:29.650Z,-42.306,120.184,10,4.3,south of Australia
2004-09-22T08:38:10.220Z,-9.177,124.107,51.5,4.6,"30 km W of Pante Makasar, Timor Leste"
2004-09-21T15:13:02.270Z,-11.282,118.724,10,4.7,"246 km SW of Waingapu, Indonesia"
2004-09-19T11:32:15.510Z,-9.456,118.004,38.8,5,"113 km SSW of Dompu, Indonesia"
2004-09-17T20:03:42.770Z,-12.008,118.745,16.6,4.3,"south of Sumbawa, Indonesia"
2004-09-14T07:56:26.000Z,-11.447,112.799,40,4.3,"south of Java, Indonesia"
2004-09-13T13:13:41.110Z,-9.567,123.615,10,4.4,"17 km WNW of Naisano Dua, Indonesia"
2004-09-07T06:38:57.360Z,-9.441,124.251,115.1,4.1,"24 km W of Kefamenanu, Indonesia"
2004-09-06T10:28:58.650Z,-9.99,118.832,10,4.8,"161 km WSW of Waingapu, Indonesia"
2004-08-26T18:01:36.280Z,-9.091,111.682,80.5,4.3,"110 km SSW of Boyolangu, Indonesia"
2004-08-25T14:24:07.600Z,-10.04,119.296,25,4.4,"114 km WSW of Waingapu, Indonesia"
2004-08-20T04:08:48.480Z,-9.159,116.838,119.1,4,"75 km SSE of Labuan Lombok, Indonesia"
2004-08-19T19:00:26.570Z,-9.466,116.996,93.8,4.1,"112 km SSE of Labuan Lombok, Indonesia"
2004-08-19T06:03:52.590Z,-9.294,117.632,95.9,4.8,"91 km SSE of Sumbawa Besar, Indonesia"
2004-08-08T07:18:15.910Z,-9.57,122.225,123.4,4.6,"101 km SE of Ende, Indonesia"
2004-08-07T04:34:35.010Z,-10.986,118.597,10,4.5,"234 km SW of Waingapu, Indonesia"
2004-08-05T18:56:38.870Z,-10.379,123.989,17.7,4.4,"47 km ESE of Kupang, Indonesia"
2004-07-27T16:08:30.000Z,-9.615,119.727,35,4.8,"59 km W of Waingapu, Indonesia"
2004-07-27T15:56:17.690Z,-10.064,118.849,35.9,4.4,"161 km WSW of Waingapu, Indonesia"
2004-07-17T18:20:05.450Z,-9.232,124.506,10,4.6,"13 km ESE of Pante Makasar, Timor Leste"
2004-07-13T03:57:03.410Z,-9.039,124.179,102,4.7,"28 km NW of Pante Makasar, Timor Leste"
2004-07-10T02:26:40.100Z,-11.753,118.247,10,4.7,"south of Sumbawa, Indonesia"
2004-07-08T12:31:32.470Z,-9.5,114.649,75,4.3,"96 km SW of Jimbaran, Indonesia"
2004-07-01T13:53:32.080Z,-9.129,111.018,25,4.5,"138 km S of Jatiroto, Indonesia"
2004-07-01T06:02:22.810Z,-10.162,124.122,35,4.4,"37 km SSW of Soe, Indonesia"
2004-07-01T05:14:39.260Z,-10.775,123.764,102.8,4.6,"69 km SSE of Kupang, Indonesia"
2004-06-27T15:36:53.570Z,-10.135,124.108,10,4.3,"35 km SSW of Soe, Indonesia"
2004-06-19T21:27:26.630Z,-10.938,113.857,10,4.5,"277 km SSW of Jimbaran, Indonesia"
2004-06-17T05:13:30.650Z,-9.082,120.989,100,4.4,"77 km SE of Ruteng, Indonesia"
2004-06-17T02:09:17.820Z,-10.027,113.264,40,4.6,"193 km S of Kencong, Indonesia"
2004-06-09T16:15:08.070Z,-10.603,124.496,20,4.4,"85 km SSE of Soe, Indonesia"
2004-06-05T19:40:37.310Z,-9.918,154.399,10,4.4,D'Entrecasteaux Islands region
2004-06-05T11:56:40.790Z,-11.124,119.631,20.2,4.5,"176 km SSW of Waingapu, Indonesia"
2004-06-03T07:46:44.530Z,-9.373,127.843,10,4,"132 km SE of Lospalos, Timor Leste"
2004-06-01T20:46:56.810Z,-9.507,113.004,60,4.2,"141 km SSW of Kencong, Indonesia"
2004-05-31T18:58:29.810Z,-9.617,112.878,60,4.4,"156 km S of Dampit, Indonesia"
2004-05-30T16:19:06.520Z,-9.794,123.071,100,4.5,"72 km NW of Kupang, Indonesia"
2004-05-19T20:58:49.820Z,-11.265,117.937,40,4.1,"south of Sumbawa, Indonesia"
2004-05-16T17:01:26.780Z,-9.246,113.015,62.6,4,"113 km SSW of Kencong, Indonesia"
2004-05-11T14:47:18.550Z,-9.656,115.682,65.5,4.5,"106 km SSE of Nusa Dua, Indonesia"
2004-05-11T13:50:50.930Z,-10.904,113.329,10,4.5,"289 km S of Kencong, Indonesia"
2004-05-10T00:29:44.060Z,-9.1,121.143,26.7,4.3,"63 km WSW of Ende, Indonesia"
2004-05-05T02:20:47.340Z,-9.033,114.448,80.8,5,"67 km S of Muncar, Indonesia"
2004-05-02T14:08:13.220Z,-9.682,120.924,26.8,5.1,"72 km E of Waingapu, Indonesia"
2004-05-01T13:44:56.820Z,-9.165,123.453,10,4.4,"59 km NW of Naisano Dua, Indonesia"
2004-04-29T03:29:37.280Z,-9.25,126.204,10,4.6,"46 km SSW of Viqueque, Timor Leste"
2004-04-28T20:05:25.400Z,-9.252,126.087,10,4.7,"53 km SW of Viqueque, Timor Leste"
2004-04-24T18:04:41.280Z,-9.309,123.306,10,4.4,"60 km WNW of Naisano Dua, Indonesia"
2004-04-23T01:50:30.220Z,-9.362,122.839,65.8,6.7,"105 km WNW of Naisano Dua, Indonesia"
2004-04-20T13:07:12.760Z,-9.295,127.211,104.1,4.7,"88 km SSE of Lospalos, Timor Leste"
2004-04-14T17:24:19.370Z,-11.555,113.933,50,4.5,"south of Java, Indonesia"
2004-04-11T13:40:34.360Z,-10.613,119.31,25,4.4,"148 km SW of Waingapu, Indonesia"
2004-04-10T15:36:26.940Z,-9.254,150.654,55,4.2,"119 km N of Alotau, Papua New Guinea"
2004-04-08T10:24:47.850Z,-12.214,123.981,53,4.9,"229 km S of Kupang, Indonesia"
2004-04-05T22:41:01.190Z,-10.499,113.701,40,4.7,"237 km SSW of Gambiran Satu, Indonesia"
2004-04-01T00:10:51.550Z,-9.897,110.558,25,4.6,"216 km S of Pundong, Indonesia"
2004-03-10T14:33:18.650Z,-9.94,114.104,10,4.3,"168 km S of Muncar, Indonesia"
2004-03-10T14:25:04.940Z,-9.751,114.252,48.8,4.5,"145 km SW of Jimbaran, Indonesia"
2004-03-07T18:01:41.960Z,-9.743,119.886,66.4,4.6,"42 km WSW of Waingapu, Indonesia"
2004-03-05T06:32:04.890Z,-9.635,114.283,47.8,4.8,"133 km S of Muncar, Indonesia"
2004-03-05T00:11:29.000Z,-32.472,127.034,0,4.4,Western Australia
2004-02-26T02:48:17.650Z,-9.067,111.077,70.7,4.3,"130 km SSW of Trenggalek, Indonesia"
2004-02-11T17:55:22.140Z,-9.046,117.6,53.5,4,"64 km SSE of Sumbawa Besar, Indonesia"
2004-02-11T09:30:39.000Z,-22.68,129.823,13,4.9,"Northern Territory, Australia"
2004-02-11T09:17:58.000Z,-22.738,129.871,13,4.6,"299 km NNW of Yulara, Australia"
2004-02-06T19:05:49.400Z,-9.341,123.905,10,4.8,"32 km NNE of Naisano Dua, Indonesia"
2004-01-31T05:42:11.000Z,-37.327,155.583,0,4.3,east of Australia
2004-01-30T22:55:05.680Z,-9.234,123.044,10,4.2,"89 km WNW of Naisano Dua, Indonesia"
2004-01-29T04:33:38.470Z,-9.188,124.194,95,4.9,"20 km W of Pante Makasar, Timor Leste"
2004-01-28T07:13:18.390Z,-11.3,118.637,35.6,4.1,"254 km SW of Waingapu, Indonesia"
2004-01-23T15:31:47.000Z,-31.672,123.549,15,4.1,"185 km ESE of Kambalda East, Australia"
2004-01-18T11:12:55.720Z,-9.256,123.969,10,4.3,"43 km NNE of Naisano Dua, Indonesia"
2004-01-17T16:08:42.000Z,-18.783,122.396,10,4,"68 km S of Roebuck, Australia"
2004-01-16T15:05:56.000Z,-25.072,151.275,0,4.4,"27 km SE of Monto, Australia"
2004-01-15T14:11:33.970Z,-9.231,110.545,65.7,4,"143 km S of Pundong, Indonesia"
2004-01-11T11:43:10.660Z,-42.522,124.618,10,4.4,south of Australia
2004-01-11T07:34:45.020Z,-9.014,124.152,98.5,4.5,"32 km NW of Pante Makasar, Timor Leste"
2004-01-09T23:25:33.380Z,-10.109,150.065,51.6,4.9,"48 km WNW of Alotau, Papua New Guinea"
2004-01-09T06:49:56.330Z,-9.228,124.515,95,4.1,"14 km ESE of Pante Makasar, Timor Leste"
2004-01-04T14:49:02.240Z,-10.823,113.176,10,4.3,"281 km S of Kencong, Indonesia"
2003-12-31T17:34:19.940Z,-10.113,119.371,33,4.1,"110 km WSW of Waingapu, Indonesia"
2003-12-22T09:03:45.810Z,-9.187,123.967,100,4.8,"45 km W of Pante Makasar, Timor Leste"
2003-12-15T15:47:10.050Z,-9.508,155.234,33,4.3,"235 km SW of Gizo, Solomon Islands"
2003-12-11T10:19:19.000Z,-34.5,150.4,0,4.6,"0 km WNW of Burradoo, Australia"
2003-12-05T22:26:23.000Z,-18.225,126.745,0,4.6,"97 km W of Halls Creek, Australia"
2003-12-03T00:35:54.600Z,-11.479,120.81,33,4,"210 km SSE of Waingapu, Indonesia"
2003-12-01T12:31:15.570Z,-10.821,126.204,33,4.9,"196 km SSE of Suai, Timor Leste"
2003-11-30T13:36:20.930Z,-9.231,124.324,158.8,4.5,"7 km WSW of Pante Makasar, Timor Leste"
2003-11-29T20:22:57.210Z,-9.014,123.625,93.2,5.5,"66 km NNW of Naisano Dua, Indonesia"
2003-11-22T18:36:03.000Z,-31.619,138.774,10,4.2,"106 km NE of Quorn, Australia"
2003-11-21T13:17:58.580Z,-9.984,111.227,10,4.7,"217 km SSW of Trenggalek, Indonesia"
2003-11-20T12:24:32.630Z,-10.024,111.028,10,5.9,"227 km SSW of Trenggalek, Indonesia"
2003-11-17T16:08:48.440Z,-9.484,111.601,33,4.3,"154 km SSW of Boyolangu, Indonesia"
2003-11-14T19:09:57.170Z,-10.468,118.738,33,4.9,"189 km WSW of Waingapu, Indonesia"
2003-11-05T03:21:54.560Z,-11.073,118.202,33,4,"274 km SW of Waingapu, Indonesia"
2003-10-27T19:36:09.930Z,-9.618,123.1,33,4.8,"73 km W of Naisano Dua, Indonesia"
2003-10-21T11:32:56.350Z,-9.378,124.376,33,4.4,"13 km NW of Kefamenanu, Indonesia"
2003-10-11T14:29:54.270Z,-9.465,114.165,61.4,4.5,"115 km S of Muncar, Indonesia"
2003-10-09T00:48:01.080Z,-9.12,124.043,33,4.2,"38 km WNW of Pante Makasar, Timor Leste"
2003-10-07T15:29:24.860Z,-9.125,122.229,33,4.9,"55 km S of Maumere, Indonesia"
2003-09-29T12:53:25.310Z,-9.519,148.706,33,4.5,"98 km SSE of Popondetta, Papua New Guinea"
2003-09-29T07:22:52.880Z,-10.76,125.555,33,4.4,"163 km SSE of Suai, Timor Leste"
2003-09-28T16:45:00.950Z,-10.568,123.591,33,4.3,"43 km S of Kupang, Indonesia"
2003-09-22T07:19:26.740Z,-9.595,118.474,10,5,"117 km S of Dompu, Indonesia"
2003-09-15T14:56:45.290Z,-9.456,149.917,33,4.7,"111 km NNW of Alotau, Papua New Guinea"
2003-09-14T11:54:25.650Z,-11.628,117.268,33,4.1,"south of Sumbawa, Indonesia"
2003-08-22T08:22:47.530Z,-12.229,118.046,33,4.5,"south of Sumbawa, Indonesia"
2003-08-17T16:14:34.960Z,-9.462,152.635,33,4.2,"250 km ENE of Samarai, Papua New Guinea"
2003-08-16T20:13:42.000Z,-10.398,124.943,33,4.5,"93 km SE of Soe, Indonesia"
2003-08-13T16:38:10.710Z,-9.826,119.015,33,5,"138 km W of Waingapu, Indonesia"
2003-08-11T07:04:30.000Z,-18.436,147.114,5,4.8,"65 km ENE of Palm Island, Australia"
2003-08-02T21:07:53.430Z,-9.965,124.638,33,4.9,"40 km ESE of Soe, Indonesia"
2003-07-18T23:58:38.310Z,-9.662,124.926,33,4.2,"52 km SW of Suai, Timor Leste"
2003-07-07T16:46:11.660Z,-10.398,113.565,33,4.6,"230 km SSW of Gambiran Satu, Indonesia"
2003-06-20T12:00:24.700Z,-9.473,148.299,44.1,4.7,"78 km S of Popondetta, Papua New Guinea"
2003-06-20T11:45:38.160Z,-9.402,148.221,56.7,5.1,"70 km S of Popondetta, Papua New Guinea"
2003-06-17T05:59:06.140Z,-9.374,119.626,33,4.9,"76 km WNW of Waingapu, Indonesia"
2003-06-12T10:11:56.040Z,-10.081,124.519,10,4.9,"35 km SE of Soe, Indonesia"
2003-06-11T22:07:45.140Z,-9.097,118.372,85.9,5.2,"62 km S of Dompu, Indonesia"
2003-06-11T07:51:41.790Z,-9.809,124.59,10,5.2,"34 km E of Soe, Indonesia"
2003-06-10T04:26:24.680Z,-9.712,118.004,44.5,4.6,"139 km SSW of Dompu, Indonesia"
2003-06-04T17:38:11.970Z,-10.285,120.275,33,5.1,"69 km S of Waingapu, Indonesia"
2003-06-03T10:42:52.740Z,-42.481,120.106,10,4.5,south of Australia
2003-06-01T18:12:31.240Z,-10.881,118.558,33,4.6,"230 km SW of Waingapu, Indonesia"
2003-06-01T17:49:20.340Z,-9.45,117.501,33,4.3,"106 km S of Sumbawa Besar, Indonesia"
2003-05-28T07:44:36.810Z,-11.374,118.368,43.6,4.8,"281 km SW of Waingapu, Indonesia"
2003-05-21T12:37:52.760Z,-9.253,121.923,33,4.9,"53 km SSE of Ende, Indonesia"
2003-05-19T17:05:45.820Z,-10.472,129.9,33,4,"163 km NNW of Wurrumiyanga, Australia"
2003-05-15T13:02:21.430Z,-9.59,119.876,33,4.7,"43 km W of Waingapu, Indonesia"
2003-05-11T19:04:44.500Z,-10.048,119.118,33,4.5,"132 km WSW of Waingapu, Indonesia"
2003-05-11T03:05:31.000Z,-27.919,135.13,0,4.2,"126 km NNE of Coober Pedy, Australia"
2003-05-10T14:33:35.180Z,-9.205,125.778,33,4.1,"26 km SSE of Same, Timor Leste"
2003-05-08T07:40:10.580Z,-10.138,124.672,33,4.2,"52 km SE of Soe, Indonesia"
2003-05-08T04:36:55.680Z,-9.691,111.355,33,4.9,"182 km SSW of Trenggalek, Indonesia"
2003-05-06T13:30:47.260Z,-10.301,122.414,33,4.5,"131 km W of Kupang, Indonesia"
2003-04-30T06:04:35.030Z,-9.782,153.775,220.6,4.8,D'Entrecasteaux Islands region
2003-04-19T07:13:46.720Z,-9.129,123.368,33,4.5,"68 km NW of Naisano Dua, Indonesia"
2003-04-16T01:15:41.720Z,-9.73,124.966,33,4.7,"56 km SW of Suai, Timor Leste"
2003-04-14T11:51:18.290Z,-9.031,115.441,86.6,4.6,"34 km SE of Nusa Dua, Indonesia"
2003-04-03T03:38:52.950Z,-11.244,118.839,33,4.1,"234 km SW of Waingapu, Indonesia"
2003-04-03T03:08:28.460Z,-10.092,122.112,33,4.8,"146 km SSE of Ende, Indonesia"
2003-04-02T03:40:40.390Z,-11.54,118.551,33,4.4,"280 km SW of Waingapu, Indonesia"
2003-03-26T13:31:21.740Z,-9.05,116.656,64.2,4.4,"57 km SE of Praya, Indonesia"
2003-03-24T11:50:32.000Z,-31.702,117.087,5,4,"36 km NE of York, Australia"
2003-03-20T17:15:13.470Z,-10.321,117.05,33,5,"198 km SSE of Praya, Indonesia"
2003-03-20T16:33:10.850Z,-10.211,117.185,33.6,5.6,"191 km S of Sumbawa Besar, Indonesia"
2003-03-18T19:06:48.000Z,-17.156,123.767,5,4.3,"21 km NE of Derby, Australia"
2003-03-17T10:02:21.360Z,-9.254,123.735,33,4.7,"38 km N of Naisano Dua, Indonesia"
2003-03-11T20:23:18.780Z,-10.757,118.117,33,4.5,"248 km S of Dompu, Indonesia"
2003-03-04T06:33:47.770Z,-10.987,118.157,33,4.3,"273 km S of Dompu, Indonesia"
2003-02-19T19:59:25.300Z,-9.707,112.802,67.8,4.7,"165 km S of Dampit, Indonesia"
2003-02-18T20:21:18.700Z,-9.782,114.064,33,4.6,"152 km S of Muncar, Indonesia"
2003-02-08T13:45:45.600Z,-9.322,114.032,58.2,4.7,"103 km S of Gambiran Satu, Indonesia"
2003-01-28T20:08:51.410Z,-9.197,119.097,114.3,4.7,"79 km SSW of Komodo, Indonesia"
2003-01-21T00:29:11.170Z,-11.133,118.725,33,4.2,"234 km SW of Waingapu, Indonesia"
2003-01-01T17:47:29.000Z,-20.043,133.774,10,4.1,"61 km SW of Tennant Creek, Australia"
2002-12-29T17:03:36.110Z,-10.899,113.825,38.3,4.5,"275 km SSW of Jimbaran, Indonesia"
2002-12-26T11:25:40.960Z,-10.197,113.068,33,4.9,"214 km S of Kencong, Indonesia"
2002-12-19T20:57:18.600Z,-11.705,113.715,33,4.5,"south of Java, Indonesia"
2002-12-12T15:06:16.950Z,-9.397,117.388,51.7,4.2,"100 km S of Sumbawa Besar, Indonesia"
2002-12-09T11:57:52.180Z,-11.772,118.683,33,4,"290 km SW of Waingapu, Indonesia"
2002-12-02T23:55:00.260Z,-11.256,117.396,33,4.5,"south of Sumbawa, Indonesia"
2002-12-01T14:37:23.030Z,-11.238,117.26,19.2,5.5,"279 km S of Taliwang, Indonesia"
2002-11-29T05:39:09.370Z,-9.283,118.157,33,4.7,"89 km SSW of Dompu, Indonesia"
2002-11-21T16:56:37.610Z,-9.542,117.28,59.5,5.1,"117 km S of Sumbawa Besar, Indonesia"
2002-11-18T08:55:46.380Z,-9.632,123.97,33,4.6,"22 km E of Naisano Dua, Indonesia"
2002-11-12T23:31:36.480Z,-11.524,117.103,33,4.1,"south of Sumbawa, Indonesia"
2002-11-12T01:33:15.510Z,-9.463,122.822,33,5,"105 km W of Naisano Dua, Indonesia"
2002-11-07T20:01:55.230Z,-10.331,120.4,33,4.5,"76 km SSE of Waingapu, Indonesia"
2002-11-06T03:15:41.210Z,-42.634,124.972,10,4.7,south of Australia
2002-11-02T19:42:21.720Z,-10.278,122.272,33,4.7,"146 km W of Kupang, Indonesia"
2002-11-01T08:55:14.420Z,-11.191,130.011,10,4.2,"92 km NW of Wurrumiyanga, Australia"
2002-10-15T03:59:00.120Z,-19.09,118.054,10,4,"147 km NNW of Port Hedland, Australia"
2002-10-11T12:25:45.570Z,-42.565,124.361,10,4.3,south of Australia
2002-10-09T12:47:28.600Z,-9.89,123.485,33,4.7,"33 km NNW of Kupang, Indonesia"
2002-10-08T15:54:50.790Z,-25.409,115.888,10,4.5,"230 km ESE of East Carnarvon, Australia"
2002-10-08T06:19:16.910Z,-9.607,154.523,33,4.5,D'Entrecasteaux Islands region
2002-10-05T04:21:33.100Z,-11,117.875,33,4.5,"280 km SSW of Dompu, Indonesia"
2002-10-02T00:51:11.790Z,-11.229,118.175,33,4.8,"287 km SW of Waingapu, Indonesia"
2002-09-29T09:59:46.640Z,-11.498,117.549,33,4.5,"south of Sumbawa, Indonesia"
2002-09-28T21:42:11.450Z,-9.187,111.614,33,4,"122 km SSW of Boyolangu, Indonesia"
2002-09-28T03:23:26.500Z,-9.197,117.27,131.1,4.1,"Sumbawa region, Indonesia"
2002-09-24T07:42:58.430Z,-38.56,145.991,10,4,"10 km SSE of Leongatha, Australia"
2002-09-22T11:44:26.810Z,-12.049,122.767,33,4.8,"227 km SSW of Kupang, Indonesia"
2002-09-15T12:28:01.690Z,-10.014,124.232,33,4.5,"17 km SSW of Soe, Indonesia"
2002-09-11T05:23:57.760Z,-9.945,123.377,33,4.6,"35 km NW of Kupang, Indonesia"
2002-09-09T20:26:19.240Z,-11.465,115.096,33,4.2,"295 km S of Nusa Dua, Indonesia"
2002-09-03T03:04:34.640Z,-9.401,119.44,33,4.6,"89 km S of Komodo, Indonesia"
2002-09-02T22:36:15.360Z,-9.647,148.813,33,4.2,"116 km SSE of Popondetta, Papua New Guinea"
2002-08-19T02:37:12.170Z,-9.656,113.341,33,4.6,"151 km S of Kencong, Indonesia"
2002-08-18T20:29:23.950Z,-9.416,118.86,33,4.5,"106 km SSE of Dompu, Indonesia"
2002-08-18T16:48:24.530Z,-9.407,118.236,33,4.6,"99 km SSW of Dompu, Indonesia"
2002-08-18T10:53:21.870Z,-10.322,113.438,33,4.9,"225 km S of Kencong, Indonesia"
2002-08-17T15:26:17.300Z,-9.637,155.932,33,4.7,"196 km SSW of Gizo, Solomon Islands"
2002-08-17T15:11:02.960Z,-9.552,155.976,33,5.5,D'Entrecasteaux Islands region
2002-08-16T02:39:09.380Z,-9.787,117.455,51.1,4.5,"143 km S of Sumbawa Besar, Indonesia"
2002-08-07T16:07:12.030Z,-9.307,120.897,61.1,4.6,"79 km ENE of Waingapu, Indonesia"
2002-08-04T02:45:35.140Z,-9.716,155.085,33,4.6,"262 km SW of Gizo, Solomon Islands"
2002-07-28T15:07:16.840Z,-9.556,118.493,56.2,4.6,"112 km S of Dompu, Indonesia"
2002-07-26T01:34:21.910Z,-9.285,112.667,74.1,4.3,"119 km S of Dampit, Indonesia"
2002-07-24T03:23:15.960Z,-9.737,118.488,33,4.6,"132 km S of Dompu, Indonesia"
2002-07-24T03:05:05.540Z,-9.285,118.616,28.8,5.9,"84 km SSE of Dompu, Indonesia"
2002-07-23T03:13:10.010Z,-10.157,117.627,33,4.1,"185 km S of Sumbawa Besar, Indonesia"
2002-07-22T20:22:51.450Z,-10.433,117.4,33,4.6,"214 km S of Sumbawa Besar, Indonesia"
2002-07-15T19:16:07.770Z,-11.337,115.262,33,5.1,"280 km S of Nusa Dua, Indonesia"
2002-07-14T23:48:43.130Z,-9.426,148.574,33,4.5,"82 km SSE of Popondetta, Papua New Guinea"
2002-07-13T15:28:09.800Z,-9.929,114.919,33,4.2,"128 km SSW of Jimbaran, Indonesia"
2002-07-12T12:28:39.730Z,-9.078,113.175,98.3,4.6,"90 km SSW of Kencong, Indonesia"
2002-07-10T16:06:51.610Z,-42.797,124.77,10,4.3,south of Australia
2002-07-10T04:00:15.570Z,-11.168,119.4,33,4.6,"192 km SSW of Waingapu, Indonesia"
2002-07-03T04:41:02.690Z,-11.356,116.946,33,4.4,"South of Lombok, Indonesia"
2002-06-29T22:33:23.350Z,-10.172,123.658,33,4.6,"5 km E of Kupang, Indonesia"
2002-06-24T14:42:00.910Z,-11.136,118.042,33,4.1,"291 km S of Dompu, Indonesia"
2002-06-15T21:18:41.640Z,-42.223,147.37,10,4.7,"46 km NNE of Bagdad, Australia"
2002-06-13T20:36:02.810Z,-20.76,113.752,10,4.5,"135 km NNW of Exmouth, Australia"
2002-06-10T16:34:27.330Z,-9.329,115.496,75.5,4.4,"65 km SSE of Nusa Dua, Indonesia"
2002-06-07T08:20:39.950Z,-9.013,122.728,33,4.5,"71 km SE of Maumere, Indonesia"
2002-05-28T21:53:04.650Z,-9.102,114.521,33,4.1,"76 km SSE of Muncar, Indonesia"
2002-05-20T00:53:13.430Z,-10.351,123.545,33,4.6,"21 km SSW of Kupang, Indonesia"
2002-04-15T02:12:48.210Z,-9.336,125.111,33,4.5,"16 km W of Suai, Timor Leste"
2002-04-05T19:10:23.370Z,-25.006,111.953,10,4.1,"172 km W of Brockman, Australia"
2002-04-05T12:35:23.740Z,-9.292,119.467,95.3,4.2,"77 km S of Komodo, Indonesia"
2002-04-04T21:25:32.230Z,-9.178,132.311,33,4.6,Arafura Sea
2002-04-03T03:09:47.260Z,-10.212,113.38,33,4.9,"213 km S of Kencong, Indonesia"
2002-03-31T18:48:21.600Z,-9.646,155.006,33,4.7,"264 km SW of Gizo, Solomon Islands"
2002-03-30T21:15:44.770Z,-30.509,117.141,10,4.6,"110 km E of Moora, Australia"
2002-03-27T17:16:34.340Z,-10.609,116.696,33,4.1,"215 km SSE of Praya, Indonesia"
2002-03-27T15:28:11.300Z,-9.419,124.757,33,4.6,"30 km E of Kefamenanu, Indonesia"
2002-03-23T13:16:20.950Z,-30.497,117.213,10,4.6,"117 km E of Moora, Australia"
2002-03-20T21:02:23.530Z,-9.135,123.627,33,4.2,"53 km NNW of Naisano Dua, Indonesia"
2002-03-15T16:14:26.570Z,-10.143,124.003,100,4.3,"43 km E of Kupang, Indonesia"
2002-03-15T14:46:21.940Z,-10.615,118.957,33,4.1,"178 km SW of Waingapu, Indonesia"
2002-03-14T02:53:20.810Z,-11.199,119.687,33,4.5,"181 km SSW of Waingapu, Indonesia"
2002-03-11T10:05:44.850Z,-9.295,125.147,33,4.7,"12 km W of Suai, Timor Leste"
2002-03-07T19:27:00.720Z,-10.616,124.611,33,4.6,"90 km SSE of Soe, Indonesia"
2002-03-06T02:11:09.320Z,-9.205,112.364,33,5.2,"116 km S of Sumberpucung, Indonesia"
2002-03-05T03:29:55.600Z,-30.508,117.522,10,4.6,"129 km NNW of Merredin, Australia"
2002-03-05T01:47:38.040Z,-30.52,117.18,10,4.8,"113 km E of Moora, Australia"
2002-02-25T17:37:12.780Z,-30.247,117.182,10,4,"121 km ENE of Moora, Australia"
2002-02-25T05:41:28.290Z,-9.145,124.042,102.3,4.6,"38 km W of Pante Makasar, Timor Leste"
2002-02-19T07:15:38.300Z,-9.229,123.72,33,4.5,"41 km N of Naisano Dua, Indonesia"
2002-02-10T06:06:16.350Z,-10.279,116.177,59.1,4.3,"172 km S of Lembar, Indonesia"
2002-02-08T09:01:47.700Z,-11.926,123.963,33,5,"198 km SSE of Kupang, Indonesia"
2002-02-06T09:19:27.830Z,-43.726,123.444,10,4.1,south of Australia
2002-02-04T06:38:11.440Z,-42.578,124.361,10,4.3,south of Australia
2002-01-27T17:45:58.660Z,-42.444,124.488,10,4.5,south of Australia
2002-01-26T00:43:34.790Z,-9.637,148.999,33,4,"eastern New Guinea region, Papua New Guinea"
2002-01-15T09:24:36.630Z,-42.529,124.366,10,4.1,south of Australia
2002-01-04T22:07:19.970Z,-9.482,118.344,33,4.6,"105 km S of Dompu, Indonesia"
2001-12-29T23:08:04.840Z,-9.613,151.161,10,4.6,"109 km NE of Alotau, Papua New Guinea"
2001-12-29T22:49:20.460Z,-9.614,151.077,10,4.6,"103 km NE of Alotau, Papua New Guinea"
2001-12-29T22:47:20.070Z,-9.631,151.231,10,4.1,"113 km NE of Alotau, Papua New Guinea"
2001-12-29T18:37:21.350Z,-9.703,151.199,10,4.3,"105 km NE of Alotau, Papua New Guinea"
2001-12-28T16:31:34.460Z,-30.522,117.296,10,4.5,"124 km E of Moora, Australia"
2001-12-28T00:10:28.160Z,-11.422,117.112,33,5,"south of Sumbawa, Indonesia"
2001-12-27T18:35:31.560Z,-42.238,124.38,10,4.1,south of Australia
2001-12-24T16:11:14.240Z,-9.303,116.35,33,4.2,"66 km S of Praya, Indonesia"
2001-12-22T07:00:27.370Z,-9.353,120.146,33,4.2,"36 km NNW of Waingapu, Indonesia"
2001-12-21T23:11:26.360Z,-9.686,118.07,68.3,4.6,"134 km SSW of Dompu, Indonesia"
2001-12-20T05:59:45.030Z,-42.518,124.718,10,4.2,south of Australia
2001-12-16T04:06:20.980Z,-10.187,117.14,41.3,4.5,"189 km SSE of Praya, Indonesia"
2001-12-13T11:55:04.700Z,-42.431,124.677,10,4.9,south of Australia
2001-12-13T07:30:50.540Z,-42.764,124.567,10,4.5,south of Australia
2001-12-13T07:28:09.050Z,-42.695,124.847,10,5.4,south of Australia
2001-12-12T23:22:14.590Z,-42.603,124.544,10,4.2,south of Australia
2001-12-12T20:57:46.220Z,-42.673,124.805,10,4.6,south of Australia
2001-12-12T19:52:58.480Z,-42.62,125.07,10,4.8,south of Australia
2001-12-12T17:52:38.920Z,-42.675,124.89,10,5.2,south of Australia
2001-12-12T15:01:03.110Z,-42.562,124.627,10,4,south of Australia
2001-12-12T14:02:35.040Z,-42.813,124.688,10,7.1,south of Australia
2001-12-08T22:56:14.030Z,-9.087,113.621,33,4.2,"93 km SSE of Kencong, Indonesia"
2001-12-06T12:59:35.080Z,-10.199,111.516,33,4.6,"233 km S of Boyolangu, Indonesia"
2001-11-21T02:06:13.620Z,-9.851,155.067,33,4.9,"274 km SW of Gizo, Solomon Islands"
2001-11-20T23:25:39.410Z,-9.471,125.577,33,4.7,"39 km ESE of Suai, Timor Leste"
2001-10-30T19:44:27.360Z,-10.419,114.206,33,4.9,"208 km SSW of Jimbaran, Indonesia"
2001-10-27T07:58:48.020Z,-35.309,143.682,10,4.2,"12 km ENE of Swan Hill, Australia"
2001-10-19T17:43:20.100Z,-33.708,120.669,10,5,"112 km W of Nulsen, Australia"
2001-10-14T15:27:56.540Z,-11.433,116.293,36.8,4.9,"South of Lombok, Indonesia"
2001-10-13T22:28:59.830Z,-9.205,154.611,10,4.3,"274 km WSW of Gizo, Solomon Islands"
2001-10-02T01:10:50.140Z,-9.164,121.821,33,5,"39 km SSE of Ende, Indonesia"
2001-09-30T13:25:24.060Z,-11.383,115.107,35.8,4.7,"south of Bali, Indonesia"
2001-09-28T02:54:54.270Z,-30.475,117.382,10,4.7,"133 km E of Moora, Australia"
2001-09-23T23:12:45.750Z,-11.383,115.061,33,4.6,"286 km S of Nusa Dua, Indonesia"
2001-09-23T22:03:42.290Z,-10.742,119.113,33,4.6,"174 km SW of Waingapu, Indonesia"
2001-09-22T17:32:34.350Z,-10.918,118.519,33,4.7,"236 km SW of Waingapu, Indonesia"
2001-09-20T03:48:44.730Z,-11.426,115.121,33,4.9,"290 km S of Nusa Dua, Indonesia"
2001-09-20T02:01:51.820Z,-11.375,115.042,10,5.6,"285 km S of Nusa Dua, Indonesia"
2001-09-15T22:29:23.220Z,-9.671,150.811,33,4.6,"81 km NNE of Alotau, Papua New Guinea"
2001-09-14T15:18:28.770Z,-19.867,133.79,10,5,"48 km WSW of Tennant Creek, Australia"
2001-09-14T11:15:35.270Z,-10.182,115.904,33,4.9,"162 km S of Lembar, Indonesia"
2001-09-06T10:55:44.560Z,-10.644,113.228,33,4.7,"261 km S of Kencong, Indonesia"
2001-09-03T15:38:05.930Z,-9.544,120.76,54.5,5,"55 km ENE of Waingapu, Indonesia"
2001-08-24T02:50:30.960Z,-11.926,117.4,33,4.8,"south of Sumbawa, Indonesia"
2001-08-09T08:56:23.140Z,-11.049,118.091,33,4.7,"280 km S of Dompu, Indonesia"
2001-08-02T08:45:25.320Z,-9.198,122.071,33,5.1,"59 km SE of Ende, Indonesia"
2001-07-30T06:36:33.260Z,-9.699,124.3,33,4.3,"17 km N of Soe, Indonesia"
2001-07-16T06:23:04.140Z,-9.957,114.049,33,4.5,"171 km S of Muncar, Indonesia"
2001-07-16T05:48:31.430Z,-9.726,114.242,64.8,4.6,"143 km S of Muncar, Indonesia"
2001-07-12T21:23:41.390Z,-9.752,114.32,69,4.6,"140 km SW of Jimbaran, Indonesia"
2001-06-19T23:40:40.850Z,-9.542,111.867,33,4.5,"157 km S of Boyolangu, Indonesia"
2001-06-18T03:07:06.850Z,-9.731,123.217,33,4.6,"62 km WSW of Naisano Dua, Indonesia"
2001-06-14T21:33:05.000Z,-10.871,118.408,33,4.4,"243 km WSW of Waingapu, Indonesia"
2001-06-14T12:05:12.270Z,-31.838,138.115,10,4.1,"56 km N of Quorn, Australia"
2001-06-10T22:51:31.770Z,-9.276,154.763,33,4.2,"262 km WSW of Gizo, Solomon Islands"
2001-06-03T19:01:57.100Z,-9.079,123.481,33,4.4,"65 km NNW of Naisano Dua, Indonesia"
2001-05-23T21:27:21.970Z,-10.234,120.304,33,5.3,"64 km S of Waingapu, Indonesia"
2001-05-23T19:02:30.490Z,-10.697,122.282,33,4,"156 km WSW of Kupang, Indonesia"
2001-05-18T11:57:13.590Z,-10.207,120.235,47,4.8,"60 km S of Waingapu, Indonesia"
2001-05-13T04:06:18.930Z,-9.481,112.761,33,4.8,"140 km S of Dampit, Indonesia"
2001-05-11T03:10:49.080Z,-9.978,118.113,33,4.4,"164 km SSW of Dompu, Indonesia"
2001-04-12T20:12:43.630Z,-19.976,134.041,10,4,"39 km SSW of Tennant Creek, Australia"
2001-04-01T22:40:42.170Z,-11.281,118.561,62.3,4.4,"258 km SW of Waingapu, Indonesia"
2001-04-01T08:42:04.910Z,-20.353,113.482,10,4,"186 km NNW of Exmouth, Australia"
2001-03-29T18:02:15.890Z,-9.337,111.616,33,4.6,"138 km SSW of Boyolangu, Indonesia"
2001-03-23T19:26:54.150Z,-9.943,123.395,83.2,4.1,"34 km NW of Kupang, Indonesia"
2001-03-23T06:55:44.500Z,-10.49,113.9,33,5.2,"232 km SSW of Muncar, Indonesia"
2001-03-20T11:05:06.200Z,-9.66,148.376,33,4.6,"100 km S of Popondetta, Papua New Guinea"
2001-03-17T18:07:30.730Z,-10.326,120.431,54.5,4.7,"76 km SSE of Waingapu, Indonesia"
2001-03-11T22:33:06.810Z,-9.176,126.992,33,4.5,"72 km S of Lospalos, Timor Leste"
2001-03-11T07:03:56.950Z,-9.379,111.852,33,4.2,"139 km S of Boyolangu, Indonesia"
2001-02-27T06:33:59.980Z,-11.315,118.404,62.4,4.9,"274 km SW of Waingapu, Indonesia"
2001-02-13T12:25:36.230Z,-9.485,112.931,33,4.6,"141 km SSW of Kencong, Indonesia"
2001-02-09T16:21:30.090Z,-9.126,125.977,33,4.2,"38 km ESE of Same, Timor Leste"
2001-01-22T21:24:07.630Z,-10.261,154.335,33,4.3,D'Entrecasteaux Islands region
2001-01-11T00:40:02.130Z,-9.463,118.249,33,4.5,"105 km SSW of Dompu, Indonesia"
2001-01-02T17:21:54.440Z,-9.009,122.471,33,4.5,"51 km SSE of Maumere, Indonesia"
2000-12-27T07:03:47.820Z,-9.33,154.593,33,5.9,"282 km WSW of Gizo, Solomon Islands"
2000-12-25T14:59:54.860Z,-42.136,120.014,10,4.3,south of Australia
2000-12-25T14:47:49.320Z,-42.305,120.036,10,4.1,south of Australia
2000-12-25T13:24:22.900Z,-42.519,120.175,10,5.7,south of Australia
2000-12-20T16:49:43.300Z,-9.231,154.353,33,6.6,D'Entrecasteaux Islands region
2000-12-20T16:47:49.360Z,-9.006,154.24,33,4.8,D'Entrecasteaux Islands region
2000-12-14T11:38:14.940Z,-9.363,155.5,33,4.4,"203 km SW of Gizo, Solomon Islands"
2000-12-13T02:15:57.990Z,-9.951,120.138,87.1,4.3,"35 km SSW of Waingapu, Indonesia"
2000-12-06T13:55:28.040Z,-9.524,116.767,33,4.1,"105 km SSE of Praya, Indonesia"
2000-12-05T09:14:46.740Z,-9.365,138.683,33,4.5,Arafura Sea
2000-11-30T07:56:44.040Z,-10.226,113.076,33,4.9,"217 km S of Kencong, Indonesia"
2000-11-25T03:09:37.470Z,-9.296,122.146,111.7,4.6,"73 km SE of Ende, Indonesia"
2000-11-08T09:32:33.780Z,-9.131,127.219,33,4,"71 km SSE of Lospalos, Timor Leste"
2000-10-30T19:23:34.850Z,-9.949,118.913,33,4.7,"151 km WSW of Waingapu, Indonesia"
2000-10-30T12:01:30.760Z,-9.708,119.075,33,6,"130 km W of Waingapu, Indonesia"
2000-10-15T08:27:43.790Z,-12.368,128.877,33,4.2,"201 km WSW of Wurrumiyanga, Australia"
2000-10-11T19:27:13.280Z,-20.065,112.905,10,5.1,"242 km NNW of Exmouth, Australia"
2000-10-07T11:57:40.940Z,-9.974,119.378,33,5.9,"103 km WSW of Waingapu, Indonesia"
2000-09-27T13:58:42.360Z,-9.066,113.162,33,4.8,"89 km SSW of Kencong, Indonesia"
2000-09-18T22:03:25.610Z,-9.5,151.29,33,4.1,"128 km NE of Alotau, Papua New Guinea"
2000-09-18T11:06:11.070Z,-9.024,118.984,116.9,4.4,"68 km SSE of Bima, Indonesia"
2000-09-18T04:44:35.900Z,-9.761,151.351,33,4.5,"115 km ENE of Alotau, Papua New Guinea"
2000-09-13T14:40:32.800Z,-11.379,112.63,33,4.5,"south of Java, Indonesia"
2000-09-07T22:18:28.640Z,-9.249,149.984,102.6,4.1,"128 km NNW of Alotau, Papua New Guinea"
2000-08-29T12:05:51.670Z,-38.385,146.226,12.2,5,"5 km ENE of Mirboo North, Australia"
2000-08-26T20:50:50.910Z,-9.305,153.896,33,5.2,D'Entrecasteaux Islands region
2000-08-25T01:14:09.450Z,-9.5,117.64,75.7,4.7,"113 km SSE of Sumbawa Besar, Indonesia"
2000-08-24T11:28:22.260Z,-9.518,111.792,51.2,4.8,"155 km S of Boyolangu, Indonesia"
2000-08-19T04:58:55.770Z,-9.49,117.544,80.6,4.7,"111 km S of Sumbawa Besar, Indonesia"
2000-08-15T04:03:48.560Z,-9.311,153.875,10,5.1,D'Entrecasteaux Islands region
2000-08-15T03:18:19.440Z,-9.289,153.817,10,5.1,D'Entrecasteaux Islands region
2000-08-14T22:11:16.110Z,-9.377,153.854,10,6,D'Entrecasteaux Islands region
2000-08-14T22:11:00.090Z,-9.345,153.849,10,5.1,D'Entrecasteaux Islands region
2000-08-14T09:13:41.730Z,-9.248,153.788,10,4.1,D'Entrecasteaux Islands region
2000-08-14T05:34:07.990Z,-9.323,153.958,10,4.1,D'Entrecasteaux Islands region
2000-07-30T13:45:08.010Z,-10.223,151.699,33,4.1,"121 km ENE of Samarai, Papua New Guinea"
2000-07-29T23:32:43.820Z,-9.224,112.016,66,4.3,"123 km S of Boyolangu, Indonesia"
2000-07-29T02:38:37.160Z,-9.084,111.895,84,4.6,"106 km S of Boyolangu, Indonesia"
2000-07-28T18:56:13.820Z,-10.851,121.94,33,4.5,"197 km WSW of Kupang, Indonesia"
2000-07-26T07:23:02.620Z,-9.557,122.889,104.4,4.4,"96 km W of Naisano Dua, Indonesia"
2000-07-10T12:48:57.070Z,-9.104,123.739,33,4.4,"54 km N of Naisano Dua, Indonesia"
2000-07-10T09:03:53.780Z,-9.897,113.713,33,4,"172 km SSW of Gambiran Satu, Indonesia"
2000-07-09T00:21:26.340Z,-11.005,118.613,33,4.5,"234 km SW of Waingapu, Indonesia"
2000-06-17T23:58:45.680Z,-9.089,110.666,33,4.2,"130 km SSE of Pundong, Indonesia"
2000-06-12T22:25:59.910Z,-9.589,115.983,61.2,4.6,"95 km S of Lembar, Indonesia"
2000-06-10T04:11:57.310Z,-9.615,151.006,33,4.5,"98 km NE of Alotau, Papua New Guinea"
2000-06-10T03:58:46.100Z,-11.349,116.572,33,4.7,"294 km S of Praya, Indonesia"
2000-05-25T05:52:52.260Z,-9.738,113.891,70.1,4.3,"151 km S of Gambiran Satu, Indonesia"
2000-05-24T12:03:53.650Z,-9.349,114.123,77.8,4.7,"103 km SSW of Muncar, Indonesia"
2000-05-14T12:58:35.760Z,-9.128,110.402,57.7,4.7,"130 km S of Pundong, Indonesia"
2000-05-14T12:39:40.040Z,-23.258,112.984,10,4.3,"187 km SW of Exmouth, Australia"
2000-05-10T17:46:56.190Z,-11.296,119.398,33,4.7,"204 km SSW of Waingapu, Indonesia"
2000-05-05T13:53:01.150Z,-9.202,123.559,96.3,4.9,"49 km NNW of Naisano Dua, Indonesia"
2000-05-05T04:35:24.990Z,-11.321,117.439,45.9,4.6,"south of Sumbawa, Indonesia"
2000-04-25T03:43:25.680Z,-10.126,122.796,33,5.4,"89 km W of Kupang, Indonesia"
2000-04-08T12:01:54.730Z,-10.698,120.29,33,4.7,"115 km S of Waingapu, Indonesia"
2000-04-08T08:55:33.050Z,-11.375,120.51,33,5,"191 km S of Waingapu, Indonesia"
2000-04-08T08:39:59.410Z,-10.625,120.377,33,4.4,"107 km S of Waingapu, Indonesia"
2000-04-03T01:08:30.670Z,-11.374,117.191,33,4.5,"south of Sumbawa, Indonesia"
2000-03-30T16:32:20.410Z,-11.83,117.406,33,4.5,"south of Sumbawa, Indonesia"
2000-03-29T22:50:10.090Z,-9.426,122.686,78.3,4,"103 km SSE of Maumere, Indonesia"
2000-03-26T10:15:26.890Z,-9.465,112.9,33,4.5,"139 km S of Dampit, Indonesia"
2000-03-23T13:04:42.610Z,-9.579,119.913,33,4,"39 km WNW of Waingapu, Indonesia"
2000-03-20T22:51:43.100Z,-9.584,123.253,66.7,4.5,"56 km W of Naisano Dua, Indonesia"
2000-03-15T15:51:03.980Z,-9.418,112.786,47.4,4.9,"133 km S of Dampit, Indonesia"
2000-03-11T23:15:00.060Z,-9.622,155.395,33,5.1,"231 km SW of Gizo, Solomon Islands"
2000-03-08T18:12:29.640Z,-10.517,123.435,33,4.5,"42 km SSW of Kupang, Indonesia"
2000-02-13T19:12:36.290Z,-9.549,113.994,56.9,4.3,"128 km S of Gambiran Satu, Indonesia"
2000-02-08T20:34:35.250Z,-11.649,118.907,33,4.8,"265 km SW of Waingapu, Indonesia"
2000-02-08T17:30:15.440Z,-9.589,112.9,55.7,4.5,"153 km S of Dampit, Indonesia"
2000-02-08T13:37:05.600Z,-13.435,122.265,33,4.2,northwest of Australia
2000-02-07T20:53:22.360Z,-9.811,149.965,33,4.6,"77 km NW of Alotau, Papua New Guinea"
2000-01-28T22:57:51.700Z,-9.691,118.764,83.4,5.6,"131 km SSE of Dompu, Indonesia"
2000-01-27T18:40:07.880Z,-9.955,124.369,68.4,4.5,"13 km SE of Soe, Indonesia"
2000-01-16T09:09:34.500Z,-9.27,113.965,58.5,5.1,"south of Java, Indonesia"
2000-01-15T02:54:08.570Z,-9.611,111.812,33,4,"165 km S of Boyolangu, Indonesia"
2000-01-15T02:11:58.580Z,-9.578,111.76,34.5,5,"162 km S of Boyolangu, Indonesia"
2000-01-09T03:01:01.700Z,-10.621,111.82,33,4.6,"276 km S of Boyolangu, Indonesia"
2000-01-08T06:26:31.470Z,-11.398,116.998,33,5.3,"South of Lombok, Indonesia"
2000-01-04T21:07:28.750Z,-9.769,116.07,33,4.1,"115 km S of Lembar, Indonesia"
2000-01-03T14:32:15.850Z,-11.539,118.421,33,4.7,"289 km SW of Waingapu, Indonesia"
1999-12-30T17:39:21.310Z,-9.244,119.057,75.2,4.5,"86 km SSW of Komodo, Indonesia"
1999-12-25T10:21:13.240Z,-11.324,114.37,33,4.4,"293 km SSW of Jimbaran, Indonesia"
1999-12-13T05:09:29.160Z,-9.646,124.261,33,4.9,"23 km N of Soe, Indonesia"
1999-12-05T09:08:51.400Z,-9.304,110.337,43.4,4.6,"149 km S of Pundong, Indonesia"
1999-12-02T19:50:03.860Z,-14.67,126.55,10,4.3,"265 km WNW of Kununurra, Australia"
1999-11-21T21:40:02.210Z,-19.731,133.126,10,4.3,"112 km W of Tennant Creek, Australia"
1999-11-13T17:03:24.500Z,-11.025,112.394,33,4.1,"south of Java, Indonesia"
1999-11-11T13:46:02.450Z,-11.527,118.131,33,4.4,"south of Sumbawa, Indonesia"
1999-11-06T18:16:39.890Z,-11.697,115.977,33,4.7,"south of Bali, Indonesia"
1999-11-05T17:04:02.080Z,-11.294,114.305,33,5.1,"292 km SSW of Jimbaran, Indonesia"
1999-11-04T20:56:43.190Z,-10.471,116.463,51.4,4.2,"196 km S of Praya, Indonesia"
1999-11-03T20:13:10.490Z,-9.172,124.097,33,4.6,"31 km W of Pante Makasar, Timor Leste"
1999-11-01T02:34:41.730Z,-9.995,114.212,33,4.3,"169 km SW of Jimbaran, Indonesia"
1999-11-01T01:32:27.070Z,-9.909,114.031,33,4.5,"166 km SSW of Muncar, Indonesia"
1999-10-20T16:43:45.400Z,-9.092,117.746,111.8,4.7,"75 km SSE of Sumbawa Besar, Indonesia"
1999-10-20T11:22:49.850Z,-9.581,111.526,33,4.9,"166 km SSW of Boyolangu, Indonesia"
1999-10-20T11:07:02.230Z,-9.874,111.507,33,4.7,"198 km SSW of Boyolangu, Indonesia"
1999-10-20T10:47:56.630Z,-9.62,111.438,33,4.6,"173 km S of Trenggalek, Indonesia"
1999-10-19T04:03:44.940Z,-9.242,124,33,4.7,"42 km W of Pante Makasar, Timor Leste"
1999-10-17T14:37:32.660Z,-11.139,118.554,33,4.2,"248 km SW of Waingapu, Indonesia"
1999-10-14T19:42:48.720Z,-38.073,111.644,10,4.4,southwest of Australia
1999-10-11T02:15:32.340Z,-11.1,112.445,33,4.9,"south of Java, Indonesia"
1999-10-04T14:16:10.880Z,-10.544,113.075,33,4.3,"252 km S of Kencong, Indonesia"
1999-10-01T01:31:12.810Z,-10.333,123.955,10,4.4,"42 km ESE of Kupang, Indonesia"
1999-09-30T07:01:26.520Z,-11.416,117.961,33,4.2,"south of Sumbawa, Indonesia"
1999-09-25T09:54:36.210Z,-10.848,119.19,10,4.4,"176 km SW of Waingapu, Indonesia"
1999-09-19T16:47:51.710Z,-9.072,123.475,33,4.7,"66 km NNW of Naisano Dua, Indonesia"
1999-09-16T19:58:32.520Z,-9.01,118.338,33,4.3,"54 km SSW of Dompu, Indonesia"
1999-09-07T23:47:05.980Z,-10.618,124.374,33,5.3,"84 km S of Soe, Indonesia"
1999-08-31T15:21:59.310Z,-9.923,116.229,77.8,5.1,"133 km S of Lembar, Indonesia"
1999-08-25T04:55:55.240Z,-10.771,113.232,33,4.2,"275 km S of Kencong, Indonesia"
1999-08-18T21:15:43.680Z,-10.757,113.36,33,4.7,"273 km S of Kencong, Indonesia"
1999-08-18T11:01:52.260Z,-32.939,138.579,10,4.2,"24 km W of Peterborough, Australia"
1999-08-13T02:56:55.210Z,-9.958,123.692,33,4.9,"25 km NNE of Kupang, Indonesia"
1999-07-28T00:17:45.430Z,-12.542,114.444,33,4.5,northwest of Australia
1999-07-19T05:00:52.690Z,-9.03,120.159,33,5.5,"57 km SW of Ruteng, Indonesia"
1999-07-15T21:47:19.690Z,-10.611,113.438,58.7,4.2,"257 km SSW of Gambiran Satu, Indonesia"
1999-07-02T21:50:37.810Z,-9.257,120.555,176.6,4.5,"54 km NE of Waingapu, Indonesia"
1999-07-02T12:30:14.390Z,-9.639,147.729,33,4.6,"65 km ESE of Port Moresby, Papua New Guinea"
1999-07-01T12:23:04.190Z,-9.084,111.264,33,4.2,"121 km SSW of Trenggalek, Indonesia"
1999-06-30T06:35:31.800Z,-9.705,124.36,33,4.8,"19 km NNE of Soe, Indonesia"
1999-06-29T18:33:28.590Z,-9.534,155.509,10,4.2,"215 km SW of Gizo, Solomon Islands"
1999-06-29T07:52:43.280Z,-9.51,155.396,33,4.5,"222 km SW of Gizo, Solomon Islands"
1999-06-29T05:50:08.920Z,-9.468,147.854,33,5.6,"66 km S of Kokoda, Papua New Guinea"
1999-06-27T17:28:45.380Z,-9.779,118.296,33,4.8,"138 km S of Dompu, Indonesia"
1999-06-25T19:53:11.910Z,-9.577,155.621,33,4.7,"211 km SW of Gizo, Solomon Islands"
1999-06-25T19:51:16.130Z,-9.943,123.992,33,4.3,"33 km WSW of Soe, Indonesia"
1999-06-25T19:34:05.550Z,-9.426,155.554,33,4.1,"203 km SW of Gizo, Solomon Islands"
1999-06-24T13:27:03.210Z,-10.536,113.253,33,4.7,"249 km S of Kencong, Indonesia"
1999-06-22T17:47:21.300Z,-9.571,155.413,33,4.4,"225 km SW of Gizo, Solomon Islands"
1999-06-21T13:44:42.840Z,-9.568,155.491,33,4.5,"219 km SW of Gizo, Solomon Islands"
1999-06-20T21:49:43.940Z,-9.57,155.606,33,4,"211 km SW of Gizo, Solomon Islands"
1999-06-19T15:50:27.370Z,-9.616,155.466,33,4.8,"225 km SW of Gizo, Solomon Islands"
1999-06-19T04:17:25.090Z,-9.617,155.523,33,4.3,"221 km SW of Gizo, Solomon Islands"
1999-06-17T02:14:56.510Z,-9.657,155.541,21.2,4.7,"223 km SW of Gizo, Solomon Islands"
1999-06-17T01:52:22.590Z,-9.567,155.612,27.7,4.5,"210 km SW of Gizo, Solomon Islands"
1999-06-16T14:52:08.740Z,-9.489,155.314,33,4.8,"227 km SW of Gizo, Solomon Islands"
1999-06-16T09:26:33.940Z,-9.452,155.368,33,4.7,"220 km SW of Gizo, Solomon Islands"
1999-06-16T06:59:47.470Z,-9.654,155.538,33,4.7,"223 km SW of Gizo, Solomon Islands"
1999-06-16T01:17:00.480Z,-9.637,155.603,33,4.2,"217 km SW of Gizo, Solomon Islands"
1999-06-15T19:42:46.180Z,-9.525,155.423,33,4.6,"221 km SW of Gizo, Solomon Islands"
1999-06-15T17:15:50.310Z,-9.689,155.627,33,5.2,"220 km SW of Gizo, Solomon Islands"
1999-06-15T16:35:30.410Z,-9.481,155.542,33,4,D'Entrecasteaux Islands region
1999-06-15T09:19:05.500Z,-9.596,155.516,33,4.6,"220 km SW of Gizo, Solomon Islands"
1999-06-15T05:32:27.660Z,-9.586,155.721,33,4.5,"205 km SW of Gizo, Solomon Islands"
1999-06-15T04:16:53.720Z,-9.653,155.545,33,4.7,"223 km SW of Gizo, Solomon Islands"
1999-06-13T22:16:30.180Z,-9.925,114.046,33,4.5,"167 km S of Muncar, Indonesia"
1999-05-29T19:39:41.480Z,-19.926,133.759,33,4.3,"54 km SW of Tennant Creek, Australia"
1999-05-27T06:08:06.740Z,-9.781,112.229,33,4.5,"181 km S of Sumberpucung, Indonesia"
1999-05-20T12:16:56.050Z,-9.812,117.81,37.1,4.9,"Sumbawa region, Indonesia"
1999-05-14T18:00:52.330Z,-9.408,116.436,33,4.2,"79 km SSE of Praya, Indonesia"
1999-05-10T10:02:23.810Z,-20.104,133.869,10,4.4,"60 km SW of Tennant Creek, Australia"
1999-05-01T18:11:54.680Z,-19.964,134.083,25.8,4.1,"36 km SSW of Tennant Creek, Australia"
1999-04-16T10:49:03.410Z,-9.501,150.793,33,5.4,"97 km NNE of Alotau, Papua New Guinea"
1999-04-15T04:55:51.700Z,-20.104,133.992,10,4.7,"54 km SSW of Tennant Creek, Australia"
1999-04-14T21:27:59.210Z,-9.166,123.035,33,4,"93 km WNW of Naisano Dua, Indonesia"
1999-04-10T06:12:11.140Z,-9.225,112.138,33,4,"123 km SSW of Sumberpucung, Indonesia"
1999-04-05T04:51:38.090Z,-9.854,119.37,70,4.4,"100 km WSW of Waingapu, Indonesia"
1999-04-03T00:05:54.050Z,-9.655,112.925,33,4.3,"159 km SSW of Kencong, Indonesia"
1999-03-28T23:31:48.790Z,-9.608,121.897,33,4.2,"88 km SSE of Ende, Indonesia"
1999-03-27T08:03:45.090Z,-9.682,112.79,33,5.6,"162 km S of Dampit, Indonesia"
1999-03-21T17:38:20.600Z,-9.444,113.767,33,4.3,"123 km SSW of Gambiran Satu, Indonesia"
1999-03-18T14:40:14.840Z,-13.685,117.962,33,4.4,northwest of Australia
1999-03-11T08:29:36.470Z,-9.16,150.19,33,5.4,"131 km NNW of Alotau, Papua New Guinea"
1999-03-11T04:39:05.360Z,-9.251,120.933,176.6,4.2,"86 km ENE of Waingapu, Indonesia"
1999-03-09T23:44:03.550Z,-9.481,123.896,71.9,4.4,"18 km NE of Naisano Dua, Indonesia"
1999-03-06T23:54:39.430Z,-28.529,139.064,10,4.1,South Australia
1999-03-06T15:30:28.160Z,-23.59,118.221,10,4,"70 km SE of Paraburdoo, Australia"
1999-02-10T14:34:25.180Z,-9.558,117.297,33,4,"118 km S of Sumbawa Besar, Indonesia"
1999-02-08T12:45:25.490Z,-9.875,124.913,138.2,4.1,"67 km SE of Kefamenanu, Indonesia"
1999-02-06T07:57:44.190Z,-10.439,116.673,33,4,"196 km SSE of Praya, Indonesia"
1999-01-31T08:27:05.110Z,-11.576,117.237,33,4.2,"south of Sumbawa, Indonesia"
1999-01-31T08:12:11.550Z,-9.856,121.895,200.4,4.1,"114 km SSE of Ende, Indonesia"
1999-01-29T09:25:03.870Z,-10.023,151.515,33,4.2,"113 km NE of Samarai, Papua New Guinea"
1999-01-29T06:32:43.410Z,-10.141,151.277,33,4.3,"85 km NE of Samarai, Papua New Guinea"
1999-01-22T00:07:22.320Z,-34.011,117.118,33,4.3,"20 km S of Kojonup, Australia"
1999-01-19T16:28:24.290Z,-10.903,113.248,33,4,"290 km S of Kencong, Indonesia"
1999-01-17T10:17:46.960Z,-10.423,123.71,33,5.1,"30 km SSE of Kupang, Indonesia"
1999-01-16T17:20:22.930Z,-11.347,118.057,33,4.4,"south of Sumbawa, Indonesia"
1999-01-16T13:05:45.480Z,-10.64,115.791,33,4.3,"212 km SSE of Nusa Dua, Indonesia"
1999-01-16T12:39:28.600Z,-9.137,118.034,113.1,4.6,"81 km SW of Dompu, Indonesia"
1999-01-13T13:09:18.440Z,-9.207,121.591,45.9,4.5,"40 km S of Ende, Indonesia"
1999-01-02T04:27:20.840Z,-10.166,124.158,45.4,5.1,"36 km SSW of Soe, Indonesia"
1999-01-01T03:02:30.570Z,-10.758,117.822,33,4.2,"254 km S of Sumbawa Besar, Indonesia"
1998-12-20T08:20:52.700Z,-9.677,118.77,33,4.3,"130 km SSE of Dompu, Indonesia"
1998-12-18T17:46:58.480Z,-9.231,119.843,141.5,4,"65 km NW of Waingapu, Indonesia"
1998-12-16T15:35:09.190Z,-11.697,118.042,33,4.3,"south of Sumbawa, Indonesia"
1998-12-15T16:15:10.320Z,-9.028,123.94,52,4.6,"52 km WNW of Pante Makasar, Timor Leste"
1998-12-15T15:41:14.160Z,-9.055,119.21,33,4,"60 km SSW of Komodo, Indonesia"
1998-12-05T01:20:57.000Z,-9.244,121.964,50.2,4.7,"55 km SE of Ende, Indonesia"
1998-11-29T03:26:31.890Z,-9.681,121.396,33,4,"97 km SSW of Ende, Indonesia"
1998-11-27T19:29:06.710Z,-9.117,118.321,137.1,4.7,"66 km SSW of Dompu, Indonesia"
1998-11-26T09:56:01.450Z,-9.321,121.409,81.4,4.9,"59 km SSW of Ende, Indonesia"
1998-11-19T12:03:03.100Z,-9.087,124.715,33,4.8,"19 km W of Atambua, Indonesia"
1998-11-16T20:21:59.720Z,-11.182,111.642,33,4.4,"south of Java, Indonesia"
1998-11-12T19:19:31.840Z,-13.029,122.039,33,4.9,northwest of Australia
1998-11-11T18:59:15.800Z,-10.482,119.658,33,4.1,"112 km SW of Waingapu, Indonesia"
1998-11-08T07:25:48.510Z,-9.135,121.421,33,6.4,"41 km SW of Ende, Indonesia"
1998-11-03T02:39:21.340Z,-10.213,124.294,33,4.3,"38 km S of Soe, Indonesia"
1998-11-02T17:09:29.630Z,-22.429,151.869,10,4.3,"138 km NE of Cooee Bay, Australia"
1998-11-02T02:26:22.220Z,-20.284,114.425,10,4.5,"166 km NNW of Onslow, Australia"
1998-10-26T14:52:01.070Z,-11.315,118.268,33,4.1,"285 km SW of Waingapu, Indonesia"
1998-10-26T02:30:22.430Z,-10.685,113.208,33,4.4,"266 km S of Kencong, Indonesia"
1998-10-25T04:24:16.450Z,-9.118,111.468,68.2,4.7,"118 km SSW of Trenggalek, Indonesia"
1998-10-21T19:14:40.090Z,-9.803,121.199,33,4.3,"103 km E of Waingapu, Indonesia"
1998-10-17T07:11:16.450Z,-11.861,116.98,33,4.9,"South of Lombok, Indonesia"
1998-10-16T13:46:14.960Z,-34.487,147.34,10,4,"18 km WSW of Temora, Australia"
1998-10-16T12:07:36.350Z,-9.601,155.497,33,4.6,"222 km SW of Gizo, Solomon Islands"
1998-10-14T22:26:09.470Z,-30.848,121.306,10,4.2,"16 km WSW of Somerville, Australia"
1998-10-12T22:49:17.040Z,-9.034,116.954,33,4.2,"66 km SSE of Labuan Lombok, Indonesia"
1998-10-09T06:38:38.970Z,-9.236,118.256,105.9,4,"80 km SSW of Dompu, Indonesia"
1998-09-24T20:04:07.910Z,-11.393,117.673,33,4,"south of Sumbawa, Indonesia"
1998-09-21T03:35:53.060Z,-10.59,118.428,33,4.7,"226 km WSW of Waingapu, Indonesia"
1998-09-18T11:06:45.840Z,-11.421,118.822,33,4.2,"250 km SW of Waingapu, Indonesia"
1998-09-14T04:54:37.260Z,-9.984,124.567,33,4.4,"33 km ESE of Soe, Indonesia"
1998-09-04T01:17:10.980Z,-9.223,113.975,74.2,4.8,"93 km SSW of Gambiran Satu, Indonesia"
1998-09-01T15:12:04.140Z,-9.313,110.735,33,4.1,"156 km SSE of Pundong, Indonesia"
1998-08-25T08:32:33.200Z,-9.202,117.029,55.3,4.4,"87 km SSE of Labuan Lombok, Indonesia"
1998-08-23T06:54:05.120Z,-9.483,124.443,33,4.4,"5 km SW of Kefamenanu, Indonesia"
1998-08-14T11:52:04.910Z,-10.048,122.326,54.2,4.2,"141 km W of Kupang, Indonesia"
1998-08-10T04:33:52.990Z,-10.941,116.745,33,4.4,"252 km SSE of Praya, Indonesia"
1998-08-08T13:26:46.260Z,-12.792,123.443,33,4.2,"290 km S of Kupang, Indonesia"
1998-08-04T22:01:06.520Z,-9.048,124.579,33,4.7,"27 km NE of Pante Makasar, Timor Leste"
1998-08-02T13:02:29.930Z,-9.119,127.169,33,4.1,"68 km SSE of Lospalos, Timor Leste"
1998-07-27T18:59:53.790Z,-10.009,114.117,33,4.5,"175 km S of Muncar, Indonesia"
1998-07-26T20:56:26.390Z,-11.486,117.602,33,4.5,"south of Sumbawa, Indonesia"
1998-07-26T10:30:10.660Z,-9.489,121.372,128.7,4.7,"78 km SSW of Ende, Indonesia"
1998-07-18T00:49:04.970Z,-9.626,123.029,100,4.1,"81 km W of Naisano Dua, Indonesia"
1998-07-17T18:46:16.230Z,-26.7,127.985,10,4.2,Western Australia
1998-07-17T01:22:38.870Z,-36.245,147.72,10,4.1,"17 km WSW of Corryong, Australia"
1998-07-11T01:52:43.860Z,-9.713,124.575,33,4.5,"31 km SSE of Kefamenanu, Indonesia"
1998-07-06T04:21:02.270Z,-11.131,119.41,33,4.3,"187 km SSW of Waingapu, Indonesia"
1998-07-05T18:22:02.110Z,-9.919,125.48,33,4.7,"71 km SSE of Suai, Timor Leste"
1998-07-05T18:15:58.990Z,-9.875,125.606,33,4.9,"73 km SSE of Suai, Timor Leste"
1998-06-23T08:38:32.670Z,-26.101,132.015,10,4.1,"140 km SE of Yulara, Australia"
1998-06-23T07:39:29.280Z,-9.145,117.114,112,4.8,"79 km SSW of Sumbawa Besar, Indonesia"
1998-06-23T02:52:34.830Z,-9.323,113.191,33,4.2,"116 km S of Kencong, Indonesia"
1998-06-22T19:11:04.790Z,-11.196,114.571,33,4.2,"273 km SSW of Jimbaran, Indonesia"
1998-06-22T09:46:47.950Z,-21.832,119.906,33,4.4,"22 km WNW of Nullagine, Australia"
1998-06-09T01:00:51.060Z,-27.975,135.821,10,4.5,"155 km NE of Coober Pedy, Australia"
1998-05-29T21:51:07.490Z,-18.936,119.459,33,4.2,"176 km NNE of Port Hedland, Australia"
1998-05-28T05:35:23.660Z,-9.12,125.76,100,4.3,"17 km SE of Same, Timor Leste"
1998-05-21T18:41:32.220Z,-9.781,119.539,33,4.4,"80 km W of Waingapu, Indonesia"
1998-05-18T19:24:21.310Z,-9.294,113.102,82.7,4.9,"115 km SSW of Kencong, Indonesia"
1998-05-11T12:11:23.690Z,-33.659,118.288,10,4.5,"67 km E of Katanning, Australia"
1998-05-10T17:25:10.770Z,-9.663,150.687,33,4.4,"76 km NNE of Alotau, Papua New Guinea"
1998-05-10T13:26:50.300Z,-9.796,150.855,33,4.5,"72 km NE of Alotau, Papua New Guinea"
1998-05-10T03:39:59.150Z,-9.025,125.427,33,5.2,"9 km WSW of Ainaro, Timor Leste"
1998-05-08T22:53:38.560Z,-9.277,123.874,93.1,4.4,"37 km NNE of Naisano Dua, Indonesia"
1998-05-03T09:33:44.340Z,-11.335,118.46,33,4.6,"271 km SW of Waingapu, Indonesia"
1998-04-27T22:16:59.590Z,-9.792,116.645,33,4.1,"127 km SSE of Praya, Indonesia"
1998-04-27T13:53:18.450Z,-9.5,112.735,33,4.3,"142 km S of Dampit, Indonesia"
1998-04-18T13:01:42.330Z,-11.497,116.806,33,4.1,"South of Lombok, Indonesia"
1998-04-10T03:46:40.220Z,-32.416,122.513,10,4,"156 km SSE of Kambalda East, Australia"
1998-04-09T03:51:28.630Z,-10.079,121.042,68.2,4.5,"97 km ESE of Waingapu, Indonesia"
1998-04-06T07:20:30.500Z,-10.623,117.447,33,4.4,"235 km S of Sumbawa Besar, Indonesia"
1998-03-30T03:02:49.680Z,-9.909,119.119,26.6,5.1,"128 km WSW of Waingapu, Indonesia"
1998-03-29T03:50:21.650Z,-12.424,139.22,33,4.7,"266 km E of Nhulunbuy, Australia"
1998-03-22T00:59:26.230Z,-9.515,123.44,88.4,5.1,"37 km WNW of Naisano Dua, Indonesia"
1998-03-16T00:36:01.250Z,-11.165,111.151,33,4.5,"south of Java, Indonesia"
1998-03-07T13:14:22.400Z,-9.806,117.071,76.5,4.8,"150 km SSW of Sumbawa Besar, Indonesia"
1998-02-20T05:26:08.000Z,-10.147,123.452,33,4.2,"17 km W of Kupang, Indonesia"
1998-02-10T09:56:27.670Z,-12.085,114.92,33,4.2,northwest of Australia
1998-02-10T02:05:06.380Z,-9.774,155.494,33,4.4,"236 km SW of Gizo, Solomon Islands"
1998-02-02T12:46:19.820Z,-11.326,122.352,33,4.1,"187 km SW of Kupang, Indonesia"
1998-01-27T22:32:31.020Z,-9.491,113.684,63.8,4.2,"131 km SSW of Gambiran Satu, Indonesia"
1998-01-23T11:26:42.550Z,-9.799,123.413,33,4.1,"45 km WSW of Naisano Dua, Indonesia"
1998-01-07T13:50:16.370Z,-11.509,119.271,33,4.4,"231 km SSW of Waingapu, Indonesia"
1998-01-07T09:37:29.870Z,-10.454,121.53,78.6,4.2,"164 km ESE of Waingapu, Indonesia"
1997-12-19T22:11:54.150Z,-11.336,118.815,33,4.8,"244 km SW of Waingapu, Indonesia"
1997-12-14T03:42:42.840Z,-9.861,127.558,100,4.3,"160 km SSE of Lospalos, Timor Leste"
1997-12-03T03:56:13.800Z,-9.883,120.685,33,4.9,"52 km ESE of Waingapu, Indonesia"
1997-11-29T12:42:55.310Z,-9.553,113.584,33,4.2,"142 km SSW of Gambiran Satu, Indonesia"
1997-11-26T04:21:58.910Z,-9.052,124.4,83.8,4.9,"16 km N of Pante Makasar, Timor Leste"
1997-11-25T11:25:37.640Z,-9.849,154.239,33,4.3,D'Entrecasteaux Islands region
1997-11-25T05:00:01.730Z,-9.306,110.073,33,4.1,"151 km S of Bambanglipuro, Indonesia"
1997-11-22T08:46:47.060Z,-10.147,118.725,33,4,"177 km WSW of Waingapu, Indonesia"
1997-11-11T19:32:17.940Z,-9.196,111.783,33,4.3,"119 km S of Boyolangu, Indonesia"
1997-11-09T17:24:55.690Z,-9.11,115.592,33,4,"52 km SE of Nusa Dua, Indonesia"
1997-11-09T00:00:38.030Z,-10.199,116.473,33,4.2,"166 km S of Praya, Indonesia"
1997-10-27T04:19:16.010Z,-9.706,124.735,150,4.4,"40 km SE of Kefamenanu, Indonesia"
1997-10-25T18:33:36.400Z,-10.582,112.833,62.7,4,"260 km SSW of Kencong, Indonesia"
1997-10-16T10:06:19.350Z,-11.545,117.427,33,4.2,"south of Sumbawa, Indonesia"
1997-10-16T00:04:02.760Z,-9.259,126.056,33,4.4,"52 km ESE of Same, Timor Leste"
1997-10-13T12:00:55.740Z,-9.355,118.973,93.8,4,"Sumbawa region, Indonesia"
1997-10-12T23:27:46.620Z,-9.439,112.871,60.1,4.6,"136 km S of Dampit, Indonesia"
1997-10-12T23:07:09.350Z,-9.634,112.816,33,4.4,"157 km S of Dampit, Indonesia"
1997-10-09T18:01:47.300Z,-11.627,118.296,33,4,"south of Sumbawa, Indonesia"
1997-10-09T08:57:44.400Z,-11.615,118.32,33,4.2,"south of Sumbawa, Indonesia"
1997-10-01T14:23:01.660Z,-9.015,150.801,33,4.4,"148 km NNE of Alotau, Papua New Guinea"
1997-09-24T16:56:14.770Z,-9.485,110.717,33,4.1,"174 km SSE of Pundong, Indonesia"
1997-09-21T00:10:54.960Z,-10.069,120.475,44.3,4.3,"51 km SSE of Waingapu, Indonesia"
1997-09-07T15:54:15.290Z,-9.126,123.838,71.8,4.4,"52 km N of Naisano Dua, Indonesia"
1997-09-06T20:56:56.090Z,-9.155,125.072,56,4.2,"20 km ESE of Atambua, Indonesia"
1997-09-06T19:55:57.410Z,-10.028,125.189,33,4,"79 km S of Suai, Timor Leste"
1997-09-03T05:12:51.220Z,-31.34,117.952,10,4,"34 km WNW of Merredin, Australia"
1997-09-01T09:48:33.260Z,-18.087,123.035,10,4.3,"57 km E of Roebuck, Australia"
1997-08-31T15:23:48.110Z,-31.406,117.854,10,4.1,"40 km WNW of Merredin, Australia"
1997-08-26T10:08:10.040Z,-11.668,116.398,33,4.3,"South of Lombok, Indonesia"
1997-08-23T17:30:37.140Z,-41.595,146.359,10,4,"21 km S of Sheffield, Australia"
1997-08-15T09:28:25.020Z,-11.699,122.021,33,4.5,"242 km SW of Kupang, Indonesia"
1997-08-14T12:46:27.270Z,-10.706,112.596,33,4.2,"276 km S of Dampit, Indonesia"
1997-08-13T22:41:48.160Z,-9.29,110.23,33,4.2,"148 km S of Bambanglipuro, Indonesia"
1997-08-11T19:09:59.280Z,-9.957,154.474,33,4,D'Entrecasteaux Islands region
1997-08-10T12:31:46.480Z,-15.939,124.257,10,4,"165 km NNE of Derby, Australia"
1997-08-10T09:20:30.980Z,-16.013,124.329,10,6.3,"161 km NNE of Derby, Australia"
1997-08-04T23:09:16.710Z,-11.008,118.546,33,4.2,"240 km SW of Waingapu, Indonesia"
1997-08-01T10:36:49.590Z,-9.211,119.399,92.6,4,"69 km S of Komodo, Indonesia"
1997-07-27T21:49:45.470Z,-10.685,113.242,41.2,4.2,"265 km S of Kencong, Indonesia"
1997-07-27T10:11:23.430Z,-9.384,119.059,100,4.3,"99 km SSW of Komodo, Indonesia"
1997-07-27T08:00:39.010Z,-9.664,124.384,100,4.5,"24 km NNE of Soe, Indonesia"
1997-07-20T14:46:11.450Z,-9.207,127.096,100,4.2,"76 km S of Lospalos, Timor Leste"
1997-07-17T12:42:49.830Z,-9.869,119.303,33,4.8,"108 km WSW of Waingapu, Indonesia"
1997-07-17T07:46:11.730Z,-11.154,116.825,33,4.5,"277 km SSE of Praya, Indonesia"
1997-07-13T14:34:06.360Z,-9.017,110.652,33,4.6,"122 km SSE of Pundong, Indonesia"
1997-07-13T01:26:29.060Z,-9.223,113.325,33,4.3,"104 km S of Kencong, Indonesia"
1997-07-12T22:51:47.400Z,-10.868,110.976,33,4.1,"south of Java, Indonesia"
1997-07-12T22:49:17.130Z,-9.045,110.527,33,5.3,"122 km S of Pundong, Indonesia"
1997-07-12T22:09:28.380Z,-9.142,110.489,33,4.1,"132 km S of Pundong, Indonesia"
1997-07-12T22:01:32.180Z,-9.052,110.668,33,4.4,"126 km SSE of Pundong, Indonesia"
1997-07-10T14:53:11.520Z,-11.256,118.001,33,5.4,"south of Sumbawa, Indonesia"
1997-07-10T13:10:48.190Z,-10.747,113.716,33,5.3,"264 km S of Gambiran Satu, Indonesia"
1997-07-08T21:34:30.960Z,-28.413,113.875,10,4.3,"77 km WNW of Drummond Cove, Australia"
1997-07-07T05:01:10.650Z,-9.743,117.728,114.8,4.5,"142 km SSE of Sumbawa Besar, Indonesia"
1997-07-06T20:27:28.760Z,-11.589,118.252,33,4.6,"south of Sumbawa, Indonesia"
1997-07-05T10:52:08.660Z,-9.406,117.92,100,4.5,"113 km SSW of Dompu, Indonesia"
1997-07-01T07:33:09.340Z,-9.27,138.984,10,4.8,"298 km WSW of Morehead, Papua New Guinea"
1997-06-22T14:17:16.240Z,-10.409,124.132,33,4.1,"62 km SSW of Soe, Indonesia"
1997-06-16T10:27:47.110Z,-9.354,118.027,101.9,4.7,"102 km SSW of Dompu, Indonesia"
1997-05-23T16:10:42.310Z,-11.915,118.559,33,4.3,"south of Sumbawa, Indonesia"
1997-05-11T17:15:28.490Z,-44.792,117.59,10,4,south of Australia
1997-05-09T06:53:45.230Z,-44.778,118.216,10,4.5,south of Australia
1997-05-09T06:31:04.410Z,-44.75,117.769,10,5.5,south of Australia
1997-05-03T22:54:16.760Z,-33.528,138.623,33,4.8,"32 km WNW of Burra, Australia"
1997-04-27T05:44:38.960Z,-9.553,119.262,33,4.4,"109 km SSW of Komodo, Indonesia"
1997-04-22T21:18:48.700Z,-9.246,124.467,33,4.3,"10 km ESE of Pante Makasar, Timor Leste"
1997-04-16T10:23:16.810Z,-9.815,124.768,33,4.1,"51 km SE of Kefamenanu, Indonesia"
1997-04-14T23:16:57.930Z,-9.705,110.124,33,4,"194 km S of Bambanglipuro, Indonesia"
1997-04-10T04:29:19.030Z,-9.198,119.003,88.8,4.2,"86 km SW of Komodo, Indonesia"
1997-04-02T09:06:05.680Z,-9.588,113.993,33,4.1,"133 km SSW of Muncar, Indonesia"
1997-03-27T16:58:16.400Z,-31.422,117.881,10,4.6,"37 km W of Merredin, Australia"
1997-03-20T10:24:42.610Z,-11.972,120.092,33,4.3,"256 km S of Waingapu, Indonesia"
1997-03-19T13:20:31.640Z,-10.685,112.734,33,4.7,"273 km S of Dampit, Indonesia"
1997-03-19T06:02:24.090Z,-9.975,124.01,33,4.1,"32 km WSW of Soe, Indonesia"
1997-03-05T07:53:45.830Z,-33.343,139.12,10,4,"40 km NNE of Burra, Australia"
1997-03-05T06:15:17.260Z,-33.681,138.983,10,4.8,"5 km ESE of Burra, Australia"
1997-02-24T00:45:01.130Z,-9.977,113.498,33,4.1,"187 km S of Kencong, Indonesia"
1997-02-14T21:14:44.450Z,-10.165,116.514,33,4.2,"163 km S of Praya, Indonesia"
1997-02-10T19:25:26.940Z,-9.641,119.51,33,5.9,"82 km W of Waingapu, Indonesia"
1997-02-09T01:54:34.030Z,-10.426,123.875,33,4.7,"40 km SE of Kupang, Indonesia"
1997-02-05T00:15:13.660Z,-28.755,139.214,10,4.3,South Australia
1997-01-19T11:14:28.930Z,-9.574,120.622,33,4.1,"40 km ENE of Waingapu, Indonesia"
1997-01-17T12:05:01.630Z,-10.635,112.026,33,4,"278 km S of Sumberpucung, Indonesia"
1997-01-15T18:54:34.920Z,-11.531,117.94,33,4.7,"south of Sumbawa, Indonesia"
1997-01-15T11:10:42.970Z,-9.587,124.423,100,4.4,"16 km SSW of Kefamenanu, Indonesia"
1997-01-06T02:51:13.510Z,-9.505,114.265,100,4.2,"118 km S of Muncar, Indonesia"
1997-01-03T13:19:46.480Z,-10.179,119.037,100,4.1,"146 km WSW of Waingapu, Indonesia"
1996-12-31T06:15:53.000Z,-11.541,115.482,33,4.8,"south of Bali, Indonesia"
1996-12-21T05:14:44.550Z,-10.541,113.526,33,4.5,"247 km SSW of Gambiran Satu, Indonesia"
1996-12-20T06:11:38.670Z,-31.006,116.588,10,4.5,"61 km N of Toodyay, Australia"
1996-12-13T23:56:28.510Z,-9.974,118.982,59.4,4,"144 km WSW of Waingapu, Indonesia"
1996-12-11T11:04:23.410Z,-11.284,116.894,32.1,4.5,"293 km SSE of Praya, Indonesia"
1996-12-09T00:46:24.580Z,-10.583,112.178,33,4.2,"269 km SSW of Dampit, Indonesia"
1996-12-08T15:56:09.950Z,-10.726,112.008,33,4.2,"288 km S of Boyolangu, Indonesia"
1996-12-08T12:16:08.400Z,-10.685,112.138,33,4.1,"281 km SSW of Dampit, Indonesia"
1996-12-06T06:53:22.430Z,-10.766,112.093,33,4.1,"291 km S of Sumberpucung, Indonesia"
1996-12-05T10:06:03.130Z,-10.621,115.606,56.4,4,"205 km SSE of Nusa Dua, Indonesia"
1996-12-03T14:29:51.460Z,-10.666,112.158,33,4.8,"279 km SSW of Dampit, Indonesia"
1996-12-03T04:46:27.150Z,-10.662,112.14,33,4.5,"279 km SSW of Dampit, Indonesia"
1996-12-02T22:01:35.640Z,-9.237,125.319,50,4.1,"10 km NE of Suai, Timor Leste"
1996-12-02T18:28:27.010Z,-38.788,113.461,10,4.2,southwest of Australia
1996-12-02T15:39:35.500Z,-10.754,112.098,33,4.3,"290 km SSW of Dampit, Indonesia"
1996-12-02T13:27:45.870Z,-10.712,112.18,33,4.5,"283 km SSW of Dampit, Indonesia"
1996-12-02T12:49:25.780Z,-11.065,111.755,33,4.2,"south of Java, Indonesia"
1996-12-01T18:44:21.790Z,-11.091,111.57,33,4.4,"south of Java, Indonesia"
1996-11-26T12:41:12.070Z,-9.5,129.436,150,4.1,"281 km NNW of Wurrumiyanga, Australia"
1996-11-17T13:21:52.260Z,-9.831,112.832,33,4,"179 km S of Dampit, Indonesia"
1996-11-10T02:27:32.440Z,-9.24,122.832,101.1,4,"96 km SE of Maumere, Indonesia"
1996-11-07T07:14:57.360Z,-9.076,123.989,150,4.6,"45 km WNW of Pante Makasar, Timor Leste"
1996-11-04T17:25:49.320Z,-10.304,119.242,33,4.4,"132 km WSW of Waingapu, Indonesia"
1996-10-22T22:51:29.560Z,-9.135,123.9,33,4.5,"53 km NNE of Naisano Dua, Indonesia"
1996-10-21T20:04:34.010Z,-12.621,114.833,10,4.5,northwest of Australia
1996-10-18T09:49:49.660Z,-9.741,117.57,33,4.3,"138 km S of Sumbawa Besar, Indonesia"
1996-10-14T22:47:43.320Z,-10.706,113.167,33,4.4,"268 km S of Kencong, Indonesia"
1996-10-09T12:55:32.740Z,-9.934,124.325,33,4.5,"9 km SSE of Soe, Indonesia"
1996-10-06T10:02:42.110Z,-9.785,118.002,53.8,5.4,"147 km SSW of Dompu, Indonesia"
1996-10-02T20:33:07.810Z,-10.464,113.209,33,4.2,"241 km S of Kencong, Indonesia"
1996-10-02T19:47:48.090Z,-9.779,113.713,33,4.6,"160 km SSW of Gambiran Satu, Indonesia"
1996-10-01T17:51:23.640Z,-9.922,124.341,33,4.5,"9 km SE of Soe, Indonesia"
1996-09-25T07:49:55.220Z,-37.888,146.203,10,4.3,"26 km ENE of Neerim South, Australia"
1996-09-25T04:53:56.820Z,-37.371,146.007,10,4.7,"32 km SE of Alexandra, Australia"
1996-09-24T11:52:46.370Z,-9.341,113.487,33,4.6,"117 km S of Kencong, Indonesia"
1996-09-24T01:26:59.500Z,-37.393,138.776,10,4.7,"90 km WSW of Robe, Australia"
1996-09-23T20:50:31.970Z,-11.866,117.313,33,4.2,"south of Sumbawa, Indonesia"
1996-09-23T11:21:04.900Z,-9.941,125.056,33,4.2,"72 km SSW of Suai, Timor Leste"
1996-09-23T03:19:58.740Z,-12.576,119.934,33,4.5,"south of Sumba, Indonesia"
1996-09-22T22:10:39.900Z,-9.471,112.806,45.4,4,"139 km S of Dampit, Indonesia"
1996-09-12T14:14:03.420Z,-10.452,120.408,33,4.1,"89 km S of Waingapu, Indonesia"
1996-09-11T06:39:55.190Z,-9.079,123.936,33,4.1,"50 km WNW of Pante Makasar, Timor Leste"
1996-09-07T05:53:26.300Z,-9.886,119.178,33,4.6,"121 km WSW of Waingapu, Indonesia"
1996-09-06T12:00:13.230Z,-9.611,119.316,33,4.2,"104 km W of Waingapu, Indonesia"
1996-09-01T16:28:27.780Z,-9.364,124.148,100,4.4,"31 km SW of Pante Makasar, Timor Leste"
1996-08-31T06:51:01.870Z,-9.528,121.033,33,4.8,"85 km E of Waingapu, Indonesia"
1996-08-28T20:04:32.430Z,-9.404,112.987,33,4.2,"130 km SSW of Kencong, Indonesia"
1996-08-24T09:39:53.450Z,-10.273,126.388,33,4.7,"156 km S of Viqueque, Timor Leste"
1996-08-22T20:50:08.510Z,-11.31,117.631,33,4.1,"south of Sumbawa, Indonesia"
1996-08-22T06:09:08.170Z,-9.517,155.355,33,5.5,"226 km SW of Gizo, Solomon Islands"
1996-08-22T06:01:57.930Z,-9.519,155.63,33,4.5,"205 km SW of Gizo, Solomon Islands"
1996-08-22T01:29:12.120Z,-9.147,155.844,33,4.7,"159 km SW of Gizo, Solomon Islands"
1996-08-22T00:50:01.090Z,-9.386,155.591,33,4.2,"197 km SW of Gizo, Solomon Islands"
1996-08-22T00:46:00.660Z,-9.495,155.493,33,4.5,"213 km SW of Gizo, Solomon Islands"
1996-08-21T19:06:56.410Z,-9.471,155.315,33,5.5,"226 km SW of Gizo, Solomon Islands"
1996-08-21T17:27:37.380Z,-9.467,155.417,33,5.4,"217 km SW of Gizo, Solomon Islands"
1996-08-21T17:26:58.660Z,-9.48,155.484,33,4.1,"213 km SW of Gizo, Solomon Islands"
1996-08-21T14:27:39.540Z,-9.361,155.594,33,4.1,"195 km SW of Gizo, Solomon Islands"
1996-08-21T12:17:47.340Z,-9.507,155.489,33,5.2,"215 km SW of Gizo, Solomon Islands"
1996-08-16T11:58:44.280Z,-11.91,127.215,33,4.1,Timor Sea
1996-08-14T16:35:01.070Z,-9.188,125.261,33,4.6,"13 km N of Suai, Timor Leste"
1996-08-14T09:29:06.920Z,-30.003,143.434,10,4.3,"241 km W of Bourke, Australia"
1996-08-14T03:16:50.180Z,-30.068,143.435,10,4.6,"241 km W of Bourke, Australia"
1996-08-13T05:44:31.890Z,-29.959,143.6,10,4.3,"225 km W of Bourke, Australia"
1996-08-13T04:30:11.560Z,-30.04,143.56,10,5,"229 km W of Bourke, Australia"
1996-08-09T10:17:26.630Z,-10.516,117.354,33,4.3,"224 km S of Sumbawa Besar, Indonesia"
1996-08-09T04:54:29.670Z,-9.516,116.093,33,4.4,"87 km S of Lembar, Indonesia"
1996-08-08T00:52:34.430Z,-9.468,118.282,33,4.3,"104 km S of Dompu, Indonesia"
1996-08-05T21:17:00.230Z,-9.364,153.97,33,4.2,D'Entrecasteaux Islands region
1996-07-26T23:36:17.460Z,-10.046,123.525,120,4.1,"16 km NNW of Kupang, Indonesia"
1996-07-17T21:34:25.570Z,-20.144,133.88,10,4.9,"63 km SSW of Tennant Creek, Australia"
1996-06-29T19:00:56.360Z,-9.958,154.245,33,4.2,D'Entrecasteaux Islands region
1996-06-29T10:10:53.240Z,-10.851,113.303,33,4.2,"284 km S of Kencong, Indonesia"
1996-06-27T06:37:00.590Z,-10.953,113.405,33,4.5,"294 km SSW of Gambiran Satu, Indonesia"
1996-06-20T03:31:04.970Z,-9.049,119.164,33,4.3,"62 km SW of Komodo, Indonesia"
1996-06-18T00:06:52.300Z,-17.972,140.684,10,4.2,"53 km SW of Normanton, Australia"
1996-06-12T00:20:14.070Z,-10.875,113.396,33,4.1,"south of Java, Indonesia"
1996-06-09T01:43:10.660Z,-34.27,135.683,10,4.4,"40 km WNW of Tumby Bay, Australia"
1996-06-04T11:48:19.950Z,-9.098,123.387,33,4.3,"69 km NW of Naisano Dua, Indonesia"
1996-06-03T09:19:46.480Z,-9.538,119.01,33,4.6,"117 km SSW of Komodo, Indonesia"
1996-06-02T06:02:44.190Z,-9.094,125.282,33,4,"13 km SSE of Maliana, Timor Leste"
1996-05-30T03:03:32.120Z,-11.472,111.681,33,4,"south of Java, Indonesia"
1996-05-29T10:57:18.060Z,-9.304,128.663,33,4,"202 km ESE of Lospalos, Timor Leste"
1996-05-28T01:26:21.650Z,-10.069,128.66,33,4.2,"250 km SE of Lospalos, Timor Leste"
1996-05-27T03:07:17.960Z,-10.145,115.546,33,4.3,"152 km SSE of Nusa Dua, Indonesia"
1996-05-26T07:37:06.790Z,-11.255,113.093,33,4.2,"south of Java, Indonesia"
1996-05-23T20:22:21.270Z,-9.247,113.479,33,4.7,"107 km S of Kencong, Indonesia"
1996-05-23T19:38:44.530Z,-12.457,126.649,33,4.7,south of Timor
1996-05-17T13:19:17.270Z,-9.83,149.889,33,4.7,"82 km NW of Alotau, Papua New Guinea"
1996-05-17T08:27:34.860Z,-9.287,117.684,33,4.2,"92 km SSE of Sumbawa Besar, Indonesia"
1996-05-12T14:47:02.450Z,-9.958,149.983,33,4.2,"65 km NW of Alotau, Papua New Guinea"
1996-05-10T08:29:15.280Z,-11.32,111.692,33,4.1,"south of Java, Indonesia"
1996-05-09T15:47:38.150Z,-11,114.025,33,4.3,"274 km SSW of Jimbaran, Indonesia"
1996-05-05T06:17:14.530Z,-9.164,123.823,33,4.3,"48 km N of Naisano Dua, Indonesia"
1996-04-29T15:24:01.620Z,-12.387,117.889,33,4.1,"south of Sumbawa, Indonesia"
1996-04-26T12:55:06.240Z,-9.321,114.085,33,4.5,"101 km SSW of Muncar, Indonesia"
1996-04-16T21:11:13.830Z,-9.145,117.188,33,4.1,"76 km SSW of Sumbawa Besar, Indonesia"
1996-04-15T06:56:36.150Z,-11.456,117.672,33,4,"south of Sumbawa, Indonesia"
1996-04-14T04:38:11.630Z,-9.437,117.915,109.8,4.1,"116 km SSW of Dompu, Indonesia"
1996-04-02T04:04:09.120Z,-9.842,120.068,57.2,5,"29 km SW of Waingapu, Indonesia"
1996-03-28T14:13:44.020Z,-9.702,114.105,64.8,4.7,"142 km S of Muncar, Indonesia"
1996-03-26T21:42:18.520Z,-9.144,119.506,116.4,4.3,"61 km S of Komodo, Indonesia"
1996-03-25T07:45:58.520Z,-19.985,133.986,10,4.3,"43 km SSW of Tennant Creek, Australia"
1996-03-24T13:51:49.530Z,-9.707,130.312,33,4.2,"229 km N of Wurrumiyanga, Australia"
1996-03-24T02:41:42.790Z,-9.513,112.967,67,4,"142 km SSW of Kencong, Indonesia"
1996-03-23T07:32:03.930Z,-9.393,113.071,81.1,5.2,"126 km SSW of Kencong, Indonesia"
1996-03-20T03:42:47.660Z,-11.32,118.287,33,4.1,"284 km SW of Waingapu, Indonesia"
1996-03-19T04:28:44.020Z,-9.283,125.741,33,4.3,"32 km SSE of Same, Timor Leste"
1996-03-17T04:59:11.490Z,-9.325,124.836,33,4.3,"24 km SSW of Atambua, Indonesia"
1996-03-08T07:16:25.080Z,-11.104,112.389,33,4.1,"south of Java, Indonesia"
1996-02-21T02:38:17.230Z,-15.286,119.5,10,4.8,northwest of Australia
1996-02-15T00:57:20.510Z,-11.126,118.793,33,4.7,"228 km SW of Waingapu, Indonesia"
1996-02-12T15:11:14.180Z,-11.303,118.614,33,4.4,"256 km SW of Waingapu, Indonesia"
1996-02-12T09:44:11.100Z,-11.869,119.34,33,4,"264 km SSW of Waingapu, Indonesia"
1996-02-12T09:35:50.760Z,-12.149,119.226,33,4.1,"298 km SSW of Waingapu, Indonesia"
1996-02-12T09:08:07.990Z,-11.044,118.67,8,6.1,"232 km SW of Waingapu, Indonesia"
1996-02-08T20:03:31.020Z,-11.195,111.694,33,4.4,"south of Java, Indonesia"
1996-02-07T04:20:51.270Z,-11.372,119.008,33,4.6,"234 km SW of Waingapu, Indonesia"
1996-01-26T03:04:06.970Z,-11.467,118.18,33,4.4,"south of Sumbawa, Indonesia"
1996-01-21T20:28:58.030Z,-12.117,114.3,33,4.2,northwest of Australia
1996-01-17T14:05:37.960Z,-9.656,114.062,33,4.1,"138 km SSW of Muncar, Indonesia"
1996-01-17T13:29:22.490Z,-9.381,113.976,67.2,4.2,"110 km S of Gambiran Satu, Indonesia"
1996-01-15T08:38:18.250Z,-20.097,133.972,10,4.3,"54 km SSW of Tennant Creek, Australia"
1996-01-15T00:06:27.850Z,-11.467,117.668,33,4.4,"south of Sumbawa, Indonesia"
1996-01-13T09:58:09.740Z,-20.14,133.907,10,4.2,"61 km SSW of Tennant Creek, Australia"
1996-01-12T09:20:25.960Z,-9.529,113.827,100,4.6,"130 km SSW of Gambiran Satu, Indonesia"
1996-01-11T15:11:44.280Z,-12.26,119.664,33,4.1,"295 km SSW of Waingapu, Indonesia"
1996-01-08T11:20:27.110Z,-11.502,120.626,33,4.7,"207 km S of Waingapu, Indonesia"
1996-01-08T03:44:32.680Z,-9.183,124.015,33,4.1,"40 km W of Pante Makasar, Timor Leste"
1996-01-06T22:36:16.280Z,-9.595,124.865,33,4.6,"45 km ESE of Kefamenanu, Indonesia"
1996-01-03T05:26:21.210Z,-9.514,125.99,33,4.3,"67 km SSE of Same, Timor Leste"
1996-01-01T16:17:27.480Z,-11.548,118.501,33,4.1,"284 km SW of Waingapu, Indonesia"
1996-01-01T05:27:13.210Z,-9.031,124.441,33,5,"19 km NNE of Pante Makasar, Timor Leste"
1995-12-29T07:14:57.960Z,-9.035,115.652,33,4.3,"52 km ESE of Nusa Dua, Indonesia"
1995-12-28T12:29:40.230Z,-10.643,119.477,33,4.3,"139 km SW of Waingapu, Indonesia"
1995-12-28T03:46:19.810Z,-12.185,113.267,33,4.2,northwest of Australia
1995-12-27T21:27:25.170Z,-10.043,115.056,33,4.2,"138 km S of Nusa Dua, Indonesia"
1995-12-27T05:05:47.020Z,-16.409,120.239,33,4.8,"269 km NW of Bilingurr, Australia"
1995-12-27T01:01:54.210Z,-9.896,115.054,33,4.2,"122 km S of Nusa Dua, Indonesia"
1995-12-22T18:24:49.910Z,-11.766,119.98,33,4.2,"235 km S of Waingapu, Indonesia"
1995-12-22T07:16:33.300Z,-9.108,125.287,46.2,4.8,"14 km SSE of Maliana, Timor Leste"
1995-12-19T14:56:21.160Z,-11.514,124.003,33,4.8,"154 km SSE of Kupang, Indonesia"
1995-12-16T01:56:27.280Z,-21.15,127.712,10,4.2,Western Australia
1995-12-15T06:53:21.030Z,-9.202,123.825,190.9,4.1,"44 km N of Naisano Dua, Indonesia"
1995-12-13T18:50:58.520Z,-11.871,119.235,33,4.3,"269 km SSW of Waingapu, Indonesia"
1995-12-11T04:32:36.780Z,-9.066,125.051,33,4.4,"17 km ENE of Atambua, Indonesia"
1995-12-11T02:15:19.310Z,-11.385,124.098,33,5,"144 km SSE of Kupang, Indonesia"
1995-12-10T22:19:57.880Z,-9.13,122.569,60,4.1,"68 km SE of Maumere, Indonesia"
1995-12-07T14:16:47.910Z,-9.973,125.474,33,4.4,"76 km SSE of Suai, Timor Leste"
1995-12-07T09:17:27.360Z,-10.377,125.674,33,4.1,"126 km SSE of Suai, Timor Leste"
1995-12-06T21:40:02.960Z,-9.136,125.073,33,4.8,"20 km E of Atambua, Indonesia"
1995-12-06T13:23:56.900Z,-9.134,124.769,33,4.3,"13 km WSW of Atambua, Indonesia"
1995-12-06T13:18:31.250Z,-9.15,125.282,33,4.2,"18 km N of Suai, Timor Leste"
1995-12-06T11:49:13.420Z,-9.058,125.344,33,4.6,"15 km ESE of Maliana, Timor Leste"
1995-12-06T06:23:53.290Z,-9.341,124.837,33,4.4,"26 km SSW of Atambua, Indonesia"
1995-12-06T01:58:44.630Z,-9.663,113.925,33,4.6,"142 km S of Gambiran Satu, Indonesia"
1995-12-05T18:39:44.390Z,-9.927,125.731,33,4,"85 km SE of Suai, Timor Leste"
1995-12-05T18:03:02.240Z,-9.031,125.121,33,5.2,"11 km WSW of Maliana, Timor Leste"
1995-12-05T13:04:50.390Z,-9.036,125.21,33,4.6,"5 km SSW of Maliana, Timor Leste"
1995-12-05T12:22:41.730Z,-9.04,125.219,33,4.3,"5 km S of Maliana, Timor Leste"
1995-12-05T08:36:16.820Z,-9.329,125.616,33,4.1,"36 km S of Same, Timor Leste"
1995-12-05T07:51:20.880Z,-9.079,125.377,33,4.6,"17 km WSW of Ainaro, Timor Leste"
1995-12-05T07:32:00.440Z,-9.231,125.074,33,4.5,"21 km WNW of Suai, Timor Leste"
1995-12-05T07:20:54.590Z,-9.07,125.232,33,4.3,"8 km S of Maliana, Timor Leste"
1995-12-05T07:10:52.330Z,-9.728,125.684,33,4.6,"65 km SE of Suai, Timor Leste"
1995-12-05T07:03:52.890Z,-9.993,125.576,33,4.1,"83 km SSE of Suai, Timor Leste"
1995-12-05T06:47:44.410Z,-9.038,125.113,33,4.7,"12 km WSW of Maliana, Timor Leste"
1995-12-05T06:32:06.100Z,-9.027,124.67,33,6.4,"25 km WNW of Atambua, Indonesia"
1995-12-03T22:53:50.600Z,-9.014,125.18,33,4.8,"5 km WSW of Maliana, Timor Leste"
1995-12-03T21:15:56.680Z,-10.25,125.5,33,4,"107 km SSE of Suai, Timor Leste"
1995-12-03T19:33:25.920Z,-9.086,125.332,33,5.3,"16 km SE of Maliana, Timor Leste"
1995-11-27T12:10:26.100Z,-10.531,115.773,33,4,"200 km SSE of Nusa Dua, Indonesia"
1995-11-24T02:37:26.590Z,-10.703,112.99,33,4.1,"270 km S of Kencong, Indonesia"
1995-11-23T23:03:12.420Z,-12.903,118.048,33,4.1,"south of Sumbawa, Indonesia"
1995-11-23T07:29:45.050Z,-11.503,117.702,33,4,"south of Sumbawa, Indonesia"
1995-11-20T17:31:16.000Z,-9.294,118.751,131.6,4.4,"89 km SSE of Dompu, Indonesia"
1995-11-13T04:00:15.000Z,-32.324,138.367,10,4.2,"30 km E of Quorn, Australia"
1995-11-06T08:03:48.190Z,-11.377,112.256,33,4.7,"south of Java, Indonesia"
1995-10-24T01:34:56.680Z,-9.29,127.731,33,4.3,"117 km SE of Lospalos, Timor Leste"
1995-10-14T04:55:43.490Z,-10.854,121.163,26.5,5,"165 km SE of Waingapu, Indonesia"
1995-10-11T19:47:05.880Z,-10.478,119.031,33,5.3,"162 km SW of Waingapu, Indonesia"
1995-10-10T22:15:48.220Z,-9.012,124.013,100,4.4,"45 km WNW of Pante Makasar, Timor Leste"
1995-10-03T23:29:36.890Z,-9.202,123.76,125.1,4.5,"Timor region, Indonesia"
1995-10-02T12:36:08.400Z,-10.095,125.061,80.7,4.2,"89 km ESE of Soe, Indonesia"
1995-09-24T01:14:26.580Z,-9.106,111.086,21.5,4.7,"132 km SSW of Trenggalek, Indonesia"
1995-09-23T05:42:48.800Z,-9.395,127.744,33,4.3,"126 km SE of Lospalos, Timor Leste"
1995-09-21T09:40:22.970Z,-22.29,127.521,10,4.2,Western Australia
1995-09-15T02:47:44.130Z,-9.659,115.188,33,4,"95 km S of Nusa Dua, Indonesia"
1995-09-14T15:32:23.480Z,-11.823,118.634,33,4.1,"298 km SW of Waingapu, Indonesia"
1995-09-11T23:23:32.580Z,-12.506,113.633,33,4,northwest of Australia
1995-09-04T23:55:29.240Z,-9.59,113.997,33,4,"133 km SSW of Muncar, Indonesia"
1995-09-03T05:31:04.570Z,-9.285,149.983,33,4.4,"125 km NNW of Alotau, Papua New Guinea"
1995-08-29T22:00:07.610Z,-11.08,112.459,33,4.1,"south of Java, Indonesia"
1995-08-29T05:57:27.090Z,-10.497,118.971,46.3,4.5,"south of Sumbawa, Indonesia"
1995-08-25T11:50:18.810Z,-23.865,112.348,33,4.6,"173 km NW of Brockman, Australia"
1995-08-22T04:51:36.440Z,-9.484,154.261,33,4.1,D'Entrecasteaux Islands region
1995-08-20T22:04:38.780Z,-9.178,121.551,56.8,4.6,"38 km SSW of Ende, Indonesia"
1995-08-20T19:57:56.910Z,-12.305,122.571,33,4.1,"261 km SSW of Kupang, Indonesia"
1995-08-17T07:47:00.950Z,-10.222,124.578,33,4.1,"51 km SE of Soe, Indonesia"
1995-08-09T07:07:00.050Z,-9.312,113.022,80.3,4.2,"119 km SSW of Kencong, Indonesia"
1995-08-05T23:16:45.710Z,-12.703,118.661,33,4.2,"south of Sumbawa, Indonesia"
1995-07-24T07:36:53.910Z,-9.012,125.716,95.6,4.7,"7 km E of Same, Timor Leste"
1995-07-15T01:10:36.780Z,-9.062,118.749,33,4.5,"66 km SSE of Dompu, Indonesia"
1995-07-11T09:39:59.940Z,-9.175,124.028,33,4.5,"39 km W of Pante Makasar, Timor Leste"
1995-07-10T11:15:32.250Z,-9.82,114.073,44.6,4.4,"156 km S of Muncar, Indonesia"
1995-07-02T11:56:31.350Z,-9.144,123.863,127,4.5,"51 km NNE of Naisano Dua, Indonesia"
1995-06-29T20:38:22.210Z,-9.292,118.424,68.7,4.4,"83 km S of Dompu, Indonesia"
1995-06-28T22:57:11.840Z,-9.074,118.745,83.3,4.7,"67 km SSE of Dompu, Indonesia"
1995-06-27T20:05:25.480Z,-9.526,116.757,33,4.1,"105 km SSE of Praya, Indonesia"
1995-06-24T03:22:21.800Z,-10.336,120.466,39.9,4.7,"78 km SSE of Waingapu, Indonesia"
1995-06-19T11:41:43.020Z,-9.134,123.933,33,4.3,"50 km W of Pante Makasar, Timor Leste"
1995-06-17T05:17:18.090Z,-9.428,117.738,88.8,4.6,"109 km SSE of Sumbawa Besar, Indonesia"
1995-06-16T17:45:21.410Z,-10.64,113.036,33,4.1,"263 km S of Kencong, Indonesia"
1995-06-14T16:41:53.290Z,-20.138,133.654,10,4.8,"78 km SW of Tennant Creek, Australia"
1995-06-12T13:09:44.860Z,-10.805,123.215,33,4.4,"Timor region, Indonesia"
1995-06-08T17:16:10.290Z,-9.474,112.844,58.7,4.5,"140 km S of Dampit, Indonesia"
1995-06-07T16:19:27.280Z,-11.363,115.345,33,4,"south of Bali, Indonesia"
1995-06-01T15:59:12.090Z,-9.062,123.422,33,4.2,"70 km NNW of Naisano Dua, Indonesia"
1995-05-30T09:41:31.670Z,-9.067,117.945,84.2,4.2,"81 km SW of Dompu, Indonesia"
1995-05-22T04:02:55.090Z,-9.662,151.507,29.8,6.1,"135 km ENE of Alotau, Papua New Guinea"
1995-05-17T08:15:40.520Z,-10.532,121.292,33,4.1,"148 km SE of Waingapu, Indonesia"
1995-05-17T00:45:46.030Z,-9.477,125.663,33,4.2,"48 km ESE of Suai, Timor Leste"
1995-05-16T10:13:57.920Z,-11.219,116.78,33,4,"283 km SSE of Praya, Indonesia"
1995-05-16T09:44:17.750Z,-9.635,125.548,33,4,"47 km SE of Suai, Timor Leste"
1995-05-16T06:41:21.290Z,-9.253,125.733,33,4.6,"29 km SSE of Same, Timor Leste"
1995-05-15T22:29:31.490Z,-42.42,120.036,10,5.4,south of Australia
1995-05-05T13:01:41.470Z,-9.897,118.915,33,5.7,"150 km W of Waingapu, Indonesia"
1995-05-04T05:24:56.250Z,-9.075,123.887,33,4.2,"56 km WNW of Pante Makasar, Timor Leste"
1995-05-03T20:46:55.520Z,-9.815,113.783,33,4.3,"162 km SSW of Gambiran Satu, Indonesia"
1995-05-02T14:33:20.240Z,-9.471,118.514,82.3,4.5,"103 km S of Dompu, Indonesia"
1995-04-20T14:03:35.890Z,-12.271,123.516,33,4.4,"232 km S of Kupang, Indonesia"
1995-04-18T14:31:58.920Z,-40.053,155.803,33,4,southeast of Australia
1995-04-10T10:59:38.770Z,-9.82,154.228,22.1,4.8,D'Entrecasteaux Islands region
1995-03-20T01:07:42.850Z,-9.517,118.997,74.5,4.8,"116 km SSW of Komodo, Indonesia"
1995-03-05T01:48:31.230Z,-11.491,116.272,33,4.5,"South of Lombok, Indonesia"
1995-02-22T10:07:53.800Z,-9.757,125.013,33,5.2,"55 km SSW of Suai, Timor Leste"
1995-02-19T00:32:20.250Z,-9.85,113.408,84.1,4.2,"173 km S of Kencong, Indonesia"
1995-02-16T16:27:25.400Z,-10.056,113.858,33,4,"186 km S of Gambiran Satu, Indonesia"
1995-02-15T12:22:22.880Z,-10.558,124.322,33,5.3,"77 km S of Soe, Indonesia"
1995-01-30T02:10:22.150Z,-9.11,129.439,226.3,4.3,"276 km ESE of Lospalos, Timor Leste"
1995-01-30T01:37:25.410Z,-11.717,112.761,33,4.3,"south of Java, Indonesia"
1995-01-29T18:57:24.500Z,-12.723,118.521,33,4.1,"south of Sumbawa, Indonesia"
1995-01-29T17:55:05.010Z,-9.159,123.937,33,5,"49 km W of Pante Makasar, Timor Leste"
1995-01-19T09:19:57.180Z,-10.764,117.12,33,4.9,"246 km SSE of Praya, Indonesia"
1995-01-13T20:11:12.540Z,-9.638,120.087,33,4.8,"19 km W of Waingapu, Indonesia"
1995-01-10T02:59:04.360Z,-9.476,152.283,33,4.8,"217 km NE of Samarai, Papua New Guinea"
1995-01-07T18:37:28.920Z,-9.231,117.111,33,4.2,"88 km SSW of Sumbawa Besar, Indonesia"
1995-01-07T15:02:59.810Z,-9.025,110.755,114.8,4.7,"126 km SSE of Pundong, Indonesia"
1995-01-05T20:05:57.740Z,-9.875,118.586,33,4.9,"148 km S of Dompu, Indonesia"
1995-01-04T14:19:12.410Z,-11.632,116.816,33,4.7,"South of Lombok, Indonesia"
1995-01-03T11:09:16.930Z,-10.044,118.068,33,4.6,"172 km SSW of Dompu, Indonesia"
1995-01-02T23:08:19.850Z,-20.007,133.724,10,4.1,"62 km SW of Tennant Creek, Australia"
1995-01-01T05:04:44.400Z,-9.572,118.128,97.5,5.2,"120 km SSW of Dompu, Indonesia"
1995-01-01T02:02:25.490Z,-10.927,113.011,18.9,4.5,"294 km S of Kencong, Indonesia"
1994-12-30T03:46:35.310Z,-9.697,124.116,78.5,4.8,"25 km NW of Soe, Indonesia"
1994-12-28T15:01:47.950Z,-10.585,121.723,70.9,5.1,"190 km ESE of Waingapu, Indonesia"
1994-12-19T06:21:04.600Z,-9.415,124.331,97.4,4.5,"16 km WNW of Kefamenanu, Indonesia"
1994-12-18T09:30:08.680Z,-10.903,123.827,87.8,4.3,"84 km SSE of Kupang, Indonesia"
1994-12-14T22:11:13.450Z,-11.551,117.205,33,4.2,"south of Sumbawa, Indonesia"
1994-12-12T14:52:53.310Z,-9.975,119.199,25.9,5.6,"122 km WSW of Waingapu, Indonesia"
1994-12-09T04:28:55.080Z,-10.343,119.227,33,4.6,"136 km WSW of Waingapu, Indonesia"
1994-12-08T23:34:04.770Z,-12.536,114.096,10,4.3,northwest of Australia
1994-12-05T07:07:08.010Z,-9.107,116.443,33,4,"48 km SSE of Praya, Indonesia"
1994-12-05T03:29:03.960Z,-11.676,114.301,33,4.2,"south of Bali, Indonesia"
1994-12-05T00:25:14.890Z,-12.039,114.696,33,4.5,northwest of Australia
1994-12-01T10:04:41.260Z,-9.09,149.543,33,4,"148 km ESE of Popondetta, Papua New Guinea"
1994-11-24T10:09:44.980Z,-10.49,122.64,33,5,"111 km WSW of Kupang, Indonesia"
1994-11-20T16:12:36.980Z,-9.873,113.692,33,4.9,"171 km SSW of Gambiran Satu, Indonesia"
1994-11-17T07:10:16.100Z,-9.324,128.305,140.9,4.2,"168 km ESE of Lospalos, Timor Leste"
1994-11-12T16:55:31.520Z,-9.189,123.772,33,4.8,"45 km N of Naisano Dua, Indonesia"
1994-11-09T21:49:47.970Z,-9.466,113.172,33,4.8,"132 km S of Kencong, Indonesia"
1994-11-07T13:43:35.570Z,-10.101,124.823,33,4.6,"64 km ESE of Soe, Indonesia"
1994-11-07T06:41:18.540Z,-9.366,113.158,10,4.1,"121 km S of Kencong, Indonesia"
1994-11-02T23:00:24.330Z,-9.683,118.598,31.6,4.8,"127 km S of Dompu, Indonesia"
1994-10-25T08:09:24.250Z,-12.212,123.691,33,4.4,"225 km S of Kupang, Indonesia"
1994-10-23T09:17:47.410Z,-9.151,129.983,265.2,4.3,"297 km NNW of Wurrumiyanga, Australia"
1994-10-22T05:54:02.250Z,-11.251,118.312,33,4.7,"277 km SW of Waingapu, Indonesia"
1994-10-22T05:16:05.880Z,-11.095,113.516,33,4.5,"south of Java, Indonesia"
1994-10-14T02:38:40.720Z,-9.392,115.871,105.9,4.6,"76 km SSW of Lembar, Indonesia"
1994-10-11T03:12:56.990Z,-9.952,122.277,33,4.2,"139 km SSE of Ende, Indonesia"
1994-10-06T17:45:34.170Z,-11.376,113.685,33,4,"south of Java, Indonesia"
1994-09-26T08:58:03.900Z,-11.327,113.264,33,4.7,"south of Java, Indonesia"
1994-09-23T11:08:02.920Z,-9.461,112.916,71.9,4.9,"139 km SSW of Kencong, Indonesia"
1994-09-20T05:46:37.790Z,-9.114,127.712,33,4.5,Timor Sea
1994-09-15T14:31:41.670Z,-10.839,124.579,33,4.5,"112 km SSE of Soe, Indonesia"
1994-09-15T07:48:04.330Z,-10.039,118.885,33,4.8,"157 km WSW of Waingapu, Indonesia"
1994-09-07T18:48:24.600Z,-10.699,113.444,33,5,"266 km SSW of Gambiran Satu, Indonesia"
1994-09-07T18:21:01.290Z,-10.696,113.435,33,4.5,"266 km SSW of Gambiran Satu, Indonesia"
1994-09-02T18:38:31.660Z,-9.135,119.655,33,4.8,"62 km SSE of Komodo, Indonesia"
1994-08-31T20:48:33.190Z,-20.663,133.839,10,4.5,"118 km SSW of Tennant Creek, Australia"
1994-08-24T08:53:48.940Z,-10.939,112.886,33,5.2,"298 km S of Kencong, Indonesia"
1994-08-22T03:31:43.430Z,-22.028,126.536,10,4.2,Western Australia
1994-08-21T21:57:55.920Z,-9.168,111.849,57.8,5.2,"116 km S of Boyolangu, Indonesia"
1994-08-21T06:54:00.850Z,-9.828,122.151,33,4.8,"121 km SSE of Ende, Indonesia"
1994-08-19T04:44:06.040Z,-13.041,116.82,33,4,northwest of Australia
1994-08-14T00:23:09.040Z,-9.701,124.281,33,4.4,"17 km N of Soe, Indonesia"
1994-08-07T06:57:47.630Z,-11.197,113.193,33,4.7,"south of Java, Indonesia"
1994-08-07T05:52:27.610Z,-10.271,119.978,25.8,5.2,"74 km SSW of Waingapu, Indonesia"
1994-08-06T13:15:30.520Z,-10.921,113.6,33,5.4,"285 km SSW of Gambiran Satu, Indonesia"
1994-08-06T11:03:51.870Z,-32.956,151.228,10,5.3,"9 km WSW of Ellalong, Australia"
1994-08-05T10:01:49.240Z,-9.227,150.237,39,5.3,"122 km NNW of Alotau, Papua New Guinea"
1994-08-04T01:09:36.290Z,-9.857,112.711,23.2,5.1,"182 km S of Dampit, Indonesia"
1994-08-02T23:48:35.940Z,-11.147,113.221,33,4.9,"south of Java, Indonesia"
1994-08-02T07:37:52.820Z,-10.422,117.005,48.6,5.1,"206 km SSE of Praya, Indonesia"
1994-08-01T09:24:10.200Z,-10.076,113.117,110.5,4.7,"200 km S of Kencong, Indonesia"
1994-07-31T11:51:08.270Z,-11.983,113.959,33,4.2,"south of Java, Indonesia"
1994-07-29T13:13:37.020Z,-10.639,113.27,33,4.7,"260 km S of Kencong, Indonesia"
1994-07-28T21:33:47.930Z,-11.29,112.953,33,4.5,"south of Java, Indonesia"
1994-07-28T16:35:40.690Z,-11.202,113.661,33,4,"south of Java, Indonesia"
1994-07-28T12:18:35.280Z,-9.775,118.651,33,4.6,"138 km S of Dompu, Indonesia"
1994-07-26T01:46:33.100Z,-10.263,113.59,33,5.7,"215 km SSW of Gambiran Satu, Indonesia"
1994-07-25T17:26:39.300Z,-10.939,113.021,33,4.9,"296 km S of Kencong, Indonesia"
1994-07-25T00:45:31.070Z,-11.063,113.048,10,5,"south of Java, Indonesia"
1994-07-24T23:38:57.890Z,-10.014,112.545,33,4.4,"200 km S of Dampit, Indonesia"
1994-07-24T21:57:27.400Z,-10.654,113.269,34.3,5.4,"262 km S of Kencong, Indonesia"
1994-07-21T15:52:44.320Z,-9.664,112.836,23.3,5.3,"160 km S of Dampit, Indonesia"
1994-07-21T07:04:40.090Z,-9.136,123.697,57.1,4.8,"51 km N of Naisano Dua, Indonesia"
1994-07-20T16:50:15.810Z,-9.922,112.244,33,4.5,"196 km S of Sumberpucung, Indonesia"
1994-07-18T16:33:59.840Z,-9.591,112.939,33,5.5,"south of Java, Indonesia"
1994-07-18T05:24:21.270Z,-9.74,112.493,33,5.4,"171 km S of Dampit, Indonesia"
1994-07-14T00:26:25.210Z,-10.8,113.696,33,4.4,"270 km S of Gambiran Satu, Indonesia"
1994-07-11T09:38:26.130Z,-10.931,112.947,33,4.8,"296 km S of Kencong, Indonesia"
1994-07-10T21:17:46.130Z,-9.853,124.442,33,4.8,"17 km E of Soe, Indonesia"
1994-07-10T05:51:17.130Z,-12.099,114.133,10,4,northwest of Australia
1994-07-09T04:48:31.000Z,-11.08,112.497,33,5.1,"south of Java, Indonesia"
1994-07-08T21:53:39.430Z,-10.773,113.138,33,4.6,"276 km S of Kencong, Indonesia"
1994-07-08T08:43:37.060Z,-10.31,113.77,40.4,4.9,"215 km S of Gambiran Satu, Indonesia"
1994-07-07T08:36:28.980Z,-9.844,120.648,33,4.1,"46 km ESE of Waingapu, Indonesia"
1994-07-05T14:27:20.800Z,-9.986,112.716,33,4.4,"196 km S of Dampit, Indonesia"
1994-07-03T14:43:00.320Z,-9.464,124.343,74.9,5,"14 km W of Kefamenanu, Indonesia"
1994-07-02T23:22:57.610Z,-12.116,114.097,10,4.2,northwest of Australia
1994-07-02T19:33:57.800Z,-10.1,112.755,33,4.2,"208 km S of Dampit, Indonesia"
1994-06-29T22:09:04.160Z,-11.259,113.103,33,4.7,"south of Java, Indonesia"
1994-06-28T14:45:17.420Z,-10.85,112.636,33,5.1,"292 km S of Dampit, Indonesia"
1994-06-27T06:55:58.250Z,-10.822,112.534,33,4.4,"289 km S of Dampit, Indonesia"
1994-06-27T03:33:16.820Z,-11.024,113.689,33,5.1,"295 km SSW of Jimbaran, Indonesia"
1994-06-26T06:14:36.280Z,-10.77,113.311,33,5,"275 km S of Kencong, Indonesia"
1994-06-26T03:19:38.110Z,-9.053,118.718,33,4,"63 km SSE of Dompu, Indonesia"
1994-06-24T21:20:20.750Z,-10.315,114.117,33,4.8,"203 km SW of Jimbaran, Indonesia"
1994-06-24T03:07:58.900Z,-9.202,113.646,33,4.9,"104 km SSW of Gambiran Satu, Indonesia"
1994-06-23T13:58:46.770Z,-10.892,112.537,54.4,4.6,"297 km S of Dampit, Indonesia"
1994-06-23T13:46:17.190Z,-10.728,112.6,33,4.5,"278 km S of Dampit, Indonesia"
1994-06-22T19:11:54.580Z,-10.565,112.644,33,5.1,"260 km S of Dampit, Indonesia"
1994-06-22T18:45:44.800Z,-10.63,112.571,33,4.7,"268 km S of Dampit, Indonesia"
1994-06-22T18:19:20.530Z,-10.209,112.143,33,4.2,"south of Java, Indonesia"
1994-06-22T16:13:21.670Z,-10.785,112.549,33,4.4,"285 km S of Dampit, Indonesia"
1994-06-22T14:36:11.150Z,-10.329,116.775,33,4.9,"187 km SSE of Praya, Indonesia"
1994-06-22T13:58:31.280Z,-10.829,113.051,40.1,4.6,"283 km S of Kencong, Indonesia"
1994-06-21T01:07:34.300Z,-9.476,112.577,33,4.7,"141 km S of Dampit, Indonesia"
1994-06-20T07:32:50.270Z,-11.296,113.155,33,4.5,"south of Java, Indonesia"
1994-06-19T15:31:34.920Z,-11.013,112.508,33,4.9,"south of Java, Indonesia"
1994-06-19T13:50:38.140Z,-10.596,113.483,19.8,5.1,"254 km SSW of Gambiran Satu, Indonesia"
1994-06-19T12:57:01.280Z,-10.346,113.479,33,5.3,"south of Java, Indonesia"
1994-06-19T07:45:11.040Z,-10.775,113.642,33,4.4,"269 km SSW of Gambiran Satu, Indonesia"
1994-06-19T03:20:46.170Z,-9.472,112.757,33,5.3,"139 km S of Dampit, Indonesia"
1994-06-18T22:38:19.000Z,-10.15,113.632,46,5.5,"202 km SSW of Gambiran Satu, Indonesia"
1994-06-16T14:39:02.100Z,-10.596,113.328,37,4.4,"255 km S of Kencong, Indonesia"
1994-06-16T12:48:45.720Z,-10.65,113.475,33,5,"260 km SSW of Gambiran Satu, Indonesia"
1994-06-16T02:02:38.180Z,-10.719,112.318,33,4.6,"281 km S of Dampit, Indonesia"
1994-06-16T00:36:03.340Z,-10.598,113.294,33,4.8,"256 km S of Kencong, Indonesia"
1994-06-16T00:13:14.000Z,-10.644,112.425,26.4,4.6,"271 km S of Dampit, Indonesia"
1994-06-15T20:06:18.350Z,-10.747,113.117,33,4.6,"273 km S of Kencong, Indonesia"
1994-06-15T17:40:07.150Z,-10.819,113.249,33,4.7,"280 km S of Kencong, Indonesia"
1994-06-15T13:53:53.080Z,-10.384,112.44,31.2,5,"242 km S of Dampit, Indonesia"
1994-06-15T12:19:09.630Z,-10.462,113.453,25.5,4.8,"241 km SSW of Gambiran Satu, Indonesia"
1994-06-15T12:10:56.480Z,-10.498,113.441,24.7,5.2,"245 km S of Kencong, Indonesia"
1994-06-15T10:28:50.600Z,-10.168,113.749,28.8,6.1,"201 km SSW of Gambiran Satu, Indonesia"
1994-06-15T09:50:23.040Z,-10.149,113.686,28.8,5.5,"200 km SSW of Gambiran Satu, Indonesia"
1994-06-15T09:36:03.840Z,-10.518,113.727,33,4.8,"239 km S of Gambiran Satu, Indonesia"
1994-06-15T09:22:57.220Z,-10.335,113.66,19.9,6.2,"221 km SSW of Gambiran Satu, Indonesia"
1994-06-15T06:18:45.100Z,-9.438,113.066,28.6,5.1,"131 km SSW of Kencong, Indonesia"
1994-06-14T22:38:22.270Z,-10.655,113.164,10,4.5,"263 km S of Kencong, Indonesia"
1994-06-14T19:40:13.230Z,-10.86,113.274,33,4.7,"285 km S of Kencong, Indonesia"
1994-06-14T16:25:41.630Z,-10.822,112.991,33,4.8,"283 km S of Kencong, Indonesia"
1994-06-14T16:00:41.880Z,-10.487,113.512,33,5.1,"241 km SSW of Gambiran Satu, Indonesia"
1994-06-14T15:20:51.240Z,-10.507,113.476,27.4,5.2,"245 km SSW of Gambiran Satu, Indonesia"
1994-06-14T14:54:55.570Z,-10.526,113.443,25.3,5.1,"248 km SSW of Gambiran Satu, Indonesia"
1994-06-14T08:17:49.360Z,-10.66,113.275,24.7,4.9,"263 km S of Kencong, Indonesia"
1994-06-14T06:22:33.130Z,-10.862,113.495,33,4.7,"282 km SSW of Gambiran Satu, Indonesia"
1994-06-14T05:34:49.030Z,-10.906,112.928,33,4.4,"294 km S of Kencong, Indonesia"
1994-06-14T03:28:26.310Z,-10.632,113.412,33,4.7,"259 km S of Kencong, Indonesia"
1994-06-14T02:35:27.870Z,-10.676,113.305,32.2,5.1,"264 km S of Kencong, Indonesia"
1994-06-14T01:48:18.830Z,-10.547,113.389,30.5,5.1,"250 km S of Kencong, Indonesia"
1994-06-14T01:26:08.470Z,-10.758,113.065,10,4.7,"275 km S of Kencong, Indonesia"
1994-06-14T00:37:48.510Z,-10.461,113.575,33,4.4,"south of Java, Indonesia"
1994-06-13T22:48:27.540Z,-10.328,113.621,25.5,5.6,"221 km SSW of Gambiran Satu, Indonesia"
1994-06-13T21:50:54.680Z,-10.802,112.894,33,5.1,"283 km S of Kencong, Indonesia"
1994-06-13T21:10:06.160Z,-10.233,113.569,33,5.8,"213 km SSW of Gambiran Satu, Indonesia"
1994-06-13T21:04:09.430Z,-10.285,113.491,23.5,5.6,"221 km SSW of Gambiran Satu, Indonesia"
1994-06-13T06:49:31.230Z,-10.775,113.632,27.5,5,"269 km SSW of Gambiran Satu, Indonesia"
1994-06-13T02:06:37.780Z,-10.553,113.422,33,4.9,"251 km S of Kencong, Indonesia"
1994-06-12T14:00:20.060Z,-10.967,112.291,33,4.9,"south of Java, Indonesia"
1994-06-12T13:53:07.570Z,-10.615,112.6,34.2,5.3,"266 km S of Dampit, Indonesia"
1994-06-12T09:29:21.400Z,-11.518,112.783,33,4.8,"south of Java, Indonesia"
1994-06-12T09:19:34.000Z,-11.162,112.155,33,4.8,"south of Java, Indonesia"
1994-06-12T08:27:50.320Z,-10.981,113.239,33,4.5,"298 km S of Kencong, Indonesia"
1994-06-12T08:03:23.460Z,-10.827,112.056,33,5,"298 km S of Sumberpucung, Indonesia"
1994-06-12T07:57:03.270Z,-10.726,112.217,24.6,4.9,"284 km SSW of Dampit, Indonesia"
1994-06-12T02:14:42.120Z,-10.837,112.99,33,5.1,"285 km S of Kencong, Indonesia"
1994-06-12T01:47:19.150Z,-10.575,112.783,33,5.3,"261 km S of Dampit, Indonesia"
1994-06-12T01:35:21.400Z,-10.458,112.826,33,5.1,"south of Java, Indonesia"
1994-06-11T21:59:22.450Z,-10.624,112.677,33,5.1,"266 km S of Dampit, Indonesia"
1994-06-11T20:19:17.160Z,-10.76,112.568,31,4.9,"282 km S of Dampit, Indonesia"
1994-06-11T15:11:50.020Z,-11.065,112.656,33,4.3,"south of Java, Indonesia"
1994-06-10T19:17:52.290Z,-10.291,113.502,33,5.4,"221 km SSW of Gambiran Satu, Indonesia"
1994-06-10T19:11:16.650Z,-10.391,112.726,28.6,5.3,"241 km S of Dampit, Indonesia"
1994-06-10T16:46:17.520Z,-12.002,113.463,33,4.3,northwest of Australia
1994-06-10T07:10:52.170Z,-9.127,128.559,131,4.5,"184 km ESE of Lospalos, Timor Leste"
1994-06-10T01:40:24.820Z,-11.199,112.221,42.7,5,"south of Java, Indonesia"
1994-06-10T01:16:49.800Z,-11.094,113.146,33,5,"south of Java, Indonesia"
1994-06-09T23:09:58.820Z,-10.687,113.298,33,4.8,"265 km S of Kencong, Indonesia"
1994-06-09T17:48:15.830Z,-11.074,113.24,68.4,4.9,"south of Java, Indonesia"
1994-06-09T16:37:46.530Z,-10.143,113.623,33,5.8,"201 km SSW of Gambiran Satu, Indonesia"
1994-06-09T12:52:36.390Z,-11.104,112.485,33,4.5,"south of Java, Indonesia"
1994-06-08T19:41:44.010Z,-10.659,113.378,33,4.6,"262 km S of Kencong, Indonesia"
1994-06-08T19:19:57.940Z,-10.637,112.672,37.7,5.1,"268 km S of Dampit, Indonesia"
1994-06-08T10:35:41.100Z,-12.049,113.63,33,4.4,northwest of Australia
1994-06-08T08:29:25.380Z,-10.391,112.604,33,4.3,"241 km S of Dampit, Indonesia"
1994-06-08T06:03:03.670Z,-10.612,113.463,33,4.9,"256 km SSW of Gambiran Satu, Indonesia"
1994-06-08T03:09:40.410Z,-11.162,113.167,10,4.2,"south of Java, Indonesia"
1994-06-07T23:07:41.560Z,-10.583,112.808,38.4,4.8,"261 km SSW of Kencong, Indonesia"
1994-06-07T22:00:04.570Z,-11.069,113.122,33,5.4,"south of Java, Indonesia"
1994-06-07T16:25:29.340Z,-11.183,113.628,53.2,5.2,"south of Java, Indonesia"
1994-06-07T06:35:20.830Z,-10.844,113.141,33,4.4,"284 km S of Kencong, Indonesia"
1994-06-07T04:47:58.330Z,-10.772,112.842,33,4.9,"281 km SSW of Kencong, Indonesia"
1994-06-07T04:42:52.930Z,-9.656,113.072,33,5.2,"155 km SSW of Kencong, Indonesia"
1994-06-07T04:13:18.630Z,-11.729,119.164,33,4.1,"258 km SSW of Waingapu, Indonesia"
1994-06-07T00:56:44.250Z,-11.207,113.246,33,4.4,"south of Java, Indonesia"
1994-06-06T22:10:34.440Z,-10.968,112.628,33,4.8,"south of Java, Indonesia"
1994-06-06T15:33:48.450Z,-10.775,113.289,33,4.8,"275 km S of Kencong, Indonesia"
1994-06-06T12:14:13.620Z,-11.026,112.605,33,5,"south of Java, Indonesia"
1994-06-06T11:12:08.730Z,-10.894,113.536,33.8,4.8,"284 km SSW of Gambiran Satu, Indonesia"
1994-06-06T10:14:11.160Z,-10.663,112.561,35.1,5.3,"271 km S of Dampit, Indonesia"
1994-06-06T08:18:11.420Z,-10.832,113.148,41.6,5.1,"282 km S of Kencong, Indonesia"
1994-06-06T07:40:36.860Z,-11.003,113.198,38.1,5.3,"south of Java, Indonesia"
1994-06-06T06:20:20.920Z,-11.081,113.084,33,5.2,"south of Java, Indonesia"
1994-06-06T05:44:13.120Z,-10.811,112.511,34.6,4.8,"288 km S of Dampit, Indonesia"
1994-06-06T05:32:54.880Z,-10.587,112.618,20.5,5.1,"263 km S of Dampit, Indonesia"
1994-06-06T04:55:11.880Z,-10.639,112.535,43.9,5.3,"269 km S of Dampit, Indonesia"
1994-06-06T02:23:33.750Z,-10.932,112.491,33,5,"south of Java, Indonesia"
1994-06-06T02:18:36.500Z,-10.515,113.411,21.9,5.1,"246 km S of Kencong, Indonesia"
1994-06-06T01:08:31.290Z,-10.812,113.324,34.3,5.3,"279 km S of Kencong, Indonesia"
1994-06-05T22:22:02.790Z,-11.195,113.485,43.6,4.7,"south of Java, Indonesia"
1994-06-05T20:11:14.230Z,-10.273,114.154,33,5.1,"197 km SW of Jimbaran, Indonesia"
1994-06-05T19:35:41.270Z,-11.151,112.36,41.4,5,"south of Java, Indonesia"
1994-06-05T19:10:05.100Z,-11.732,113.523,42.9,4.5,"south of Java, Indonesia"
1994-06-05T18:43:06.050Z,-11.413,113.846,33,4.5,"south of Java, Indonesia"
1994-06-05T18:30:15.130Z,-10.683,112.417,35.8,5.2,"275 km S of Dampit, Indonesia"
1994-06-05T17:51:57.020Z,-10.645,112.654,39.8,5.5,"269 km S of Dampit, Indonesia"
1994-06-05T16:29:08.460Z,-10.837,114,33,4.4,"259 km SSW of Jimbaran, Indonesia"
1994-06-05T15:14:00.380Z,-11.155,113.088,23,4.6,"south of Java, Indonesia"
1994-06-05T15:02:29.580Z,-10.779,112.724,43.9,4.8,"283 km S of Dampit, Indonesia"
1994-06-05T09:42:19.360Z,-11.332,113.168,33,4.3,"south of Java, Indonesia"
1994-06-05T06:50:51.010Z,-10.425,114.77,166.1,4.6,"185 km SSW of Jimbaran, Indonesia"
1994-06-05T06:20:58.550Z,-10.015,112.878,32.3,5.4,"198 km SSW of Kencong, Indonesia"
1994-06-05T05:56:45.390Z,-10.717,113.492,33,5.6,"266 km SSW of Gambiran Satu, Indonesia"
1994-06-05T05:32:33.680Z,-10.827,113.45,39.9,5.2,"279 km SSW of Gambiran Satu, Indonesia"
1994-06-05T04:13:25.390Z,-10.613,113.322,27.5,4.8,"257 km S of Kencong, Indonesia"
1994-06-05T01:45:02.160Z,-10.349,113.398,25.9,6.1,"228 km S of Kencong, Indonesia"
1994-06-04T20:09:34.700Z,-10.826,113.199,30.3,5.5,"281 km S of Kencong, Indonesia"
1994-06-04T16:38:15.350Z,-11.229,113.142,33,4.8,"south of Java, Indonesia"
1994-06-04T14:57:59.660Z,-10.559,112.889,33.4,5.4,"257 km SSW of Kencong, Indonesia"
1994-06-04T13:56:48.440Z,-11.033,113.566,33,4.5,"298 km SSW of Gambiran Satu, Indonesia"
1994-06-04T12:04:27.870Z,-10.696,113.555,28.5,5.2,"262 km SSW of Gambiran Satu, Indonesia"
1994-06-04T11:36:36.070Z,-10.831,113.225,34.1,5.6,"282 km S of Kencong, Indonesia"
1994-06-04T11:18:53.040Z,-10.79,113.338,30.9,5.2,"277 km S of Kencong, Indonesia"
1994-06-04T11:00:17.740Z,-9.614,114.559,33,4.5,"112 km SW of Jimbaran, Indonesia"
1994-06-04T09:25:40.950Z,-10.904,113.789,43.6,4.8,"277 km SSW of Jimbaran, Indonesia"
1994-06-04T09:03:32.750Z,-12.955,115.532,33,4.5,northwest of Australia
1994-06-04T08:29:51.770Z,-11.035,113.416,40,4.9,"south of Java, Indonesia"
1994-06-04T05:54:29.300Z,-10.567,113.186,32.5,5.4,"253 km S of Kencong, Indonesia"
1994-06-04T05:17:17.600Z,-11.378,112.845,40,5.3,"south of Java, Indonesia"
1994-06-04T05:01:50.350Z,-9.464,113.715,33,4.6,"127 km SSW of Gambiran Satu, Indonesia"
1994-06-04T03:32:22.560Z,-12.061,111.96,60.6,5.3,northwest of Australia
1994-06-04T02:38:21.800Z,-11.061,113.452,33,4.8,"south of Java, Indonesia"
1994-06-04T00:57:50.660Z,-10.777,113.366,11.2,6.5,"275 km S of Kencong, Indonesia"
1994-06-03T23:42:31.070Z,-10.473,112.81,32.3,5.5,"249 km SSW of Kencong, Indonesia"
1994-06-03T23:02:00.550Z,-10.395,113.588,23.9,5.6,"229 km SSW of Gambiran Satu, Indonesia"
1994-06-03T22:11:45.720Z,-10.981,112.569,33,4.7,"south of Java, Indonesia"
1994-06-03T21:59:45.030Z,-10.543,113.013,33,5.3,"252 km S of Kencong, Indonesia"
1994-06-03T21:57:29.960Z,-10.559,112.802,33,5.2,"259 km SSW of Kencong, Indonesia"
1994-06-03T21:21:09.540Z,-10.416,112.897,43.5,5.9,"241 km SSW of Kencong, Indonesia"
1994-06-03T21:19:50.120Z,-10.548,112.873,33,5.3,"256 km SSW of Kencong, Indonesia"
1994-06-03T21:06:59.880Z,-10.362,112.892,25.9,6.6,"235 km SSW of Kencong, Indonesia"
1994-06-03T18:54:46.730Z,-10.656,113.017,33,5.1,"265 km S of Kencong, Indonesia"
1994-06-03T18:16:19.090Z,-10.468,112.962,40.3,5.6,"245 km S of Kencong, Indonesia"
1994-06-03T16:33:10.520Z,-9.44,113.045,28.3,5.3,"132 km SSW of Kencong, Indonesia"
1994-06-03T15:18:35.900Z,-11.744,111.884,33,5.1,"south of Java, Indonesia"
1994-06-03T13:39:24.300Z,-9.421,114.333,33,5.4,"109 km S of Muncar, Indonesia"
1994-06-03T12:33:22.670Z,-10.489,113.076,33,5.4,"246 km S of Kencong, Indonesia"
1994-06-03T10:14:39.410Z,-10.981,112.739,33,5.1,"south of Java, Indonesia"
1994-06-03T09:24:14.460Z,-11.099,112.548,33,4.9,"south of Java, Indonesia"
1994-06-03T06:47:07.280Z,-11.764,112.165,33,4.2,"south of Java, Indonesia"
1994-06-03T06:24:19.620Z,-11.011,112.857,33,4.8,"south of Java, Indonesia"
1994-06-03T05:30:21.460Z,-12.019,113.688,33,4.4,northwest of Australia
1994-06-03T05:10:07.560Z,-10.219,113.508,33,5,"213 km SSW of Gambiran Satu, Indonesia"
1994-06-03T04:54:50.030Z,-10.391,112.998,42.7,5.6,"236 km S of Kencong, Indonesia"
1994-06-03T04:24:31.880Z,-11.042,112.9,33,4.8,"south of Java, Indonesia"
1994-06-03T04:17:26.550Z,-10.003,113.305,33,4.4,"190 km S of Kencong, Indonesia"
1994-06-03T02:55:17.480Z,-10.351,112.766,23.2,5.1,"236 km S of Dampit, Indonesia"
1994-06-03T01:32:26.030Z,-11.417,112.182,33,4.8,"south of Java, Indonesia"
1994-06-02T23:32:11.740Z,-10.72,112.621,33,4.6,"277 km S of Dampit, Indonesia"
1994-06-02T23:24:29.360Z,-11.084,112.741,33,4.6,"south of Java, Indonesia"
1994-06-02T23:18:50.560Z,-10.388,113.044,33,4.9,"235 km S of Kencong, Indonesia"
1994-06-02T21:47:58.120Z,-11.065,112.012,33,4.8,"south of Java, Indonesia"
1994-06-02T21:40:07.770Z,-11.22,112.326,33,4.5,"south of Java, Indonesia"
1994-06-02T21:18:00.540Z,-11.426,112.607,33,4.8,"south of Java, Indonesia"
1994-06-02T21:04:49.680Z,-10.214,113.499,24,4.9,"213 km SSW of Gambiran Satu, Indonesia"
1994-06-02T21:02:06.490Z,-11.86,111.884,33,4.8,"south of Java, Indonesia"
1994-06-02T18:44:45.860Z,-10.095,113.47,33,4.7,"200 km S of Kencong, Indonesia"
1994-06-02T18:17:34.020Z,-10.477,112.835,18.4,7.8,"249 km SSW of Kencong, Indonesia"
1994-05-28T06:44:19.380Z,-10.335,113.085,33,4.5,"229 km S of Kencong, Indonesia"
1994-05-27T08:02:58.430Z,-9.052,118.348,33,4.6,"58 km SSW of Dompu, Indonesia"
1994-05-25T20:06:04.940Z,-11.054,115.888,33,4.1,"258 km S of Lembar, Indonesia"
1994-05-25T12:09:00.340Z,-10.167,123.623,33,4.4,"1 km ENE of Kupang, Indonesia"
1994-05-21T01:56:05.490Z,-10.178,122.987,10,4.8,"67 km W of Kupang, Indonesia"
1994-05-21T00:30:14.360Z,-11.709,117.221,10,4.5,"south of Sumbawa, Indonesia"
1994-05-01T17:29:23.720Z,-9.9,113.234,108.1,4.8,"179 km S of Kencong, Indonesia"
1994-04-30T03:41:25.220Z,-9.329,113.101,86.6,5,"119 km SSW of Kencong, Indonesia"
1994-04-27T08:22:32.850Z,-9.514,112.849,67,5.2,"144 km S of Dampit, Indonesia"
1994-04-27T04:06:08.060Z,-9.698,112.881,33,4.1,"165 km S of Dampit, Indonesia"
1994-04-27T00:00:38.240Z,-9.63,112.671,33,4.2,"157 km S of Dampit, Indonesia"
1994-04-26T17:23:39.730Z,-9.599,112.807,33,4.6,"153 km S of Dampit, Indonesia"
1994-04-26T09:16:49.640Z,-9.427,112.949,33,5.2,"134 km SSW of Kencong, Indonesia"
1994-04-26T08:37:47.530Z,-9.444,113.01,33,5,"134 km SSW of Kencong, Indonesia"
1994-04-26T06:57:33.570Z,-9.577,112.773,33,4.7,"151 km S of Dampit, Indonesia"
1994-04-26T06:24:54.380Z,-9.458,112.843,33,4.4,"138 km S of Dampit, Indonesia"
1994-04-26T06:19:33.720Z,-9.87,113.045,33,4.4,"179 km SSW of Kencong, Indonesia"
1994-04-26T04:29:20.930Z,-9.5,112.883,33,5.2,"143 km S of Dampit, Indonesia"
1994-04-26T03:46:48.960Z,-9.445,113.007,33,4.8,"134 km SSW of Kencong, Indonesia"
1994-04-26T03:31:41.080Z,-9.448,112.94,33,4.8,"137 km SSW of Kencong, Indonesia"
1994-04-26T02:20:19.050Z,-9.511,112.609,33,4.6,"144 km S of Dampit, Indonesia"
1994-04-25T23:27:59.290Z,-9.845,112.647,33,4.7,"181 km S of Dampit, Indonesia"
1994-04-25T23:23:52.040Z,-9.493,112.867,47.5,4.7,"142 km S of Dampit, Indonesia"
1994-04-25T22:43:37.910Z,-9.493,113.055,92.6,5.1,"138 km SSW of Kencong, Indonesia"
1994-04-25T22:21:51.520Z,-9.343,113.058,67.7,5.8,"122 km SSW of Kencong, Indonesia"
1994-04-25T11:09:18.820Z,-9.445,112.294,33,4.5,"143 km S of Sumberpucung, Indonesia"
1994-04-22T14:05:54.440Z,-11.74,117.539,33,5.1,"south of Sumbawa, Indonesia"
1994-04-17T08:39:59.460Z,-11.59,117.779,33,4.7,"south of Sumbawa, Indonesia"
1994-04-15T18:45:14.360Z,-9.683,124.518,55.5,4.3,"26 km S of Kefamenanu, Indonesia"
1994-04-14T13:13:12.710Z,-9.031,127.105,33,4.7,"57 km SSE of Lospalos, Timor Leste"
1994-04-03T07:53:18.430Z,-9.728,128.341,188.4,4.4,"198 km SE of Lospalos, Timor Leste"
1994-03-29T18:30:59.540Z,-11.513,118.121,33,4.6,"south of Sumbawa, Indonesia"
1994-03-25T07:53:48.760Z,-9.4,150.793,46,4.9,"107 km NNE of Alotau, Papua New Guinea"
1994-03-24T13:26:10.550Z,-9.112,119.567,33,4.9,"58 km S of Komodo, Indonesia"
1994-03-18T06:09:45.530Z,-9.532,155.185,33,4.6,"241 km SW of Gizo, Solomon Islands"
1994-03-17T03:35:59.900Z,-11.534,118.256,33,4.8,"south of Sumbawa, Indonesia"
1994-03-09T12:28:10.610Z,-10.233,154.982,33,4.5,D'Entrecasteaux Islands region
1994-03-09T12:08:34.570Z,-9.58,154.986,37.5,5.9,"261 km SW of Gizo, Solomon Islands"
1994-03-08T06:31:02.380Z,-12.207,118.011,33,4.3,"south of Sumbawa, Indonesia"
1994-03-08T00:08:15.800Z,-10.49,120.076,33,4.3,"94 km SSW of Waingapu, Indonesia"
1994-02-18T19:11:09.620Z,-9.75,112.804,53.3,5,"170 km S of Dampit, Indonesia"
1994-02-17T21:52:47.320Z,-9.506,152.083,20.2,5.8,"197 km NE of Samarai, Papua New Guinea"
1994-02-17T21:01:30.140Z,-9.645,152.025,29.7,5.5,"183 km NE of Samarai, Papua New Guinea"
1994-02-15T23:41:43.070Z,-10.12,118.899,25.7,5.2,"158 km WSW of Waingapu, Indonesia"
1994-02-14T14:21:25.940Z,-10.479,123.952,26.4,4.8,"50 km SE of Kupang, Indonesia"
1994-02-12T23:36:06.580Z,-10.026,121.831,33,4,"132 km S of Ende, Indonesia"
1994-02-08T15:31:01.300Z,-20.015,133.53,10,4.7,"80 km WSW of Tennant Creek, Australia"
1994-02-01T18:08:56.880Z,-9.284,130.45,33,4.6,"274 km N of Wurrumiyanga, Australia"
1994-01-30T19:17:13.150Z,-10.176,119.851,33,4.3,"73 km SW of Waingapu, Indonesia"
1994-01-30T03:20:18.650Z,-11.527,119.753,33,4,"214 km SSW of Waingapu, Indonesia"
1994-01-18T20:04:31.150Z,-11.383,117.664,33,4.9,"south of Sumbawa, Indonesia"
1994-01-14T17:41:42.580Z,-10.427,119.025,33,4.5,"160 km WSW of Waingapu, Indonesia"
1994-01-09T02:57:17.240Z,-11.934,116.76,33,4.4,"South of Lombok, Indonesia"
1994-01-09T02:56:57.590Z,-10.926,116.151,33,5.1,"243 km S of Lembar, Indonesia"
1994-01-04T06:08:55.580Z,-12.763,118.838,33,4.3,"south of Sumbawa, Indonesia"
1994-01-01T18:38:51.200Z,-9.02,123.675,112.5,4.5,"64 km N of Naisano Dua, Indonesia"
1993-12-26T06:16:05.470Z,-12.451,124.084,33,4.7,"257 km SSE of Kupang, Indonesia"
1993-12-18T19:27:30.880Z,-11.871,133.841,19.3,4.6,"46 km WNW of Maningrida, Australia"
1993-12-18T01:11:26.410Z,-11.594,117.332,33,4.8,"south of Sumbawa, Indonesia"
1993-12-16T03:12:01.240Z,-9.183,127.618,33,5,"99 km SE of Lospalos, Timor Leste"
1993-12-14T20:09:36.580Z,-12.232,120.037,33,4.3,"285 km S of Waingapu, Indonesia"
1993-11-15T12:34:40.740Z,-10.761,110.804,33,4.6,"south of Java, Indonesia"
1993-11-14T07:10:24.040Z,-11.517,116.891,33,5,"South of Lombok, Indonesia"
1993-11-08T01:40:49.030Z,-9.537,119.168,33,4.2,"110 km SSW of Komodo, Indonesia"
1993-11-04T07:55:38.710Z,-9.776,123.071,62.3,4.7,"73 km NW of Kupang, Indonesia"
1993-11-03T00:10:42.420Z,-11.457,119.144,33,4.5,"233 km SSW of Waingapu, Indonesia"
1993-10-21T22:20:37.070Z,-9.436,120.347,33,4.3,"26 km NNE of Waingapu, Indonesia"
1993-10-14T13:11:39.430Z,-11.221,115.23,33,4.9,"267 km S of Nusa Dua, Indonesia"
1993-10-13T01:08:10.290Z,-10.258,154.053,33,4.4,D'Entrecasteaux Islands region
1993-10-03T18:12:11.160Z,-9.763,114.471,33,4.3,"131 km SW of Jimbaran, Indonesia"
1993-09-24T16:17:26.000Z,-9.562,122.457,33,4.7,"107 km SSE of Maumere, Indonesia"
1993-09-07T22:58:26.340Z,-10.96,112.426,33,4.2,"south of Java, Indonesia"
1993-09-05T17:21:01.980Z,-10.174,122.718,33,4.8,"97 km W of Kupang, Indonesia"
1993-09-04T21:39:33.840Z,-9.571,122.528,32.5,6.2,"110 km SSE of Maumere, Indonesia"
1993-09-02T22:38:43.290Z,-11.276,120.951,33,4.5,"194 km SSE of Waingapu, Indonesia"
1993-08-29T07:02:53.250Z,-9.341,148.042,10,4.9,"61 km SSE of Kokoda, Papua New Guinea"
1993-08-28T14:45:19.850Z,-11.336,119.148,33,4,"222 km SSW of Waingapu, Indonesia"
1993-08-15T01:09:00.240Z,-9.299,123.812,84.1,4.5,"33 km N of Naisano Dua, Indonesia"
1993-08-04T00:21:50.770Z,-9.628,121.749,104.7,4.9,"87 km S of Ende, Indonesia"
1993-07-21T08:37:45.020Z,-10.576,123.157,33,4.3,"66 km SW of Kupang, Indonesia"
1993-07-12T07:54:06.160Z,-9.714,128.734,33,5.2,"231 km SE of Lospalos, Timor Leste"
1993-07-04T20:11:14.490Z,-9.215,120.108,33,4.9,"51 km NNW of Waingapu, Indonesia"
1993-06-29T03:46:10.000Z,-11.026,118.385,39.5,5.3,"255 km SW of Waingapu, Indonesia"
1993-06-27T15:32:59.020Z,-9.177,115.873,88.4,5.1,"54 km SSW of Lembar, Indonesia"
1993-06-17T04:05:47.490Z,-9.014,116.439,33,4.3,"38 km SSE of Praya, Indonesia"
1993-06-10T22:22:45.300Z,-11.47,122.435,33,5.2,"192 km SW of Kupang, Indonesia"
1993-06-08T04:36:40.280Z,-31.673,110.3,10,4.4,west of Australia
1993-05-29T01:02:55.200Z,-9.637,117.918,33,4.6,"135 km SSW of Dompu, Indonesia"
1993-05-28T20:57:11.390Z,-9.023,123.662,33,5.3,"64 km N of Naisano Dua, Indonesia"
1993-05-20T02:04:51.040Z,-10.805,114.66,33,4.6,"229 km SSW of Jimbaran, Indonesia"
1993-05-14T20:14:42.770Z,-23.43,114.293,10,4.3,"166 km S of Exmouth, Australia"
1993-05-02T04:06:58.930Z,-11.527,112.116,33,4.8,"south of Java, Indonesia"
1993-05-02T01:58:03.380Z,-11.931,119.281,34.9,5,"273 km SSW of Waingapu, Indonesia"
1993-04-30T01:51:39.190Z,-9.276,113.246,42.6,5,"110 km S of Kencong, Indonesia"
1993-04-13T10:28:37.930Z,-11.611,117.091,33,4,"south of Sumbawa, Indonesia"
1993-04-10T08:42:49.240Z,-9.052,124.445,33,4.3,"17 km NNE of Pante Makasar, Timor Leste"
1993-04-09T22:16:48.970Z,-9.819,122.8,33,4.9,Savu Sea
1993-04-08T14:10:31.200Z,-43.598,123.533,10,4.9,south of Australia
1993-04-03T22:19:00.300Z,-9.494,111.938,33,4.3,"152 km S of Boyolangu, Indonesia"
1993-03-31T15:28:14.830Z,-9.178,125.989,74.9,4.7,"42 km ESE of Same, Timor Leste"
1993-03-30T12:28:02.290Z,-9.975,113.763,33,4.8,"179 km SSW of Gambiran Satu, Indonesia"
1993-03-28T11:05:38.500Z,-9.738,129.19,219.1,4.1,"273 km NW of Wurrumiyanga, Australia"
1993-03-21T03:48:56.430Z,-11.682,111.674,33,5,"south of Java, Indonesia"
1993-03-19T03:49:39.900Z,-11.529,117.957,33,4.4,"south of Sumbawa, Indonesia"
1993-03-16T16:11:00.360Z,-9.314,119.244,55.5,4.8,"84 km SSW of Komodo, Indonesia"
1993-03-11T01:03:44.780Z,-10.008,118.101,33,4.6,"167 km SSW of Dompu, Indonesia"
1993-03-10T16:09:38.400Z,-9.024,115.06,86.4,4.9,"28 km SSW of Jimbaran, Indonesia"
1993-02-21T08:39:25.350Z,-20.221,133.73,5,4.6,"79 km SW of Tennant Creek, Australia"
1993-02-19T11:22:22.090Z,-10.32,120.289,33,4.6,"73 km S of Waingapu, Indonesia"
1993-02-16T14:56:46.870Z,-9.59,120.253,33,4.2,"7 km N of Waingapu, Indonesia"
1993-01-28T23:41:11.600Z,-12.116,122.811,33,4.8,"232 km SSW of Kupang, Indonesia"
1993-01-27T12:11:08.290Z,-11.06,114.733,33,4.7,"255 km S of Jimbaran, Indonesia"
1993-01-21T13:37:30.410Z,-10.323,119.469,33,4,"114 km SW of Waingapu, Indonesia"
1993-01-20T00:29:29.910Z,-11.538,117.389,33,4.6,"south of Sumbawa, Indonesia"
1993-01-16T00:19:21.320Z,-11.671,118.052,33,4.3,"south of Sumbawa, Indonesia"
1993-01-15T02:31:28.550Z,-9.002,120.69,33,4.9,"49 km SSE of Ruteng, Indonesia"
1993-01-12T05:28:26.970Z,-9.325,148.879,33,4.4,"94 km SE of Popondetta, Papua New Guinea"
1993-01-10T07:20:02.910Z,-9.587,113.078,33,4.2,"147 km SSW of Kencong, Indonesia"
1993-01-05T16:23:16.930Z,-9.191,123.923,33,4.6,"48 km NNE of Naisano Dua, Indonesia"
1993-01-02T04:55:06.050Z,-9.381,121.293,84.4,4.5,"72 km SW of Ende, Indonesia"
1992-12-30T00:17:44.440Z,-9.004,123.966,65.4,4.1,"50 km WNW of Pante Makasar, Timor Leste"
1992-12-29T21:17:31.810Z,-9.295,123.987,95.2,5.5,"41 km NE of Naisano Dua, Indonesia"
1992-12-28T03:16:38.900Z,-9.055,123.028,33,4.5,"101 km NW of Naisano Dua, Indonesia"
1992-12-27T12:10:27.490Z,-9.458,123.603,88.9,5,"24 km NW of Naisano Dua, Indonesia"
1992-12-26T00:55:39.930Z,-10.418,127.392,33,4.8,"206 km SSE of Viqueque, Timor Leste"
1992-12-22T03:23:30.880Z,-10.101,124.221,33,4.6,"27 km SSW of Soe, Indonesia"
1992-12-21T21:45:46.930Z,-10.35,123.465,33,5.3,"25 km SW of Kupang, Indonesia"
1992-12-21T03:21:17.210Z,-10.035,113.718,39,5.1,"187 km SSW of Gambiran Satu, Indonesia"
1992-12-14T13:47:03.210Z,-9.778,122.718,95.6,4.8,"106 km WNW of Kupang, Indonesia"
1992-12-13T18:51:02.290Z,-9.072,123.099,33,4.4,"93 km NW of Naisano Dua, Indonesia"
1992-12-13T02:30:37.240Z,-9.614,122.063,33,4.7,"95 km SSE of Ende, Indonesia"
1992-12-12T11:05:57.940Z,-10.35,122.693,33,4.4,"102 km W of Kupang, Indonesia"
1992-12-12T09:04:05.680Z,-9.555,122.352,33,5,"104 km S of Maumere, Indonesia"
1992-12-07T16:48:44.470Z,-10.596,123.501,33,4,"48 km SSW of Kupang, Indonesia"
1992-12-06T14:52:21.380Z,-10.435,123.948,32,4.6,"47 km SE of Kupang, Indonesia"
1992-12-05T06:28:03.870Z,-9.651,121.829,33,4.1,"91 km SSE of Ende, Indonesia"
1992-11-29T16:29:13.300Z,-14.015,118.607,10,4.3,northwest of Australia
1992-11-15T15:57:07.210Z,-11.475,114.962,33,5,"297 km S of Nusa Dua, Indonesia"
1992-11-12T04:01:09.320Z,-9.282,117.134,33,4.5,"92 km SSW of Sumbawa Besar, Indonesia"
1992-11-12T00:13:34.570Z,-10.597,116.915,42.8,4.6,"220 km SSE of Praya, Indonesia"
1992-11-09T05:36:17.990Z,-18.369,119.244,33,4,"225 km NNE of Port Hedland, Australia"
1992-11-07T11:57:44.990Z,-9.667,124.675,78.9,4.2,"32 km SE of Kefamenanu, Indonesia"
1992-10-31T22:34:56.920Z,-10.289,124.993,33,4.3,"91 km ESE of Soe, Indonesia"
1992-10-31T06:35:29.550Z,-11.496,118.945,33,4.1,"249 km SW of Waingapu, Indonesia"
1992-10-29T08:53:57.840Z,-11.549,117.149,33,4.7,"south of Sumbawa, Indonesia"
1992-10-23T21:24:36.140Z,-9.469,122.56,33,6.2,"101 km SSE of Maumere, Indonesia"
1992-10-18T00:58:05.880Z,-10.022,117.093,26.9,5.6,"171 km SSE of Praya, Indonesia"
1992-10-15T10:51:20.930Z,-10.573,123.485,88.1,4.7,"46 km SSW of Kupang, Indonesia"
1992-10-11T02:03:25.630Z,-34.302,147.326,10,4.1,"25 km NW of Temora, Australia"
1992-10-03T18:28:35.280Z,-9.943,124.456,33,4.1,"20 km ESE of Soe, Indonesia"
1992-10-02T16:25:17.350Z,-11.343,118.085,33,4,"south of Sumbawa, Indonesia"
1992-09-30T11:18:06.600Z,-11.363,134.531,37.5,5.4,"82 km NNE of Maningrida, Australia"
1992-09-26T17:59:59.460Z,-9.37,112.64,33,4.6,"128 km S of Dampit, Indonesia"
1992-09-25T10:14:22.680Z,-11.554,112.46,33,4.6,"south of Java, Indonesia"
1992-09-15T03:46:31.310Z,-11.262,118.678,33,4.3,"248 km SW of Waingapu, Indonesia"
1992-09-10T21:20:54.330Z,-10.592,150.317,128.3,4.4,"34 km SSW of Alotau, Papua New Guinea"
1992-09-04T20:52:35.080Z,-9.559,123.951,33,4.4,"20 km ENE of Naisano Dua, Indonesia"
1992-08-31T04:39:55.470Z,-11.422,118.219,28.3,5.4,"297 km SW of Waingapu, Indonesia"
1992-08-27T19:19:20.570Z,-12.705,123.685,33,4.9,"280 km S of Kupang, Indonesia"
1992-08-01T17:59:15.520Z,-11.736,117.951,33,4,"south of Sumbawa, Indonesia"
1992-07-25T17:46:31.560Z,-9.931,112.007,33,4.1,"200 km S of Boyolangu, Indonesia"
1992-07-18T02:08:58.690Z,-9.244,112.973,60.5,4.7,"114 km SSW of Kencong, Indonesia"
1992-07-15T00:17:05.140Z,-22.363,126.529,10,5.2,Western Australia
1992-07-02T23:10:55.270Z,-11.436,118.648,33,4.4,"264 km SW of Waingapu, Indonesia"
1992-07-01T04:35:59.840Z,-19.003,112.018,33,4.4,northwest of Australia
1992-06-25T13:07:06.020Z,-9.598,114.748,45.4,4.7,"100 km SSW of Jimbaran, Indonesia"
1992-06-13T18:05:17.880Z,-23.58,130.284,10,5,"197 km NNW of Yulara, Australia"
1992-06-11T01:26:48.490Z,-11.37,117.603,33,4.5,"south of Sumbawa, Indonesia"
1992-06-09T22:17:07.540Z,-10.24,124.215,19.6,4.8,"42 km S of Soe, Indonesia"
1992-06-05T15:03:55.800Z,-9.3,120.353,21.6,4.9,"40 km NNE of Waingapu, Indonesia"
1992-06-02T21:41:04.670Z,-11.083,114.931,33,4.6,"254 km S of Nusa Dua, Indonesia"
1992-05-29T20:00:07.660Z,-11.835,122.343,33,4.1,"230 km SW of Kupang, Indonesia"
1992-05-23T12:46:08.630Z,-9.001,123.514,33,4.5,"71 km NNW of Naisano Dua, Indonesia"
1992-05-17T16:48:17.700Z,-9.261,118.215,33,4.9,"84 km SSW of Dompu, Indonesia"
1992-05-17T13:43:02.580Z,-9.777,117.027,38,5.1,"144 km SE of Praya, Indonesia"
1992-05-13T17:42:52.400Z,-10.618,125.448,33,4.9,Timor Sea
1992-05-06T03:53:07.500Z,-9.504,118.206,10,4.4,"110 km SSW of Dompu, Indonesia"
1992-05-05T05:58:20.930Z,-9.883,151.696,33,5.4,"138 km NE of Samarai, Papua New Guinea"
1992-04-18T20:40:36.230Z,-17.319,123.257,10,4.2,"39 km W of Derby, Australia"
1992-04-17T12:08:10.400Z,-19.867,133.717,10,4.2,"55 km WSW of Tennant Creek, Australia"
1992-04-14T04:52:13.610Z,-9.992,112.418,33,5.1,"200 km S of Dampit, Indonesia"
1992-04-13T04:00:23.470Z,-10.275,120.232,33,4.8,"68 km S of Waingapu, Indonesia"
1992-04-01T01:22:51.490Z,-9.127,123.421,33,5.2,"64 km NW of Naisano Dua, Indonesia"
1992-03-31T23:46:26.640Z,-10.386,154.506,33,4.2,D'Entrecasteaux Islands region
1992-03-31T02:14:57.870Z,-18.817,126.877,10,4.3,"106 km SW of Halls Creek, Australia"
1992-03-29T15:12:29.960Z,-10.128,118.989,31.7,5.4,"149 km WSW of Waingapu, Indonesia"
1992-03-28T16:29:15.370Z,-10.375,118.525,33,4.1,"203 km S of Dompu, Indonesia"
1992-03-24T17:35:09.670Z,-11.207,118.309,22.7,5.1,"274 km SW of Waingapu, Indonesia"
1992-03-20T23:19:48.830Z,-42.149,120.138,33,4.9,south of Australia
1992-03-13T17:50:01.230Z,-9.191,152.394,25.2,6.1,"246 km ENE of Alotau, Papua New Guinea"
1992-03-02T06:30:03.260Z,-9.689,119.368,46,4.7,"98 km W of Waingapu, Indonesia"
1992-02-25T18:46:24.950Z,-20.137,133.882,5,4.2,"62 km SSW of Tennant Creek, Australia"
1992-02-23T08:02:04.900Z,-9.881,111.531,33,4.9,"199 km SSW of Boyolangu, Indonesia"
1992-02-19T03:18:34.290Z,-9.696,154.676,21.1,5.3,"296 km SW of Gizo, Solomon Islands"
1992-02-15T11:42:44.070Z,-9.406,117.606,33,4.7,"103 km SSE of Sumbawa Besar, Indonesia"
1992-02-14T09:29:28.360Z,-10.618,120.5,33,4.1,"109 km SSE of Waingapu, Indonesia"
1992-02-12T08:39:57.000Z,-9.785,124.841,33,4.2,"54 km SE of Kefamenanu, Indonesia"
1992-02-11T10:25:40.790Z,-9.239,124.827,26.9,5.7,"16 km SSW of Atambua, Indonesia"
1992-02-11T07:34:53.190Z,-9.731,118.444,33,4.3,"132 km S of Dompu, Indonesia"
1992-01-24T12:09:24.340Z,-9.403,148.796,35.3,5.4,"93 km SE of Popondetta, Papua New Guinea"
1992-01-21T23:30:40.450Z,-9.51,125.878,60.5,4.3,"61 km SSE of Same, Timor Leste"
1992-01-21T07:57:20.730Z,-9.339,122.794,26.5,5.1,"102 km SE of Maumere, Indonesia"
1992-01-17T18:00:55.500Z,-40.536,155.379,10,4.6,southeast of Australia
1992-01-10T16:32:47.360Z,-9.652,120.008,42.1,4.9,"28 km W of Waingapu, Indonesia"
1992-01-07T18:59:37.500Z,-9.683,119.58,106.8,5,"75 km W of Waingapu, Indonesia"
1991-12-24T10:47:14.930Z,-9.575,117.98,75,5.2,"126 km SSW of Dompu, Indonesia"
1991-12-20T14:32:55.210Z,-9.42,125.443,33,4.5,"23 km ESE of Suai, Timor Leste"
1991-12-16T19:48:38.130Z,-11.339,118,33,4.1,"south of Sumbawa, Indonesia"
1991-12-13T04:48:17.460Z,-34.216,117.691,10,4.4,"46 km N of Mount Barker, Australia"
1991-12-02T17:45:23.500Z,-9.074,119.382,104.4,4.9,"54 km SSW of Komodo, Indonesia"
1991-11-25T13:43:53.100Z,-10.426,110.182,33,4.3,"274 km S of Bambanglipuro, Indonesia"
1991-11-22T20:32:10.440Z,-11.612,116.242,33,4.2,"South of Lombok, Indonesia"
1991-11-22T12:36:11.480Z,-9.996,124.016,104,4.3,"32 km WSW of Soe, Indonesia"
1991-11-21T00:16:49.670Z,-10.438,123.774,33,4.4,"34 km SSE of Kupang, Indonesia"
1991-11-07T03:23:03.690Z,-9.576,124.423,33,4.4,"15 km SSW of Kefamenanu, Indonesia"
1991-11-06T14:57:23.510Z,-10.285,116.707,50.8,4.3,"181 km SSE of Praya, Indonesia"
1991-11-06T10:32:07.330Z,-9.744,154.269,33,4.2,D'Entrecasteaux Islands region
1991-11-05T09:26:46.530Z,-32.895,122.305,33,4.2,"110 km NNE of Castletown, Australia"
1991-11-04T04:12:39.010Z,-10.062,119.42,10,4.3,"102 km WSW of Waingapu, Indonesia"
1991-11-01T19:40:45.260Z,-9.313,154.189,38.8,5.1,D'Entrecasteaux Islands region
1991-10-27T01:54:25.580Z,-10.607,119.302,33,4.6,"148 km SW of Waingapu, Indonesia"
1991-10-19T08:48:19.220Z,-9.012,117.17,96.7,5.5,"63 km SSW of Sumbawa Besar, Indonesia"
1991-10-18T09:07:22.610Z,-20.468,114.003,33,4.5,"162 km N of Exmouth, Australia"
1991-10-16T17:06:22.480Z,-10.502,123.878,58.6,4.7,"47 km SE of Kupang, Indonesia"
1991-10-16T11:53:54.180Z,-10.427,123.699,33,5.1,"30 km SSE of Kupang, Indonesia"
1991-10-16T03:06:14.900Z,-9.633,119.806,45.8,5.2,"50 km W of Waingapu, Indonesia"
1991-10-07T19:56:21.140Z,-10.553,117.161,50.2,5.4,"226 km SSE of Praya, Indonesia"
1991-10-02T14:46:00.710Z,-9.394,123.049,243.8,4.8,"82 km WNW of Naisano Dua, Indonesia"
1991-10-01T07:38:47.230Z,-9.764,111.767,33,4.4,"182 km S of Boyolangu, Indonesia"
1991-09-28T15:05:40.250Z,-27.561,147.717,10,4,"97 km WNW of St George, Australia"
1991-09-21T17:57:38.250Z,-9.846,119.326,58.4,4.6,"105 km WSW of Waingapu, Indonesia"
1991-09-21T06:52:58.180Z,-12.114,117.61,33,4.2,"south of Sumbawa, Indonesia"
1991-09-14T09:32:55.320Z,-9.07,123.4,135.5,4.5,"71 km NW of Naisano Dua, Indonesia"
1991-09-13T12:56:57.160Z,-9.884,149.917,27.9,5,"76 km NW of Alotau, Papua New Guinea"
1991-09-07T08:00:11.210Z,-9.051,124.392,94.4,4.7,"16 km N of Pante Makasar, Timor Leste"
1991-08-30T14:04:15.980Z,-20.137,119.777,10,4.3,"114 km N of Marble Bar, Australia"
1991-08-24T02:51:22.700Z,-12.783,118.926,33,4.3,"south of Sumbawa, Indonesia"
1991-08-23T20:16:24.580Z,-9.209,123.526,31.2,5.2,"50 km NNW of Naisano Dua, Indonesia"
1991-08-23T16:12:15.850Z,-9.929,123.113,88.1,4,"60 km WNW of Kupang, Indonesia"
1991-08-21T09:29:40.480Z,-9.059,120.285,185.7,4.8,"53 km SSW of Ruteng, Indonesia"
1991-08-19T14:34:32.470Z,-12.154,118.096,33,4.1,"south of Sumbawa, Indonesia"
1991-08-17T06:28:55.370Z,-34.198,139.082,33,4.1,"21 km NE of Kapunda, Australia"
1991-08-14T13:42:36.410Z,-9.806,151.791,13.7,4.8,"152 km NE of Samarai, Papua New Guinea"
1991-08-14T08:33:58.410Z,-9.739,151.73,33,4.1,D'Entrecasteaux Islands region
1991-08-14T02:21:24.050Z,-10.909,124.295,61.1,4.9,"Timor region, Indonesia"
1991-08-13T01:38:24.420Z,-9.049,123.57,68.3,4.8,"64 km NNW of Naisano Dua, Indonesia"
1991-08-12T03:48:37.590Z,-9.694,125.378,33,4.2,"44 km SSE of Suai, Timor Leste"
1991-08-11T04:45:00.170Z,-9.544,117.713,33,4.1,"120 km SSE of Sumbawa Besar, Indonesia"
1991-08-07T23:00:26.300Z,-10.144,113.468,33,5,"206 km S of Kencong, Indonesia"
1991-08-07T13:35:53.230Z,-9.527,125.264,99.7,5,"23 km S of Suai, Timor Leste"
1991-08-06T20:26:29.640Z,-10.613,117.574,82.6,4.6,"235 km S of Sumbawa Besar, Indonesia"
1991-08-06T14:11:42.250Z,-17.902,143.217,10,4,"217 km WSW of Dimbulah, Australia"
1991-08-04T23:28:01.640Z,-19.978,134.063,10,4.5,"38 km SSW of Tennant Creek, Australia"
1991-08-03T18:50:25.780Z,-10.018,150.773,70.2,4.3,"47 km NE of Alotau, Papua New Guinea"
1991-08-03T18:47:01.880Z,-10.622,121.344,33,4.3,"159 km SE of Waingapu, Indonesia"
1991-08-01T12:17:13.560Z,-9.628,124.386,33,4.7,"22 km SSW of Kefamenanu, Indonesia"
1991-07-31T12:32:44.040Z,-9.17,112.118,113.8,4.4,"118 km S of Ngunut, Indonesia"
1991-07-29T17:39:58.940Z,-9.875,111.738,33,4.3,"195 km S of Boyolangu, Indonesia"
1991-07-28T08:45:19.950Z,-10.264,124.576,52.5,4.6,"54 km SE of Soe, Indonesia"
1991-07-26T05:13:55.270Z,-9.885,124.181,33,4,"11 km WSW of Soe, Indonesia"
1991-07-20T12:20:10.350Z,-9.802,124.596,33,4.2,"34 km E of Soe, Indonesia"
1991-07-09T08:18:45.560Z,-10.513,123.699,81.5,4.7,"39 km SSE of Kupang, Indonesia"
1991-07-08T10:45:33.780Z,-20.225,133.825,5,5.1,"74 km SSW of Tennant Creek, Australia"
1991-07-08T08:59:50.060Z,-9.069,124.893,33,4.6,"4 km N of Atambua, Indonesia"
1991-07-05T04:40:12.100Z,-9.965,114.608,33,4.9,"143 km SSW of Jimbaran, Indonesia"
1991-07-05T04:30:52.550Z,-9.585,114.673,53.7,6.1,"102 km SSW of Jimbaran, Indonesia"
1991-07-04T16:32:59.390Z,-12.029,118.606,33,4.5,"south of Sumbawa, Indonesia"
1991-07-04T14:11:43.550Z,-11.347,125.985,33,4.7,"238 km SSE of Suai, Timor Leste"
1991-07-02T06:48:52.450Z,-27.033,111.413,10,4.1,"244 km WSW of Denham, Australia"
1991-07-01T07:01:11.750Z,-10.372,124.02,23.5,5.1,"50 km ESE of Kupang, Indonesia"
1991-06-25T03:30:05.050Z,-9.077,118.453,33,4.3,"59 km S of Dompu, Indonesia"
1991-06-24T03:09:50.190Z,-10.435,123.928,28.4,5.4,"45 km SE of Kupang, Indonesia"
1991-06-19T11:38:23.390Z,-20.134,133.952,10,5.2,"59 km SSW of Tennant Creek, Australia"
1991-06-14T12:22:47.320Z,-32.537,122.379,10,4.3,"150 km NNE of Castletown, Australia"
1991-06-07T17:12:50.260Z,-9.227,113.955,99.2,4.9,"94 km SSW of Gambiran Satu, Indonesia"
1991-06-05T15:53:37.250Z,-10.201,123.296,33,4,"34 km W of Kupang, Indonesia"
1991-06-02T16:44:56.200Z,-9.316,111.6,84.8,4.4,"136 km SSW of Boyolangu, Indonesia"
1991-05-28T19:18:49.200Z,-9.078,120.625,217.2,4.5,"Sumba region, Indonesia"
1991-05-26T14:12:14.440Z,-9.288,127.298,105.9,4.8,"90 km SSE of Lospalos, Timor Leste"
1991-05-17T23:02:00.990Z,-10.151,119.896,33,4.6,"67 km SW of Waingapu, Indonesia"
1991-05-17T06:37:47.010Z,-9.941,119.78,20.8,5.5,"61 km WSW of Waingapu, Indonesia"
1991-05-15T09:06:52.480Z,-23.193,114.323,10,4.1,"141 km S of Exmouth, Australia"
1991-05-11T19:59:00.020Z,-9.958,119.89,33,5.3,"52 km SW of Waingapu, Indonesia"
1991-04-26T16:02:40.290Z,-9.35,119.742,33,5,"66 km WNW of Waingapu, Indonesia"
1991-04-26T03:49:37.590Z,-9.125,121.27,33,4.6,"53 km SW of Ende, Indonesia"
1991-04-14T09:44:42.280Z,-11.473,118.087,33,4.6,"south of Sumbawa, Indonesia"
1991-04-10T12:26:57.750Z,-9.684,150.264,33,4.8,"72 km NNW of Alotau, Papua New Guinea"
1991-04-08T17:04:43.120Z,-10.242,119.509,81.6,4.4,"105 km SW of Waingapu, Indonesia"
1991-04-07T20:41:38.640Z,-9.255,123.52,40.9,4.8,"46 km NW of Naisano Dua, Indonesia"
1991-03-31T04:49:44.120Z,-9.725,123.962,33,4.7,"25 km ESE of Naisano Dua, Indonesia"
1991-03-20T04:55:11.300Z,-9.122,123.698,110.7,4.8,"53 km N of Naisano Dua, Indonesia"
1991-03-19T19:53:30.700Z,-11.28,118.503,33,4.8,"263 km SW of Waingapu, Indonesia"
1991-03-15T12:00:16.160Z,-9.228,125.984,33,4.1,"44 km SE of Same, Timor Leste"
1991-03-14T17:49:42.910Z,-13.067,118.819,33,4.1,northwest of Australia
1991-03-11T01:44:56.780Z,-9.499,115.639,33,5.4,"89 km SSE of Nusa Dua, Indonesia"
1991-03-09T01:36:27.710Z,-30.585,121.589,10,4.8,"19 km NE of Hannans, Australia"
1991-03-07T01:28:10.540Z,-20.082,134.025,5,5.2,"50 km SSW of Tennant Creek, Australia"
1991-03-06T15:37:44.240Z,-9.127,123.503,222.4,4.1,"59 km NNW of Naisano Dua, Indonesia"
1991-03-02T08:07:08.950Z,-9.195,124.316,84,4.4,"7 km W of Pante Makasar, Timor Leste"
1991-02-24T18:53:12.380Z,-9.127,114.896,78,4.7,"47 km SW of Jimbaran, Indonesia"
1991-02-22T01:10:17.010Z,-10.165,113.683,33,5.2,"202 km SSW of Gambiran Satu, Indonesia"
1991-02-21T11:10:50.190Z,-9.735,119.125,33,4.6,"125 km W of Waingapu, Indonesia"
1991-02-21T10:38:50.440Z,-9.481,117.414,33,5,"109 km S of Sumbawa Besar, Indonesia"
1991-02-15T13:40:05.070Z,-9.021,110.382,33,4.7,"118 km S of Pundong, Indonesia"
1991-02-03T02:11:28.230Z,-9.099,125.443,72.3,5,"13 km SSW of Ainaro, Timor Leste"
1991-02-02T09:43:46.640Z,-12.25,118.02,33,4.2,"south of Sumbawa, Indonesia"
1991-01-22T18:49:10.310Z,-10.259,118.968,33,4.2,"156 km WSW of Waingapu, Indonesia"
1991-01-21T01:46:15.550Z,-9.131,124.37,191.5,4.6,"7 km N of Pante Makasar, Timor Leste"
1991-01-15T08:10:30.420Z,-13.119,118.406,33,4.2,northwest of Australia
1991-01-13T07:45:01.810Z,-10.098,123.226,33,4,"42 km W of Kupang, Indonesia"
1991-01-09T10:22:33.880Z,-17.598,123.98,10,4.3,"49 km SE of Derby, Australia"
1991-01-09T08:41:17.000Z,-9.75,146.6,33,5.2,"67 km WSW of Port Moresby, Papua New Guinea"
1991-01-03T14:04:57.420Z,-20.185,133.674,10,4.8,"80 km SW of Tennant Creek, Australia"
1991-01-03T09:40:57.160Z,-20.171,133.827,5,4.3,"69 km SSW of Tennant Creek, Australia"
1990-12-29T23:24:30.730Z,-11.38,118.294,33,5.4,"287 km SW of Waingapu, Indonesia"
1990-12-12T15:42:50.940Z,-9.156,112.356,33,4.4,"111 km S of Sumberpucung, Indonesia"
1990-11-27T21:16:27.930Z,-20.098,133.644,5,4.8,"75 km SW of Tennant Creek, Australia"
1990-11-26T19:34:50.020Z,-10.545,112.894,33,4.6,"255 km SSW of Kencong, Indonesia"
1990-11-23T20:22:34.230Z,-9.997,118.69,98.5,4.9,"163 km S of Dompu, Indonesia"
1990-11-12T00:51:31.040Z,-9.455,113.813,89.6,4.5,"122 km SSW of Gambiran Satu, Indonesia"
1990-11-09T20:59:49.140Z,-11.522,117.573,33,4.5,"south of Sumbawa, Indonesia"
1990-11-08T07:06:16.840Z,-9.919,116.511,71.7,5.1,"136 km S of Praya, Indonesia"
1990-11-08T05:05:52.610Z,-11.782,117.916,33,4.2,"south of Sumbawa, Indonesia"
1990-11-08T00:38:42.750Z,-10.912,112.814,63.5,4.8,"297 km SSW of Kencong, Indonesia"
1990-11-05T15:50:34.280Z,-11.229,112.655,33,4.2,"south of Java, Indonesia"
1990-10-31T06:00:01.580Z,-19.889,133.573,5,4.3,"70 km WSW of Tennant Creek, Australia"
1990-10-30T11:05:22.950Z,-10.396,124.137,18.9,4.6,"61 km SSW of Soe, Indonesia"
1990-10-26T21:07:27.040Z,-9.792,121.736,33,5,"105 km S of Ende, Indonesia"
1990-10-26T05:25:11.780Z,-9.922,118.186,33,4.4,"156 km SSW of Dompu, Indonesia"
1990-10-19T21:04:27.180Z,-9.764,120.762,33,4.4,"55 km ESE of Waingapu, Indonesia"
1990-10-15T19:50:24.060Z,-10.047,114.607,70.3,5.4,"151 km SSW of Jimbaran, Indonesia"
1990-10-08T17:00:06.980Z,-9.231,110.783,92,5,"149 km SSE of Pundong, Indonesia"
1990-09-26T18:54:51.260Z,-10.497,124.407,52.3,4.8,"71 km S of Soe, Indonesia"
1990-09-07T14:17:19.620Z,-14.14,118.312,10,4.1,northwest of Australia
1990-08-28T10:04:49.590Z,-22.995,112.569,10,4,"198 km SW of Exmouth, Australia"
1990-08-26T23:13:33.690Z,-9.196,110.764,33,5.3,"144 km SSE of Pundong, Indonesia"
1990-08-26T05:16:39.850Z,-9.152,110.765,33,5.5,"140 km SSE of Pundong, Indonesia"
1990-08-20T03:41:53.010Z,-11.366,118.157,33,4.7,"298 km SW of Waingapu, Indonesia"
1990-08-19T18:03:36.900Z,-9.682,120.754,33,4.4,"53 km E of Waingapu, Indonesia"
1990-08-19T07:25:56.950Z,-9.736,127.809,241.1,4.2,"161 km SSE of Lospalos, Timor Leste"
1990-08-18T10:38:34.570Z,-11.96,124.783,33,4.6,"235 km SSE of Kupang, Indonesia"
1990-08-17T12:14:32.940Z,-17.848,122.62,10,4,"37 km NNE of Roebuck, Australia"
1990-08-14T16:09:57.420Z,-10.456,123.956,33,4.7,"49 km SE of Kupang, Indonesia"
1990-08-07T22:34:21.800Z,-11.005,119.182,33,4,"190 km SW of Waingapu, Indonesia"
1990-08-07T03:55:21.890Z,-11.332,118.843,33,5,"241 km SW of Waingapu, Indonesia"
1990-07-27T13:58:46.240Z,-9.05,124.237,33,4.3,"23 km NW of Pante Makasar, Timor Leste"
1990-07-23T16:06:28.800Z,-10.388,124.032,33,4.5,"52 km ESE of Kupang, Indonesia"
1990-07-23T02:58:31.030Z,-9.39,114.61,42.7,4.8,"89 km SW of Jimbaran, Indonesia"
1990-07-20T15:29:58.990Z,-9.323,118.186,99.6,5.2,"92 km SSW of Dompu, Indonesia"
1990-07-15T20:13:29.920Z,-9.126,118.223,86.8,5.3,"70 km SSW of Dompu, Indonesia"
1990-07-04T06:21:16.220Z,-10.968,110.01,33,5.2,"south of Java, Indonesia"
1990-06-30T13:09:51.730Z,-10.33,120.048,33,4,"78 km SSW of Waingapu, Indonesia"
1990-06-25T12:16:03.360Z,-12.517,121.413,33,4.1,south of Timor
1990-06-19T08:45:05.470Z,-10.238,110.577,33,4.7,"254 km S of Pundong, Indonesia"
1990-06-11T02:42:52.330Z,-10.468,124.467,92.5,4.6,"70 km SSE of Soe, Indonesia"
1990-06-08T21:37:38.450Z,-9.103,120.264,33,5.5,"58 km SSW of Ruteng, Indonesia"
1990-06-08T00:24:19.720Z,-9.06,124.026,33,4.5,"42 km WNW of Pante Makasar, Timor Leste"
1990-06-06T23:47:42.540Z,-9.503,119.746,33.8,5,"59 km WNW of Waingapu, Indonesia"
1990-05-19T14:34:47.460Z,-9.629,120.499,33,4.1,"25 km E of Waingapu, Indonesia"
1990-05-07T14:52:51.690Z,-9.648,155.537,25.2,5.1,"223 km SW of Gizo, Solomon Islands"
1990-05-07T08:13:09.790Z,-9.423,155.652,10,4.8,"196 km SW of Gizo, Solomon Islands"
1990-05-02T12:30:17.270Z,-9.474,129.091,185.5,4.2,"253 km ESE of Lospalos, Timor Leste"
1990-05-02T03:28:46.620Z,-10.457,110.295,33,4.5,"277 km S of Pundong, Indonesia"
1990-04-29T06:40:20.910Z,-9.421,148.808,42.4,4.9,"96 km SE of Popondetta, Papua New Guinea"
1990-04-21T01:42:33.500Z,-10.194,123.721,33,4.2,"12 km ESE of Kupang, Indonesia"
1990-04-10T13:10:22.000Z,-9.247,113.669,65,4,"107 km SSW of Gambiran Satu, Indonesia"
1990-04-09T13:04:56.550Z,-10.547,124.947,33,4.6,"105 km SE of Soe, Indonesia"
1990-04-08T01:17:54.800Z,-10.109,121.849,33,4.3,"141 km S of Ende, Indonesia"
1990-04-02T08:19:34.100Z,-10.066,154.375,33,4.9,D'Entrecasteaux Islands region
1990-03-25T05:51:38.370Z,-9.063,116.848,33,4.1,"65 km SSE of Labuan Lombok, Indonesia"
1990-03-17T05:48:40.430Z,-33.073,118.086,5,4,"74 km ENE of Wagin, Australia"
1990-03-15T19:12:35.840Z,-9.095,124.146,82.9,4.1,"28 km WNW of Pante Makasar, Timor Leste"
1990-03-08T13:58:48.590Z,-10.676,110.255,33,4.3,"south of Java, Indonesia"
1990-03-07T21:14:20.760Z,-10.384,110.17,33,4.4,"269 km S of Bambanglipuro, Indonesia"
1990-03-06T15:25:04.180Z,-10.991,119.474,33,5,"171 km SSW of Waingapu, Indonesia"
1990-03-06T13:30:58.410Z,-11.147,117.44,21.9,5.5,"293 km S of Sumbawa Besar, Indonesia"
1990-02-26T21:49:43.590Z,-11.712,117.348,33,4.6,"south of Sumbawa, Indonesia"
1990-02-26T18:13:59.800Z,-9.577,149.798,33,5.2,"109 km NW of Alotau, Papua New Guinea"
1990-02-21T05:40:11.310Z,-11.524,112.2,33,4.3,"south of Java, Indonesia"
1990-02-18T22:47:26.820Z,-18.064,117.876,33,4.3,"260 km NNW of Port Hedland, Australia"
1990-02-10T13:58:07.950Z,-10.506,120.304,33,4.6,"94 km S of Waingapu, Indonesia"
1990-02-09T21:33:40.390Z,-9.886,119.05,41.7,4.6,"135 km W of Waingapu, Indonesia"
1990-02-09T19:53:23.060Z,-10.547,120.293,57.9,4,"98 km S of Waingapu, Indonesia"
1990-02-08T08:23:30.320Z,-27.971,137.274,10,4.5,"272 km ENE of Coober Pedy, Australia"
1990-02-07T04:16:03.120Z,-9.897,124.442,33,4.1,"17 km ESE of Soe, Indonesia"
1990-02-06T22:43:24.040Z,-10.489,110.178,33,4.6,"281 km S of Bambanglipuro, Indonesia"
1990-02-04T07:58:14.070Z,-10.233,110.29,45.8,5.8,"252 km S of Pundong, Indonesia"
1990-01-26T05:02:30.910Z,-9.49,117.697,101.5,4.3,"114 km SSE of Sumbawa Besar, Indonesia"
1990-01-21T01:08:16.230Z,-9.032,128.551,161.4,4.2,"179 km ESE of Lospalos, Timor Leste"
1990-01-20T19:56:46.010Z,-19.978,133.706,10,4.4,"62 km SW of Tennant Creek, Australia"
1990-01-18T01:04:31.050Z,-10.797,113.653,45.8,5.1,"271 km SSW of Gambiran Satu, Indonesia"
1990-01-17T06:38:05.780Z,-31.673,116.995,6.9,5.2,"30 km E of Northam, Australia"
1990-01-15T13:21:27.100Z,-11.311,118.587,33,4.1,"259 km SW of Waingapu, Indonesia"
1990-01-15T04:56:51.770Z,-9.602,110.365,33,4.6,"182 km S of Pundong, Indonesia"
1990-01-13T23:49:14.380Z,-10.488,124.052,33,4.2,"60 km SE of Kupang, Indonesia"
1990-01-13T20:03:41.920Z,-10.171,117.826,36.3,5.3,"190 km SSE of Sumbawa Besar, Indonesia"
1990-01-10T18:28:51.630Z,-10.439,124.203,77,5,"64 km S of Soe, Indonesia"
1990-01-10T16:11:46.730Z,-10.073,123.819,32.7,5.5,"25 km ENE of Kupang, Indonesia"
1990-01-03T21:36:43.030Z,-12.555,115.556,33,4.5,northwest of Australia
1990-01-02T02:27:11.270Z,-11.701,122.498,33,4.1,"208 km SW of Kupang, Indonesia"
1989-12-28T13:14:39.710Z,-9.37,112.887,33,4.8,"129 km S of Dampit, Indonesia"
1989-12-27T23:26:57.030Z,-32.967,151.619,10,5.4,"The 1989 Newcastle Earthquake, Australia"
1989-12-21T05:02:35.230Z,-11.723,117.144,33,4.2,"south of Sumbawa, Indonesia"
1989-12-19T03:50:06.270Z,-9.424,125.229,33,4.2,"12 km SSW of Suai, Timor Leste"
1989-12-14T05:41:18.470Z,-11.078,119.254,33,4.2,"192 km SW of Waingapu, Indonesia"
1989-12-11T03:48:25.850Z,-9.103,128.485,163.8,4.6,"175 km ESE of Lospalos, Timor Leste"
1989-12-10T10:15:37.690Z,-9.254,153.429,33,4.4,D'Entrecasteaux Islands region
1989-12-09T21:05:25.430Z,-17.657,122.394,10,4.8,"32 km NNE of Bilingurr, Australia"
1989-12-08T17:03:59.170Z,-9.256,119.337,33,4.5,"75 km SSW of Komodo, Indonesia"
1989-12-06T13:33:07.350Z,-9.384,150.828,33,4.2,"110 km NNE of Alotau, Papua New Guinea"
1989-12-05T15:34:32.870Z,-11.346,118.543,33,4.3,"265 km SW of Waingapu, Indonesia"
1989-12-02T04:24:54.540Z,-9.501,125.046,56.6,4.6,"31 km SW of Suai, Timor Leste"
1989-11-19T23:58:38.320Z,-9.181,119.512,51.4,4.5,"65 km S of Komodo, Indonesia"
1989-11-19T03:57:13.030Z,-11.343,118.021,24.9,5.3,"south of Sumbawa, Indonesia"
1989-11-14T19:21:08.210Z,-10.32,124.986,33,4.8,"92 km ESE of Soe, Indonesia"
1989-11-14T14:32:04.100Z,-9.124,124.743,33,5.8,"16 km W of Atambua, Indonesia"
1989-11-09T03:19:26.160Z,-11.419,118.098,37.4,5.2,"south of Sumbawa, Indonesia"
1989-11-07T12:04:19.960Z,-9.717,111.674,10,4.5,"178 km S of Boyolangu, Indonesia"
1989-11-02T15:43:20.520Z,-19.973,133.779,10,4.1,"56 km SW of Tennant Creek, Australia"
1989-10-31T20:07:27.370Z,-9.837,111.731,33,4.2,"190 km S of Boyolangu, Indonesia"
1989-10-31T19:35:00.450Z,-9.306,112.05,33,5.6,"132 km S of Boyolangu, Indonesia"
1989-10-31T19:13:47.750Z,-9.516,111.88,33,4.7,"154 km S of Boyolangu, Indonesia"
1989-10-31T18:44:20.660Z,-9.219,111.962,33,5.6,"121 km S of Boyolangu, Indonesia"
1989-10-31T17:16:47.730Z,-9.23,111.995,33,4.8,"123 km S of Boyolangu, Indonesia"
1989-10-29T19:33:41.270Z,-9.745,118.288,83.5,4.6,"135 km S of Dompu, Indonesia"
1989-10-27T15:44:28.160Z,-11.833,116.896,33,4.6,"South of Lombok, Indonesia"
1989-10-25T18:55:00.260Z,-17.757,122.448,10,4.6,"28 km NE of Bilingurr, Australia"
1989-10-24T11:17:52.170Z,-11.881,120.04,33,4.2,"247 km S of Waingapu, Indonesia"
1989-10-18T23:23:51.680Z,-10.627,124.887,33,4,"107 km SE of Soe, Indonesia"
1989-10-13T09:59:11.960Z,-17.609,122.404,10,5.5,"38 km NNE of Bilingurr, Australia"
1989-10-10T06:45:38.130Z,-9.112,113.201,49.4,5.3,"93 km SSW of Kencong, Indonesia"
1989-10-05T18:09:27.660Z,-9.467,119.009,89.8,4.8,"110 km SSW of Komodo, Indonesia"
1989-09-29T12:46:25.770Z,-9.107,124.578,193,4.6,"23 km ENE of Pante Makasar, Timor Leste"
1989-09-25T14:10:22.290Z,-9.512,154.108,33,4.6,D'Entrecasteaux Islands region
1989-09-20T00:20:23.980Z,-9.38,125.212,77.5,4.6,"8 km SSW of Suai, Timor Leste"
1989-09-16T03:36:31.610Z,-10.265,120.122,33,4.4,"69 km SSW of Waingapu, Indonesia"
1989-09-14T14:13:29.630Z,-9.367,110.192,33,4.4,"157 km S of Bambanglipuro, Indonesia"
1989-09-13T21:52:43.940Z,-21.619,129.758,10,4.3,"Northern Territory, Australia"
1989-09-12T15:29:15.480Z,-9.011,110.521,48.3,5.5,"118 km S of Pundong, Indonesia"
1989-09-12T09:05:37.990Z,-9.031,110.443,33,4.7,"119 km S of Pundong, Indonesia"
1989-09-12T08:55:57.920Z,-9.017,110.503,33,5.6,"south of Java, Indonesia"
1989-09-12T08:54:30.140Z,-9.029,110.546,33,4.8,"121 km S of Pundong, Indonesia"
1989-09-08T12:57:15.250Z,-11.542,119.585,33,4.2,"221 km SSW of Waingapu, Indonesia"
1989-09-03T21:16:53.500Z,-9.397,126.201,33,4.1,"62 km SSW of Viqueque, Timor Leste"
1989-09-03T19:01:25.900Z,-9.013,116.045,33,4.9,"31 km S of Lembar, Indonesia"
1989-08-26T16:37:57.710Z,-9.899,120.702,61.3,4.7,"55 km ESE of Waingapu, Indonesia"
1989-08-25T16:13:35.040Z,-12.356,117.431,33,4.1,"south of Sumbawa, Indonesia"
1989-08-12T23:30:45.020Z,-9.472,123.92,33,4.6,"21 km NE of Naisano Dua, Indonesia"
1989-08-09T05:51:02.240Z,-9.777,118.093,33,4.9,"143 km SSW of Dompu, Indonesia"
1989-08-08T22:04:17.130Z,-12.821,119.065,33,4.3,"south of Sumba, Indonesia"
1989-07-30T17:50:53.690Z,-13.479,150.553,33,4.5,Coral Sea
1989-07-24T17:58:58.950Z,-10.149,154.404,10,4.3,D'Entrecasteaux Islands region
1989-07-22T22:29:05.790Z,-11.159,111.563,83.6,4.7,"south of Java, Indonesia"
1989-07-18T16:44:05.700Z,-11.854,127.055,33,4.5,Timor Sea
1989-07-12T12:12:37.920Z,-10.598,129.203,33,4.2,"201 km NW of Wurrumiyanga, Australia"
1989-07-11T14:38:50.650Z,-10.509,121.908,33,4.3,"186 km S of Ende, Indonesia"
1989-07-11T05:33:52.470Z,-10.736,123.699,33,4.7,"63 km S of Kupang, Indonesia"
1989-07-02T21:25:33.340Z,-9.613,118.964,33,4.8,"127 km SSW of Komodo, Indonesia"
1989-06-28T14:53:16.880Z,-9.841,121.757,71.2,4.5,"110 km S of Ende, Indonesia"
1989-06-26T18:13:47.890Z,-20.031,133.743,5,4.2,"63 km SW of Tennant Creek, Australia"
1989-06-25T12:48:05.080Z,-10.579,120.879,33,5.1,"122 km SSE of Waingapu, Indonesia"
1989-06-21T00:43:47.720Z,-10.076,116.14,55.1,4.9,"149 km S of Lembar, Indonesia"
1989-06-18T15:49:14.110Z,-12.449,121.52,33,5.2,south of Timor
1989-06-16T02:12:53.410Z,-10.379,119.53,33,5.1,"113 km SW of Waingapu, Indonesia"
1989-06-13T19:52:21.950Z,-9.452,124.256,117.9,4.6,"24 km W of Kefamenanu, Indonesia"
1989-06-11T14:52:33.700Z,-19.96,133.731,5,4.3,"59 km SW of Tennant Creek, Australia"
1989-06-09T13:39:55.510Z,-10.566,119.46,33,4.6,"133 km SW of Waingapu, Indonesia"
1989-06-09T13:09:44.090Z,-10.608,119.517,33,4.4,"133 km SW of Waingapu, Indonesia"
1989-06-08T10:07:26.410Z,-9.869,124.305,79.8,4.4,"2 km ESE of Soe, Indonesia"
1989-06-02T06:03:43.690Z,-11.432,118.226,33,4.8,"297 km SW of Waingapu, Indonesia"
1989-05-28T02:55:19.650Z,-25.053,130.781,10,5.8,"29 km NW of Yulara, Australia"
1989-05-25T07:52:25.990Z,-11.455,118.09,33,4.1,"south of Sumbawa, Indonesia"
1989-05-23T13:53:59.740Z,-9.305,119.415,51.3,4.9,"79 km S of Komodo, Indonesia"
1989-05-20T21:40:00.860Z,-9.679,124.436,128.1,4.5,"26 km S of Kefamenanu, Indonesia"
1989-05-12T07:28:11.070Z,-11.877,124.838,33,4.6,"231 km SSE of Soe, Indonesia"
1989-05-08T04:41:49.860Z,-10.433,124.129,226.2,4.5,"64 km ESE of Kupang, Indonesia"
1989-05-05T06:16:59.110Z,-17.988,131.408,10,4.1,"Northern Territory, Australia"
1989-04-26T06:47:19.510Z,-12.378,117.743,33,4.1,"south of Sumbawa, Indonesia"
1989-04-26T03:30:27.170Z,-9.481,123.811,33,4.2,"13 km NNE of Naisano Dua, Indonesia"
1989-04-20T16:14:39.920Z,-9.926,124.044,33,4.5,"27 km WSW of Soe, Indonesia"
1989-04-18T19:43:45.380Z,-9.549,129.796,283.5,4.5,"260 km NNW of Wurrumiyanga, Australia"
1989-04-18T07:58:11.020Z,-9.788,127.882,249.8,4.6,"170 km SE of Lospalos, Timor Leste"
1989-04-17T19:28:53.170Z,-9.614,122.629,33,4.5,"119 km SSE of Maumere, Indonesia"
1989-04-17T09:34:31.520Z,-11.349,119.208,33,4.2,"220 km SSW of Waingapu, Indonesia"
1989-04-10T20:55:44.860Z,-10.145,119.039,33,5,"144 km WSW of Waingapu, Indonesia"
1989-04-09T09:38:29.110Z,-9.799,119.661,33,4.2,"68 km WSW of Waingapu, Indonesia"
1989-04-09T02:32:00.200Z,-9.532,129.004,209.4,4.4,"247 km ESE of Lospalos, Timor Leste"
1989-04-07T18:45:22.270Z,-12.516,122.161,33,5.2,south of Timor
1989-04-05T22:33:50.150Z,-11.384,122.832,151.4,4.8,"158 km SSW of Kupang, Indonesia"
1989-03-30T12:46:25.670Z,-19.904,133.645,5,5.3,"63 km WSW of Tennant Creek, Australia"
1989-03-27T09:05:14.490Z,-9.768,119.926,77.3,4.7,"39 km WSW of Waingapu, Indonesia"
1989-03-23T04:50:24.970Z,-11.148,123.737,33,4.8,"109 km S of Kupang, Indonesia"
1989-03-22T16:38:55.630Z,-9.768,154.236,28.9,5,D'Entrecasteaux Islands region
1989-03-22T10:23:17.240Z,-9.897,127.307,191.2,4.1,"154 km SE of Viqueque, Timor Leste"
1989-03-05T17:57:53.310Z,-11.481,112.718,33,4.8,"south of Java, Indonesia"
1989-03-03T13:26:34.420Z,-29.308,123.653,10,4,"143 km ESE of Laverton, Australia"
1989-03-01T01:41:59.030Z,-9.799,112.553,49.7,4.6,"176 km S of Dampit, Indonesia"
1989-02-27T23:25:21.140Z,-12.348,122.56,33,4.1,"266 km SSW of Kupang, Indonesia"
1989-02-22T08:25:20.620Z,-9.573,117.268,33,4.6,"120 km S of Sumbawa Besar, Indonesia"
1989-02-18T21:26:43.230Z,-11.734,117.48,33,4.6,"south of Sumbawa, Indonesia"
1989-02-11T00:01:08.050Z,-10.312,119.262,33,4.6,"131 km WSW of Waingapu, Indonesia"
1989-02-10T15:49:51.220Z,-9.627,113.218,33,4.8,"149 km S of Kencong, Indonesia"
1989-02-08T18:10:07.520Z,-11.601,120.436,33,4.2,"215 km S of Waingapu, Indonesia"
1989-02-08T04:54:53.900Z,-19.832,133.625,10,4.4,"62 km WSW of Tennant Creek, Australia"
1989-02-05T18:11:21.010Z,-10.368,118.877,33,4.3,"171 km WSW of Waingapu, Indonesia"
1989-02-05T15:46:15.630Z,-11.755,118.194,33,4.4,"south of Sumbawa, Indonesia"
1989-01-31T11:05:17.060Z,-9.568,119.365,33,4,"99 km W of Waingapu, Indonesia"
1989-01-26T17:19:40.550Z,-9.895,119.029,33,4.1,"138 km W of Waingapu, Indonesia"
1989-01-25T07:18:10.150Z,-9.239,120.398,217.5,4.8,"48 km NNE of Waingapu, Indonesia"
1989-01-24T04:58:14.120Z,-10.837,128.792,167.8,4.6,"224 km WNW of Wurrumiyanga, Australia"
1989-01-19T10:43:40.790Z,-11.543,117.372,33,4.8,"south of Sumbawa, Indonesia"
1989-01-08T10:31:42.710Z,-11.481,117.379,33,4.2,"south of Sumbawa, Indonesia"
1989-01-07T05:02:21.940Z,-9.122,122.531,137.1,4.7,"65 km SSE of Maumere, Indonesia"
1989-01-05T20:48:28.410Z,-33.816,147.019,10,4.1,"20 km NW of West Wyalong, Australia"
1989-01-03T15:00:22.930Z,-9.982,127.196,362.1,4.2,"154 km SE of Viqueque, Timor Leste"
1989-01-02T10:16:23.640Z,-9.019,111.012,33,4.7,"126 km S of Jatiroto, Indonesia"
1989-01-02T08:08:58.620Z,-15.031,140.285,10,4,"200 km NNE of Wellesley Islands, Australia"
1988-12-24T04:06:53.820Z,-11.706,116.929,33,4.5,"South of Lombok, Indonesia"
1988-12-22T06:01:36.040Z,-9.48,154.376,33,4.5,D'Entrecasteaux Islands region
1988-12-18T07:30:39.430Z,-10.44,123.733,32.4,4.7,"32 km SSE of Kupang, Indonesia"
1988-12-13T14:01:06.200Z,-9.556,126.717,33,4.3,"86 km SSE of Viqueque, Timor Leste"
1988-11-30T14:29:29.400Z,-10.055,127.97,183.1,4.1,"200 km SSE of Lospalos, Timor Leste"
1988-11-22T05:15:17.680Z,-9.435,118.8,33,4.3,"106 km SSE of Dompu, Indonesia"
1988-11-16T16:39:39.760Z,-10.383,116.181,66.5,4.9,"183 km S of Lembar, Indonesia"
1988-11-15T23:56:41.630Z,-19.999,133.709,5,4.6,"63 km SW of Tennant Creek, Australia"
1988-11-12T00:06:04.910Z,-10.99,111.581,33,4.8,"south of Java, Indonesia"
1988-11-10T14:00:34.190Z,-9.776,112.639,33,4.9,"173 km S of Dampit, Indonesia"
1988-11-07T14:34:12.530Z,-9.682,128.556,192.3,4.2,"213 km SE of Lospalos, Timor Leste"
1988-10-31T02:02:45.510Z,-9.348,149.938,25.6,4.3,"121 km NNW of Alotau, Papua New Guinea"
1988-10-30T17:02:38.770Z,-9.967,129.37,33,4.4,"241 km NW of Wurrumiyanga, Australia"
1988-10-28T19:54:41.660Z,-10.16,118.811,55.1,4.8,"168 km WSW of Waingapu, Indonesia"
1988-10-28T15:22:19.830Z,-9.011,129.673,199.7,4.9,"299 km E of Lospalos, Timor Leste"
1988-10-10T20:50:57.210Z,-10.436,117.071,38.6,4.6,"210 km SSE of Praya, Indonesia"
1988-10-10T18:13:42.670Z,-10.015,123.088,79.6,5.2,"59 km WNW of Kupang, Indonesia"
1988-10-06T22:30:08.870Z,-10.481,123.481,33,5.1,"36 km SSW of Kupang, Indonesia"
1988-09-30T20:42:58.130Z,-20.048,133.865,5,5.3,"55 km SW of Tennant Creek, Australia"
1988-09-29T03:45:07.220Z,-9.479,119.085,33,4,"108 km SSW of Komodo, Indonesia"
1988-09-29T03:36:31.720Z,-12.172,123.754,33,4.3,"221 km S of Kupang, Indonesia"
1988-09-18T09:12:02.450Z,-11.653,117.993,33,4.9,"south of Sumbawa, Indonesia"
1988-09-14T22:09:03.780Z,-19.965,133.676,5,4.2,"64 km WSW of Tennant Creek, Australia"
1988-09-03T02:10:00.390Z,-10.395,124.138,33,4.4,"61 km SSW of Soe, Indonesia"
1988-08-27T05:44:12.960Z,-11.327,119.908,33,4.4,"188 km SSW of Waingapu, Indonesia"
1988-08-24T15:26:46.680Z,-9.33,125.258,104.5,4.2,"1 km S of Suai, Timor Leste"
1988-08-24T04:41:08.200Z,-9.985,117.271,33,4.5,"165 km S of Sumbawa Besar, Indonesia"
1988-08-24T03:03:33.030Z,-9.486,124.955,109.8,4.2,"38 km WSW of Suai, Timor Leste"
1988-08-15T14:25:24.620Z,-9.467,117.355,66.9,5.4,"107 km S of Sumbawa Besar, Indonesia"
1988-08-14T17:57:37.310Z,-9.462,119.248,33,5,"100 km SSW of Komodo, Indonesia"
1988-08-11T21:35:55.130Z,-10.796,120.08,62.8,4.3,"127 km S of Waingapu, Indonesia"
1988-08-05T01:35:37.070Z,-11.614,117.252,33,4.5,"south of Sumbawa, Indonesia"
1988-08-04T19:16:30.380Z,-11.393,118.306,33,4.2,"287 km SW of Waingapu, Indonesia"
1988-07-29T18:16:33.320Z,-20.125,133.603,5,4.2,"81 km SW of Tennant Creek, Australia"
1988-07-29T10:37:04.780Z,-9.829,113.656,33,4.4,"167 km SSW of Gambiran Satu, Indonesia"
1988-07-27T05:25:17.600Z,-11.869,122.337,33,4.3,"233 km SW of Kupang, Indonesia"
1988-07-26T19:55:52.820Z,-12.043,114.899,10,4,northwest of Australia
1988-07-22T18:08:56.040Z,-11.505,118.247,33,4.9,"south of Sumbawa, Indonesia"
1988-07-07T01:56:48.120Z,-9.313,124.561,33,4,"17 km NNE of Kefamenanu, Indonesia"
1988-07-07T00:55:14.310Z,-9.522,125.162,33,4.6,"25 km SSW of Suai, Timor Leste"
1988-07-03T08:23:11.900Z,-35.627,144.512,10,4.1,"33 km NE of Cohuna, Australia"
1988-07-01T03:47:55.660Z,-12.538,116.862,33,4.2,"South of Lombok, Indonesia"
1988-06-30T20:28:57.180Z,-9.396,150.215,33,4.2,"105 km NNW of Alotau, Papua New Guinea"
1988-06-24T22:22:47.390Z,-19.835,134.013,10,4.7,"27 km SW of Tennant Creek, Australia"
1988-06-18T01:28:32.660Z,-9.634,113.929,33,4.6,"139 km S of Gambiran Satu, Indonesia"
1988-06-15T09:13:41.130Z,-31.479,126.44,10,4.9,Western Australia
1988-06-12T01:56:41.780Z,-9.261,126.74,155,4.6,"60 km SE of Viqueque, Timor Leste"
1988-06-11T17:23:26.780Z,-9.777,124.169,33,4.7,"15 km NW of Soe, Indonesia"
1988-06-03T17:41:59.680Z,-11.518,116.173,38.1,5.5,"South of Lombok, Indonesia"
1988-05-27T21:46:16.880Z,-10.945,152.366,33,4,"189 km E of Samarai, Papua New Guinea"
1988-05-26T18:27:15.090Z,-10.571,152.41,33,4,"191 km E of Samarai, Papua New Guinea"
1988-05-26T12:26:32.470Z,-9.226,124.49,62.1,4.8,"12 km ESE of Pante Makasar, Timor Leste"
1988-05-25T04:39:25.910Z,-10.473,152.269,26.4,5.6,"176 km E of Samarai, Papua New Guinea"
1988-05-23T22:54:27.820Z,-10.487,152.292,28.5,5.3,"178 km E of Samarai, Papua New Guinea"
1988-05-21T17:57:38.310Z,-9.86,127.481,33,4.5,"157 km SSE of Lospalos, Timor Leste"
1988-05-19T03:10:21.350Z,-9.409,148.911,33,5.7,"103 km SE of Popondetta, Papua New Guinea"
1988-05-18T12:58:15.140Z,-11.125,119.172,33,4.2,"201 km SW of Waingapu, Indonesia"
1988-05-16T16:41:01.280Z,-9.147,118.13,33,4.1,"76 km SSW of Dompu, Indonesia"
1988-05-14T17:44:01.990Z,-9.144,117.204,96.3,4.8,"75 km SSW of Sumbawa Besar, Indonesia"
1988-05-12T20:28:24.330Z,-11.521,116.098,33,5,"South of Lombok, Indonesia"
1988-05-12T19:47:06.430Z,-11.534,116.34,33,5.3,"South of Lombok, Indonesia"
1988-05-11T17:27:58.380Z,-11.125,116.274,40.9,5.5,"266 km S of Lembar, Indonesia"
1988-05-10T17:45:45.820Z,-12.724,117.917,33,4,"south of Sumbawa, Indonesia"
1988-04-29T16:54:21.460Z,-19.997,134.083,5,4.4,"40 km SSW of Tennant Creek, Australia"
1988-04-26T04:14:32.220Z,-9.585,113.17,33,4.1,"145 km S of Kencong, Indonesia"
1988-04-24T04:21:35.180Z,-37.94,151.245,33,4.1,"138 km ESE of Mallacoota, Australia"
1988-04-20T13:20:46.320Z,-11.73,124.044,61,4.8,"178 km SSE of Kupang, Indonesia"
1988-04-19T23:10:24.030Z,-9.556,120.699,46.9,5.3,"49 km ENE of Waingapu, Indonesia"
1988-04-13T19:10:06.890Z,-9.563,112.737,61.4,5.2,"149 km S of Dampit, Indonesia"
1988-04-09T17:56:34.180Z,-11.593,117.402,33,4.8,"south of Sumbawa, Indonesia"
1988-04-09T01:22:43.090Z,-32.227,149.685,10,4,"20 km NE of Gulgong, Australia"
1988-04-08T22:53:44.940Z,-10.395,123.895,33,4.6,"40 km SE of Kupang, Indonesia"
1988-04-05T00:13:16.740Z,-9.944,112.605,33,4.2,"192 km S of Dampit, Indonesia"
1988-04-04T16:12:25.290Z,-9.364,112.874,60.9,5.9,"128 km S of Dampit, Indonesia"
1988-04-02T20:19:37.190Z,-20.012,134.014,10,4.9,"44 km SSW of Tennant Creek, Australia"
1988-03-28T00:27:07.800Z,-20.072,133.786,5,4.5,"63 km SW of Tennant Creek, Australia"
1988-03-22T03:48:43.480Z,-10.094,124.32,33,4.2,"26 km S of Soe, Indonesia"
1988-03-20T11:42:32.040Z,-10.069,154.554,33,4.4,D'Entrecasteaux Islands region
1988-03-20T11:13:26.430Z,-9.958,154.056,33,5.1,D'Entrecasteaux Islands region
1988-03-20T10:41:51.070Z,-9.991,153.815,33,5.8,D'Entrecasteaux Islands region
1988-03-20T04:05:28.120Z,-10.069,153.882,33,5.4,D'Entrecasteaux Islands region
1988-03-20T03:27:07.620Z,-9.915,154.086,33,4.7,D'Entrecasteaux Islands region
1988-03-18T11:32:03.600Z,-12.284,122.951,33,4.5,"244 km SSW of Kupang, Indonesia"
1988-03-17T10:23:07.340Z,-10.168,154.06,33,5,D'Entrecasteaux Islands region
1988-03-03T10:17:37.110Z,-9.385,113.145,78.9,4.9,"124 km SSW of Kencong, Indonesia"
1988-02-27T10:14:02.310Z,-9.351,114.187,70.1,5.1,"102 km S of Muncar, Indonesia"
1988-02-27T03:20:06.490Z,-19.943,133.699,5,4.9,"60 km WSW of Tennant Creek, Australia"
1988-02-26T18:38:12.980Z,-9.152,116.742,150,4.7,"71 km SE of Praya, Indonesia"
1988-02-23T17:13:14.800Z,-11.678,118.284,33,4,"south of Sumbawa, Indonesia"
1988-02-20T13:00:14.760Z,-9.728,124.488,33,4.3,"26 km ENE of Soe, Indonesia"
1988-02-15T23:32:31.320Z,-11.103,119.039,33,4.1,"208 km SW of Waingapu, Indonesia"
1988-02-06T19:08:26.410Z,-19.567,133.799,10,5,"42 km WNW of Tennant Creek, Australia"
1988-02-06T05:23:57.950Z,-16.679,124.663,10,5.1,"130 km ENE of Derby, Australia"
1988-02-05T08:23:39.400Z,-9.289,124.177,33,4.9,"24 km WSW of Pante Makasar, Timor Leste"
1988-02-05T03:25:32.260Z,-9.171,124.111,78.7,5.7,"30 km W of Pante Makasar, Timor Leste"
1988-02-04T13:30:33.040Z,-19.928,133.755,10,4.7,"55 km SW of Tennant Creek, Australia"
1988-02-03T12:26:37.370Z,-19.871,133.641,10,4.6,"62 km WSW of Tennant Creek, Australia"
1988-02-02T04:29:17.250Z,-9.521,117.6,33,4.5,"115 km S of Sumbawa Besar, Indonesia"
1988-01-31T01:45:05.310Z,-11.559,118.18,33,5.3,"south of Sumbawa, Indonesia"
1988-01-29T10:19:30.840Z,-20.003,133.745,5,5.6,"60 km SW of Tennant Creek, Australia"
1988-01-28T10:40:15.290Z,-11.478,114.793,33,5,"299 km S of Jimbaran, Indonesia"
1988-01-27T11:27:17.120Z,-20.067,133.605,5,5.1,"76 km SW of Tennant Creek, Australia"
1988-01-25T13:08:06.530Z,-20.15,133.874,5,4.8,"64 km SSW of Tennant Creek, Australia"
1988-01-23T09:07:36.650Z,-19.961,133.648,5,4.5,"66 km WSW of Tennant Creek, Australia"
1988-01-23T07:34:34.570Z,-20.056,133.852,5,4.6,"57 km SW of Tennant Creek, Australia"
1988-01-23T07:03:11.170Z,-19.931,133.855,5,4.1,"47 km SW of Tennant Creek, Australia"
1988-01-23T03:33:37.340Z,-20.058,133.697,5,4.6,"68 km SW of Tennant Creek, Australia"
1988-01-22T20:54:03.070Z,-19.857,133.991,5,5.4,"31 km SW of Tennant Creek, Australia"
1988-01-22T13:46:57.010Z,-20.366,133.565,5,4.3,"102 km SW of Tennant Creek, Australia"
1988-01-22T13:01:36.690Z,-20.253,133.692,5,4.7,"84 km SW of Tennant Creek, Australia"
1988-01-22T12:39:33.880Z,-20.187,133.611,5,4.9,"85 km SW of Tennant Creek, Australia"
1988-01-22T12:04:57.880Z,-19.829,133.882,5,6.7,"38 km WSW of Tennant Creek, Australia"
1988-01-22T09:20:17.580Z,-19.823,133.69,5,4.1,"55 km WSW of Tennant Creek, Australia"
1988-01-22T04:47:22.030Z,-19.879,133.742,5,4.1,"53 km WSW of Tennant Creek, Australia"
1988-01-22T04:18:46.920Z,-19.978,133.663,5,5.1,"66 km WSW of Tennant Creek, Australia"
1988-01-22T03:57:25.260Z,-19.798,133.91,5,6.3,"33 km WSW of Tennant Creek, Australia"
1988-01-22T01:10:14.420Z,-19.025,133.62,5,4.3,"91 km NW of Tennant Creek, Australia"
1988-01-22T00:35:58.070Z,-19.847,133.803,5,6.3,"46 km WSW of Tennant Creek, Australia"
1988-01-11T13:15:38.080Z,-13.014,124.122,33,4.8,northwest of Australia
1988-01-11T02:37:18.750Z,-9.407,114.359,101.7,4,"107 km S of Muncar, Indonesia"
1988-01-06T03:42:04.650Z,-31.059,117.864,10,4.1,"60 km NW of Merredin, Australia"
1987-12-29T01:10:02.450Z,-11.639,117.869,33,4.4,"south of Sumbawa, Indonesia"
1987-12-28T22:15:54.720Z,-10.141,116.555,33,4.2,"161 km S of Praya, Indonesia"
1987-12-25T19:36:19.810Z,-16.338,120.642,10,4.8,"242 km NW of Bilingurr, Australia"
1987-12-23T20:51:30.840Z,-9.163,118.515,33,4.5,"69 km S of Dompu, Indonesia"
1987-12-22T15:06:29.710Z,-36.056,141.418,10,4.6,"37 km NW of Nhill, Australia"
1987-12-17T20:22:58.360Z,-9.169,114.61,46,6,"73 km SW of Jimbaran, Indonesia"
1987-12-16T20:03:46.800Z,-9.146,124.011,33,4.8,"41 km W of Pante Makasar, Timor Leste"
1987-12-16T03:42:38.220Z,-9.225,118.874,111,4.4,"Sumbawa region, Indonesia"
1987-12-08T18:36:11.830Z,-9.735,118.985,33,4,"138 km SSW of Komodo, Indonesia"
1987-12-05T21:48:46.020Z,-9.401,148.287,23.1,4.9,"eastern New Guinea region, Papua New Guinea"
1987-12-04T13:15:53.530Z,-17.654,120.614,10,4.5,"172 km WNW of Cable Beach, Australia"
1987-11-26T03:51:35.040Z,-9.442,124.722,33,4.2,"26 km E of Kefamenanu, Indonesia"
1987-11-25T17:50:21.330Z,-10.106,150.404,33,4.6,"23 km NNW of Alotau, Papua New Guinea"
1987-11-22T06:29:21.650Z,-9.656,114.556,84.6,4.9,"116 km SW of Jimbaran, Indonesia"
1987-11-21T07:39:57.160Z,-9.041,112.704,33,4.3,"91 km S of Dampit, Indonesia"
1987-11-18T06:36:17.130Z,-9.67,119.625,55.3,4.7,"70 km W of Waingapu, Indonesia"
1987-11-06T13:36:33.560Z,-13.392,123.026,10,4.2,northwest of Australia
1987-10-30T17:40:45.390Z,-9.384,123.224,76.3,4.1,"64 km WNW of Naisano Dua, Indonesia"
1987-10-28T18:55:22.690Z,-9.052,111.405,207.1,4.3,"112 km SSW of Trenggalek, Indonesia"
1987-10-28T17:56:39.660Z,-9.042,112.231,33,4.8,"101 km SSW of Sumberpucung, Indonesia"
1987-10-27T15:34:56.230Z,-9.941,121.001,33,4.1,"86 km ESE of Waingapu, Indonesia"
1987-10-16T11:19:38.740Z,-25.875,113.204,10,4.2,"33 km W of Denham, Australia"
1987-10-12T12:33:10.230Z,-10.855,124.861,33,4.6,"126 km SSE of Soe, Indonesia"
1987-10-09T03:58:46.780Z,-30.739,121.145,10,4.5,"29 km W of West Lamington, Australia"
1987-10-05T14:22:41.640Z,-9.082,126.871,33,4,"60 km ESE of Viqueque, Timor Leste"
1987-10-01T00:06:29.460Z,-11.561,116.362,33,4.3,"South of Lombok, Indonesia"
1987-09-30T22:14:39.210Z,-9.029,123.544,127.2,4.9,"67 km NNW of Naisano Dua, Indonesia"
1987-09-29T19:29:20.570Z,-14.824,130.246,10,4.3,"101 km SE of Wadeye, Australia"
1987-09-28T15:06:30.870Z,-10.676,125.517,33,4.7,"153 km S of Suai, Timor Leste"
1987-09-28T15:00:53.360Z,-13.291,121.351,33,4,northwest of Australia
1987-09-23T23:20:39.930Z,-10.46,118.656,33,4.1,"197 km WSW of Waingapu, Indonesia"
1987-09-21T10:03:43.650Z,-10.606,113.159,33,4.1,"257 km S of Kencong, Indonesia"
1987-09-08T12:50:20.760Z,-9.666,122.637,33,4.3,"120 km WNW of Kupang, Indonesia"
1987-08-30T01:11:57.420Z,-11.503,117.563,33,4.5,"south of Sumbawa, Indonesia"
1987-07-29T16:39:19.390Z,-42.27,120.114,10,5.4,south of Australia
1987-07-22T06:59:09.910Z,-9.469,110.233,33,4.2,"168 km S of Bambanglipuro, Indonesia"
1987-07-19T03:03:21.360Z,-26.909,112.952,10,4.2,"123 km SSW of Denham, Australia"
1987-07-13T23:45:46.960Z,-9.74,122.639,33,4.7,"116 km WNW of Kupang, Indonesia"
1987-07-10T14:04:01.100Z,-9.79,118.175,66,4.7,"142 km SSW of Dompu, Indonesia"
1987-06-28T04:09:00.330Z,-10.217,117.955,27.2,5.1,"194 km SSW of Dompu, Indonesia"
1987-06-24T15:04:57.840Z,-33.436,150.131,40.3,4.4,"5 km N of Bowenfels, Australia"
1987-06-18T11:44:22.160Z,-10.116,113.603,59.9,5.2,"199 km SSW of Gambiran Satu, Indonesia"
1987-06-17T17:47:47.430Z,-9.118,112.535,33,4.8,"102 km SSW of Dampit, Indonesia"
1987-06-12T22:04:35.360Z,-9.934,124.557,33,4.4,"31 km ESE of Soe, Indonesia"
1987-06-05T00:21:10.990Z,-10.462,119.745,33,4.7,"105 km SSW of Waingapu, Indonesia"
1987-06-04T16:45:41.650Z,-9.49,111.164,33,4.7,"167 km SSW of Trenggalek, Indonesia"
1987-06-01T20:10:07.020Z,-9.276,112.706,92.4,4.5,"117 km S of Dampit, Indonesia"
1987-05-31T16:06:57.160Z,-11.488,118.335,33,5.2,"292 km SW of Waingapu, Indonesia"
1987-05-28T17:38:47.790Z,-11.496,117.515,33,4.1,"south of Sumbawa, Indonesia"
1987-05-24T09:18:15.720Z,-11.574,118.196,33,4.6,"south of Sumbawa, Indonesia"
1987-05-21T13:37:51.780Z,-10.586,119.443,33,4.9,"136 km SW of Waingapu, Indonesia"
1987-05-21T03:30:15.410Z,-10.604,119.465,41.1,4.6,"136 km SW of Waingapu, Indonesia"
1987-05-17T09:57:52.790Z,-10.449,119.53,33,4.8,"118 km SW of Waingapu, Indonesia"
1987-05-07T13:12:59.130Z,-9.11,112.351,33,4.6,"106 km S of Sumberpucung, Indonesia"
1987-05-06T19:31:03.070Z,-9.345,148.482,15,5.3,"69 km SSE of Popondetta, Papua New Guinea"
1987-05-06T18:47:41.530Z,-11.709,116.962,33,4.2,"South of Lombok, Indonesia"
1987-04-27T11:35:50.840Z,-9.471,125.152,33,5.1,"20 km SSW of Suai, Timor Leste"
1987-04-23T03:34:53.860Z,-10.641,123.955,33,4.1,"64 km SE of Kupang, Indonesia"
1987-04-22T05:19:18.920Z,-9.093,124.578,181.3,4.1,"24 km ENE of Pante Makasar, Timor Leste"
1987-04-13T10:34:57.980Z,-11.572,117.516,33,4.9,"south of Sumbawa, Indonesia"
1987-04-12T12:23:45.110Z,-9.506,113.451,68.7,4.5,"135 km S of Kencong, Indonesia"
1987-04-09T16:55:44.470Z,-9.671,113.588,33,4.4,"154 km SSW of Gambiran Satu, Indonesia"
1987-04-05T02:20:11.830Z,-12.832,114.191,10,4.1,northwest of Australia
1987-04-04T17:41:56.440Z,-11.672,117.387,33,4.6,"south of Sumbawa, Indonesia"
1987-04-01T09:25:14.380Z,-10.749,120.719,33,4,"130 km SSE of Waingapu, Indonesia"
1987-03-24T03:08:28.170Z,-9.639,149.367,33,4.4,"141 km WNW of Alotau, Papua New Guinea"
1987-03-17T21:31:02.230Z,-9.328,123.501,33,4.9,"42 km NW of Naisano Dua, Indonesia"
1987-03-16T01:45:51.000Z,-9.517,125.234,33,4.4,"22 km S of Suai, Timor Leste"
1987-03-12T11:59:24.810Z,-9.911,119.178,33,4.5,"122 km WSW of Waingapu, Indonesia"
1987-03-07T05:38:06.670Z,-30.739,117.124,18.8,4,"107 km E of Moora, Australia"
1987-02-28T04:15:06.460Z,-9.772,118.261,59.3,4.9,"138 km S of Dompu, Indonesia"
1987-02-27T06:44:47.680Z,-11.447,122.318,33,4,"199 km SW of Kupang, Indonesia"
1987-02-19T06:12:14.350Z,-11.455,118.724,33,4.2,"260 km SW of Waingapu, Indonesia"
1987-02-13T19:54:16.740Z,-11.461,117.457,33,5.3,"south of Sumbawa, Indonesia"
1987-02-10T21:41:09.800Z,-10.546,155.271,33,4.6,D'Entrecasteaux Islands region
1987-02-06T01:56:23.940Z,-9.772,112.649,33,4.6,"172 km S of Dampit, Indonesia"
1987-01-30T17:42:49.700Z,-19.941,133.692,10,4.3,"61 km WSW of Tennant Creek, Australia"
1987-01-29T08:48:46.880Z,-9.094,123.888,33,4.5,"55 km WNW of Pante Makasar, Timor Leste"
1987-01-09T11:27:12.680Z,-20.11,133.636,5,5.4,"77 km SW of Tennant Creek, Australia"
1987-01-09T01:02:49.310Z,-19.887,133.684,10,4.1,"59 km WSW of Tennant Creek, Australia"
1987-01-08T02:38:03.190Z,-19.952,133.693,10,4.5,"62 km WSW of Tennant Creek, Australia"
1987-01-07T20:01:52.220Z,-19.973,133.898,10,5.2,"47 km SW of Tennant Creek, Australia"
1987-01-06T06:25:49.100Z,-9.788,149.185,10,4.9,"151 km WNW of Alotau, Papua New Guinea"
1987-01-05T14:05:22.160Z,-19.994,133.713,10,4.4,"62 km SW of Tennant Creek, Australia"
1986-12-28T18:47:34.600Z,-11.805,117.408,33,4.6,"south of Sumbawa, Indonesia"
1986-12-27T01:00:13.360Z,-11.49,118.224,33,4.9,"south of Sumbawa, Indonesia"
1986-12-19T03:41:55.310Z,-9.917,119.201,24.9,6.5,"120 km WSW of Waingapu, Indonesia"
1986-12-16T04:28:48.760Z,-35.902,136.701,33,4.6,"89 km WSW of Kingscote, Australia"
1986-12-11T00:41:41.290Z,-10.67,155.224,33,4.8,D'Entrecasteaux Islands region
1986-11-21T12:56:28.340Z,-9.304,123.355,137.3,4.7,"56 km NW of Naisano Dua, Indonesia"
1986-11-20T22:49:42.370Z,-10.07,120.661,33,4.3,"Sumba region, Indonesia"
1986-11-09T08:27:39.190Z,-11.578,117.547,10,4.2,"south of Sumbawa, Indonesia"
1986-10-31T16:40:49.180Z,-9.445,117.49,71.8,4.6,"105 km S of Sumbawa Besar, Indonesia"
1986-10-28T14:24:13.150Z,-11.564,119.033,33,4.6,"250 km SSW of Waingapu, Indonesia"
1986-10-01T04:42:27.150Z,-9.183,124.342,72.7,4.4,"4 km WNW of Pante Makasar, Timor Leste"
1986-09-28T14:54:03.080Z,-9.817,120.684,33,4.2,"49 km ESE of Waingapu, Indonesia"
1986-09-27T10:37:23.280Z,-9.921,120.525,33,4.8,"40 km SE of Waingapu, Indonesia"
1986-09-24T17:49:23.630Z,-9.847,118.809,33,4.4,"149 km SSE of Dompu, Indonesia"
1986-09-24T16:13:33.640Z,-11.682,117.054,33,4.7,"south of Sumbawa, Indonesia"
1986-09-23T11:53:30.970Z,-10.047,154.178,33,4.5,D'Entrecasteaux Islands region
1986-09-23T10:51:05.600Z,-10.066,154.145,33,4.8,D'Entrecasteaux Islands region
1986-09-22T17:38:16.160Z,-10.105,154.098,33,4.6,D'Entrecasteaux Islands region
1986-09-18T11:59:34.740Z,-9.466,116.61,72.7,4.6,"92 km SSE of Praya, Indonesia"
1986-09-16T01:23:10.130Z,-9.344,122.061,33,4.8,"70 km SE of Ende, Indonesia"
1986-09-07T23:57:04.680Z,-9.64,112.19,80.8,4.6,"166 km S of Sumberpucung, Indonesia"
1986-08-31T14:34:31.600Z,-11.34,118.777,33,4.8,"247 km SW of Waingapu, Indonesia"
1986-08-30T18:45:15.410Z,-9.504,113.002,60.1,5.2,"140 km SSW of Kencong, Indonesia"
1986-08-30T11:37:03.050Z,-11.223,118.477,33,5,"261 km SW of Waingapu, Indonesia"
1986-08-11T18:00:57.930Z,-9.167,120.157,79.6,4.8,"55 km NNW of Waingapu, Indonesia"
1986-08-09T20:03:00.580Z,-9.568,123.338,33,4.6,"47 km W of Naisano Dua, Indonesia"
1986-08-08T00:18:39.060Z,-11.791,117.275,33,4.6,"south of Sumbawa, Indonesia"
1986-08-04T09:54:01.310Z,-11.881,117.183,33,5.1,"south of Sumbawa, Indonesia"
1986-08-03T16:02:36.210Z,-11.514,118.601,33,4.7,"274 km SW of Waingapu, Indonesia"
1986-07-31T14:50:55.520Z,-10.565,113.644,33,4.2,"246 km SSW of Gambiran Satu, Indonesia"
1986-07-31T14:05:23.520Z,-10.191,114.116,33,4.4,"192 km SW of Jimbaran, Indonesia"
1986-07-20T02:48:55.160Z,-10.465,123.899,33,4.7,"45 km SE of Kupang, Indonesia"
1986-07-18T22:09:05.460Z,-10.41,123.968,33,4.6,"47 km ESE of Kupang, Indonesia"
1986-07-17T21:15:15.120Z,-10.304,123.609,33,5,"14 km S of Kupang, Indonesia"
1986-07-17T12:59:49.580Z,-9.541,152.22,13.2,5,"207 km NE of Samarai, Papua New Guinea"
1986-07-17T09:58:14.590Z,-10.027,119.552,33,4.4,"88 km WSW of Waingapu, Indonesia"
1986-07-11T07:17:59.070Z,-26.079,132.736,10,5.4,"198 km ESE of Yulara, Australia"
1986-07-06T09:08:42.640Z,-10.275,124.783,33,4.4,"71 km SE of Soe, Indonesia"
1986-07-01T06:38:19.460Z,-9.909,118.953,33,4.1,"146 km W of Waingapu, Indonesia"
1986-06-23T08:31:22.940Z,-11.803,113.841,10,4.4,"south of Java, Indonesia"
1986-06-16T12:56:09.760Z,-10.619,119.18,48.5,5,"159 km SW of Waingapu, Indonesia"
1986-06-05T10:28:39.840Z,-10.243,116.796,33,4.5,"179 km SSE of Praya, Indonesia"
1986-06-05T10:08:03.920Z,-10.151,116.583,47.2,4.9,"163 km SSE of Praya, Indonesia"
1986-05-26T05:55:13.980Z,-27.778,128.913,10,4.3,Western Australia
1986-05-24T19:58:21.960Z,-9.562,151.845,33,5,"173 km ENE of Alotau, Papua New Guinea"
1986-05-22T09:38:38.440Z,-10.484,120.155,33,4.3,"92 km S of Waingapu, Indonesia"
1986-05-21T21:45:04.880Z,-9.878,119.352,33,4.1,"103 km WSW of Waingapu, Indonesia"
1986-05-06T19:28:55.100Z,-10.46,116.337,33,4.9,"193 km S of Lembar, Indonesia"
1986-05-06T19:16:53.590Z,-10.518,116.404,33,4.1,"201 km S of Praya, Indonesia"
1986-05-01T11:13:16.700Z,-10.529,116.526,33,5.1,"203 km S of Praya, Indonesia"
1986-04-27T22:46:05.140Z,-9.186,110.925,33,4.6,"145 km S of Jatiroto, Indonesia"
1986-04-22T23:30:59.230Z,-9.366,155.829,10,4.6,"178 km SW of Gizo, Solomon Islands"
1986-04-13T05:24:01.410Z,-11.507,118.17,33,4.9,"south of Sumbawa, Indonesia"
1986-04-10T18:53:04.220Z,-35.756,144.777,10,4.4,"29 km SSW of Deniliquin, Australia"
1986-03-30T13:36:14.890Z,-10.824,112.256,33,4.5,"293 km S of Dampit, Indonesia"
1986-03-30T08:53:53.210Z,-26.194,132.767,10,5.7,"207 km ESE of Yulara, Australia"
1986-03-28T18:02:20.070Z,-9.089,118.797,103.6,5,"69 km S of Bima, Indonesia"
1986-03-16T21:41:45.320Z,-12.27,121.827,33,4.7,south of Timor
1986-03-16T01:53:08.690Z,-41.378,144.614,10,4,"73 km SW of Smithton, Australia"
1986-03-13T07:53:29.630Z,-10.451,119.123,33,4.4,"152 km SW of Waingapu, Indonesia"
1986-02-24T01:26:58.200Z,-12.754,114.609,32,5.2,northwest of Australia
1986-02-20T21:43:54.020Z,-33.29,150.542,5,4.1,"27 km NNW of Kurrajong Heights, Australia"
1986-02-18T02:57:33.630Z,-39.183,119.142,10,5,off the south coast of Australia
1986-02-14T05:04:24.070Z,-13.044,118.218,33,4,northwest of Australia
1986-02-12T13:38:19.180Z,-9.184,126.686,33,4.8,"50 km SE of Viqueque, Timor Leste"
1986-02-03T06:20:41.730Z,-11.615,117.478,33,4.3,"south of Sumbawa, Indonesia"
1986-01-11T20:31:35.650Z,-11.198,123.145,71.4,4.3,"124 km SSW of Kupang, Indonesia"
1986-01-11T00:45:00.910Z,-11.766,118.18,33,4.2,"south of Sumbawa, Indonesia"
1986-01-02T21:33:42.360Z,-34.31,112.097,10,5.5,"277 km W of Margaret River, Australia"
1985-12-24T14:53:53.210Z,-9.345,122.934,33,4.4,"96 km WNW of Naisano Dua, Indonesia"
1985-12-15T02:36:24.800Z,-10.083,123.924,64.5,4.9,"36 km ENE of Kupang, Indonesia"
1985-12-08T19:30:43.330Z,-10.997,111.524,33,4.9,"south of Java, Indonesia"
1985-12-06T05:22:41.520Z,-10.654,124.886,33,4.2,"109 km SE of Soe, Indonesia"
1985-12-03T12:42:34.420Z,-11.33,118.263,33,5,"286 km SW of Waingapu, Indonesia"
1985-11-29T17:28:09.620Z,-11.56,117.335,33,4.4,"south of Sumbawa, Indonesia"
1985-11-27T23:18:17.100Z,-30.654,117.392,9.2,4.5,"124 km NW of Merredin, Australia"
1985-11-23T14:04:57.130Z,-9.077,124.403,120.7,4.4,Timor region
1985-11-20T02:49:44.890Z,-10.449,111.817,33,5.1,"257 km S of Boyolangu, Indonesia"
1985-11-14T02:43:31.160Z,-10.652,151.592,33.8,5,"101 km E of Samarai, Papua New Guinea"
1985-11-09T12:56:12.130Z,-9.818,123.739,26.2,5.8,"24 km S of Naisano Dua, Indonesia"
1985-11-03T15:01:20.650Z,-10.114,151.467,10,4.3,D'Entrecasteaux Islands region
1985-11-01T09:48:37.530Z,-9.518,151.232,10,5.3,"122 km NE of Alotau, Papua New Guinea"
1985-10-30T09:35:45.240Z,-9.626,151.297,10,4.5,"119 km NE of Alotau, Papua New Guinea"
1985-10-30T00:22:00.800Z,-9.549,150.983,10,5.1,"102 km NE of Alotau, Papua New Guinea"
1985-10-29T23:48:09.460Z,-9.509,150.938,10,5.2,"103 km NNE of Alotau, Papua New Guinea"
1985-10-29T23:18:34.360Z,-9.576,150.941,10,4.8,"97 km NNE of Alotau, Papua New Guinea"
1985-10-29T22:58:28.160Z,-9.566,151.399,10,4.8,"132 km NE of Alotau, Papua New Guinea"
1985-10-29T21:38:04.860Z,-9.543,151.033,10,5.3,"106 km NE of Alotau, Papua New Guinea"
1985-10-29T18:32:43.810Z,-11.602,116.826,33,4.3,"South of Lombok, Indonesia"
1985-10-29T15:21:16.490Z,-9.486,151.031,10,5.3,"111 km NE of Alotau, Papua New Guinea"
1985-10-29T14:17:38.990Z,-9.564,151.061,10,5.4,"106 km NE of Alotau, Papua New Guinea"
1985-10-29T14:10:39.440Z,-9.569,150.989,10,6.4,"101 km NE of Alotau, Papua New Guinea"
1985-10-23T00:49:11.170Z,-11.109,125.159,13.8,5.7,"168 km SE of Soe, Indonesia"
1985-10-22T21:47:14.140Z,-9.681,117.751,33,4.9,"136 km SSE of Sumbawa Besar, Indonesia"
1985-10-15T19:02:56.250Z,-11.471,119.081,33,4.5,"238 km SSW of Waingapu, Indonesia"
1985-10-07T19:27:04.550Z,-11.55,118.134,33,4.7,"south of Sumbawa, Indonesia"
1985-10-01T19:09:09.230Z,-11.555,114.799,33,5.2,"south of Bali, Indonesia"
1985-09-26T17:35:26.040Z,-9.289,120.253,33,4.8,"40 km N of Waingapu, Indonesia"
1985-09-22T18:14:34.220Z,-10.41,123.05,131.4,4.6,"66 km WSW of Kupang, Indonesia"
1985-09-22T03:48:32.290Z,-11.293,118.787,33,5,"242 km SW of Waingapu, Indonesia"
1985-09-15T22:58:42.630Z,-10.809,119.298,39.3,5.3,"165 km SW of Waingapu, Indonesia"
1985-09-14T00:40:41.280Z,-9.035,120.491,115.8,4.3,"46 km S of Ruteng, Indonesia"
1985-09-11T08:37:35.430Z,-11.141,112.218,33,5.1,"south of Java, Indonesia"
1985-09-09T18:53:03.040Z,-9.783,114.102,33,5.2,"151 km S of Muncar, Indonesia"
1985-09-06T09:38:46.070Z,-9.59,111.089,79.2,5.4,"180 km SSW of Trenggalek, Indonesia"
1985-09-04T06:42:22.240Z,-11.437,119.452,33,4.1,"216 km SSW of Waingapu, Indonesia"
1985-08-31T01:44:27.130Z,-11.35,118.779,33,4.2,"248 km SW of Waingapu, Indonesia"
1985-08-27T09:29:58.650Z,-9.22,117.611,33,4.6,"83 km SSE of Sumbawa Besar, Indonesia"
1985-08-20T22:53:52.670Z,-9.885,115.964,33,4.3,"128 km S of Lembar, Indonesia"
1985-08-14T04:00:51.580Z,-32.175,121.484,10,4.6,"108 km S of Kambalda West, Australia"
1985-08-13T12:34:09.020Z,-18.764,117.786,33,4,"191 km NNW of Port Hedland, Australia"
1985-08-12T08:22:32.870Z,-12.393,117.787,33,4.1,"south of Sumbawa, Indonesia"
1985-08-12T07:02:11.310Z,-28.747,149.309,33,4.4,"94 km NNW of Moree, Australia"
1985-08-07T16:06:21.750Z,-9.671,117.815,75.4,5.1,"137 km SSE of Sumbawa Besar, Indonesia"
1985-07-28T14:47:31.790Z,-31.904,121.165,33,4.2,"89 km SSW of Kambalda West, Australia"
1985-07-28T10:39:27.200Z,-32.294,122.282,33,4.9,"133 km SSE of Kambalda East, Australia"
1985-07-28T07:39:43.950Z,-32.223,122.42,33,5.3,"133 km SSE of Kambalda East, Australia"
1985-07-25T03:38:49.200Z,-11.462,117.791,33,5.3,"south of Sumbawa, Indonesia"
1985-07-23T09:47:52.650Z,-19.336,126.843,33,4.7,"150 km SW of Halls Creek, Australia"
1985-07-21T12:58:31.810Z,-9.67,118.457,33,4.3,"125 km S of Dompu, Indonesia"
1985-07-19T10:18:27.910Z,-10.789,117.283,33,5,"254 km S of Sumbawa Besar, Indonesia"
1985-07-13T16:38:33.440Z,-9.132,123.934,109.2,4.8,"49 km W of Pante Makasar, Timor Leste"
1985-07-12T22:50:19.270Z,-9.382,112.922,81.3,5,"130 km S of Dampit, Indonesia"
1985-07-12T08:49:52.940Z,-9.676,114.84,114.6,4.8,"104 km SSW of Jimbaran, Indonesia"
1985-07-11T19:12:05.550Z,-9.255,118.225,96.9,5,"83 km SSW of Dompu, Indonesia"
1985-07-09T07:15:33.580Z,-10.709,128.285,118.9,4,"280 km SSE of Lospalos, Timor Leste"
1985-07-09T04:09:44.940Z,-9.296,124.223,33,5.1,"20 km WSW of Pante Makasar, Timor Leste"
1985-07-06T14:37:28.490Z,-9.725,117.67,85.6,5.5,"138 km SSE of Sumbawa Besar, Indonesia"
1985-06-28T21:46:20.830Z,-9.27,110.455,33,4.8,"146 km S of Pundong, Indonesia"
1985-06-25T13:21:10.430Z,-10.767,123.585,33,4.6,"65 km S of Kupang, Indonesia"
1985-06-24T08:01:12.670Z,-11.425,118.454,33,4,"278 km SW of Waingapu, Indonesia"
1985-06-21T06:53:00.960Z,-9.809,115.547,33,4.2,"116 km SSE of Nusa Dua, Indonesia"
1985-06-17T06:31:59.720Z,-9.374,148.6,29.6,5.1,"78 km SSE of Popondetta, Papua New Guinea"
1985-06-16T20:56:22.960Z,-9.43,148.531,5,5.2,"80 km SSE of Popondetta, Papua New Guinea"
1985-06-16T12:08:30.130Z,-11.609,117.965,33,4.7,"south of Sumbawa, Indonesia"
1985-06-13T20:54:49.840Z,-9.478,113.742,98.2,5.1,"south of Java, Indonesia"
1985-06-03T22:49:51.580Z,-11.585,117.73,33,5.1,"south of Sumbawa, Indonesia"
1985-06-01T20:38:39.160Z,-11.105,119.409,33,4.8,"185 km SSW of Waingapu, Indonesia"
1985-05-30T14:41:41.850Z,-11.58,118.016,33,4.5,"south of Sumbawa, Indonesia"
1985-05-28T04:00:10.710Z,-31.717,139.355,33,4.5,"142 km ENE of Quorn, Australia"
1985-05-12T04:29:51.710Z,-9.987,113.744,33,4.7,"181 km SSW of Gambiran Satu, Indonesia"
1985-05-09T22:30:31.580Z,-12.135,118.209,33,4.2,"south of Sumbawa, Indonesia"
1985-05-09T11:13:43.700Z,-10.386,120.281,33,5.1,"80 km S of Waingapu, Indonesia"
1985-05-07T11:17:04.280Z,-9.303,118.692,101.3,4.8,"88 km SSE of Dompu, Indonesia"
1985-05-06T16:21:31.210Z,-11.927,122.284,33,4.3,"242 km SW of Kupang, Indonesia"
1985-05-01T09:35:53.940Z,-9.018,116.753,33,4.2,"58 km S of Labuan Lombok, Indonesia"
1985-04-28T18:19:40.740Z,-9.1,112.013,33,5,"109 km S of Boyolangu, Indonesia"
1985-04-28T07:31:45.840Z,-9.476,122.201,33,4.6,"91 km SE of Ende, Indonesia"
1985-04-25T16:17:40.080Z,-11.392,118.892,33,4.7,"243 km SW of Waingapu, Indonesia"
1985-04-23T17:59:03.710Z,-11.51,116.998,33,5,"South of Lombok, Indonesia"
1985-04-21T14:57:01.240Z,-19.952,121.878,33,5,"200 km NW of Telfer, Australia"
1985-04-19T04:50:12.800Z,-10.552,124.403,33,5.2,"77 km S of Soe, Indonesia"
1985-04-15T13:14:20.640Z,-9.632,113.735,119.6,4.6,"144 km SSW of Gambiran Satu, Indonesia"
1985-04-14T00:24:21.370Z,-9.426,113.977,120.5,4.5,"115 km S of Gambiran Satu, Indonesia"
1985-04-13T01:06:00.190Z,-9.245,114.185,98.9,5.9,"91 km S of Muncar, Indonesia"
1985-04-08T22:04:38.870Z,-9.77,120.151,33,4.6,"17 km SW of Waingapu, Indonesia"
1985-04-07T01:20:29.880Z,-10.92,112.743,33,4,"299 km SSW of Kencong, Indonesia"
1985-03-19T07:50:20.510Z,-11.279,114.392,33,4.6,"287 km SSW of Jimbaran, Indonesia"
1985-03-17T12:52:00.130Z,-9.791,110.468,33,4.6,"203 km S of Pundong, Indonesia"
1985-03-15T03:47:48.730Z,-10.092,111.988,33,5,"218 km S of Boyolangu, Indonesia"
1985-03-13T06:36:03.220Z,-9.248,123.851,33,4.8,"39 km NNE of Naisano Dua, Indonesia"
1985-03-06T19:19:05.980Z,-9.067,124.411,122.3,4.2,"15 km NNE of Pante Makasar, Timor Leste"
1985-02-25T11:12:40.630Z,-9.877,154.135,33,5.4,D'Entrecasteaux Islands region
1985-02-16T15:25:50.450Z,-10.142,117.381,33,4.6,"182 km S of Sumbawa Besar, Indonesia"
1985-02-13T08:01:21.010Z,-33.405,150.14,5,4,"7 km E of Wallerawang, Australia"
1985-02-08T08:23:42.660Z,-25.211,153.436,33,4.9,"54 km E of Urangan, Australia"
1985-02-02T04:30:30.120Z,-10.563,114.969,33,5.3,"197 km S of Nusa Dua, Indonesia"
1985-01-30T17:05:14.370Z,-10.463,113.514,33,4.6,"239 km SSW of Gambiran Satu, Indonesia"
1985-01-25T08:26:33.540Z,-10.478,120.38,33,5.2,"91 km S of Waingapu, Indonesia"
1985-01-20T17:31:27.860Z,-11.54,117.242,33,4.4,"south of Sumbawa, Indonesia"
1985-01-20T03:12:45.840Z,-9.646,122.536,33,5,"118 km SSE of Maumere, Indonesia"
1985-01-18T19:26:19.880Z,-11.404,118.585,33,4.7,"266 km SW of Waingapu, Indonesia"
1985-01-16T09:00:44.130Z,-12.84,117.741,33,4.3,"south of Sumbawa, Indonesia"
1985-01-08T10:27:06.180Z,-16.319,120.936,33,4.6,"216 km WNW of Dampier Peninsula, Australia"
1985-01-04T21:21:40.210Z,-11.489,117.962,33,5,"south of Sumbawa, Indonesia"
1985-01-03T15:01:53.620Z,-10.317,117.681,33,5,"203 km S of Sumbawa Besar, Indonesia"
1985-01-03T13:10:02.820Z,-10.326,117.526,33,5.1,"south of Sumbawa, Indonesia"
1985-01-03T11:45:09.480Z,-11.044,117.312,33,4,"south of Sumbawa, Indonesia"
1984-12-29T20:16:18.290Z,-12.349,118.129,33,4.6,"south of Sumbawa, Indonesia"
1984-12-26T14:36:34.800Z,-11.389,117.903,33,4.2,"south of Sumbawa, Indonesia"
1984-12-22T10:50:29.340Z,-9.179,123.983,33,5.1,"44 km W of Pante Makasar, Timor Leste"
1984-12-19T16:42:55.750Z,-9.101,119.095,106,4.7,"71 km SW of Komodo, Indonesia"
1984-12-17T20:35:58.400Z,-10.336,119.461,33,4.3,"115 km SW of Waingapu, Indonesia"
1984-12-15T07:18:20.160Z,-11.657,117.695,33,4.9,"south of Sumbawa, Indonesia"
1984-12-15T06:24:25.050Z,-11.379,117.203,33,4.5,"south of Sumbawa, Indonesia"
1984-12-10T11:07:16.290Z,-9.009,124.044,33,4.9,Timor region
1984-12-09T22:12:06.560Z,-9.518,116.339,187,4.6,"90 km S of Praya, Indonesia"
1984-12-09T20:32:48.640Z,-9.419,116.663,33,5,"89 km SSE of Praya, Indonesia"
1984-12-05T09:14:09.770Z,-9.331,128.947,33,4.8,Timor Sea
1984-11-29T13:20:07.590Z,-11.614,123.952,33,5,"164 km SSE of Kupang, Indonesia"
1984-11-25T18:57:46.750Z,-9.178,123.226,33,4.1,"75 km NW of Naisano Dua, Indonesia"
1984-11-21T15:08:54.040Z,-10.31,128.872,182.6,4.5,"249 km NW of Wurrumiyanga, Australia"
1984-11-16T00:53:15.420Z,-9.638,124.266,33,4,"24 km N of Soe, Indonesia"
1984-11-15T01:18:33.080Z,-9.14,150.408,33,4.4,"130 km N of Alotau, Papua New Guinea"
1984-11-14T18:27:10.120Z,-9.432,149.892,33,4.2,"115 km NNW of Alotau, Papua New Guinea"
1984-11-14T18:21:00.590Z,-9.418,149.769,33,4.9,"124 km NW of Alotau, Papua New Guinea"
1984-11-14T05:07:06.340Z,-9.379,125.026,33,4.2,"26 km WSW of Suai, Timor Leste"
1984-11-13T10:59:52.730Z,-9.598,124.938,43.9,4.7,"47 km SW of Suai, Timor Leste"
1984-11-11T03:11:13.790Z,-11.477,118.095,33,5.2,"south of Sumbawa, Indonesia"
1984-11-02T10:08:07.410Z,-11.438,119.471,33,4.9,"south of Sumba, Indonesia"
1984-10-20T16:20:58.990Z,-9.064,122.702,77.7,4.6,"72 km SE of Maumere, Indonesia"
1984-10-18T08:31:56.570Z,-11.037,119.364,33,4.6,"181 km SSW of Waingapu, Indonesia"
1984-10-15T05:27:28.170Z,-9.808,114.183,92.5,4.8,"152 km S of Muncar, Indonesia"
1984-10-11T15:59:52.260Z,-9.628,125.167,76.3,4.8,"36 km SSW of Suai, Timor Leste"
1984-10-06T08:25:11.500Z,-10.622,113.395,33,4.9,"258 km S of Kencong, Indonesia"
1984-10-04T16:31:53.440Z,-9.809,118.787,34.2,6.3,"145 km SSE of Dompu, Indonesia"
1984-10-03T18:46:18.980Z,-11.504,118.806,33,4.2,"259 km SW of Waingapu, Indonesia"
1984-10-03T01:04:34.480Z,-9.702,125.52,33,5,"51 km SE of Suai, Timor Leste"
1984-09-28T18:43:01.460Z,-9.909,113.028,55.7,4.7,"183 km SSW of Kencong, Indonesia"
1984-09-27T19:24:03.360Z,-12.49,118.654,33,4.2,"south of Sumbawa, Indonesia"
1984-09-23T22:53:46.180Z,-9.292,117.521,148.2,4.9,"89 km S of Sumbawa Besar, Indonesia"
1984-09-22T23:39:14.050Z,-10.114,113.77,71.3,5.1,"194 km SSW of Gambiran Satu, Indonesia"
1984-09-20T10:19:28.330Z,-11.667,117.426,33,4.6,"south of Sumbawa, Indonesia"
1984-09-18T20:24:39.370Z,-10.35,113.865,51.7,5.1,"218 km SSW of Muncar, Indonesia"
1984-09-18T17:55:55.690Z,-10.548,123.288,80.6,4.5,"54 km SW of Kupang, Indonesia"
1984-09-12T21:02:13.900Z,-21.878,126.546,33,4.7,Western Australia
1984-09-05T04:33:23.730Z,-10.119,124.124,33,4.5,"33 km SSW of Soe, Indonesia"
1984-09-05T03:44:21.140Z,-10.272,124.442,33,4.6,"48 km SSE of Soe, Indonesia"
1984-09-03T00:11:23.390Z,-11.528,116.675,33,4.4,"South of Lombok, Indonesia"
1984-09-01T23:58:12.570Z,-10.447,120.477,64.1,4.6,"90 km SSE of Waingapu, Indonesia"
1984-08-31T00:50:04.150Z,-10.698,126.349,33,5.1,"194 km SE of Suai, Timor Leste"
1984-08-27T10:42:33.520Z,-10.678,117.489,33,4.9,"241 km S of Sumbawa Besar, Indonesia"
1984-08-26T19:16:08.620Z,-10.463,120.822,89,4.5,"108 km SE of Waingapu, Indonesia"
1984-08-26T16:52:52.420Z,-10.825,120.447,57.5,4.6,"130 km S of Waingapu, Indonesia"
1984-08-25T19:21:56.360Z,-10.775,111.731,33,4,"294 km S of Boyolangu, Indonesia"
1984-08-25T18:36:47.800Z,-10.5,112.332,33,4.6,"257 km S of Dampit, Indonesia"
1984-08-24T05:49:08.440Z,-10.85,112.165,33,4.5,"298 km SSW of Dampit, Indonesia"
1984-08-21T17:50:42.890Z,-11.504,117.183,33,5.2,"south of Sumbawa, Indonesia"
1984-08-15T01:28:45.480Z,-12.077,115.22,33,5.3,northwest of Australia
1984-08-11T05:09:04.380Z,-11.045,113.745,33,5.3,"293 km SSW of Jimbaran, Indonesia"
1984-07-21T13:02:49.100Z,-10.155,121.536,33,4.1,"145 km S of Ende, Indonesia"
1984-07-18T03:42:21.360Z,-9.381,117.659,33,5.1,"101 km SSE of Sumbawa Besar, Indonesia"
1984-07-13T14:31:40.010Z,-10.355,127.62,33,5.4,"213 km SSE of Lospalos, Timor Leste"
1984-07-10T19:30:22.160Z,-9.365,123.707,33,5,"26 km NNW of Naisano Dua, Indonesia"
1984-07-07T20:30:10.500Z,-11.403,118.808,33,5.3,"250 km SW of Waingapu, Indonesia"
1984-07-05T03:37:33.110Z,-9.92,119.142,33,5.4,"126 km WSW of Waingapu, Indonesia"
1984-06-30T12:45:08.040Z,-20.024,116.562,33,4.8,"72 km NNW of Dampier, Australia"
1984-06-28T11:19:46.540Z,-9.648,151.787,19.9,5.9,"162 km NE of Samarai, Papua New Guinea"
1984-06-27T19:49:01.880Z,-11.532,119.984,33,5.1,"209 km S of Waingapu, Indonesia"
1984-06-27T15:05:27.350Z,-11.67,119.722,33,5.3,"230 km SSW of Waingapu, Indonesia"
1984-06-27T14:28:10.560Z,-11.563,119.96,33,5,"213 km S of Waingapu, Indonesia"
1984-06-23T21:07:24.680Z,-9.848,123.494,33,4.3,"37 km NNW of Kupang, Indonesia"
1984-06-11T14:14:13.120Z,-9.262,114.085,79.2,5.2,"95 km SSW of Muncar, Indonesia"
1984-06-08T14:48:51.920Z,-9.787,114.215,33,5,"150 km S of Muncar, Indonesia"
1984-05-30T19:06:22.510Z,-11.324,118.84,33,5,"241 km SW of Waingapu, Indonesia"
1984-05-25T11:14:41.980Z,-9.209,126.428,85.7,4.8,"39 km S of Viqueque, Timor Leste"
1984-05-22T18:52:24.610Z,-25.016,112.095,33,4.7,"158 km W of Brockman, Australia"
1984-05-17T09:59:59.010Z,-9.889,122.361,55.7,4.2,Savu Sea
1984-05-16T02:43:37.680Z,-9.049,124.558,97.8,4.7,"25 km NE of Pante Makasar, Timor Leste"
1984-05-07T10:42:31.560Z,-10.207,152.56,33,4.8,"212 km ENE of Samarai, Papua New Guinea"
1984-05-06T08:13:23.130Z,-9.694,124.7,86.4,4.9,"36 km SE of Kefamenanu, Indonesia"
1984-04-19T00:21:20.060Z,-9.377,148.792,33,4.9,"91 km SE of Popondetta, Papua New Guinea"
1984-04-14T18:19:08.160Z,-10.352,124.22,121,4.9,"54 km S of Soe, Indonesia"
1984-04-11T22:39:59.510Z,-9.156,120.797,103.5,4.4,"70 km SSE of Ruteng, Indonesia"
1984-04-06T23:50:44.740Z,-10.461,110.597,33,5.1,"278 km S of Pundong, Indonesia"
1984-04-05T19:41:05.760Z,-11.513,117.198,33,4.9,"south of Sumbawa, Indonesia"
1984-03-25T05:27:16.920Z,-11.845,114.975,33,4.8,"south of Bali, Indonesia"
1984-03-16T03:45:59.140Z,-15.008,123.337,33,4.7,"218 km NNE of Dampier Peninsula, Australia"
1984-03-06T09:17:56.340Z,-11.697,120.815,33,5.1,"233 km SSE of Waingapu, Indonesia"
1984-02-20T16:23:05.550Z,-10.753,117.36,33,4.7,"250 km S of Sumbawa Besar, Indonesia"
1984-02-08T00:20:21.950Z,-9.814,112.777,50.6,5.2,"177 km S of Dampit, Indonesia"
1984-02-03T19:18:19.210Z,-9.438,117.313,84,4.4,"105 km S of Sumbawa Besar, Indonesia"
1984-02-03T08:33:36.390Z,-9.813,115.196,56.5,4.9,"112 km S of Nusa Dua, Indonesia"
1984-02-02T11:30:33.640Z,-9.903,115.056,33,5.3,"123 km S of Nusa Dua, Indonesia"
1984-02-01T09:50:46.330Z,-10.132,123.69,59.5,4.9,"10 km ENE of Kupang, Indonesia"
1984-02-01T02:12:38.680Z,-10.164,123.477,56.1,4.5,"14 km W of Kupang, Indonesia"
1984-01-31T16:53:30.520Z,-9.36,111.578,85.4,4.8,"141 km SSW of Boyolangu, Indonesia"
1984-01-29T09:23:23.670Z,-9.736,150.017,33,4.3,"80 km NW of Alotau, Papua New Guinea"
1984-01-27T08:40:47.800Z,-9.662,112.722,33,4.9,"160 km S of Dampit, Indonesia"
1984-01-26T18:55:28.220Z,-9.414,112.933,33,5.6,"133 km SSW of Kencong, Indonesia"
1984-01-25T23:09:13.700Z,-9.618,127.682,33,4.8,"142 km SSE of Lospalos, Timor Leste"
1984-01-16T09:32:11.270Z,-11.393,116.954,33,5.3,"South of Lombok, Indonesia"
1983-12-29T17:41:58.480Z,-30.762,138.257,33,5.1,"132 km E of Roxby Downs, Australia"
1983-12-14T23:47:59.080Z,-9.354,119.267,33,4.2,"88 km SSW of Komodo, Indonesia"
1983-12-03T18:58:42.730Z,-11.417,118.365,33,4.7,"284 km SW of Waingapu, Indonesia"
1983-12-01T01:41:41.790Z,-9.47,115.222,33,5,"74 km S of Nusa Dua, Indonesia"
1983-11-26T03:40:09.320Z,-11.577,118.489,33,4.6,"287 km SW of Waingapu, Indonesia"
1983-11-25T19:56:07.830Z,-40.451,155.507,18.5,6.2,southeast of Australia
1983-11-15T10:38:52.810Z,-11.285,115.325,33,5.4,"274 km S of Nusa Dua, Indonesia"
1983-11-14T15:38:09.990Z,-11.338,114.792,33,4.8,"284 km S of Jimbaran, Indonesia"
1983-11-12T23:33:48.040Z,-9.386,110.119,33,4.3,"159 km S of Bambanglipuro, Indonesia"
1983-10-31T17:37:56.290Z,-9.016,119.18,83.4,6.4,"58 km SW of Komodo, Indonesia"
1983-10-25T05:44:00.380Z,-11.415,118.142,33,5.1,"south of Sumbawa, Indonesia"
1983-10-20T11:13:24.120Z,-11.875,115.032,33,5,"south of Bali, Indonesia"
1983-10-18T02:49:30.850Z,-11.527,115.2,9.1,5.4,"south of Bali, Indonesia"
1983-09-30T23:11:22.310Z,-10.394,116.967,33,5.2,"201 km SSE of Praya, Indonesia"
1983-09-29T02:06:20.360Z,-11.177,115.371,33,5.6,"263 km S of Nusa Dua, Indonesia"
1983-09-25T03:09:58.360Z,-10.453,116.904,33,4.7,"205 km SSE of Praya, Indonesia"
1983-09-20T13:40:50.060Z,-9.934,119.207,33,4.6,"119 km WSW of Waingapu, Indonesia"
1983-09-08T05:38:40.280Z,-10.846,124.068,78.8,4.4,"90 km SE of Kupang, Indonesia"
1983-08-14T22:26:12.540Z,-9.1,123.667,131.2,5.1,"56 km NNW of Naisano Dua, Indonesia"
1983-08-11T02:10:48.750Z,-10.07,118.755,33,5.2,"171 km WSW of Waingapu, Indonesia"
1983-08-07T02:04:17.970Z,-10.391,120.015,33,5,"85 km SSW of Waingapu, Indonesia"
1983-07-31T05:52:35.270Z,-11.46,118.029,33,4.4,"south of Sumbawa, Indonesia"
1983-07-18T23:46:33.910Z,-11.074,119.238,33,5.1,"192 km SW of Waingapu, Indonesia"
1983-06-24T04:41:46.410Z,-9.111,120.203,187.9,5.4,"60 km N of Waingapu, Indonesia"
1983-06-17T19:41:06.700Z,-11.237,118.506,33,4.2,"260 km SW of Waingapu, Indonesia"
1983-05-29T19:38:18.450Z,-12.345,126.594,33,4.7,south of Timor
1983-05-27T10:57:17.570Z,-9.671,154.898,33,5,"275 km SW of Gizo, Solomon Islands"
1983-05-22T11:44:19.370Z,-9.346,123.755,95.9,5.1,"27 km N of Naisano Dua, Indonesia"
1983-05-18T00:36:11.110Z,-25.787,137.429,33,4.5,"Northern Territory, Australia"
1983-05-15T18:30:34.440Z,-11.036,113.443,33,4.1,"south of Java, Indonesia"
1983-05-04T07:58:26.410Z,-9.458,149.696,23.3,5.1,"126 km NW of Alotau, Papua New Guinea"
1983-04-25T23:58:50.770Z,-11.444,114.675,72.7,4.8,"298 km S of Jimbaran, Indonesia"
1983-04-24T16:09:13.120Z,-9.539,118.438,42.1,4.7,"110 km S of Dompu, Indonesia"
1983-04-23T09:20:15.240Z,-11.206,118.92,33,5.5,"225 km SW of Waingapu, Indonesia"
1983-04-16T12:57:49.980Z,-10.161,110.89,57.1,5.7,"247 km SSW of Trenggalek, Indonesia"
1983-04-08T19:33:13.670Z,-29.615,142.15,33,4.9,"269 km NNE of Broken Hill, Australia"
1983-04-04T15:21:37.240Z,-9.385,113.478,84.2,5,"122 km S of Kencong, Indonesia"
1983-03-19T02:41:08.450Z,-11.084,113.555,33,4,"south of Java, Indonesia"
1983-03-10T05:31:12.620Z,-10.979,114.866,33,4.7,"244 km S of Jimbaran, Indonesia"
1983-03-05T08:57:04.020Z,-10.733,115.036,33,5.3,"214 km S of Nusa Dua, Indonesia"
1983-02-26T16:00:14.870Z,-11.212,115.564,33,5,"269 km S of Nusa Dua, Indonesia"
1983-02-20T08:19:25.900Z,-11.511,118.337,33,4.8,"294 km SW of Waingapu, Indonesia"
1983-02-15T11:29:47.100Z,-11.551,114.588,33,4.2,"south of Bali, Indonesia"
1983-02-12T12:59:12.430Z,-12.531,119.941,33,4.4,"south of Sumba, Indonesia"
1983-02-06T07:11:56.880Z,-9.86,120.652,33,4.7,"48 km ESE of Waingapu, Indonesia"
1983-02-04T19:05:59.440Z,-10.228,124.4,33,5.5,"42 km SSE of Soe, Indonesia"
1983-01-26T06:16:12.800Z,-30.656,117.241,10,5.1,"118 km E of Moora, Australia"
1983-01-16T02:56:47.580Z,-9.778,114.287,79.6,4.9,"145 km SW of Jimbaran, Indonesia"
1983-01-15T22:28:55.440Z,-9.666,113.137,52.2,4.2,"154 km S of Kencong, Indonesia"
1983-01-13T02:47:24.080Z,-16.844,120.689,33,4.1,"201 km NW of Bilingurr, Australia"
1983-01-03T09:18:53.420Z,-9.724,112.517,64.8,4.1,"169 km S of Dampit, Indonesia"
1982-12-31T22:19:19.470Z,-17.449,124.154,33,4.5,"58 km ESE of Derby, Australia"
1982-12-25T01:54:09.600Z,-9.542,116.775,33,4.4,"107 km SSE of Praya, Indonesia"
1982-12-13T23:02:35.240Z,-10.683,115.068,33,4.5,"209 km S of Nusa Dua, Indonesia"
1982-12-11T16:46:30.380Z,-11.318,119.74,27.3,5.2,"192 km SSW of Waingapu, Indonesia"
1982-12-09T15:04:03.600Z,-11.786,117.322,33,4.7,"south of Sumbawa, Indonesia"
1982-12-03T16:49:56.960Z,-9.088,120.349,33,4.9,"54 km SSW of Ruteng, Indonesia"
1982-11-26T00:11:16.390Z,-33.876,147.133,33,4.2,"8 km NW of West Wyalong, Australia"
1982-11-21T11:34:19.110Z,-37.152,146.76,33,4.8,"28 km E of Mount Buller, Australia"
1982-11-14T16:23:56.410Z,-9.374,122.605,49.9,5.5,"93 km SSE of Maumere, Indonesia"
1982-11-10T09:31:19.430Z,-37.553,137.494,33,4.4,"205 km WSW of Robe, Australia"
1982-10-31T00:36:58.920Z,-11.659,117.693,33,5.1,"south of Sumbawa, Indonesia"
1982-10-19T21:29:48.130Z,-9.496,152.297,33,4.7,"217 km NE of Samarai, Papua New Guinea"
1982-10-19T13:47:44.120Z,-11.58,118.176,33,4.3,"south of Sumbawa, Indonesia"
1982-10-13T20:46:41.880Z,-11.32,119.202,33,4.6,"217 km SSW of Waingapu, Indonesia"
1982-10-07T12:43:01.800Z,-9.184,112.384,33,4.4,"113 km S of Sumberpucung, Indonesia"
1982-10-07T08:39:24.610Z,-9.828,117.463,33,4.7,"147 km S of Sumbawa Besar, Indonesia"
1982-10-06T13:27:19.050Z,-12.09,117.178,33,4.1,"south of Sumbawa, Indonesia"
1982-10-06T05:16:53.910Z,-9.827,117.921,33,5.1,"154 km SSW of Dompu, Indonesia"
1982-10-03T17:00:37.070Z,-21.853,115.73,33,4.4,"68 km ESE of Onslow, Australia"
1982-10-03T11:02:03.520Z,-9.393,152.383,33,4.9,"231 km NE of Samarai, Papua New Guinea"
1982-09-21T02:02:31.840Z,-9.372,152.328,37.3,5.4,"228 km NE of Samarai, Papua New Guinea"
1982-09-21T01:28:18.110Z,-9.567,152.243,20.5,6.1,"208 km NE of Samarai, Papua New Guinea"
1982-09-21T00:46:30.140Z,-9.645,152.044,22.7,5.9,"185 km NE of Samarai, Papua New Guinea"
1982-09-17T15:38:16.770Z,-11.86,117.187,33,4.9,"south of Sumbawa, Indonesia"
1982-08-18T17:41:38.460Z,-11.619,115.004,33,4,"south of Bali, Indonesia"
1982-08-15T02:26:50.160Z,-11.7,114.714,33,4.1,"south of Bali, Indonesia"
1982-08-11T22:55:13.940Z,-11.106,115.317,33,4,"255 km S of Nusa Dua, Indonesia"
1982-08-09T03:15:43.430Z,-9.854,121.481,33,5,Savu Sea
1982-08-07T20:56:22.720Z,-11.143,115.418,33,6.4,"259 km S of Nusa Dua, Indonesia"
1982-07-23T13:51:42.370Z,-10.796,111.715,34,5.2,"296 km S of Boyolangu, Indonesia"
1982-07-15T01:44:17.650Z,-30.976,138.224,33,4.4,"135 km ESE of Roxby Downs, Australia"
1982-06-26T21:15:10.410Z,-10.918,115.696,33,4.9,"239 km SSE of Nusa Dua, Indonesia"
1982-06-15T10:20:08.450Z,-9.473,118.113,33,4.4,"110 km SSW of Dompu, Indonesia"
1982-05-26T04:12:42.240Z,-11.171,115.519,33,4.6,"264 km S of Nusa Dua, Indonesia"
1982-05-12T02:05:00.520Z,-9.63,118.341,33,4.8,"121 km S of Dompu, Indonesia"
1982-04-30T10:40:30.610Z,-10.281,150.66,33,5,"22 km E of Alotau, Papua New Guinea"
1982-04-29T22:28:23.710Z,-9.795,119.647,33,4.4,"69 km WSW of Waingapu, Indonesia"
1982-04-16T09:00:29.020Z,-11.47,117.513,33,4.2,"south of Sumbawa, Indonesia"
1982-04-14T12:14:30.880Z,-10.819,120.265,33,4.1,"128 km S of Waingapu, Indonesia"
1982-04-11T23:26:57.850Z,-9.795,118.697,33,4.2,"141 km S of Dompu, Indonesia"
1982-04-10T21:51:07.050Z,-9.167,113.434,33,4.7,"98 km S of Kencong, Indonesia"
1982-04-04T04:27:07.670Z,-9.127,110.519,93.9,4.7,"131 km S of Pundong, Indonesia"
1982-03-31T13:28:00.650Z,-9.327,110.314,39.6,4.9,"152 km S of Pundong, Indonesia"
1982-03-25T04:51:32.510Z,-11.468,119.189,33,5.1,"232 km SSW of Waingapu, Indonesia"
1982-03-23T11:52:40.790Z,-9.478,118.369,33,5.2,"104 km S of Dompu, Indonesia"
1982-03-22T19:58:16.800Z,-9.695,155.107,19,4.9,"259 km SW of Gizo, Solomon Islands"
1982-03-22T16:47:26.510Z,-10.13,121.052,33,5,"101 km ESE of Waingapu, Indonesia"
1982-03-15T17:16:05.260Z,-9.645,111.344,33,4.8,"178 km SSW of Trenggalek, Indonesia"
1982-03-14T21:29:17.720Z,-9.734,125.191,94.1,4.5,"47 km S of Suai, Timor Leste"
1982-03-11T10:32:27.100Z,-9.265,118.479,33,6.4,"80 km S of Dompu, Indonesia"
1982-02-28T17:52:19.220Z,-11.348,117.26,17,5.6,"south of Sumbawa, Indonesia"
1982-02-27T17:13:40.360Z,-11.044,121.859,33,4.9,"214 km WSW of Kupang, Indonesia"
1982-02-25T02:36:28.300Z,-9.752,111.309,33,4.2,"190 km SSW of Trenggalek, Indonesia"
1982-02-25T00:54:35.500Z,-9.376,152.37,33,4.1,"231 km NE of Samarai, Papua New Guinea"
1982-02-24T20:23:09.100Z,-9.759,111.814,80.4,4.9,"181 km S of Boyolangu, Indonesia"
1982-02-23T21:24:29.060Z,-11.412,112.492,33,4,"south of Java, Indonesia"
1982-02-13T08:26:56.970Z,-22.046,126.637,33,4.8,Western Australia
1982-02-10T21:00:48.760Z,-11.471,117.991,33,5.6,"south of Sumbawa, Indonesia"
1982-02-06T15:24:37.840Z,-30.851,117.357,16.4,4.7,"109 km NE of Northam, Australia"
1982-01-27T03:20:54.350Z,-11.658,117.983,33,4.7,"south of Sumbawa, Indonesia"
1982-01-23T08:07:53.990Z,-9.721,152.335,33,4.3,"208 km ENE of Samarai, Papua New Guinea"
1982-01-23T04:15:00.520Z,-9.421,152.169,27.3,5.1,"211 km NE of Samarai, Papua New Guinea"
1982-01-21T14:30:08.620Z,-9.657,152.554,33,4.7,"232 km ENE of Samarai, Papua New Guinea"
1982-01-18T03:25:59.430Z,-9.437,152.604,33,4.2,"249 km ENE of Samarai, Papua New Guinea"
1982-01-15T14:56:39.480Z,-9.41,152.215,33,5.1,"215 km NE of Samarai, Papua New Guinea"
1982-01-15T14:26:17.750Z,-9.55,152.371,33,4.8,"221 km ENE of Samarai, Papua New Guinea"
1982-01-15T13:48:21.830Z,-9.513,152.146,33,6,"202 km NE of Samarai, Papua New Guinea"
1982-01-14T17:24:25.460Z,-9.467,152.336,33,4.8,"222 km NE of Samarai, Papua New Guinea"
1982-01-14T10:16:21.540Z,-9.104,152.295,33,4.8,"242 km ENE of Alotau, Papua New Guinea"
1982-01-14T09:53:45.400Z,-9.523,151.949,33,5.9,"185 km NE of Samarai, Papua New Guinea"
1982-01-13T04:43:00.070Z,-9.549,152.152,23,5.6,"201 km NE of Samarai, Papua New Guinea"
1982-01-13T02:02:13.480Z,-9.742,152.569,33,4.3,"229 km ENE of Samarai, Papua New Guinea"
1982-01-13T00:06:43.270Z,-9.55,152.161,33,6,"201 km NE of Samarai, Papua New Guinea"
1982-01-09T06:08:13.340Z,-21.504,120.618,33,4.1,"67 km NE of Nullagine, Australia"
1981-12-30T16:01:19.300Z,-9.643,117.506,33,4.1,"127 km S of Sumbawa Besar, Indonesia"
1981-12-26T19:38:06.220Z,-9.634,119.277,83.9,4.4,"108 km W of Waingapu, Indonesia"
1981-12-22T05:02:17.330Z,-9.753,154.724,19.7,5.5,"295 km SW of Gizo, Solomon Islands"
1981-12-22T02:09:16.230Z,-9.717,154.754,33,4.3,"290 km SW of Gizo, Solomon Islands"
1981-12-19T05:54:21.730Z,-9.007,118.716,33,4.3,"58 km SSE of Dompu, Indonesia"
1981-12-14T11:59:33.270Z,-13.952,122.788,33,4.1,northwest of Australia
1981-12-14T05:44:31.690Z,-9.436,111.621,68.3,4.8,"148 km SSW of Boyolangu, Indonesia"
1981-12-13T20:35:56.600Z,-9.348,111.761,82.6,5.7,"136 km S of Boyolangu, Indonesia"
1981-12-07T02:53:12.130Z,-9.254,117.228,33,4.7,"86 km SSW of Sumbawa Besar, Indonesia"
1981-12-06T01:40:42.720Z,-22.643,113.714,33,4.4,"89 km SSW of Exmouth, Australia"
1981-12-05T09:52:26.950Z,-12.401,114.283,33,4.6,northwest of Australia
1981-12-01T18:36:43.040Z,-12.509,122.253,33,4.4,"297 km SSW of Kupang, Indonesia"
1981-11-23T02:46:37.330Z,-9.383,118.658,33,4,"96 km SSE of Dompu, Indonesia"
1981-11-15T16:58:11.020Z,-34.252,150.93,30,4.2,"4 km NNW of Coledale, Australia"
1981-11-01T10:24:50.820Z,-9.815,118.992,71.1,4,"140 km W of Waingapu, Indonesia"
1981-10-24T16:38:59.980Z,-12.422,119.765,33,5.4,"south of Sumba, Indonesia"
1981-10-18T17:50:24.620Z,-9.008,124.15,111.4,4.6,"33 km NW of Pante Makasar, Timor Leste"
1981-10-17T15:43:04.610Z,-10.274,116.845,33,5.1,"184 km SSE of Praya, Indonesia"
1981-10-17T11:04:41.660Z,-10.209,124.102,10,4.2,"43 km SSW of Soe, Indonesia"
1981-10-16T18:38:19.590Z,-9.499,152.193,33,4.6,"208 km NE of Samarai, Papua New Guinea"
1981-10-08T20:56:54.940Z,-9.358,111.008,33,4.1,"161 km SSW of Trenggalek, Indonesia"
1981-10-02T05:51:23.160Z,-9.044,121.299,108.9,4.6,"45 km WSW of Ende, Indonesia"
1981-09-24T08:35:51.140Z,-11.417,111.6,33,4.6,"south of Java, Indonesia"
1981-08-29T08:18:33.580Z,-9.632,123.52,119.6,4,"27 km W of Naisano Dua, Indonesia"
1981-08-23T19:56:32.470Z,-17.076,120.529,33,4.8,"202 km WNW of Bilingurr, Australia"
1981-08-22T12:50:10.260Z,-9.527,125.061,69.5,4.5,"31 km SW of Suai, Timor Leste"
1981-08-15T19:23:23.720Z,-16.021,121.15,33,4.4,"209 km WNW of Dampier Peninsula, Australia"
1981-08-12T10:29:44.490Z,-11.442,117.459,33,4.2,"south of Sumbawa, Indonesia"
1981-07-18T10:27:41.340Z,-12.047,116.573,33,4.4,"South of Lombok, Indonesia"
1981-07-14T06:14:34.260Z,-10.58,130.961,33,4.5,"135 km NNE of Wurrumiyanga, Australia"
1981-06-28T20:02:03.890Z,-25.639,117.257,33,4.5,"272 km S of Paraburdoo, Australia"
1981-06-18T11:00:38.020Z,-10.328,135.476,33,5.1,"188 km N of Galiwinku, Australia"
1981-06-16T21:33:57.830Z,-38.836,144.268,27.7,4.3,"41 km SE of Lorne, Australia"
1981-06-13T11:12:58.180Z,-11.78,119.738,33,4.7,"241 km SSW of Waingapu, Indonesia"
1981-06-04T16:39:03.540Z,-11.858,116.996,33,4.1,"South of Lombok, Indonesia"
1981-05-31T01:35:52.550Z,-9.164,112.024,84.2,4.8,"116 km S of Boyolangu, Indonesia"
1981-05-30T22:33:27.890Z,-9.413,119.516,33,5.2,"86 km WNW of Waingapu, Indonesia"
1981-05-30T15:11:28.200Z,-9.644,112.028,33,4.2,"169 km S of Boyolangu, Indonesia"
1981-05-30T08:02:38.720Z,-9.593,155.691,33,4.7,D'Entrecasteaux Islands region
1981-05-26T21:37:23.230Z,-9.525,155.679,33,4.8,"202 km SW of Gizo, Solomon Islands"
1981-05-21T02:32:47.260Z,-9.848,112.482,34.3,4.6,"183 km S of Dampit, Indonesia"
1981-05-12T23:48:40.370Z,-9.794,150.742,18.2,5.3,"65 km NNE of Alotau, Papua New Guinea"
1981-05-03T13:15:20.080Z,-9.427,153.82,33,4.4,D'Entrecasteaux Islands region
1981-04-27T20:51:57.020Z,-10.984,118.333,33,4.4,"257 km SW of Waingapu, Indonesia"
1981-04-20T07:03:40.850Z,-11.39,117.722,33,4.4,"south of Sumbawa, Indonesia"
1981-04-14T13:50:34.370Z,-10.051,122.309,33,4.9,"142 km W of Kupang, Indonesia"
1981-04-12T23:53:19.670Z,-11.534,117.076,33,4.2,"south of Sumbawa, Indonesia"
1981-04-01T21:49:04.220Z,-9.664,118.961,25.2,5.5,"132 km SSW of Komodo, Indonesia"
1981-03-26T11:23:05.380Z,-9.098,110.47,63.5,4.2,"127 km S of Pundong, Indonesia"
1981-03-24T05:23:35.250Z,-11.051,113.899,33,4.4,"285 km SSW of Jimbaran, Indonesia"
1981-03-15T15:32:10.100Z,-10.281,118.938,33,4.8,"160 km WSW of Waingapu, Indonesia"
1981-03-09T03:47:29.260Z,-11.286,118.085,33,4.4,"298 km SW of Waingapu, Indonesia"
1981-02-26T21:40:27.510Z,-11.434,117.95,33,4.5,"south of Sumbawa, Indonesia"
1981-02-16T21:32:52.950Z,-11.782,117.207,33,4.5,"south of Sumbawa, Indonesia"
1981-02-16T20:41:29.290Z,-11.869,117.318,33,4.1,"south of Sumbawa, Indonesia"
1981-02-16T18:26:18.900Z,-9.475,155.447,33,4.8,"215 km SW of Gizo, Solomon Islands"
1981-02-13T13:00:45.230Z,-9.901,120.376,33,4.9,"29 km SSE of Waingapu, Indonesia"
1981-02-05T20:26:31.590Z,-11.468,116.863,33,5.2,"South of Lombok, Indonesia"
1981-02-01T04:35:25.840Z,-11.139,117.314,33,5.6,"292 km SSE of Praya, Indonesia"
1981-01-29T15:45:56.800Z,-11.513,118.139,33,4.7,"south of Sumbawa, Indonesia"
1981-01-17T17:10:47.900Z,-9.389,118.445,33,4,"94 km S of Dompu, Indonesia"
1981-01-03T00:30:03.100Z,-10.93,121.762,33,4.5,"216 km SE of Waingapu, Indonesia"
1980-12-29T22:07:55.300Z,-11.375,119.145,33,4.9,"226 km SSW of Waingapu, Indonesia"
1980-12-29T11:23:09.000Z,-9.165,123.976,33,4.7,"44 km W of Pante Makasar, Timor Leste"
1980-12-21T13:20:44.400Z,-22.141,126.695,33,4.9,Western Australia
1980-12-20T19:23:25.400Z,-22.153,126.64,33,4,Western Australia
1980-12-20T10:06:36.900Z,-11.225,118.892,33,4,"229 km SW of Waingapu, Indonesia"
1980-12-19T14:07:36.500Z,-22.209,126.625,33,4.2,Western Australia
1980-12-10T04:35:00.900Z,-30.594,117.399,7,4,"129 km NW of Merredin, Australia"
1980-12-09T15:18:53.800Z,-10.613,124.226,33,4.5,"83 km S of Soe, Indonesia"
1980-12-08T00:12:18.800Z,-31.211,115.651,33,4.6,"32 km N of Two Rocks, Australia"
1980-11-27T17:58:52.600Z,-11.147,114.715,33,4.4,"265 km S of Jimbaran, Indonesia"
1980-11-24T19:54:48.400Z,-15.849,123.834,33,4.6,"158 km NE of Dampier Peninsula, Australia"
1980-11-21T01:04:48.300Z,-11.494,117.459,33,4.9,"south of Sumbawa, Indonesia"
1980-11-16T10:11:12.000Z,-11.517,119.399,22,5.1,"226 km SSW of Waingapu, Indonesia"
1980-11-16T05:34:50.100Z,-11.59,116.757,33,5,"South of Lombok, Indonesia"
1980-11-14T20:28:26.200Z,-11.59,118.096,33,4.7,"south of Sumbawa, Indonesia"
1980-11-12T12:51:18.500Z,-9.612,149.896,33,4.2,"99 km NW of Alotau, Papua New Guinea"
1980-11-10T23:25:12.100Z,-9.943,119.156,33,4.8,"125 km WSW of Waingapu, Indonesia"
1980-11-10T15:31:24.700Z,-11.75,119.683,33,4,"240 km SSW of Waingapu, Indonesia"
1980-11-06T18:54:35.900Z,-11.679,119.656,33,4,"233 km SSW of Waingapu, Indonesia"
1980-10-31T13:56:25.600Z,-9.637,112.766,33,4.7,"157 km S of Dampit, Indonesia"
1980-10-26T00:35:49.700Z,-10.426,118.178,33,4.8,"211 km S of Dompu, Indonesia"
1980-10-10T01:30:56.700Z,-10.313,124.951,70,4.2,"88 km SE of Soe, Indonesia"
1980-10-05T17:18:41.100Z,-11.377,117.571,33,5.7,"south of Sumbawa, Indonesia"
1980-09-26T02:56:10.500Z,-11.368,118.256,33,5.2,"290 km SW of Waingapu, Indonesia"
1980-09-16T07:36:00.600Z,-9.23,123.201,103,4.7,"74 km WNW of Naisano Dua, Indonesia"
1980-09-15T14:30:58.000Z,-9.837,124.21,33,4,"8 km WNW of Soe, Indonesia"
1980-08-30T14:23:38.200Z,-31.714,139.262,33,4.2,"134 km ENE of Quorn, Australia"
1980-08-28T03:11:40.600Z,-10.634,116.662,40,5.2,"217 km SSE of Praya, Indonesia"
1980-08-08T13:41:49.900Z,-10.616,119.918,33,4.5,"112 km SSW of Waingapu, Indonesia"
1980-08-08T07:21:53.200Z,-10.251,119.811,33,5.4,"82 km SW of Waingapu, Indonesia"
1980-08-07T16:43:19.700Z,-9.708,117.463,34,4.5,"134 km S of Sumbawa Besar, Indonesia"
1980-08-06T02:59:22.000Z,-9.777,119.128,33,5,"125 km W of Waingapu, Indonesia"
1980-07-31T17:30:36.600Z,-10.586,119.917,33,4.1,"109 km SSW of Waingapu, Indonesia"
1980-07-22T04:00:13.200Z,-12.026,116.957,33,4.3,"South of Lombok, Indonesia"
1980-06-20T20:13:47.700Z,-11.154,119.127,33,4.5,"207 km SW of Waingapu, Indonesia"
1980-06-20T18:51:31.400Z,-10.965,119.103,33,5.6,"192 km SW of Waingapu, Indonesia"
1980-06-20T12:11:17.900Z,-11.656,117.489,33,4.6,"south of Sumbawa, Indonesia"
1980-05-26T11:59:05.800Z,-9.337,126.001,33,4.9,"53 km SE of Same, Timor Leste"
1980-05-24T22:14:04.400Z,-9.865,119.058,33,4.2,"134 km W of Waingapu, Indonesia"
1980-05-18T05:08:10.500Z,-12.081,117.201,33,4.9,"south of Sumbawa, Indonesia"
1980-04-23T23:54:22.800Z,-9.647,111.798,33,4.8,"169 km S of Boyolangu, Indonesia"
1980-04-21T15:03:07.500Z,-10.102,117.52,47,4.6,"178 km S of Sumbawa Besar, Indonesia"
1980-04-15T00:37:59.700Z,-33.162,136.921,33,4.8,"57 km WSW of Whyalla Jenkins, Australia"
1980-03-19T09:30:36.300Z,-9.27,120.259,33,4.8,"42 km N of Waingapu, Indonesia"
1980-03-15T07:09:45.100Z,-18.832,121.76,10,4.5,"107 km SW of Roebuck, Australia"
1980-03-11T09:42:00.000Z,-9.645,115.345,33,4.6,"94 km S of Nusa Dua, Indonesia"
1980-03-08T09:18:22.900Z,-9.849,119.043,33,4.7,"135 km W of Waingapu, Indonesia"
1980-03-08T08:31:37.600Z,-9.876,119.076,33,4.9,"132 km W of Waingapu, Indonesia"
1980-03-08T07:44:34.000Z,-9.769,119.03,36,5.3,"135 km W of Waingapu, Indonesia"
1980-03-06T22:45:29.500Z,-10.533,116.358,33,4.6,"202 km S of Lembar, Indonesia"
1980-02-14T20:15:06.500Z,-11.019,117.6,33,4.5,"280 km S of Sumbawa Besar, Indonesia"
1980-02-07T08:25:01.000Z,-11.229,118.774,33,5.1,"238 km SW of Waingapu, Indonesia"
1980-02-01T12:59:50.100Z,-9.713,119.676,47,4.5,"Sumba region, Indonesia"
1979-12-10T14:56:18.400Z,-11.671,118.184,33,4.7,"south of Sumbawa, Indonesia"
1979-11-14T09:42:09.000Z,-9.641,148.022,48,5,"90 km SSE of Kokoda, Papua New Guinea"
1979-10-21T20:45:57.500Z,-16.44,120.119,33,4.5,northwest of Australia
1979-10-16T00:31:01.300Z,-11.666,121.179,33,5.1,"243 km SSE of Waingapu, Indonesia"
1979-10-12T22:14:34.400Z,-9.426,111.893,75,4.4,"144 km S of Boyolangu, Indonesia"
1979-10-11T04:04:07.600Z,-30.612,117.336,10,5,"127 km E of Moora, Australia"
1979-10-10T09:40:06.200Z,-10.782,117.261,33,4,"253 km S of Sumbawa Besar, Indonesia"
1979-10-09T12:38:56.100Z,-9.371,119.127,80,4.5,"95 km SSW of Komodo, Indonesia"
1979-10-08T18:03:41.200Z,-9.046,113.887,96,4.8,"77 km SSW of Gambiran Satu, Indonesia"
1979-09-13T05:46:15.100Z,-9.788,150.114,14,4.4,"69 km NNW of Alotau, Papua New Guinea"
1979-09-11T17:16:24.100Z,-10.376,124.353,66,4.7,"57 km S of Soe, Indonesia"
1979-08-25T20:49:46.300Z,-9.534,123.097,51,4.2,"74 km W of Naisano Dua, Indonesia"
1979-08-25T12:34:17.900Z,-11.598,117.836,33,4.7,"south of Sumbawa, Indonesia"
1979-08-22T17:08:06.300Z,-9.484,151.909,83,4.3,"183 km ENE of Alotau, Papua New Guinea"
1979-08-19T10:15:52.400Z,-10.252,117.519,33,4.3,"194 km S of Sumbawa Besar, Indonesia"
1979-08-08T22:00:08.200Z,-11.84,116.897,33,4.5,"South of Lombok, Indonesia"
1979-08-08T01:14:10.600Z,-9.868,154.398,33,4.3,D'Entrecasteaux Islands region
1979-08-02T22:11:02.900Z,-10.219,117.784,33,5,"195 km SSE of Sumbawa Besar, Indonesia"
1979-07-16T01:43:15.200Z,-9.828,148.795,22,4,"132 km SSE of Popondetta, Papua New Guinea"
1979-07-14T09:40:50.700Z,-18.134,122.469,10,5.3,"5 km NW of Roebuck, Australia"
1979-07-10T11:29:47.100Z,-9.821,154.848,33,5.2,"290 km SW of Gizo, Solomon Islands"
1979-06-27T17:46:06.800Z,-11.362,117.795,33,4.2,"south of Sumbawa, Indonesia"
1979-06-26T21:35:01.000Z,-10.538,116.776,38,5,"210 km SSE of Praya, Indonesia"
1979-06-07T13:25:21.300Z,-11.561,118.157,33,4.6,"south of Sumbawa, Indonesia"
1979-06-07T06:45:14.400Z,-30.769,117.206,10,4.9,"109 km NNE of Northam, Australia"
1979-06-03T07:45:32.900Z,-30.832,117.253,10,5.1,"106 km NNE of Northam, Australia"
1979-06-02T09:47:58.100Z,-30.812,117.179,6,6.1,"104 km NNE of Northam, Australia"
1979-06-01T21:53:59.900Z,-30.744,117.308,10,4.9,"117 km NNE of Northam, Australia"
1979-05-27T14:22:46.300Z,-9.691,154.221,26,5.8,D'Entrecasteaux Islands region
1979-05-27T11:56:32.500Z,-9.801,154.197,12,5.4,D'Entrecasteaux Islands region
1979-05-09T19:22:09.200Z,-9.345,155.442,33,4.8,"206 km SW of Gizo, Solomon Islands"
1979-05-09T02:18:13.700Z,-16.208,119.856,33,4.5,northwest of Australia
1979-05-01T04:36:28.300Z,-9.068,123.877,33,5.3,"57 km WNW of Pante Makasar, Timor Leste"
1979-04-27T20:14:35.700Z,-16.521,120.202,33,4.8,"264 km NW of Bilingurr, Australia"
1979-04-25T22:13:56.600Z,-16.563,120.283,33,4.4,"255 km NW of Bilingurr, Australia"
1979-04-23T05:45:10.100Z,-16.535,120.175,33,5.9,"266 km NW of Bilingurr, Australia"
1979-04-22T21:06:11.100Z,-16.919,120.5,33,4.7,"213 km WNW of Bilingurr, Australia"
1979-04-20T01:15:11.400Z,-11.227,118.383,33,5.3,"269 km SW of Waingapu, Indonesia"
1979-04-18T07:35:39.300Z,-11.254,119.248,33,5,"209 km SSW of Waingapu, Indonesia"
1979-03-29T03:02:35.400Z,-11.669,117.017,33,4.8,"south of Sumbawa, Indonesia"
1979-03-28T16:16:47.800Z,-11.334,116.902,25,5.3,"298 km SSE of Praya, Indonesia"
1979-03-28T02:29:20.300Z,-11.146,119.442,33,4.3,"187 km SSW of Waingapu, Indonesia"
1979-03-13T22:18:39.600Z,-10.946,119.371,33,5.1,"172 km SW of Waingapu, Indonesia"
1979-03-09T01:26:33.800Z,-9.558,147.959,33,6.1,"79 km SSE of Kokoda, Papua New Guinea"
1979-03-07T14:01:34.500Z,-11.765,120.94,33,5,"244 km SSE of Waingapu, Indonesia"
1979-02-28T20:54:06.800Z,-12.015,117.027,33,4.2,"south of Sumbawa, Indonesia"
1979-02-18T11:08:59.000Z,-10.997,118.214,33,4.7,"269 km WSW of Waingapu, Indonesia"
1978-12-22T00:15:45.800Z,-12.404,121.923,34,4.3,south of Timor
1978-12-19T05:52:49.300Z,-9.083,124.319,71,4.4,"14 km NNW of Pante Makasar, Timor Leste"
1978-12-19T01:40:18.300Z,-10.813,117.661,33,4.1,"257 km S of Sumbawa Besar, Indonesia"
1978-12-16T10:45:47.000Z,-9.973,113.893,33,4.5,"176 km S of Gambiran Satu, Indonesia"
1978-12-10T04:16:00.900Z,-9.524,119.293,42,5.1,"105 km SSW of Komodo, Indonesia"
1978-12-08T22:01:08.600Z,-11.522,116.77,33,4.1,"South of Lombok, Indonesia"
1978-12-02T08:27:59.600Z,-11.731,117.744,33,4.8,"south of Sumbawa, Indonesia"
1978-11-28T17:33:36.100Z,-23.336,152.553,19,4.8,"117 km NE of Agnes Water, Australia"
1978-11-13T04:34:55.000Z,-11.555,118.017,33,4.9,"south of Sumbawa, Indonesia"
1978-10-06T01:49:09.000Z,-10.207,118.99,36,5.3,"152 km WSW of Waingapu, Indonesia"
1978-10-05T15:56:27.100Z,-10.143,118.854,43,5.4,"163 km WSW of Waingapu, Indonesia"
1978-09-29T07:04:58.900Z,-9.126,119.129,59,5.1,"71 km SW of Komodo, Indonesia"
1978-07-30T17:20:32.200Z,-9.186,111.823,67,4.9,"118 km S of Boyolangu, Indonesia"
1978-07-28T18:04:42.600Z,-10.066,121.688,53,5.4,"135 km S of Ende, Indonesia"
1978-07-18T21:48:20.300Z,-11.647,117.721,33,5.3,"south of Sumbawa, Indonesia"
1978-06-29T19:06:19.800Z,-21.906,126.368,33,5,Western Australia
1978-06-07T08:15:58.900Z,-10.667,117.5,33,4.7,"240 km S of Sumbawa Besar, Indonesia"
1978-06-04T18:24:49.000Z,-9.5,117.518,33,4.8,"111 km S of Sumbawa Besar, Indonesia"
1978-05-09T19:38:41.600Z,-11.678,117.323,33,5.3,"south of Sumbawa, Indonesia"
1978-05-04T18:11:43.300Z,-10.242,117.023,35,5.5,"188 km SSE of Praya, Indonesia"
1978-05-01T11:41:24.200Z,-9.303,124.906,53,5.5,"21 km S of Atambua, Indonesia"
1978-04-22T19:55:04.400Z,-11.011,118.935,33,5.2,"208 km SW of Waingapu, Indonesia"
1978-04-13T21:11:44.300Z,-11.472,118.572,33,5,"273 km SW of Waingapu, Indonesia"
1978-04-11T10:27:04.800Z,-11.843,116.859,33,5.1,"South of Lombok, Indonesia"
1978-04-11T02:41:41.000Z,-9.461,148.943,13,5.9,"109 km SE of Popondetta, Papua New Guinea"
1978-04-10T20:52:18.900Z,-11.36,116.685,33,6.7,"297 km S of Praya, Indonesia"
1978-04-03T15:12:39.800Z,-10.248,117.54,33,4.8,"194 km S of Sumbawa Besar, Indonesia"
1978-03-27T21:07:09.400Z,-9.896,125.479,33,4.7,"68 km SSE of Suai, Timor Leste"
1978-03-27T08:04:59.500Z,-11.299,118.493,35,5,"265 km SW of Waingapu, Indonesia"
1978-03-15T14:46:23.700Z,-9.622,116.411,94,5.4,"102 km S of Praya, Indonesia"
1978-03-11T11:54:42.100Z,-10.858,119.111,33,5.5,"183 km SW of Waingapu, Indonesia"
1978-03-10T18:01:44.800Z,-11.136,119.075,33,5.5,"209 km SW of Waingapu, Indonesia"
1978-03-10T17:25:30.700Z,-10.925,119.05,33,5.3,"193 km SW of Waingapu, Indonesia"
1978-03-10T13:58:40.500Z,-11.128,119.124,33,5.3,"205 km SW of Waingapu, Indonesia"
1978-03-03T07:26:44.200Z,-11.316,118.485,33,5,"267 km SW of Waingapu, Indonesia"
1978-02-25T14:12:04.100Z,-9.767,117.229,33,5.1,"142 km S of Sumbawa Besar, Indonesia"
1978-02-25T08:42:46.700Z,-9.999,117.188,33,4.7,"168 km S of Sumbawa Besar, Indonesia"
1978-02-25T07:54:53.800Z,-10.131,117.096,39,5,"181 km SSE of Praya, Indonesia"
1978-02-25T07:48:11.500Z,-9.524,117.578,33,4.7,"115 km S of Sumbawa Besar, Indonesia"
1978-02-25T06:10:35.800Z,-9.662,117.114,33,5.6,"133 km SSW of Sumbawa Besar, Indonesia"
1978-02-16T17:48:42.200Z,-11.216,118.861,33,5.1,"230 km SW of Waingapu, Indonesia"
1978-01-14T14:55:52.100Z,-10.814,113.509,42,5.4,"276 km SSW of Gambiran Satu, Indonesia"
1978-01-07T09:16:36.200Z,-10.684,118.914,33,5.2,"186 km SW of Waingapu, Indonesia"
1978-01-06T07:32:20.400Z,-11.273,118.236,33,5.3,"285 km SW of Waingapu, Indonesia"
1977-12-23T10:25:17.300Z,-10.726,117.608,33,4.9,"247 km S of Sumbawa Besar, Indonesia"
1977-12-20T13:44:43.000Z,-9.026,125.071,33,4.6,"16 km WSW of Maliana, Timor Leste"
1977-12-17T01:38:50.400Z,-11.047,119.349,33,5,"183 km SSW of Waingapu, Indonesia"
1977-12-13T15:42:10.200Z,-11.258,118.106,33,5,"295 km SW of Waingapu, Indonesia"
1977-12-06T17:52:35.200Z,-11.221,118.256,33,5.7,"279 km SW of Waingapu, Indonesia"
1977-12-03T12:50:22.500Z,-11.373,118.132,33,5.3,"south of Sumbawa, Indonesia"
1977-12-02T13:32:37.500Z,-37.662,144.396,33,4.2,"3 km WNW of Bacchus Marsh, Australia"
1977-11-30T13:57:06.400Z,-11.671,116.205,33,5.1,"South of Lombok, Indonesia"
1977-11-29T18:23:02.400Z,-10.857,119.172,33,4.9,"178 km SW of Waingapu, Indonesia"
1977-11-29T11:55:11.900Z,-11.788,116.929,33,4.9,"South of Lombok, Indonesia"
1977-11-27T19:49:10.400Z,-10.977,121.328,33,5.3,"186 km SE of Waingapu, Indonesia"
1977-11-19T17:33:28.400Z,-10.125,117.436,33,4.9,"180 km S of Sumbawa Besar, Indonesia"
1977-11-17T17:56:25.500Z,-30.535,123.858,33,4.9,"203 km E of Stoneville, Australia"
1977-11-14T17:58:34.800Z,-11.451,116.965,33,5.3,"South of Lombok, Indonesia"
1977-11-10T09:13:37.000Z,-9.519,123.262,37,5.4,"56 km W of Naisano Dua, Indonesia"
1977-11-04T16:55:12.300Z,-10.229,117.369,33,4.9,"192 km S of Sumbawa Besar, Indonesia"
1977-11-04T16:02:34.600Z,-10.015,117.369,33,4.9,"168 km S of Sumbawa Besar, Indonesia"
1977-11-02T16:16:30.400Z,-9.024,123.925,108,4.8,"54 km WNW of Pante Makasar, Timor Leste"
1977-10-31T23:45:23.300Z,-10.238,118.033,33,5,"194 km SSW of Dompu, Indonesia"
1977-10-31T18:56:34.300Z,-10.447,117.526,39,5,"216 km S of Sumbawa Besar, Indonesia"
1977-10-31T08:14:09.700Z,-11.437,118.225,33,6.3,"297 km SW of Waingapu, Indonesia"
1977-10-30T01:50:59.100Z,-10.213,118.729,33,5.7,"179 km WSW of Waingapu, Indonesia"
1977-10-28T10:11:03.500Z,-10.568,118.74,33,4.8,"195 km WSW of Waingapu, Indonesia"
1977-10-25T22:50:02.700Z,-10.216,118.875,33,5,"164 km WSW of Waingapu, Indonesia"
1977-10-25T06:50:44.600Z,-9.693,117.221,33,5.6,"134 km S of Sumbawa Besar, Indonesia"
1977-10-24T13:43:45.300Z,-11.102,118.838,33,4.8,"223 km SW of Waingapu, Indonesia"
1977-10-21T11:48:34.200Z,-10.402,117.667,33,5.7,"212 km S of Sumbawa Besar, Indonesia"
1977-10-20T11:35:23.500Z,-9.776,117.098,33,5.3,"146 km SSW of Sumbawa Besar, Indonesia"
1977-10-18T07:11:56.000Z,-10.232,118.183,33,5.3,"190 km S of Dompu, Indonesia"
1977-10-17T09:53:35.400Z,-9.729,117.107,33,5,"140 km SSW of Sumbawa Besar, Indonesia"
1977-10-16T23:13:01.800Z,-9.987,117.596,33,5,"166 km S of Sumbawa Besar, Indonesia"
1977-10-16T21:22:08.500Z,-9.752,117.155,33,5.5,"142 km SSW of Sumbawa Besar, Indonesia"
1977-10-16T21:09:17.700Z,-9.733,117.118,33,5.8,"141 km SSW of Sumbawa Besar, Indonesia"
1977-10-16T01:46:28.900Z,-11.457,118.055,33,5.2,"south of Sumbawa, Indonesia"
1977-10-14T20:26:20.500Z,-11.661,120.973,33,5.2,"234 km SSE of Waingapu, Indonesia"
1977-10-14T04:24:50.900Z,-9.263,117.541,33,4.6,"86 km S of Sumbawa Besar, Indonesia"
1977-10-12T01:22:09.200Z,-11.165,119.379,33,5.6,"192 km SSW of Waingapu, Indonesia"
1977-10-11T02:04:35.600Z,-9.992,117.465,33,5.1,"165 km S of Sumbawa Besar, Indonesia"
1977-10-09T16:57:04.000Z,-9.995,117.51,33,5.6,"166 km S of Sumbawa Besar, Indonesia"
1977-10-09T12:16:56.200Z,-10.162,117.376,33,5.3,"184 km S of Sumbawa Besar, Indonesia"
1977-10-09T10:03:21.900Z,-9.925,117.29,33,5.6,"159 km S of Sumbawa Besar, Indonesia"
1977-10-09T00:54:17.700Z,-9.945,117.493,33,4.9,"160 km S of Sumbawa Besar, Indonesia"
1977-10-08T19:30:01.800Z,-10.019,117.303,33,5.2,"169 km S of Sumbawa Besar, Indonesia"
1977-10-08T18:59:47.900Z,-9.963,117.428,33,5.2,"162 km S of Sumbawa Besar, Indonesia"
1977-10-08T18:08:23.400Z,-9.945,117.344,33,5.4,"160 km S of Sumbawa Besar, Indonesia"
1977-10-08T10:52:32.600Z,-9.815,117.36,33,5.4,"146 km S of Sumbawa Besar, Indonesia"
1977-10-08T06:55:59.100Z,-10.321,117.599,33,5,"203 km S of Sumbawa Besar, Indonesia"
1977-10-08T04:34:05.900Z,-9.995,117.5,33,5,"166 km S of Sumbawa Besar, Indonesia"
1977-10-08T01:58:54.200Z,-10.079,117.195,33,5.4,"177 km S of Sumbawa Besar, Indonesia"
1977-10-08T00:12:44.600Z,-10.942,119.092,33,5,"191 km SW of Waingapu, Indonesia"
1977-10-07T23:23:46.800Z,-9.998,117.146,33,5.5,"169 km S of Sumbawa Besar, Indonesia"
1977-10-07T22:47:03.900Z,-9.893,117.38,33,5.7,"154 km S of Sumbawa Besar, Indonesia"
1977-10-07T21:36:11.300Z,-9.916,117.29,33,5.8,"158 km S of Sumbawa Besar, Indonesia"
1977-10-07T21:26:14.600Z,-10.014,117.514,33,5.1,"168 km S of Sumbawa Besar, Indonesia"
1977-10-07T19:10:04.000Z,-9.828,117.254,33,5.4,"148 km S of Sumbawa Besar, Indonesia"
1977-10-07T19:04:16.800Z,-10.008,117.158,33,5.7,"170 km S of Sumbawa Besar, Indonesia"
1977-10-07T17:58:21.300Z,-9.858,117.128,33,5.3,"154 km SSW of Sumbawa Besar, Indonesia"
1977-10-07T17:36:46.200Z,-9.845,117.262,33,5.8,"150 km S of Sumbawa Besar, Indonesia"
1977-10-07T17:01:13.200Z,-9.932,117.318,33,5.6,"159 km S of Sumbawa Besar, Indonesia"
1977-10-07T16:50:49.100Z,-9.844,117.311,33,5.2,"149 km S of Sumbawa Besar, Indonesia"
1977-10-07T16:05:13.800Z,-9.972,117.566,33,5,"164 km S of Sumbawa Besar, Indonesia"
1977-10-07T15:20:04.000Z,-11.156,119.34,33,5.2,"194 km SSW of Waingapu, Indonesia"
1977-10-07T14:38:36.600Z,-11.265,119.346,33,5.5,"204 km SSW of Waingapu, Indonesia"
1977-10-07T12:23:05.600Z,-9.875,117.292,33,5.2,"153 km S of Sumbawa Besar, Indonesia"
1977-10-07T12:10:43.700Z,-9.952,117.319,33,6.3,"161 km S of Sumbawa Besar, Indonesia"
1977-10-07T10:50:38.900Z,-10.09,117.379,33,5.1,"176 km S of Sumbawa Besar, Indonesia"
1977-10-07T08:30:56.600Z,-9.91,117.299,33,5.4,"157 km S of Sumbawa Besar, Indonesia"
1977-10-07T06:24:02.500Z,-9.828,117.417,33,5,"147 km S of Sumbawa Besar, Indonesia"
1977-10-07T05:39:36.500Z,-10.081,117.656,33,5.6,"177 km S of Sumbawa Besar, Indonesia"
1977-10-07T04:45:43.200Z,-9.965,117.327,33,5.7,"163 km S of Sumbawa Besar, Indonesia"
1977-10-05T18:51:10.100Z,-11.191,117.167,33,5.6,"291 km SSE of Praya, Indonesia"
1977-10-05T18:04:11.800Z,-11.483,117.383,33,5.5,"south of Sumbawa, Indonesia"
1977-10-04T18:30:39.900Z,-9.638,150.623,10,5.3,"77 km NNE of Alotau, Papua New Guinea"
1977-10-04T18:17:04.300Z,-9.494,150.473,25,5.1,"90 km N of Alotau, Papua New Guinea"
1977-10-01T20:02:40.400Z,-10.186,117.497,19,5.4,"187 km S of Sumbawa Besar, Indonesia"
1977-10-01T13:37:25.100Z,-10.113,117.605,24,5.2,"180 km S of Sumbawa Besar, Indonesia"
1977-10-01T12:52:31.100Z,-10.078,117.497,33,5.6,"175 km S of Sumbawa Besar, Indonesia"
1977-09-30T18:39:31.100Z,-11.386,119.934,33,5.3,"194 km S of Waingapu, Indonesia"
1977-09-29T18:52:22.700Z,-11.311,118.22,33,5.3,"289 km SW of Waingapu, Indonesia"
1977-09-29T02:16:48.300Z,-11.425,118.295,33,5.4,"291 km SW of Waingapu, Indonesia"
1977-09-28T17:49:41.200Z,-11.336,118.021,33,5.5,"south of Sumbawa, Indonesia"
1977-09-27T21:39:15.600Z,-11.234,117.744,33,4.7,"south of Sumbawa, Indonesia"
1977-09-25T18:31:39.100Z,-11.298,117.245,33,5.6,"south of Sumbawa, Indonesia"
1977-09-24T03:49:33.400Z,-10.352,117.231,33,4.9,"206 km S of Sumbawa Besar, Indonesia"
1977-09-23T05:57:55.600Z,-11.206,118.217,33,6,"282 km SW of Waingapu, Indonesia"
1977-09-20T21:55:42.500Z,-10.035,117.823,33,4.7,"176 km SSE of Sumbawa Besar, Indonesia"
1977-09-16T23:47:53.200Z,-11.426,119.396,33,5.1,"south of Sumba, Indonesia"
1977-09-16T18:11:34.000Z,-11.482,117.865,33,4.6,"south of Sumbawa, Indonesia"
1977-09-16T12:22:50.800Z,-10.468,117.643,33,5.2,"219 km S of Sumbawa Besar, Indonesia"
1977-09-16T06:30:12.300Z,-11.309,118.053,33,5.5,"south of Sumbawa, Indonesia"
1977-09-16T04:40:05.800Z,-10.162,118.234,33,5.2,"181 km S of Dompu, Indonesia"
1977-09-15T18:33:29.300Z,-9.197,123.182,45,4.5,"78 km NW of Naisano Dua, Indonesia"
1977-09-15T15:39:08.200Z,-11.969,116.68,33,4.8,"South of Lombok, Indonesia"
1977-09-15T13:48:44.500Z,-11.274,119.233,33,5.1,"211 km SSW of Waingapu, Indonesia"
1977-09-15T11:13:24.900Z,-10.402,117.448,33,5.1,"211 km S of Sumbawa Besar, Indonesia"
1977-09-15T02:46:09.000Z,-9.771,119.095,33,5.2,"128 km W of Waingapu, Indonesia"
1977-09-14T13:33:48.000Z,-10.982,113.483,24,5.3,"295 km SSW of Gambiran Satu, Indonesia"
1977-09-14T05:43:24.400Z,-11.338,119.591,33,4.7,"200 km SSW of Waingapu, Indonesia"
1977-09-14T00:59:07.200Z,-11.077,113.516,33,4.9,"south of Java, Indonesia"
1977-09-13T13:30:18.200Z,-11.254,119.364,33,5.4,"202 km SSW of Waingapu, Indonesia"
1977-09-13T03:01:41.500Z,-9.233,112.282,40,5.2,"120 km S of Sumberpucung, Indonesia"
1977-09-13T00:03:30.100Z,-11.302,120.112,33,4.6,"182 km S of Waingapu, Indonesia"
1977-09-12T23:25:28.400Z,-11.342,119.809,33,4.6,"192 km SSW of Waingapu, Indonesia"
1977-09-12T09:45:34.600Z,-11.468,117.971,33,5.2,"south of Sumbawa, Indonesia"
1977-09-11T14:16:03.500Z,-9.143,112.31,49,5,"110 km S of Sumberpucung, Indonesia"
1977-09-10T22:54:54.000Z,-11.173,119.506,33,5,"187 km SSW of Waingapu, Indonesia"
1977-09-10T22:22:16.800Z,-11.709,116.85,33,4.5,"South of Lombok, Indonesia"
1977-09-09T05:34:28.200Z,-11.223,119.356,33,5.5,"199 km SSW of Waingapu, Indonesia"
1977-09-08T23:18:34.500Z,-11.009,119.792,33,5.2,"158 km SSW of Waingapu, Indonesia"
1977-09-07T11:39:11.600Z,-11.298,116.863,33,5.1,"294 km SSE of Praya, Indonesia"
1977-09-07T02:44:26.000Z,-10.07,115.516,33,5.1,"143 km SSE of Nusa Dua, Indonesia"
1977-09-07T01:19:23.500Z,-11.102,119.508,33,5.5,"180 km SSW of Waingapu, Indonesia"
1977-09-06T21:59:21.200Z,-9.571,118.218,33,5.2,"117 km SSW of Dompu, Indonesia"
1977-09-06T18:12:10.200Z,-11.208,119.433,33,5,"194 km SSW of Waingapu, Indonesia"
1977-09-06T17:26:06.100Z,-11.167,119.679,33,4.8,"178 km SSW of Waingapu, Indonesia"
1977-09-06T17:12:58.900Z,-11.154,119.611,33,5.3,"180 km SSW of Waingapu, Indonesia"
1977-09-06T15:30:33.400Z,-11.223,119.465,33,4.9,"194 km SSW of Waingapu, Indonesia"
1977-09-05T18:57:22.800Z,-11.208,119.511,33,4.8,"190 km SSW of Waingapu, Indonesia"
1977-09-05T14:14:05.200Z,-11.187,119.531,33,4.9,"187 km SSW of Waingapu, Indonesia"
1977-09-05T11:16:59.700Z,-11.127,118.256,33,5.7,"273 km SW of Waingapu, Indonesia"
1977-09-05T02:49:31.700Z,-11.236,119.471,33,4.8,"195 km SSW of Waingapu, Indonesia"
1977-09-05T02:44:06.700Z,-11.213,119.618,33,4.9,"186 km SSW of Waingapu, Indonesia"
1977-09-04T03:44:00.400Z,-11.255,119.468,33,5.3,"197 km SSW of Waingapu, Indonesia"
1977-09-03T20:06:34.000Z,-11.305,119.52,33,5,"199 km SSW of Waingapu, Indonesia"
1977-09-03T13:33:05.200Z,-10.032,117.895,33,4.8,"176 km SSW of Dompu, Indonesia"
1977-09-02T10:36:28.300Z,-11.04,119.149,33,6,"195 km SW of Waingapu, Indonesia"
1977-09-02T08:20:03.300Z,-11.093,118.912,33,5.2,"217 km SW of Waingapu, Indonesia"
1977-09-02T03:56:14.900Z,-10.777,119.664,33,4.5,"140 km SSW of Waingapu, Indonesia"
1977-09-01T13:59:51.700Z,-10.049,118.513,33,4.7,"167 km S of Dompu, Indonesia"
1977-09-01T13:51:12.000Z,-11.2,118.858,33,5.2,"229 km SW of Waingapu, Indonesia"
1977-09-01T13:13:43.500Z,-11.739,117.467,33,5.6,"south of Sumbawa, Indonesia"
1977-09-01T11:25:42.100Z,-11.233,117.933,33,5.3,"south of Sumbawa, Indonesia"
1977-08-30T22:54:39.700Z,-11.138,119.565,33,4.6,"180 km SSW of Waingapu, Indonesia"
1977-08-30T21:10:53.500Z,-10.976,119.123,33,5.5,"192 km SW of Waingapu, Indonesia"
1977-08-30T18:29:01.400Z,-11.15,119.435,33,5,"188 km SSW of Waingapu, Indonesia"
1977-08-30T14:14:02.900Z,-11.31,118.305,33,4.5,"281 km SW of Waingapu, Indonesia"
1977-08-30T12:58:56.000Z,-9.913,117.717,33,5,"160 km SSE of Sumbawa Besar, Indonesia"
1977-08-29T19:00:50.700Z,-11.787,121.43,33,4.9,"267 km SSE of Waingapu, Indonesia"
1977-08-29T09:52:53.200Z,-10.343,118.17,33,4.9,"202 km S of Dompu, Indonesia"
1977-08-29T06:39:58.600Z,-11.167,119.04,33,5.1,"214 km SW of Waingapu, Indonesia"
1977-08-28T03:57:17.700Z,-11.064,119.124,33,4.8,"199 km SW of Waingapu, Indonesia"
1977-08-27T17:27:09.300Z,-11.122,118.259,33,5.3,"272 km SW of Waingapu, Indonesia"
1977-08-26T08:26:37.500Z,-10.667,119.301,33,5.7,"153 km SW of Waingapu, Indonesia"
1977-08-26T01:41:40.900Z,-11.433,117.869,33,5.3,"south of Sumbawa, Indonesia"
1977-08-25T23:11:59.000Z,-10.057,118.355,33,5.5,"168 km S of Dompu, Indonesia"
1977-08-25T22:20:36.800Z,-11.495,117.599,33,4.6,"south of Sumbawa, Indonesia"
1977-08-25T21:40:12.200Z,-10.808,119.284,33,5.5,"166 km SW of Waingapu, Indonesia"
1977-08-25T20:08:12.400Z,-10.92,119.344,33,4.8,"172 km SW of Waingapu, Indonesia"
1977-08-25T19:08:16.700Z,-10.89,119.215,33,5.4,"178 km SW of Waingapu, Indonesia"
1977-08-25T18:09:10.100Z,-10.443,119.072,33,6.1,"156 km WSW of Waingapu, Indonesia"
1977-08-25T18:05:10.800Z,-10.743,119.268,33,6.1,"162 km SW of Waingapu, Indonesia"
1977-08-25T06:20:48.000Z,-11.243,118.649,33,5,"249 km SW of Waingapu, Indonesia"
1977-08-24T22:17:40.500Z,-11.128,118.095,33,5.2,"287 km SW of Waingapu, Indonesia"
1977-08-24T19:00:14.800Z,-10.112,118.107,33,5,"178 km SSW of Dompu, Indonesia"
1977-08-24T09:42:01.200Z,-11.298,118.137,33,5.6,"295 km SW of Waingapu, Indonesia"
1977-08-24T02:21:41.300Z,-11.16,119.12,33,4.9,"208 km SW of Waingapu, Indonesia"
1977-08-24T02:08:19.500Z,-10.196,117.96,33,5.4,"191 km SSW of Dompu, Indonesia"
1977-08-23T23:06:13.500Z,-11.334,118.224,33,5.4,"290 km SW of Waingapu, Indonesia"
1977-08-23T15:42:59.600Z,-10.984,119.455,33,5.4,"171 km SSW of Waingapu, Indonesia"
1977-08-23T10:24:12.100Z,-11.394,117.664,33,5.7,"south of Sumbawa, Indonesia"
1977-08-23T03:03:33.200Z,-11.281,119.271,33,4.6,"209 km SSW of Waingapu, Indonesia"
1977-08-23T01:14:04.700Z,-10.12,117.799,33,4.6,"184 km SSE of Sumbawa Besar, Indonesia"
1977-08-22T22:26:26.900Z,-9.046,118.537,33,4.8,"56 km S of Dompu, Indonesia"
1977-08-22T20:55:15.400Z,-11.259,116.457,33,4.9,"283 km S of Praya, Indonesia"
1977-08-22T17:44:19.200Z,-11.324,116.32,33,5.2,"288 km S of Lembar, Indonesia"
1977-08-22T07:10:53.700Z,-11.014,119.175,33,5.1,"191 km SW of Waingapu, Indonesia"
1977-08-21T20:37:46.300Z,-10.734,119.142,33,5.5,"171 km SW of Waingapu, Indonesia"
1977-08-21T20:29:41.500Z,-10.858,119.221,33,5.6,"175 km SW of Waingapu, Indonesia"
1977-08-21T15:36:48.500Z,-11.186,119.144,33,5.7,"208 km SW of Waingapu, Indonesia"
1977-08-21T12:28:44.200Z,-11.585,117.858,33,5.1,"south of Sumbawa, Indonesia"
1977-08-21T10:39:56.000Z,-10.969,119.162,33,5.2,"188 km SW of Waingapu, Indonesia"
1977-08-21T09:29:35.200Z,-11.278,119.331,33,5.3,"206 km SSW of Waingapu, Indonesia"
1977-08-21T09:16:43.800Z,-11.297,119.471,33,5.1,"201 km SSW of Waingapu, Indonesia"
1977-08-21T07:51:37.000Z,-11.107,119.336,33,5.2,"189 km SSW of Waingapu, Indonesia"
1977-08-21T06:50:33.100Z,-11.156,118.828,33,5.4,"228 km SW of Waingapu, Indonesia"
1977-08-21T06:29:09.500Z,-11.268,118.939,33,5,"229 km SW of Waingapu, Indonesia"
1977-08-21T02:21:31.900Z,-10.947,119.067,33,5.4,"193 km SW of Waingapu, Indonesia"
1977-08-21T02:12:25.500Z,-11.156,119.005,33,5.4,"215 km SW of Waingapu, Indonesia"
1977-08-21T01:49:45.300Z,-11.045,119.214,33,5.1,"191 km SW of Waingapu, Indonesia"
1977-08-20T21:31:33.400Z,-11.327,118.844,33,4.9,"241 km SW of Waingapu, Indonesia"
1977-08-20T19:44:00.400Z,-10.686,119.135,33,5.2,"168 km SW of Waingapu, Indonesia"
1977-08-20T19:16:32.700Z,-11.039,119.135,33,6.1,"196 km SW of Waingapu, Indonesia"
1977-08-20T15:39:17.700Z,-11.671,117.901,33,4.6,"south of Sumbawa, Indonesia"
1977-08-20T12:36:05.900Z,-11.154,119.305,33,4.8,"196 km SSW of Waingapu, Indonesia"
1977-08-20T11:17:24.000Z,-11.108,119.174,33,5.1,"200 km SW of Waingapu, Indonesia"
1977-08-20T09:21:50.300Z,-11.108,119.127,33,5.8,"203 km SW of Waingapu, Indonesia"
1977-08-20T07:12:03.100Z,-11.016,119.074,33,5,"198 km SW of Waingapu, Indonesia"
1977-08-20T05:03:53.700Z,-10.981,119.106,33,4.5,"193 km SW of Waingapu, Indonesia"
1977-08-20T04:20:30.700Z,-11.099,118.24,33,6,"273 km SW of Waingapu, Indonesia"
1977-08-20T03:58:41.100Z,-10.913,119.053,33,5.8,"192 km SW of Waingapu, Indonesia"
1977-08-19T22:22:52.500Z,-11.939,117.078,33,4.9,"south of Sumbawa, Indonesia"
1977-08-19T21:35:03.300Z,-10.885,119.229,33,5.8,"176 km SW of Waingapu, Indonesia"
1977-08-19T20:51:16.600Z,-11.243,118.875,33,5.3,"232 km SW of Waingapu, Indonesia"
1977-08-19T20:20:18.600Z,-10.926,119.148,33,5.8,"186 km SW of Waingapu, Indonesia"
1977-08-19T19:38:59.700Z,-10.803,119.142,33,5.8,"176 km SW of Waingapu, Indonesia"
1977-08-19T17:40:45.500Z,-11.352,118.014,33,5.3,"south of Sumbawa, Indonesia"
1977-08-19T16:22:31.000Z,-10.908,119.104,33,5,"187 km SW of Waingapu, Indonesia"
1977-08-19T16:04:44.700Z,-10.942,119.093,33,5.1,"191 km SW of Waingapu, Indonesia"
1977-08-19T15:51:24.000Z,-10.945,119.091,33,5.3,"191 km SW of Waingapu, Indonesia"
1977-08-19T15:28:05.600Z,-11.347,118.262,33,5.3,"288 km SW of Waingapu, Indonesia"
1977-08-19T15:12:12.500Z,-11.042,119.319,33,5.1,"184 km SW of Waingapu, Indonesia"
1977-08-19T14:54:00.800Z,-10.866,119.174,33,5,"179 km SW of Waingapu, Indonesia"
1977-08-19T14:22:38.300Z,-10.749,119.294,33,5.4,"160 km SW of Waingapu, Indonesia"
1977-08-19T13:32:11.900Z,-10.658,119.328,33,5.2,"150 km SW of Waingapu, Indonesia"
1977-08-19T13:23:37.000Z,-10.803,119.174,33,5.8,"174 km SW of Waingapu, Indonesia"
1977-08-19T12:21:11.300Z,-11.458,117.721,33,5,"south of Sumbawa, Indonesia"
1977-08-19T11:33:27.800Z,-11.018,118.728,33,5.6,"225 km SW of Waingapu, Indonesia"
1977-08-19T11:08:52.900Z,-10.954,119.099,33,5.1,"192 km SW of Waingapu, Indonesia"
1977-08-19T10:50:34.700Z,-10.844,119.232,33,5.4,"173 km SW of Waingapu, Indonesia"
1977-08-19T10:27:47.200Z,-10.671,119.044,33,5.2,"174 km SW of Waingapu, Indonesia"
1977-08-19T08:57:09.500Z,-10.748,119.688,33,5.1,"136 km SSW of Waingapu, Indonesia"
1977-08-19T07:38:05.400Z,-10.192,117.412,33,5.5,"187 km S of Sumbawa Besar, Indonesia"
1977-08-19T07:35:58.900Z,-11.052,119.064,33,5,"202 km SW of Waingapu, Indonesia"
1977-08-19T07:10:53.010Z,-11.001,119.11,15,5.52,"195 km SW of Waingapu, Indonesia"
1977-08-19T06:43:30.600Z,-10.566,118.386,33,6.1,"224 km S of Dompu, Indonesia"
1977-08-19T06:08:54.450Z,-11.154,118.385,15.9,8.3,"1977 Sumba, Indonesia Earthquake"
1977-08-19T05:08:41.600Z,-11.145,118.388,33,6.1,"263 km SW of Waingapu, Indonesia"
1977-08-15T02:09:58.200Z,-26.489,118.474,13,4.4,"174 km W of Wiluna, Australia"
1977-08-13T00:00:34.900Z,-9.341,148.362,33,4.7,"65 km SSE of Popondetta, Papua New Guinea"
1977-08-12T21:45:37.300Z,-9.244,148.28,33,5.5,"53 km S of Popondetta, Papua New Guinea"
1977-07-04T20:05:20.300Z,-34.634,148.85,20,4.2,"New South Wales, Australia"
1977-06-30T12:48:21.700Z,-34.618,148.911,20,4.2,"24 km N of Yass, Australia"
1977-06-27T03:04:39.100Z,-11.251,114.82,51,5.2,"274 km S of Jimbaran, Indonesia"
1977-06-10T08:24:32.400Z,-10.083,111.997,52,4.8,"217 km S of Boyolangu, Indonesia"
1977-05-25T15:30:06.900Z,-9.456,149.054,14,4.9,"118 km SE of Popondetta, Papua New Guinea"
1977-05-23T18:35:27.900Z,-9.449,123.976,133,4.9,"27 km NE of Naisano Dua, Indonesia"
1977-05-06T18:12:31.800Z,-9.551,118.336,76,5.1,"113 km S of Dompu, Indonesia"
1977-05-03T13:22:38.600Z,-10.265,112.152,45,5,"235 km S of Sumberpucung, Indonesia"
1977-05-01T01:05:09.500Z,-10.116,112.19,51,4.7,"218 km S of Sumberpucung, Indonesia"
1977-04-24T13:52:14.100Z,-11.234,125.317,33,4.5,"189 km SE of Soe, Indonesia"
1977-04-09T21:20:16.900Z,-9.228,111.683,67,5.1,"124 km S of Boyolangu, Indonesia"
1977-04-05T11:23:20.200Z,-9.362,111.687,61,5,"139 km S of Boyolangu, Indonesia"
1977-03-20T19:08:27.700Z,-11.041,116.799,33,4.6,"264 km SSE of Praya, Indonesia"
1977-02-26T15:00:31.600Z,-9.546,119.085,27,5.3,"114 km SSW of Komodo, Indonesia"
1977-02-22T17:06:57.600Z,-11.986,117.482,61,4.5,"south of Sumbawa, Indonesia"
1977-02-17T13:16:54.400Z,-9.547,120.673,90,5,"46 km ENE of Waingapu, Indonesia"
1977-02-07T19:16:49.800Z,-10.96,112.381,55,4.9,"south of Java, Indonesia"
1977-01-29T13:40:32.200Z,-9.207,111.243,33,5.1,"135 km SSW of Trenggalek, Indonesia"
1977-01-27T09:13:38.700Z,-9.364,118.96,33,4.8,"103 km SSE of Bima, Indonesia"
1977-01-19T15:58:32.700Z,-10.52,125.747,33,4.7,"143 km SSE of Suai, Timor Leste"
1977-01-02T09:55:28.400Z,-10.17,118.987,19,6.3,"151 km WSW of Waingapu, Indonesia"
1976-11-20T10:30:20.200Z,-10.263,124.129,57,4.5,"47 km SSW of Soe, Indonesia"
1976-09-18T13:36:35.200Z,-9.711,154.15,33,5.1,D'Entrecasteaux Islands region
1976-09-16T11:26:36.800Z,-9.214,148.139,15,5.9,"50 km SSW of Popondetta, Papua New Guinea"
1976-09-10T07:25:43.100Z,-10.107,150.994,23,5.2,"63 km ENE of Alotau, Papua New Guinea"
1976-09-02T03:46:22.400Z,-10.627,152.32,33,4.8,"181 km E of Samarai, Papua New Guinea"
1976-08-17T16:37:18.300Z,-42.435,120.177,33,4.6,south of Australia
1976-07-25T08:11:34.800Z,-9.641,154.164,33,5.1,D'Entrecasteaux Islands region
1976-07-20T10:03:24.700Z,-9.34,121.185,33,4.2,"75 km SW of Ende, Indonesia"
1976-07-07T19:53:50.800Z,-9.55,154.333,17,5.6,D'Entrecasteaux Islands region
1976-07-05T20:52:52.100Z,-9.02,123.549,117,4.7,"68 km NNW of Naisano Dua, Indonesia"
1976-05-23T05:03:12.500Z,-9.731,119.011,33,4.2,"136 km SSW of Komodo, Indonesia"
1976-04-12T05:53:56.100Z,-9.28,123.756,69,5.2,"35 km N of Naisano Dua, Indonesia"
1976-03-06T17:24:57.100Z,-10.045,117.408,32,5.3,"171 km S of Sumbawa Besar, Indonesia"
1976-02-26T14:32:11.700Z,-10.359,120.211,60,4.9,"77 km S of Waingapu, Indonesia"
1976-02-11T07:09:31.600Z,-9.988,117.073,52,4.8,"167 km SSE of Praya, Indonesia"
1976-02-01T14:25:54.400Z,-9.817,123.752,15,5.7,"24 km S of Naisano Dua, Indonesia"
1976-01-30T10:24:20.600Z,-9.997,123.683,8,5.3,"20 km NNE of Kupang, Indonesia"
1976-01-26T19:57:31.700Z,-10.476,120.178,33,4.5,"91 km S of Waingapu, Indonesia"
1976-01-21T04:47:45.800Z,-9.865,121.571,107,4.9,"113 km S of Ende, Indonesia"
1976-01-05T20:46:08.900Z,-9.5,118.334,111,5.2,"107 km S of Dompu, Indonesia"
1975-12-29T15:36:54.300Z,-9.872,150.306,10,4.1,"51 km NNW of Alotau, Papua New Guinea"
1975-11-08T18:50:28.200Z,-10.428,118.532,22,4.2,"208 km WSW of Waingapu, Indonesia"
1975-10-27T09:31:46.100Z,-9.357,110.827,70,5.7,"164 km SSE of Pundong, Indonesia"
1975-10-15T10:56:22.500Z,-11.639,119.087,33,5.6,"254 km SSW of Waingapu, Indonesia"
1975-10-03T11:51:09.400Z,-22.126,126.721,33,6,Western Australia
1975-09-06T14:08:51.700Z,-9.081,124.071,42,5,"36 km WNW of Pante Makasar, Timor Leste"
1975-09-02T15:31:59.500Z,-10.004,121.738,68,5.9,"128 km S of Ende, Indonesia"
1975-09-01T15:09:44.600Z,-9.848,122.085,56,4.8,"120 km SSE of Ende, Indonesia"
1975-08-10T15:57:24.700Z,-10.6,112.635,43,5.1,"264 km S of Dampit, Indonesia"
1975-08-08T04:40:33.000Z,-10.28,123.797,21,5.1,"24 km ESE of Kupang, Indonesia"
1975-08-02T14:35:46.900Z,-10.577,123.956,34,4.5,"58 km SE of Kupang, Indonesia"
1975-07-31T15:17:38.800Z,-9.676,117.185,52,5.5,"133 km S of Sumbawa Besar, Indonesia"
1975-07-30T11:13:52.900Z,-10.101,123.603,33,4.7,"7 km N of Kupang, Indonesia"
1975-07-30T10:23:40.800Z,-9.801,123.795,19,5.5,"22 km S of Naisano Dua, Indonesia"
1975-07-30T09:20:45.000Z,-9.793,123.952,33,5.7,"29 km SE of Naisano Dua, Indonesia"
1975-07-30T09:17:12.900Z,-10.002,123.8,16,6.1,"28 km NE of Kupang, Indonesia"
1975-07-24T22:23:46.800Z,-21.342,120.448,33,5.5,"69 km NNE of Nullagine, Australia"
1975-06-28T11:20:30.600Z,-9.193,117.63,67,4.9,"80 km SSE of Sumbawa Besar, Indonesia"
1975-05-29T14:48:19.300Z,-9.196,120.322,97,5.2,"51 km N of Waingapu, Indonesia"
1975-05-20T21:33:10.100Z,-9.601,118.922,62,5.8,"128 km S of Bima, Indonesia"
1975-03-09T08:19:00.000Z,-9.872,124.897,33,4.6,"65 km SE of Kefamenanu, Indonesia"
1975-02-20T22:32:50.700Z,-9.331,114.577,89,5.3,"87 km SW of Jimbaran, Indonesia"
1975-02-19T12:08:51.500Z,-11.276,118.012,33,5.1,"south of Sumbawa, Indonesia"
1975-02-07T16:50:19.700Z,-9.796,116.365,33,4.9,"121 km S of Praya, Indonesia"
1975-01-27T15:10:01.800Z,-9.908,119.352,33,5.7,"103 km WSW of Waingapu, Indonesia"
1975-01-20T13:39:54.400Z,-9.604,113.948,89,5.4,"135 km S of Gambiran Satu, Indonesia"
1975-01-02T05:46:33.500Z,-9.501,155.085,23,5.4,"247 km SW of Gizo, Solomon Islands"
1974-12-08T11:37:42.000Z,-9.668,150.427,5,5.2,"71 km N of Alotau, Papua New Guinea"
1974-12-04T14:30:03.100Z,-9.549,155.776,21,5.2,"198 km SW of Gizo, Solomon Islands"
1974-12-04T14:20:15.100Z,-9.461,155.73,17,5.2,"193 km SW of Gizo, Solomon Islands"
1974-11-17T14:53:41.900Z,-21.909,126.478,11,5,Western Australia
1974-11-17T12:02:53.600Z,-10.202,123.782,33,5,"19 km E of Kupang, Indonesia"
1974-11-03T04:45:36.600Z,-9.876,150.129,21,4.1,"60 km NW of Alotau, Papua New Guinea"
1974-11-02T21:43:16.800Z,-10.103,112.637,39,5.4,"209 km S of Dampit, Indonesia"
1974-10-22T00:21:38.900Z,-9.086,123.225,91,4.8,"82 km NW of Naisano Dua, Indonesia"
1974-10-21T19:27:52.600Z,-10.939,111.842,33,4.7,"south of Java, Indonesia"
1974-10-17T22:04:23.200Z,-9.477,113.247,33,4.3,"132 km S of Kencong, Indonesia"
1974-09-25T15:49:37.500Z,-9.856,150.04,10,5.4,"68 km NW of Alotau, Papua New Guinea"
1974-08-16T09:26:48.300Z,-9.504,120.467,21,4.3,"27 km NE of Waingapu, Indonesia"
1974-08-08T02:45:43.500Z,-10.144,118.899,33,5.2,"159 km WSW of Waingapu, Indonesia"
1974-07-03T21:36:51.300Z,-10.063,121.651,33,5.2,"134 km S of Ende, Indonesia"
1974-06-26T17:36:32.200Z,-9.689,151.802,18,5.2,"161 km NE of Samarai, Papua New Guinea"
1974-05-30T16:25:23.700Z,-10.714,114.098,53,5,"242 km SSW of Jimbaran, Indonesia"
1974-05-30T16:14:05.800Z,-10.607,114.184,48,4.9,"227 km SSW of Jimbaran, Indonesia"
1974-05-29T08:33:54.800Z,-10.599,114.044,61,4.8,"234 km SSW of Jimbaran, Indonesia"
1974-05-29T05:23:07.900Z,-10.752,113.964,67,4.8,"253 km SSW of Jimbaran, Indonesia"
1974-05-20T16:28:37.200Z,-10.811,113.971,33,5.3,"258 km SSW of Jimbaran, Indonesia"
1974-05-19T09:14:25.300Z,-10.879,114.022,26,5.4,"262 km SSW of Jimbaran, Indonesia"
1974-05-17T21:18:07.600Z,-10.741,114.041,33,5.3,"248 km SSW of Jimbaran, Indonesia"
1974-05-12T03:50:52.800Z,-9.361,123.389,82,4.6,"49 km WNW of Naisano Dua, Indonesia"
1974-05-09T05:53:13.300Z,-10.518,113.803,33,5,"237 km SSW of Muncar, Indonesia"
1974-05-03T20:25:21.500Z,-9.094,118.614,33,4.9,"63 km SSE of Dompu, Indonesia"
1974-04-24T09:08:17.200Z,-9.577,118.118,68,5.5,"121 km SSW of Dompu, Indonesia"
1974-03-02T01:55:17.800Z,-9.641,119.351,52,5.4,"100 km W of Waingapu, Indonesia"
1974-02-05T05:12:15.000Z,-9.957,118.371,33,4.7,"157 km S of Dompu, Indonesia"
1974-01-03T17:38:16.300Z,-9.157,121.736,50,5,"35 km SSE of Ende, Indonesia"
1974-01-02T22:15:15.300Z,-9.395,121.961,33,5.3,"69 km SSE of Ende, Indonesia"
1973-12-28T03:13:38.400Z,-11.665,114.717,28,4.9,"south of Bali, Indonesia"
1973-12-19T04:43:01.500Z,-9.436,119.452,58,6,"92 km WNW of Waingapu, Indonesia"
1973-11-26T18:28:26.900Z,-9.228,121.065,92,5.1,"78 km WSW of Ende, Indonesia"
1973-09-13T07:17:31.600Z,-9.833,151.903,13,4.6,"160 km ENE of Samarai, Papua New Guinea"
1973-08-24T09:07:42.900Z,-9.54,124.996,33,4.4,"38 km SW of Suai, Timor Leste"
1973-07-28T05:46:15.500Z,-9.003,118.709,33,5.2,"58 km SSE of Dompu, Indonesia"
1973-07-16T08:41:24.600Z,-10.149,117.22,33,5.1,"184 km S of Sumbawa Besar, Indonesia"
1973-07-16T05:42:47.600Z,-10.246,117.107,33,5.5,"193 km SSE of Praya, Indonesia"
1973-07-16T03:59:30.300Z,-10.247,151.902,40,5.3,"141 km ENE of Samarai, Papua New Guinea"
1973-06-14T14:49:48.300Z,-10.19,120.53,33,5.6,"65 km SSE of Waingapu, Indonesia"
1973-05-22T22:04:58.400Z,-10.011,150.316,13,5.5,"37 km NNW of Alotau, Papua New Guinea"
1973-05-09T14:02:39.700Z,-9.863,150.353,33,5.1,"51 km NNW of Alotau, Papua New Guinea"
1973-05-02T01:26:20.900Z,-9.983,150.183,29,5.6,"47 km NW of Alotau, Papua New Guinea"
1973-05-01T10:40:46.900Z,-10.016,150.176,27,5.9,"45 km NW of Alotau, Papua New Guinea"
1973-04-26T03:56:23.500Z,-10.152,152.344,32,4.7,"191 km ENE of Samarai, Papua New Guinea"
1973-04-26T03:14:38.500Z,-10.02,152.337,36,4.7,"194 km ENE of Samarai, Papua New Guinea"
1973-04-10T19:55:55.800Z,-9.784,119.303,33,5.8,"106 km W of Waingapu, Indonesia"
1973-03-24T12:51:25.100Z,-9.165,111.098,33,4.9,"137 km SSW of Trenggalek, Indonesia"
1973-03-14T23:38:21.700Z,-9.273,124.92,33,4.8,"18 km S of Atambua, Indonesia"
1973-03-12T05:57:02.000Z,-9.408,111.142,38,5.4,"159 km SSW of Trenggalek, Indonesia"
1973-03-11T16:04:14.600Z,-21.675,127.473,33,5,Western Australia
1973-03-10T03:09:18.200Z,-22.037,127.472,33,5.2,Western Australia
1973-03-10T01:31:11.700Z,-21.867,127.322,33,5.3,Western Australia
1973-03-09T19:09:12.800Z,-34.131,150.266,13,5.5,"23 km WSW of Oakdale, Australia"
1973-01-23T15:26:18.600Z,-9.192,155.991,9,5.2,D'Entrecasteaux Islands region
1973-01-21T00:00:21.600Z,-9.386,122.163,33,5.2,"81 km SE of Ende, Indonesia"
1973-01-02T00:53:20.300Z,-9.854,117.427,66,5.5,"150 km S of Sumbawa Besar, Indonesia"
1973-01-01T03:46:09.800Z,-9.214,150.634,41,5.3,"123 km N of Alotau, Papua New Guinea"
1972-11-05T00:05:51.730Z,-9.671,122.201,31.4,6,"109 km SSE of Ende, Indonesia"
1972-10-17T21:23:17.220Z,-10.374,120.479,29,5.9,"82 km SSE of Waingapu, Indonesia"
1972-09-18T20:35:40.160Z,-9.967,119.55,52.4,5.6,"68 km SSE of Tambolaka, Indonesia"
1972-08-28T02:18:54.990Z,-25.002,136.348,10,5.27,"284 km ESE of Ross, Australia"
1972-08-17T17:29:51.520Z,-11.039,117.265,15,5.41,"257 km S of Taliwang, Indonesia"
1972-07-29T10:59:34.380Z,-10.655,114.129,15,5.14,"235 km SSW of Jimbaran, Indonesia"
1972-07-14T02:02:16.540Z,-10.604,113.957,15,5.39,"240 km SSW of Jimbaran, Indonesia"
1972-05-28T01:55:22.440Z,-10.988,116.95,26.9,6.38,"248 km S of Taliwang, Indonesia"
1972-05-04T04:11:35.830Z,-10.7,113.625,25,5.62,"261 km SSW of Gambiran Satu, Indonesia"
1971-03-28T17:56:58.030Z,-9.583,124.538,40,5.79,"16 km SSE of Kefamenanu, Indonesia"
1971-01-25T00:18:26.010Z,-9.735,151.433,22.9,6.12,"124 km ENE of Alotau, Papua New Guinea"
1970-12-24T01:49:56.650Z,-9.203,116.46,70.5,5.62,"58 km SSE of Praya, Indonesia"
1970-12-21T14:40:43.810Z,-9.073,116.412,70.2,5.98,"43 km SSE of Praya, Indonesia"
1970-07-01T04:27:01.160Z,-9.063,123.999,41,5.55,"44 km WNW of Pante Makasar, Timor Leste"
1970-04-22T11:38:02.240Z,-11.437,119.922,15,5.62,"200 km S of Waingapu, Indonesia"
1970-04-20T21:43:01.220Z,-9.994,119.12,30.7,5.73,"63 km SSW of Tambolaka, Indonesia"
1970-03-24T10:35:19.470Z,-22.033,126.721,10,6,Western Australia
1970-03-10T17:15:11.060Z,-31.077,116.567,10,5.71,"53 km N of Toodyay, Australia"
1970-01-14T02:22:36.380Z,-10.196,123.154,26.3,5.98,"49 km W of Kupang, Indonesia"
1970-01-09T23:16:22.670Z,-9.166,117.235,66.6,5.8,"77 km SSW of Sumbawa Besar, Indonesia"
1970-01-06T05:35:54.650Z,-9.586,151.502,14.7,6.16,"140 km NE of Alotau, Papua New Guinea"
1969-01-05T16:50:50.540Z,-9.086,123.242,81.6,5.52,"81 km NW of Naisano Dua, Indonesia"
1968-10-14T02:58:52.160Z,-31.561,117.089,11.2,6.5,"40 km ENE of Northam, Australia"
1968-01-04T10:27:39.870Z,-9.779,148.835,15,5.75,"130 km SSE of Popondetta, Papua New Guinea"
1967-10-08T16:59:36.890Z,-9.447,148.848,20,5.67,"101 km SE of Popondetta, Papua New Guinea"
1967-03-30T02:08:00.880Z,-11.091,115.271,12.7,6.05,"253 km S of Nusa Dua, Indonesia"
1967-03-26T22:39:03.910Z,-9.182,148.623,20,5.69,"62 km SE of Popondetta, Papua New Guinea"
1967-02-19T22:14:37.300Z,-9.045,112.956,85.4,6.35,"94 km SSE of Dampit, Indonesia"
1966-10-12T00:06:38.850Z,-11.898,121.639,27,5.96,"201 km SW of Baa, Indonesia"
1966-02-09T07:18:50.300Z,-9.851,116.376,45,5.79,"127 km S of Praya, Indonesia"
1963-08-04T07:08:43.490Z,-9.148,114.329,65,5.45,"79 km S of Muncar, Indonesia"
1963-07-28T07:55:23.320Z,-11.129,111.97,15,5.81,"south of Java, Indonesia"
1963-05-06T08:38:29.160Z,-9.171,112.548,35,5.71,"108 km SSW of Dampit, Indonesia"
1963-04-10T07:50:31.880Z,-9.169,125.178,35,6.03,"18 km NNW of Suai, Timor Leste"
1963-03-24T02:07:13.130Z,-9.477,120.593,20,6.3,"41 km ENE of Waingapu, Indonesia"
1963-01-05T13:16:45.550Z,-10.069,123.818,35,6.03,"25 km ENE of Kupang, Indonesia"
1962-12-22T01:59:49.370Z,-9.291,112.296,40,6.1,"126 km S of Sumberpucung, Indonesia"
1962-12-21T00:44:20.230Z,-9.169,112.33,55,6.25,"113 km S of Sumberpucung, Indonesia"
1962-11-02T14:46:40.050Z,-10.133,117.823,25,5.93,"186 km SSE of Sumbawa Besar, Indonesia"
1960-06-14T23:38:15.590Z,-9.239,152.823,15,5.75,"281 km ENE of Samarai, Papua New Guinea"
1960-06-11T16:37:48.300Z,-9.3,152.77,30,6.62,"272 km ENE of Samarai, Papua New Guinea"
1960-06-11T15:14:15.430Z,-9.337,152.439,30,6.58,"240 km NE of Samarai, Papua New Guinea"
1959-11-03T09:40:09.260Z,-10.768,110.684,15,6.01,"south of Java, Indonesia"
1959-09-21T02:08:33.190Z,-9.64,148.859,20,5.83,"118 km SE of Popondetta, Papua New Guinea"
1959-06-28T19:43:32.390Z,-9.257,122.504,60,6.05,"77 km SSE of Maumere, Indonesia"
1959-04-06T14:12:43.250Z,-10.093,120.319,35,6.22,"48 km S of Waingapu, Indonesia"
1958-11-22T00:04:25.740Z,-10.63,112.56,20,6,"268 km S of Dampit, Indonesia"
1958-10-20T01:12:39.100Z,-9.086,112.393,55,5.98,"103 km S of Sumberpucung, Indonesia"
1958-06-15T17:21:02.830Z,-9.468,149.706,15,5.75,"124 km NW of Alotau, Papua New Guinea"
1956-10-22T12:35:15.310Z,-9.248,150.076,15,6.16,"125 km NNW of Alotau, Papua New Guinea"
1955-05-29T15:34:09.510Z,-10.158,110.956,25,6.4,"244 km SSW of Trenggalek, Indonesia"
1953-10-05T23:16:28.430Z,-9.45,152.727,25,6.28,"260 km ENE of Samarai, Papua New Guinea"
1951-04-13T10:14:43.560Z,-9.957,119.031,25,6.26,"139 km WSW of Waingapu, Indonesia"
1949-05-19T05:05:27.360Z,-9.094,120.812,35,5.88,"65 km SE of Ruteng, Indonesia"
1949-05-16T04:32:24.400Z,-9.925,120.328,35,6.21,"30 km SSE of Waingapu, Indonesia"
1945-11-22T20:50:45.320Z,-9.712,118.754,35,6.04,"133 km SSE of Dompu, Indonesia"
1941-06-27T07:55:55.100Z,-25.936,137.478,15,6.35,"Northern Territory, Australia"
1941-04-29T01:35:38.570Z,-26.826,116.248,15,6.18,"157 km NNW of Melville, Australia"
1941-02-25T05:37:36.000Z,-9.484,124.717,25,6.2,"26 km E of Kefamenanu, Indonesia"
1939-11-10T20:20:51.830Z,-9.42,149.105,15,6.04,"120 km SE of Popondetta, Papua New Guinea"
1939-05-11T17:30:48.780Z,-10.412,112.78,15,5.5,"243 km S of Dampit, Indonesia"
1938-12-21T12:26:45.090Z,-9.761,118.779,25,6.3,"139 km SSE of Dompu, Indonesia"
1938-08-24T15:43:49.720Z,-9.942,118.942,35,5.75,"148 km WSW of Waingapu, Indonesia"
1936-01-02T17:26:46.340Z,-9.349,119.548,35,6.28,"84 km S of Komodo, Indonesia"
1935-07-30T05:44:56.580Z,-9.101,119.471,60,6.26,"56 km S of Komodo, Indonesia"
1934-07-12T14:24:23.410Z,-15.053,112.097,15,6.13,northwest of Australia
1931-02-24T17:28:26.120Z,-9.837,118.832,35,6.07,"149 km SSE of Dompu, Indonesia"
1930-05-09T23:45:48.500Z,-9.877,117.945,35,5.55,"158 km SSW of Dompu, Indonesia"
1929-08-16T21:28:22.240Z,-16.666,121.427,35,5.84,"156 km W of Dampier Peninsula, Australia"
1928-08-24T23:18:26.360Z,-12.429,137.555,35,5.98,"88 km ESE of Nhulunbuy, Australia"
1928-07-26T12:15:13.810Z,-9.77,119.149,35,5.69,"123 km W of Waingapu, Indonesia"
1928-03-27T14:37:29.280Z,-9.751,113.718,35,5.86,"157 km SSW of Gambiran Satu, Indonesia"
1927-10-27T07:31:34.000Z,-15.28,127.158,15,5.75,"178 km WNW of Kununurra, Australia"
1927-03-22T07:31:45.230Z,-21.558,118.459,15,5.96,"128 km S of South Hedland, Australia"
1926-12-14T17:10:34.840Z,-12.651,120.612,15,6.23,"south of Sumba, Indonesia"
1926-09-17T02:54:10.870Z,-9.933,155.322,15,6.31,"262 km SW of Gizo, Solomon Islands"
1926-09-11T12:27:35.190Z,-9.635,110.35,35,6.02,"186 km S of Pundong, Indonesia"
1926-09-10T10:34:28.090Z,-9.169,110.63,35,7.1,"138 km SSE of Pundong, Indonesia"
1926-03-25T19:08:51.460Z,-13.19,130.981,15,5.89,"69 km SSW of Humpty Doo, Australia"
1925-10-23T01:47:32.180Z,-11.127,114.128,15,6.18,"282 km SSW of Jimbaran, Indonesia"
1925-03-15T15:41:28.450Z,-11.002,119.65,15,6.1,"163 km SSW of Waingapu, Indonesia"
1924-12-12T23:44:51.220Z,-11.754,110.336,15,6.45,"south of Java, Indonesia"
1923-10-15T07:58:00.830Z,-10.218,120.257,35,6.32,"62 km S of Waingapu, Indonesia"
1923-10-15T07:32:09.980Z,-9.941,119.62,15,6.34,"77 km WSW of Waingapu, Indonesia"
1922-05-09T13:50:30.770Z,-9.272,118.683,35,6.98,"84 km SSE of Dompu, Indonesia"
1921-09-11T04:01:45.060Z,-10.046,110.653,15,7.58,"233 km S of Pundong, Indonesia"
1920-12-13T03:43:04.120Z,-9.074,154.52,15,6.45,"277 km WSW of Gizo, Solomon Islands"
1918-10-16T20:04:54.430Z,-9.082,123.376,35,6.46,"71 km NW of Naisano Dua, Indonesia"
1910-07-07T08:16:42.160Z,-9.632,111.653,35,6.71,"169 km S of Boyolangu, Indonesia"
1908-03-23T12:23:41.010Z,-9.04,125.42,35,6.79,"11 km WSW of Ainaro, Timor Leste"
1907-10-10T21:42:41.460Z,-9.094,153.262,15,6.25,D'Entrecasteaux Islands region
1907-05-13T21:00:42.520Z,-9.735,149.253,35,6.61,"146 km WNW of Alotau, Papua New Guinea"
1906-03-27T05:04:26.020Z,-38.097,118.428,10,6.59,off the south coast of Australia
