lon,lat,lab_km
110.1735,-44.9376,56.36
110.4233,-44.9376,56.26
110.6731,-44.9376,56.11
110.9230,-44.9376,55.94
111.1728,-44.9376,55.84
111.4226,-44.9376,55.74
111.6724,-44.9376,55.64
111.9223,-44.9376,55.55
112.1721,-44.9376,55.48
112.4219,-44.9376,55.48
112.6718,-44.9376,55.58
112.9216,-44.9376,55.91
113.1714,-44.9376,56.88
113.4212,-44.9376,58.05
113.6711,-44.9376,59.27
113.9209,-44.9376,60.45
114.1707,-44.9376,61.54
114.4205,-44.9376,62.46
114.6704,-44.9376,63.14
114.9202,-44.9376,63.46
115.1700,-44.9376,63.08
115.4198,-44.9376,62.35
115.6697,-44.9376,61.39
115.9195,-44.9376,60.27
116.1693,-44.9376,59.07
116.4192,-44.9376,57.85
116.6690,-44.9376,56.70
116.9188,-44.9376,55.77
117.1686,-44.9376,55.45
117.4185,-44.9376,55.38
117.6683,-44.9376,55.41
117.9181,-44.9376,55.48
118.1679,-44.9376,55.58
118.4178,-44.9376,55.66
118.6676,-44.9376,55.71
118.9174,-44.9376,55.74
119.1672,-44.9376,55.80
119.4171,-44.9376,55.83
119.6669,-44.9376,55.83
119.9167,-44.9376,55.81
120.1666,-44.9376,55.77
120.4164,-44.9376,55.73
120.6662,-44.9376,55.69
120.9160,-44.9376,55.66
121.1659,-44.9376,55.65
121.4157,-44.9376,55.65
121.6655,-44.9376,55.64
121.9153,-44.9376,55.63
122.1652,-44.9376,55.60
122.4150,-44.9376,55.54
122.6648,-44.9376,55.48
122.9146,-44.9376,55.46
123.1645,-44.9376,55.72
123.4143,-44.9376,55.99
123.6641,-44.9376,56.20
123.9139,-44.9376,56.30
124.1638,-44.9376,56.29
124.4136,-44.9376,56.15
124.6634,-44.9376,55.90
124.9133,-44.9376,55.57
125.1631,-44.9376,55.27
125.4129,-44.9376,54.92
125.6627,-44.9376,54.53
125.9126,-44.9376,54.13
126.1624,-44.9376,53.73
126.4122,-44.9376,53.40
126.6620,-44.9376,53.18
126.9119,-44.9376,53.17
127.1617,-44.9376,53.63
127.4115,-44.9376,54.30
127.6613,-44.9376,55.08
127.9112,-44.9376,55.92
128.1610,-44.9376,56.78
128.4108,-44.9376,57.63
128.6607,-44.9376,58.44
128.9105,-44.9376,59.20
129.1603,-44.9376,59.95
129.4101,-44.9376,60.63
129.6600,-44.9376,61.22
129.9098,-44.9376,61.72
130.1596,-44.9376,62.14
130.4094,-44.9376,62.49
130.6593,-44.9376,62.77
130.9091,-44.9376,63.00
131.1589,-44.9376,63.18
131.4087,-44.9376,63.33
131.6586,-44.9376,63.46
131.9084,-44.9376,63.59
132.1582,-44.9376,63.73
132.4080,-44.9376,63.89
132.6579,-44.9376,64.08
132.9077,-44.9376,64.32
133.1575,-44.9376,64.67
133.4074,-44.9376,65.07
133.6572,-44.9376,65.49
133.9070,-44.9376,65.92
134.1568,-44.9376,66.34
134.4067,-44.9376,66.73
134.6565,-44.9376,67.07
134.9063,-44.9376,67.34
135.1561,-44.9376,67.43
135.4060,-44.9376,67.46
135.6558,-44.9376,67.46
135.9056,-44.9376,67.47
136.1554,-44.9376,67.51
136.4053,-44.9376,67.63
136.6551,-44.9376,67.87
136.9049,-44.9376,68.28
137.1548,-44.9376,69.07
137.4046,-44.9376,70.05
137.6544,-44.9376,71.15
137.9042,-44.9376,72.34
138.1541,-44.9376,73.57
138.4039,-44.9376,74.80
138.6537,-44.9376,75.95
138.9035,-44.9376,76.87
139.1534,-44.9376,77.10
139.4032,-44.9376,77.08
139.6530,-44.9376,76.95
139.9028,-44.9376,76.78
140.1527,-44.9376,76.59
140.4025,-44.9376,76.45
140.6523,-44.9376,76.40
140.9022,-44.9376,76.55
141.1520,-44.9376,77.33
141.4018,-44.9376,78.21
141.6516,-44.9376,79.00
141.9015,-44.9376,79.54
142.1513,-44.9376,79.74
142.4011,-44.9376,79.51
142.6509,-44.9376,78.79
142.9008,-44.9376,77.61
143.1506,-44.9376,76.10
143.4004,-44.9376,74.20
143.6502,-44.9376,71.97
143.9001,-44.9376,69.53
144.1499,-44.9376,67.03
144.3997,-44.9376,64.59
144.6495,-44.9376,62.36
144.8994,-44.9376,60.40
145.1492,-44.9376,58.59
145.3990,-44.9376,57.27
145.6489,-44.9376,56.58
145.8987,-44.9376,56.61
146.1485,-44.9376,57.43
146.3983,-44.9376,59.08
146.6482,-44.9376,61.60
146.8980,-44.9376,65.04
147.1478,-44.9376,69.40
147.3976,-44.9376,74.70
147.6475,-44.9376,80.94
147.8973,-44.9376,88.04
148.1471,-44.9376,95.87
148.3969,-44.9376,104.14
148.6468,-44.9376,112.27
148.8966,-44.9376,119.02
149.1464,-44.9376,120.23
149.3963,-44.9376,119.84
149.6461,-44.9376,118.91
149.8959,-44.9376,117.78
150.1457,-44.9376,116.58
150.3956,-44.9376,115.31
150.6454,-44.9376,113.95
150.8952,-44.9376,112.57
151.1450,-44.9376,111.66
151.3949,-44.9376,110.66
151.6447,-44.9376,109.44
151.8945,-44.9376,108.00
152.1443,-44.9376,106.40
152.3942,-44.9376,104.73
152.6440,-44.9376,103.12
152.8938,-44.9376,101.75
153.1437,-44.9376,101.05
153.3935,-44.9376,100.67
153.6433,-44.9376,100.52
153.8931,-44.9376,100.52
154.1430,-44.9376,100.61
154.3928,-44.9376,100.76
154.6426,-44.9376,100.90
154.8924,-44.9376,100.98
155.1423,-44.9376,100.87
155.3921,-44.9376,100.66
155.6419,-44.9376,100.38
155.8917,-44.9376,100.04
110.1735,-44.6879,57.85
110.4233,-44.6879,57.80
110.6731,-44.6879,57.69
110.9230,-44.6879,57.55
111.1728,-44.6879,57.45
111.4226,-44.6879,57.36
111.6724,-44.6879,57.28
111.9223,-44.6879,57.20
112.1721,-44.6879,57.16
112.4219,-44.6879,57.20
112.6718,-44.6879,57.37
112.9216,-44.6879,57.80
113.1714,-44.6879,58.66
113.4212,-44.6879,59.76
113.6711,-44.6879,60.94
113.9209,-44.6879,62.09
114.1707,-44.6879,63.15
114.4205,-44.6879,64.04
114.6704,-44.6879,64.68
114.9202,-44.6879,64.93
115.1700,-44.6879,64.65
115.4198,-44.6879,64.00
115.6697,-44.6879,63.09
115.9195,-44.6879,62.03
116.1693,-44.6879,60.88
116.4192,-44.6879,59.73
116.6690,-44.6879,58.66
116.9188,-44.6879,57.82
117.1686,-44.6879,57.42
117.4185,-44.6879,57.28
117.6683,-44.6879,57.27
117.9181,-44.6879,57.32
118.1679,-44.6879,57.40
118.4178,-44.6879,57.47
118.6676,-44.6879,57.54
118.9174,-44.6879,57.59
119.1672,-44.6879,57.65
119.4171,-44.6879,57.69
119.6669,-44.6879,57.72
119.9167,-44.6879,57.72
120.1666,-44.6879,57.70
120.4164,-44.6879,57.68
120.6662,-44.6879,57.66
120.9160,-44.6879,57.64
121.1659,-44.6879,57.62
121.4157,-44.6879,57.61
121.6655,-44.6879,57.59
121.9153,-44.6879,57.56
122.1652,-44.6879,57.51
122.4150,-44.6879,57.45
122.6648,-44.6879,57.40
122.9146,-44.6879,57.42
123.1645,-44.6879,57.61
123.4143,-44.6879,57.84
123.6641,-44.6879,58.04
123.9139,-44.6879,58.15
124.1638,-44.6879,58.15
124.4136,-44.6879,58.03
124.6634,-44.6879,57.81
124.9133,-44.6879,57.52
125.1631,-44.6879,57.21
125.4129,-44.6879,56.86
125.6627,-44.6879,56.47
125.9126,-44.6879,56.06
126.1624,-44.6879,55.66
126.4122,-44.6879,55.31
126.6620,-44.6879,55.09
126.9119,-44.6879,55.08
127.1617,-44.6879,55.41
127.4115,-44.6879,55.95
127.6613,-44.6879,56.61
127.9112,-44.6879,57.35
128.1610,-44.6879,58.12
128.4108,-44.6879,58.89
128.6607,-44.6879,59.65
128.9105,-44.6879,60.38
129.1603,-44.6879,61.10
129.4101,-44.6879,61.78
129.6600,-44.6879,62.40
129.9098,-44.6879,62.94
130.1596,-44.6879,63.41
130.4094,-44.6879,63.81
130.6593,-44.6879,64.14
130.9091,-44.6879,64.42
131.1589,-44.6879,64.64
131.4087,-44.6879,64.83
131.6586,-44.6879,64.99
131.9084,-44.6879,65.14
132.1582,-44.6879,65.29
132.4080,-44.6879,65.45
132.6579,-44.6879,65.65
132.9077,-44.6879,65.90
133.1575,-44.6879,66.23
133.4074,-44.6879,66.61
133.6572,-44.6879,67.01
133.9070,-44.6879,67.42
134.1568,-44.6879,67.81
134.4067,-44.6879,68.17
134.6565,-44.6879,68.48
134.9063,-44.6879,68.70
135.1561,-44.6879,68.80
135.4060,-44.6879,68.82
135.6558,-44.6879,68.82
135.9056,-44.6879,68.83
136.1554,-44.6879,68.89
136.4053,-44.6879,69.05
136.6551,-44.6879,69.34
136.9049,-44.6879,69.85
137.1548,-44.6879,70.67
137.4046,-44.6879,71.70
137.6544,-44.6879,72.87
137.9042,-44.6879,74.13
138.1541,-44.6879,75.42
138.4039,-44.6879,76.66
138.6537,-44.6879,77.76
138.9035,-44.6879,78.56
139.1534,-44.6879,78.84
139.4032,-44.6879,78.81
139.6530,-44.6879,78.61
139.9028,-44.6879,78.33
140.1527,-44.6879,78.05
140.4025,-44.6879,77.83
140.6523,-44.6879,77.77
140.9022,-44.6879,77.99
141.1520,-44.6879,78.68
141.4018,-44.6879,79.56
141.6516,-44.6879,80.41
141.9015,-44.6879,81.07
142.1513,-44.6879,81.41
142.4011,-44.6879,81.30
142.6509,-44.6879,80.70
142.9008,-44.6879,79.60
143.1506,-44.6879,78.06
143.4004,-44.6879,76.09
143.6502,-44.6879,73.77
143.9001,-44.6879,71.22
144.1499,-44.6879,68.60
144.3997,-44.6879,66.06
144.6495,-44.6879,63.73
144.8994,-44.6879,61.68
145.1492,-44.6879,59.93
145.3990,-44.6879,58.69
145.6489,-44.6879,58.08
145.8987,-44.6879,58.19
146.1485,-44.6879,59.08
146.3983,-44.6879,60.78
146.6482,-44.6879,63.33
146.8980,-44.6879,66.74
147.1478,-44.6879,71.03
147.3976,-44.6879,76.19
147.6475,-44.6879,82.22
147.8973,-44.6879,89.03
148.1471,-44.6879,96.47
148.3969,-44.6879,104.20
148.6468,-44.6879,111.54
148.8966,-44.6879,117.22
149.1464,-44.6879,119.30
149.3963,-44.6879,119.51
149.6461,-44.6879,118.93
149.8959,-44.6879,118.04
150.1457,-44.6879,117.00
150.3956,-44.6879,115.86
150.6454,-44.6879,114.64
150.8952,-44.6879,113.42
151.1450,-44.6879,112.40
151.3949,-44.6879,111.32
151.6447,-44.6879,110.05
151.8945,-44.6879,108.59
152.1443,-44.6879,106.98
152.3942,-44.6879,105.33
152.6440,-44.6879,103.77
152.8938,-44.6879,102.48
153.1437,-44.6879,101.69
153.3935,-44.6879,101.24
153.6433,-44.6879,101.03
153.8931,-44.6879,100.98
154.1430,-44.6879,101.03
154.3928,-44.6879,101.13
154.6426,-44.6879,101.22
154.8924,-44.6879,101.24
155.1423,-44.6879,101.12
155.3921,-44.6879,100.89
155.6419,-44.6879,100.60
155.8917,-44.6879,100.25
110.1735,-44.4383,59.52
110.4233,-44.4383,59.49
110.6731,-44.4383,59.41
110.9230,-44.4383,59.32
111.1728,-44.4383,59.24
111.4226,-44.4383,59.16
111.6724,-44.4383,59.10
111.9223,-44.4383,59.06
112.1721,-44.4383,59.07
112.4219,-44.4383,59.18
112.6718,-44.4383,59.43
112.9216,-44.4383,59.91
113.1714,-44.4383,60.69
113.4212,-44.4383,61.67
113.6711,-44.4383,62.74
113.9209,-44.4383,63.80
114.1707,-44.4383,64.77
114.4205,-44.4383,65.57
114.6704,-44.4383,66.12
114.9202,-44.4383,66.33
115.1700,-44.4383,66.13
115.4198,-44.4383,65.58
115.6697,-44.4383,64.79
115.9195,-44.4383,63.84
116.1693,-44.4383,62.81
116.4192,-44.4383,61.77
116.6690,-44.4383,60.83
116.9188,-44.4383,60.09
117.1686,-44.4383,59.64
117.4185,-44.4383,59.42
117.6683,-44.4383,59.34
117.9181,-44.4383,59.34
118.1679,-44.4383,59.38
118.4178,-44.4383,59.44
118.6676,-44.4383,59.50
118.9174,-44.4383,59.55
119.1672,-44.4383,59.60
119.4171,-44.4383,59.65
119.6669,-44.4383,59.67
119.9167,-44.4383,59.68
120.1666,-44.4383,59.68
120.4164,-44.4383,59.68
120.6662,-44.4383,59.67
120.9160,-44.4383,59.66
121.1659,-44.4383,59.65
121.4157,-44.4383,59.64
121.6655,-44.4383,59.63
121.9153,-44.4383,59.61
122.1652,-44.4383,59.58
122.4150,-44.4383,59.55
122.6648,-44.4383,59.55
122.9146,-44.4383,59.60
123.1645,-44.4383,59.75
123.4143,-44.4383,59.93
123.6641,-44.4383,60.10
123.9139,-44.4383,60.19
124.1638,-44.4383,60.20
124.4136,-44.4383,60.11
124.6634,-44.4383,59.92
124.9133,-44.4383,59.66
125.1631,-44.4383,59.35
125.4129,-44.4383,58.98
125.6627,-44.4383,58.58
125.9126,-44.4383,58.17
126.1624,-44.4383,57.77
126.4122,-44.4383,57.43
126.6620,-44.4383,57.21
126.9119,-44.4383,57.17
127.1617,-44.4383,57.38
127.4115,-44.4383,57.78
127.6613,-44.4383,58.31
127.9112,-44.4383,58.93
128.1610,-44.4383,59.59
128.4108,-44.4383,60.28
128.6607,-44.4383,60.97
128.9105,-44.4383,61.66
129.1603,-44.4383,62.35
129.4101,-44.4383,63.01
129.6600,-44.4383,63.63
129.9098,-44.4383,64.20
130.1596,-44.4383,64.70
130.4094,-44.4383,65.14
130.6593,-44.4383,65.52
130.9091,-44.4383,65.84
131.1589,-44.4383,66.10
131.4087,-44.4383,66.31
131.6586,-44.4383,66.50
131.9084,-44.4383,66.66
132.1582,-44.4383,66.83
132.4080,-44.4383,67.00
132.6579,-44.4383,67.21
132.9077,-44.4383,67.46
133.1575,-44.4383,67.77
133.4074,-44.4383,68.12
133.6572,-44.4383,68.50
133.9070,-44.4383,68.87
134.1568,-44.4383,69.23
134.4067,-44.4383,69.56
134.6565,-44.4383,69.83
134.9063,-44.4383,70.01
135.1561,-44.4383,70.10
135.4060,-44.4383,70.14
135.6558,-44.4383,70.14
135.9056,-44.4383,70.17
136.1554,-44.4383,70.26
136.4053,-44.4383,70.45
136.6551,-44.4383,70.81
136.9049,-44.4383,71.39
137.1548,-44.4383,72.23
137.4046,-44.4383,73.28
137.6544,-44.4383,74.47
137.9042,-44.4383,75.76
138.1541,-44.4383,77.05
138.4039,-44.4383,78.26
138.6537,-44.4383,79.29
138.9035,-44.4383,80.02
139.1534,-44.4383,80.34
139.4032,-44.4383,80.35
139.6530,-44.4383,80.15
139.9028,-44.4383,79.85
140.1527,-44.4383,79.55
140.4025,-44.4383,79.34
140.6523,-44.4383,79.33
140.9022,-44.4383,79.62
141.1520,-44.4383,80.28
141.4018,-44.4383,81.16
141.6516,-44.4383,82.08
141.9015,-44.4383,82.86
142.1513,-44.4383,83.34
142.4011,-44.4383,83.39
142.6509,-44.4383,82.90
142.9008,-44.4383,81.84
143.1506,-44.4383,80.24
143.4004,-44.4383,78.13
143.6502,-44.4383,75.63
143.9001,-44.4383,72.88
144.1499,-44.4383,70.05
144.3997,-44.4383,67.31
144.6495,-44.4383,64.81
144.8994,-44.4383,62.64
145.1492,-44.4383,60.90
145.3990,-44.4383,59.71
145.6489,-44.4383,59.16
145.8987,-44.4383,59.33
146.1485,-44.4383,60.24
146.3983,-44.4383,61.91
146.6482,-44.4383,64.36
146.8980,-44.4383,67.59
147.1478,-44.4383,71.59
147.3976,-44.4383,76.35
147.6475,-44.4383,81.83
147.8973,-44.4383,87.95
148.1471,-44.4383,94.54
148.3969,-44.4383,101.25
148.6468,-44.4383,107.49
148.8966,-44.4383,112.40
149.1464,-44.4383,115.14
149.3963,-44.4383,116.35
149.6461,-44.4383,116.71
149.8959,-44.4383,116.62
150.1457,-44.4383,116.27
150.3956,-44.4383,115.72
150.6454,-44.4383,114.98
150.8952,-44.4383,114.12
151.1450,-44.4383,113.20
151.3949,-44.4383,112.13
151.6447,-44.4383,110.85
151.8945,-44.4383,109.37
152.1443,-44.4383,107.77
152.3942,-44.4383,106.15
152.6440,-44.4383,104.64
152.8938,-44.4383,103.39
153.1437,-44.4383,102.51
153.3935,-44.4383,101.97
153.6433,-44.4383,101.67
153.8931,-44.4383,101.55
154.1430,-44.4383,101.53
154.3928,-44.4383,101.56
154.6426,-44.4383,101.59
154.8924,-44.4383,101.55
155.1423,-44.4383,101.41
155.3921,-44.4383,101.18
155.6419,-44.4383,100.88
155.8917,-44.4383,100.53
110.1735,-44.1886,61.30
110.4233,-44.1886,61.30
110.6731,-44.1886,61.26
110.9230,-44.1886,61.20
111.1728,-44.1886,61.14
111.4226,-44.1886,61.08
111.6724,-44.1886,61.05
111.9223,-44.1886,61.06
112.1721,-44.1886,61.13
112.4219,-44.1886,61.31
112.6718,-44.1886,61.62
112.9216,-44.1886,62.12
113.1714,-44.1886,62.82
113.4212,-44.1886,63.68
113.6711,-44.1886,64.61
113.9209,-44.1886,65.54
114.1707,-44.1886,66.39
114.4205,-44.1886,67.09
114.6704,-44.1886,67.56
114.9202,-44.1886,67.74
115.1700,-44.1886,67.59
115.4198,-44.1886,67.15
115.6697,-44.1886,66.49
115.9195,-44.1886,65.68
116.1693,-44.1886,64.79
116.4192,-44.1886,63.90
116.6690,-44.1886,63.09
116.9188,-44.1886,62.43
117.1686,-44.1886,61.97
117.4185,-44.1886,61.69
117.6683,-44.1886,61.54
117.9181,-44.1886,61.48
118.1679,-44.1886,61.48
118.4178,-44.1886,61.51
118.6676,-44.1886,61.55
118.9174,-44.1886,61.59
119.1672,-44.1886,61.63
119.4171,-44.1886,61.66
119.6669,-44.1886,61.68
119.9167,-44.1886,61.69
120.1666,-44.1886,61.69
120.4164,-44.1886,61.70
120.6662,-44.1886,61.70
120.9160,-44.1886,61.71
121.1659,-44.1886,61.72
121.4157,-44.1886,61.73
121.6655,-44.1886,61.74
121.9153,-44.1886,61.74
122.1652,-44.1886,61.76
122.4150,-44.1886,61.77
122.6648,-44.1886,61.82
122.9146,-44.1886,61.90
123.1645,-44.1886,62.02
123.4143,-44.1886,62.17
123.6641,-44.1886,62.31
123.9139,-44.1886,62.39
124.1638,-44.1886,62.40
124.4136,-44.1886,62.33
124.6634,-44.1886,62.17
124.9133,-44.1886,61.93
125.1631,-44.1886,61.61
125.4129,-44.1886,61.24
125.6627,-44.1886,60.83
125.9126,-44.1886,60.41
126.1624,-44.1886,60.00
126.4122,-44.1886,59.67
126.6620,-44.1886,59.44
126.9119,-44.1886,59.37
127.1617,-44.1886,59.47
127.4115,-44.1886,59.74
127.6613,-44.1886,60.13
127.9112,-44.1886,60.62
128.1610,-44.1886,61.17
128.4108,-44.1886,61.76
128.6607,-44.1886,62.38
128.9105,-44.1886,63.02
129.1603,-44.1886,63.66
129.4101,-44.1886,64.30
129.6600,-44.1886,64.91
129.9098,-44.1886,65.49
130.1596,-44.1886,66.02
130.4094,-44.1886,66.49
130.6593,-44.1886,66.91
130.9091,-44.1886,67.26
131.1589,-44.1886,67.55
131.4087,-44.1886,67.79
131.6586,-44.1886,67.99
131.9084,-44.1886,68.17
132.1582,-44.1886,68.34
132.4080,-44.1886,68.52
132.6579,-44.1886,68.73
132.9077,-44.1886,68.98
133.1575,-44.1886,69.28
133.4074,-44.1886,69.60
133.6572,-44.1886,69.95
133.9070,-44.1886,70.30
134.1568,-44.1886,70.62
134.4067,-44.1886,70.91
134.6565,-44.1886,71.14
134.9063,-44.1886,71.30
135.1561,-44.1886,71.38
135.4060,-44.1886,71.42
135.6558,-44.1886,71.44
135.9056,-44.1886,71.48
136.1554,-44.1886,71.59
136.4053,-44.1886,71.82
136.6551,-44.1886,72.22
136.9049,-44.1886,72.84
137.1548,-44.1886,73.69
137.4046,-44.1886,74.75
137.6544,-44.1886,75.96
137.9042,-44.1886,77.24
138.1541,-44.1886,78.51
138.4039,-44.1886,79.69
138.6537,-44.1886,80.68
138.9035,-44.1886,81.38
139.1534,-44.1886,81.74
139.4032,-44.1886,81.79
139.6530,-44.1886,81.63
139.9028,-44.1886,81.35
140.1527,-44.1886,81.06
140.4025,-44.1886,80.88
140.6523,-44.1886,80.91
140.9022,-44.1886,81.25
141.1520,-44.1886,81.93
141.4018,-44.1886,82.86
141.6516,-44.1886,83.88
141.9015,-44.1886,84.79
142.1513,-44.1886,85.44
142.4011,-44.1886,85.64
142.6509,-44.1886,85.27
142.9008,-44.1886,84.24
143.1506,-44.1886,82.53
143.4004,-44.1886,80.23
143.6502,-44.1886,77.46
143.9001,-44.1886,74.43
144.1499,-44.1886,71.31
144.3997,-44.1886,68.31
144.6495,-44.1886,65.59
144.8994,-44.1886,63.30
145.1492,-44.1886,61.52
145.3990,-44.1886,60.36
145.6489,-44.1886,59.85
145.8987,-44.1886,60.04
146.1485,-44.1886,60.93
146.3983,-44.1886,62.51
146.6482,-44.1886,64.77
146.8980,-44.1886,67.68
147.1478,-44.1886,71.23
147.3976,-44.1886,75.39
147.6475,-44.1886,80.09
147.8973,-44.1886,85.27
148.1471,-44.1886,90.75
148.3969,-44.1886,96.29
148.6468,-44.1886,101.50
148.8966,-44.1886,105.89
149.1464,-44.1886,109.11
149.3963,-44.1886,111.34
149.6461,-44.1886,112.88
149.8959,-44.1886,113.93
150.1457,-44.1886,114.61
150.3956,-44.1886,114.95
150.6454,-44.1886,114.94
150.8952,-44.1886,114.59
151.1450,-44.1886,113.94
151.3949,-44.1886,112.97
151.6447,-44.1886,111.72
151.8945,-44.1886,110.25
152.1443,-44.1886,108.65
152.3942,-44.1886,107.05
152.6440,-44.1886,105.57
152.8938,-44.1886,104.32
153.1437,-44.1886,103.39
153.3935,-44.1886,102.76
153.6433,-44.1886,102.38
153.8931,-44.1886,102.18
154.1430,-44.1886,102.10
154.3928,-44.1886,102.06
154.6426,-44.1886,102.03
154.8924,-44.1886,101.94
155.1423,-44.1886,101.78
155.3921,-44.1886,101.53
155.6419,-44.1886,101.23
155.8917,-44.1886,100.88
110.1735,-43.9390,63.17
110.4233,-43.9390,63.18
110.6731,-43.9390,63.17
110.9230,-43.9390,63.14
111.1728,-43.9390,63.10
111.4226,-43.9390,63.08
111.6724,-43.9390,63.08
111.9223,-43.9390,63.14
112.1721,-43.9390,63.27
112.4219,-43.9390,63.50
112.6718,-43.9390,63.85
112.9216,-43.9390,64.34
113.1714,-43.9390,64.98
113.4212,-43.9390,65.72
113.6711,-43.9390,66.51
113.9209,-43.9390,67.30
114.1707,-43.9390,68.03
114.4205,-43.9390,68.62
114.6704,-43.9390,69.02
114.9202,-43.9390,69.18
115.1700,-43.9390,69.07
115.4198,-43.9390,68.72
115.6697,-43.9390,68.19
115.9195,-43.9390,67.52
116.1693,-43.9390,66.78
116.4192,-43.9390,66.04
116.6690,-43.9390,65.36
116.9188,-43.9390,64.77
117.1686,-43.9390,64.32
117.4185,-43.9390,64.00
117.6683,-43.9390,63.80
117.9181,-43.9390,63.69
118.1679,-43.9390,63.64
118.4178,-43.9390,63.63
118.6676,-43.9390,63.65
118.9174,-43.9390,63.67
119.1672,-43.9390,63.69
119.4171,-43.9390,63.70
119.6669,-43.9390,63.70
119.9167,-43.9390,63.70
120.1666,-43.9390,63.71
120.4164,-43.9390,63.72
120.6662,-43.9390,63.74
120.9160,-43.9390,63.76
121.1659,-43.9390,63.79
121.4157,-43.9390,63.83
121.6655,-43.9390,63.87
121.9153,-43.9390,63.92
122.1652,-43.9390,63.98
122.4150,-43.9390,64.05
122.6648,-43.9390,64.14
122.9146,-43.9390,64.24
123.1645,-43.9390,64.36
123.4143,-43.9390,64.49
123.6641,-43.9390,64.59
123.9139,-43.9390,64.67
124.1638,-43.9390,64.69
124.4136,-43.9390,64.63
124.6634,-43.9390,64.50
124.9133,-43.9390,64.27
125.1631,-43.9390,63.96
125.4129,-43.9390,63.57
125.6627,-43.9390,63.14
125.9126,-43.9390,62.71
126.1624,-43.9390,62.30
126.4122,-43.9390,61.96
126.6620,-43.9390,61.72
126.9119,-43.9390,61.59
127.1617,-43.9390,61.61
127.4115,-43.9390,61.76
127.6613,-43.9390,62.02
127.9112,-43.9390,62.38
128.1610,-43.9390,62.81
128.4108,-43.9390,63.31
128.6607,-43.9390,63.84
128.9105,-43.9390,64.42
129.1603,-43.9390,65.01
129.4101,-43.9390,65.62
129.6600,-43.9390,66.22
129.9098,-43.9390,66.80
130.1596,-43.9390,67.35
130.4094,-43.9390,67.85
130.6593,-43.9390,68.29
130.9091,-43.9390,68.67
131.1589,-43.9390,68.98
131.4087,-43.9390,69.24
131.6586,-43.9390,69.45
131.9084,-43.9390,69.64
132.1582,-43.9390,69.82
132.4080,-43.9390,70.00
132.6579,-43.9390,70.22
132.9077,-43.9390,70.46
133.1575,-43.9390,70.74
133.4074,-43.9390,71.05
133.6572,-43.9390,71.37
133.9070,-43.9390,71.69
134.1568,-43.9390,71.98
134.4067,-43.9390,72.24
134.6565,-43.9390,72.44
134.9063,-43.9390,72.57
135.1561,-43.9390,72.65
135.4060,-43.9390,72.69
135.6558,-43.9390,72.71
135.9056,-43.9390,72.76
136.1554,-43.9390,72.89
136.4053,-43.9390,73.13
136.6551,-43.9390,73.55
136.9049,-43.9390,74.19
137.1548,-43.9390,75.05
137.4046,-43.9390,76.11
137.6544,-43.9390,77.32
137.9042,-43.9390,78.60
138.1541,-43.9390,79.86
138.4039,-43.9390,81.03
138.6537,-43.9390,82.00
138.9035,-43.9390,82.71
139.1534,-43.9390,83.09
139.4032,-43.9390,83.19
139.6530,-43.9390,83.07
139.9028,-43.9390,82.82
140.1527,-43.9390,82.55
140.4025,-43.9390,82.37
140.6523,-43.9390,82.41
140.9022,-43.9390,82.78
141.1520,-43.9390,83.51
141.4018,-43.9390,84.52
141.6516,-43.9390,85.66
141.9015,-43.9390,86.73
142.1513,-43.9390,87.55
142.4011,-43.9390,87.93
142.6509,-43.9390,87.69
142.9008,-43.9390,86.67
143.1506,-43.9390,84.83
143.4004,-43.9390,82.26
143.6502,-43.9390,79.17
143.9001,-43.9390,75.80
144.1499,-43.9390,72.35
144.3997,-43.9390,69.05
144.6495,-43.9390,66.09
144.8994,-43.9390,63.63
145.1492,-43.9390,61.81
145.3990,-43.9390,60.67
145.6489,-43.9390,60.20
145.8987,-43.9390,60.40
146.1485,-43.9390,61.23
146.3983,-43.9390,62.66
146.6482,-43.9390,64.67
146.8980,-43.9390,67.20
147.1478,-43.9390,70.20
147.3976,-43.9390,73.64
147.6475,-43.9390,77.44
147.8973,-43.9390,81.55
148.1471,-43.9390,85.85
148.3969,-43.9390,90.21
148.6468,-43.9390,94.47
148.8966,-43.9390,98.48
149.1464,-43.9390,102.12
149.3963,-43.9390,105.33
149.6461,-43.9390,108.12
149.8959,-43.9390,110.47
150.1457,-43.9390,112.35
150.3956,-43.9390,113.74
150.6454,-43.9390,114.59
150.8952,-43.9390,114.87
151.1450,-43.9390,114.57
151.3949,-43.9390,113.78
151.6447,-43.9390,112.58
151.8945,-43.9390,111.12
152.1443,-43.9390,109.53
152.3942,-43.9390,107.94
152.6440,-43.9390,106.46
152.8938,-43.9390,105.21
153.1437,-43.9390,104.24
153.3935,-43.9390,103.56
153.6433,-43.9390,103.12
153.8931,-43.9390,102.85
154.1430,-43.9390,102.71
154.3928,-43.9390,102.62
154.6426,-43.9390,102.53
154.8924,-43.9390,102.40
155.1423,-43.9390,102.21
155.3921,-43.9390,101.94
155.6419,-43.9390,101.63
155.8917,-43.9390,101.28
110.1735,-43.6893,65.05
110.4233,-43.6893,65.08
110.6731,-43.6893,65.10
110.9230,-43.6893,65.10
111.1728,-43.6893,65.09
111.4226,-43.6893,65.09
111.6724,-43.6893,65.12
111.9223,-43.6893,65.22
112.1721,-43.6893,65.40
112.4219,-43.6893,65.68
112.6718,-43.6893,66.06
112.9216,-43.6893,66.54
113.1714,-43.6893,67.10
113.4212,-43.6893,67.72
113.6711,-43.6893,68.39
113.9209,-43.6893,69.05
114.1707,-43.6893,69.65
114.4205,-43.6893,70.15
114.6704,-43.6893,70.49
114.9202,-43.6893,70.63
115.1700,-43.6893,70.56
115.4198,-43.6893,70.29
115.6697,-43.6893,69.87
115.9195,-43.6893,69.33
116.1693,-43.6893,68.74
116.4192,-43.6893,68.14
116.6690,-43.6893,67.58
116.9188,-43.6893,67.07
117.1686,-43.6893,66.64
117.4185,-43.6893,66.30
117.6683,-43.6893,66.05
117.9181,-43.6893,65.89
118.1679,-43.6893,65.80
118.4178,-43.6893,65.76
118.6676,-43.6893,65.75
118.9174,-43.6893,65.75
119.1672,-43.6893,65.74
119.4171,-43.6893,65.72
119.6669,-43.6893,65.71
119.9167,-43.6893,65.70
120.1666,-43.6893,65.70
120.4164,-43.6893,65.72
120.6662,-43.6893,65.75
120.9160,-43.6893,65.80
121.1659,-43.6893,65.85
121.4157,-43.6893,65.91
121.6655,-43.6893,65.99
121.9153,-43.6893,66.08
122.1652,-43.6893,66.19
122.4150,-43.6893,66.31
122.6648,-43.6893,66.45
122.9146,-43.6893,66.58
123.1645,-43.6893,66.69
123.4143,-43.6893,66.80
123.6641,-43.6893,66.89
123.9139,-43.6893,66.95
124.1638,-43.6893,66.98
124.4136,-43.6893,66.95
124.6634,-43.6893,66.84
124.9133,-43.6893,66.63
125.1631,-43.6893,66.31
125.4129,-43.6893,65.91
125.6627,-43.6893,65.46
125.9126,-43.6893,65.02
126.1624,-43.6893,64.60
126.4122,-43.6893,64.25
126.6620,-43.6893,63.98
126.9119,-43.6893,63.81
127.1617,-43.6893,63.75
127.4115,-43.6893,63.79
127.6613,-43.6893,63.93
127.9112,-43.6893,64.17
128.1610,-43.6893,64.49
128.4108,-43.6893,64.88
128.6607,-43.6893,65.33
128.9105,-43.6893,65.84
129.1603,-43.6893,66.38
129.4101,-43.6893,66.96
129.6600,-43.6893,67.54
129.9098,-43.6893,68.12
130.1596,-43.6893,68.67
130.4094,-43.6893,69.20
130.6593,-43.6893,69.67
130.9091,-43.6893,70.07
131.1589,-43.6893,70.40
131.4087,-43.6893,70.66
131.6586,-43.6893,70.88
131.9084,-43.6893,71.07
132.1582,-43.6893,71.25
132.4080,-43.6893,71.44
132.6579,-43.6893,71.65
132.9077,-43.6893,71.89
133.1575,-43.6893,72.16
133.4074,-43.6893,72.46
133.6572,-43.6893,72.76
133.9070,-43.6893,73.06
134.1568,-43.6893,73.33
134.4067,-43.6893,73.56
134.6565,-43.6893,73.73
134.9063,-43.6893,73.85
135.1561,-43.6893,73.92
135.4060,-43.6893,73.95
135.6558,-43.6893,73.97
135.9056,-43.6893,74.02
136.1554,-43.6893,74.14
136.4053,-43.6893,74.38
136.6551,-43.6893,74.79
136.9049,-43.6893,75.42
137.1548,-43.6893,76.29
137.4046,-43.6893,77.36
137.6544,-43.6893,78.57
137.9042,-43.6893,79.86
138.1541,-43.6893,81.13
138.4039,-43.6893,82.30
138.6537,-43.6893,83.29
138.9035,-43.6893,84.02
139.1534,-43.6893,84.45
139.4032,-43.6893,84.59
139.6530,-43.6893,84.50
139.9028,-43.6893,84.27
140.1527,-43.6893,84.00
140.4025,-43.6893,83.80
140.6523,-43.6893,83.81
140.9022,-43.6893,84.17
141.1520,-43.6893,84.94
141.4018,-43.6893,86.03
141.6516,-43.6893,87.29
141.9015,-43.6893,88.51
142.1513,-43.6893,89.52
142.4011,-43.6893,90.09
142.6509,-43.6893,89.99
142.9008,-43.6893,89.00
143.1506,-43.6893,86.97
143.4004,-43.6893,84.09
143.6502,-43.6893,80.64
143.9001,-43.6893,76.90
144.1499,-43.6893,73.11
144.3997,-43.6893,69.50
144.6495,-43.6893,66.28
144.8994,-43.6893,63.68
145.1492,-43.6893,61.82
145.3990,-43.6893,60.71
145.6489,-43.6893,60.29
145.8987,-43.6893,60.48
146.1485,-43.6893,61.24
146.3983,-43.6893,62.52
146.6482,-43.6893,64.25
146.8980,-43.6893,66.37
147.1478,-43.6893,68.80
147.3976,-43.6893,71.49
147.6475,-43.6893,74.39
147.8973,-43.6893,77.43
148.1471,-43.6893,80.56
148.3969,-43.6893,83.77
148.6468,-43.6893,87.12
148.8966,-43.6893,90.78
149.1464,-43.6893,94.84
149.3963,-43.6893,99.04
149.6461,-43.6893,103.08
149.8959,-43.6893,106.73
150.1457,-43.6893,109.85
150.3956,-43.6893,112.34
150.6454,-43.6893,114.10
150.8952,-43.6893,115.04
151.1450,-43.6893,115.12
151.3949,-43.6893,114.48
151.6447,-43.6893,113.35
151.8945,-43.6893,111.90
152.1443,-43.6893,110.31
152.3942,-43.6893,108.72
152.6440,-43.6893,107.24
152.8938,-43.6893,105.99
153.1437,-43.6893,105.01
153.3935,-43.6893,104.31
153.6433,-43.6893,103.83
153.8931,-43.6893,103.53
154.1430,-43.6893,103.34
154.3928,-43.6893,103.21
154.6426,-43.6893,103.08
154.8924,-43.6893,102.92
155.1423,-43.6893,102.69
155.3921,-43.6893,102.41
155.6419,-43.6893,102.07
155.8917,-43.6893,101.72
110.1735,-43.4397,66.90
110.4233,-43.4397,66.94
110.6731,-43.4397,66.99
110.9230,-43.4397,67.03
111.1728,-43.4397,67.04
111.4226,-43.4397,67.05
111.6724,-43.4397,67.11
111.9223,-43.4397,67.25
112.1721,-43.4397,67.47
112.4219,-43.4397,67.78
112.6718,-43.4397,68.18
112.9216,-43.4397,68.65
113.1714,-43.4397,69.14
113.4212,-43.4397,69.66
113.6711,-43.4397,70.20
113.9209,-43.4397,70.74
114.1707,-43.4397,71.24
114.4205,-43.4397,71.66
114.6704,-43.4397,71.95
114.9202,-43.4397,72.08
115.1700,-43.4397,72.04
115.4198,-43.4397,71.83
115.6697,-43.4397,71.50
115.9195,-43.4397,71.09
116.1693,-43.4397,70.63
116.4192,-43.4397,70.16
116.6690,-43.4397,69.71
116.9188,-43.4397,69.28
117.1686,-43.4397,68.87
117.4185,-43.4397,68.51
117.6683,-43.4397,68.22
117.9181,-43.4397,68.02
118.1679,-43.4397,67.90
118.4178,-43.4397,67.83
118.6676,-43.4397,67.81
118.9174,-43.4397,67.79
119.1672,-43.4397,67.75
119.4171,-43.4397,67.70
119.6669,-43.4397,67.66
119.9167,-43.4397,67.64
120.1666,-43.4397,67.64
120.4164,-43.4397,67.67
120.6662,-43.4397,67.72
120.9160,-43.4397,67.78
121.1659,-43.4397,67.85
121.4157,-43.4397,67.94
121.6655,-43.4397,68.06
121.9153,-43.4397,68.19
122.1652,-43.4397,68.34
122.4150,-43.4397,68.52
122.6648,-43.4397,68.69
122.9146,-43.4397,68.85
123.1645,-43.4397,68.96
123.4143,-43.4397,69.04
123.6641,-43.4397,69.11
123.9139,-43.4397,69.16
124.1638,-43.4397,69.20
124.4136,-43.4397,69.20
124.6634,-43.4397,69.13
124.9133,-43.4397,68.95
125.1631,-43.4397,68.62
125.4129,-43.4397,68.19
125.6627,-43.4397,67.72
125.9126,-43.4397,67.26
126.1624,-43.4397,66.84
126.4122,-43.4397,66.48
126.6620,-43.4397,66.20
126.9119,-43.4397,65.99
127.1617,-43.4397,65.84
127.4115,-43.4397,65.79
127.6613,-43.4397,65.82
127.9112,-43.4397,65.94
128.1610,-43.4397,66.16
128.4108,-43.4397,66.45
128.6607,-43.4397,66.82
128.9105,-43.4397,67.26
129.1603,-43.4397,67.75
129.4101,-43.4397,68.28
129.6600,-43.4397,68.84
129.9098,-43.4397,69.42
130.1596,-43.4397,69.98
130.4094,-43.4397,70.52
130.6593,-43.4397,71.02
130.9091,-43.4397,71.44
131.1589,-43.4397,71.78
131.4087,-43.4397,72.05
131.6586,-43.4397,72.27
131.9084,-43.4397,72.46
132.1582,-43.4397,72.64
132.4080,-43.4397,72.83
132.6579,-43.4397,73.03
132.9077,-43.4397,73.27
133.1575,-43.4397,73.54
133.4074,-43.4397,73.83
133.6572,-43.4397,74.13
133.9070,-43.4397,74.41
134.1568,-43.4397,74.66
134.4067,-43.4397,74.87
134.6565,-43.4397,75.03
134.9063,-43.4397,75.13
135.1561,-43.4397,75.19
135.4060,-43.4397,75.21
135.6558,-43.4397,75.22
135.9056,-43.4397,75.26
136.1554,-43.4397,75.37
136.4053,-43.4397,75.58
136.6551,-43.4397,75.96
136.9049,-43.4397,76.56
137.1548,-43.4397,77.43
137.4046,-43.4397,78.51
137.6544,-43.4397,79.73
137.9042,-43.4397,81.02
138.1541,-43.4397,82.31
138.4039,-43.4397,83.51
138.6537,-43.4397,84.55
138.9035,-43.4397,85.33
139.1534,-43.4397,85.80
139.4032,-43.4397,85.98
139.6530,-43.4397,85.94
139.9028,-43.4397,85.73
140.1527,-43.4397,85.44
140.4025,-43.4397,85.18
140.6523,-43.4397,85.10
140.9022,-43.4397,85.38
141.1520,-43.4397,86.17
141.4018,-43.4397,87.34
141.6516,-43.4397,88.67
141.9015,-43.4397,89.98
142.1513,-43.4397,91.12
142.4011,-43.4397,91.87
142.6509,-43.4397,91.96
142.9008,-43.4397,91.03
143.1506,-43.4397,88.77
143.4004,-43.4397,85.52
143.6502,-43.4397,81.71
143.9001,-43.4397,77.64
144.1499,-43.4397,73.55
144.3997,-43.4397,69.67
144.6495,-43.4397,66.23
144.8994,-43.4397,63.47
145.1492,-43.4397,61.64
145.3990,-43.4397,60.61
145.6489,-43.4397,60.24
145.8987,-43.4397,60.42
146.1485,-43.4397,61.10
146.3983,-43.4397,62.21
146.6482,-43.4397,63.69
146.8980,-43.4397,65.43
147.1478,-43.4397,67.33
147.3976,-43.4397,69.34
147.6475,-43.4397,71.43
147.8973,-43.4397,73.52
148.1471,-43.4397,75.60
148.3969,-43.4397,77.73
148.6468,-43.4397,80.17
148.8966,-43.4397,83.41
149.1464,-43.4397,87.95
149.3963,-43.4397,93.15
149.6461,-43.4397,98.38
149.8959,-43.4397,103.22
150.1457,-43.4397,107.47
150.3956,-43.4397,110.97
150.6454,-43.4397,113.60
150.8952,-43.4397,115.18
151.1450,-43.4397,115.56
151.3949,-43.4397,115.03
151.6447,-43.4397,113.93
151.8945,-43.4397,112.49
152.1443,-43.4397,110.91
152.3942,-43.4397,109.33
152.6440,-43.4397,107.86
152.8938,-43.4397,106.62
153.1437,-43.4397,105.67
153.3935,-43.4397,104.98
153.6433,-43.4397,104.50
153.8931,-43.4397,104.19
154.1430,-43.4397,103.98
154.3928,-43.4397,103.82
154.6426,-43.4397,103.67
154.8924,-43.4397,103.47
155.1423,-43.4397,103.21
155.3921,-43.4397,102.89
155.6419,-43.4397,102.53
155.8917,-43.4397,102.17
110.1735,-43.1900,68.65
110.4233,-43.1900,68.71
110.6731,-43.1900,68.80
110.9230,-43.1900,68.87
111.1728,-43.1900,68.89
111.4226,-43.1900,68.92
111.6724,-43.1900,69.00
111.9223,-43.1900,69.16
112.1721,-43.1900,69.41
112.4219,-43.1900,69.75
112.6718,-43.1900,70.18
112.9216,-43.1900,70.64
113.1714,-43.1900,71.06
113.4212,-43.1900,71.47
113.6711,-43.1900,71.91
113.9209,-43.1900,72.35
114.1707,-43.1900,72.76
114.4205,-43.1900,73.11
114.6704,-43.1900,73.37
114.9202,-43.1900,73.50
115.1700,-43.1900,73.48
115.4198,-43.1900,73.32
115.6697,-43.1900,73.07
115.9195,-43.1900,72.75
116.1693,-43.1900,72.41
116.4192,-43.1900,72.06
116.6690,-43.1900,71.71
116.9188,-43.1900,71.36
117.1686,-43.1900,70.96
117.4185,-43.1900,70.58
117.6683,-43.1900,70.27
117.9181,-43.1900,70.03
118.1679,-43.1900,69.88
118.4178,-43.1900,69.80
118.6676,-43.1900,69.77
118.9174,-43.1900,69.74
119.1672,-43.1900,69.67
119.4171,-43.1900,69.59
119.6669,-43.1900,69.53
119.9167,-43.1900,69.50
120.1666,-43.1900,69.50
120.4164,-43.1900,69.54
120.6662,-43.1900,69.60
120.9160,-43.1900,69.69
121.1659,-43.1900,69.78
121.4157,-43.1900,69.89
121.6655,-43.1900,70.03
121.9153,-43.1900,70.19
122.1652,-43.1900,70.39
122.4150,-43.1900,70.60
122.6648,-43.1900,70.82
122.9146,-43.1900,71.00
123.1645,-43.1900,71.09
123.4143,-43.1900,71.14
123.6641,-43.1900,71.18
123.9139,-43.1900,71.23
124.1638,-43.1900,71.28
124.4136,-43.1900,71.31
124.6634,-43.1900,71.28
124.9133,-43.1900,71.14
125.1631,-43.1900,70.79
125.4129,-43.1900,70.33
125.6627,-43.1900,69.84
125.9126,-43.1900,69.37
126.1624,-43.1900,68.95
126.4122,-43.1900,68.59
126.6620,-43.1900,68.30
126.9119,-43.1900,68.07
127.1617,-43.1900,67.86
127.4115,-43.1900,67.71
127.6613,-43.1900,67.65
127.9112,-43.1900,67.68
128.1610,-43.1900,67.80
128.4108,-43.1900,68.00
128.6607,-43.1900,68.29
128.9105,-43.1900,68.65
129.1603,-43.1900,69.09
129.4101,-43.1900,69.59
129.6600,-43.1900,70.12
129.9098,-43.1900,70.68
130.1596,-43.1900,71.25
130.4094,-43.1900,71.80
130.6593,-43.1900,72.32
130.9091,-43.1900,72.77
131.1589,-43.1900,73.11
131.4087,-43.1900,73.37
131.6586,-43.1900,73.60
131.9084,-43.1900,73.80
132.1582,-43.1900,73.98
132.4080,-43.1900,74.17
132.6579,-43.1900,74.37
132.9077,-43.1900,74.60
133.1575,-43.1900,74.88
133.4074,-43.1900,75.17
133.6572,-43.1900,75.47
133.9070,-43.1900,75.74
134.1568,-43.1900,75.98
134.4067,-43.1900,76.18
134.6565,-43.1900,76.32
134.9063,-43.1900,76.42
135.1561,-43.1900,76.46
135.4060,-43.1900,76.47
135.6558,-43.1900,76.48
135.9056,-43.1900,76.50
136.1554,-43.1900,76.58
136.4053,-43.1900,76.76
136.6551,-43.1900,77.09
136.9049,-43.1900,77.64
137.1548,-43.1900,78.51
137.4046,-43.1900,79.60
137.6544,-43.1900,80.82
137.9042,-43.1900,82.11
138.1541,-43.1900,83.40
138.4039,-43.1900,84.64
138.6537,-43.1900,85.73
138.9035,-43.1900,86.60
139.1534,-43.1900,87.13
139.4032,-43.1900,87.37
139.6530,-43.1900,87.39
139.9028,-43.1900,87.23
140.1527,-43.1900,86.95
140.4025,-43.1900,86.61
140.6523,-43.1900,86.37
140.9022,-43.1900,86.46
141.1520,-43.1900,87.26
141.4018,-43.1900,88.42
141.6516,-43.1900,89.71
141.9015,-43.1900,90.99
142.1513,-43.1900,92.12
142.4011,-43.1900,92.97
142.6509,-43.1900,93.25
142.9008,-43.1900,92.47
143.1506,-43.1900,89.87
143.4004,-43.1900,86.26
143.6502,-43.1900,82.17
143.9001,-43.1900,77.90
144.1499,-43.1900,73.67
144.3997,-43.1900,69.65
144.6495,-43.1900,66.03
144.8994,-43.1900,63.13
145.1492,-43.1900,61.42
145.3990,-43.1900,60.52
145.6489,-43.1900,60.19
145.8987,-43.1900,60.34
146.1485,-43.1900,60.91
146.3983,-43.1900,61.86
146.6482,-43.1900,63.12
146.8980,-43.1900,64.57
147.1478,-43.1900,66.04
147.3976,-43.1900,67.53
147.6475,-43.1900,69.01
147.8973,-43.1900,70.40
148.1471,-43.1900,71.68
148.3969,-43.1900,72.91
148.6468,-43.1900,74.44
148.8966,-43.1900,77.10
149.1464,-43.1900,82.28
149.3963,-43.1900,88.45
149.6461,-43.1900,94.65
149.8959,-43.1900,100.40
150.1457,-43.1900,105.49
150.3956,-43.1900,109.78
150.6454,-43.1900,113.13
150.8952,-43.1900,115.28
151.1450,-43.1900,115.80
151.3949,-43.1900,115.29
151.6447,-43.1900,114.20
151.8945,-43.1900,112.80
152.1443,-43.1900,111.27
152.3942,-43.1900,109.73
152.6440,-43.1900,108.30
152.8938,-43.1900,107.09
153.1437,-43.1900,106.20
153.3935,-43.1900,105.57
153.6433,-43.1900,105.12
153.8931,-43.1900,104.81
154.1430,-43.1900,104.59
154.3928,-43.1900,104.42
154.6426,-43.1900,104.25
154.8924,-43.1900,104.04
155.1423,-43.1900,103.74
155.3921,-43.1900,103.38
155.6419,-43.1900,103.00
155.8917,-43.1900,102.61
110.1735,-42.9404,70.25
110.4233,-42.9404,70.33
110.6731,-42.9404,70.44
110.9230,-42.9404,70.57
111.1728,-42.9404,70.58
111.4226,-42.9404,70.62
111.6724,-42.9404,70.72
111.9223,-42.9404,70.90
112.1721,-42.9404,71.18
112.4219,-42.9404,71.55
112.6718,-42.9404,71.98
112.9216,-42.9404,72.45
113.1714,-42.9404,72.79
113.4212,-42.9404,73.13
113.6711,-42.9404,73.48
113.9209,-42.9404,73.84
114.1707,-42.9404,74.18
114.4205,-42.9404,74.48
114.6704,-42.9404,74.72
114.9202,-42.9404,74.86
115.1700,-42.9404,74.84
115.4198,-42.9404,74.72
115.6697,-42.9404,74.53
115.9195,-42.9404,74.30
116.1693,-42.9404,74.04
116.4192,-42.9404,73.78
116.6690,-42.9404,73.52
116.9188,-42.9404,73.25
117.1686,-42.9404,72.85
117.4185,-42.9404,72.46
117.6683,-42.9404,72.13
117.9181,-42.9404,71.88
118.1679,-42.9404,71.71
118.4178,-42.9404,71.61
118.6676,-42.9404,71.57
118.9174,-42.9404,71.55
119.1672,-42.9404,71.44
119.4171,-42.9404,71.34
119.6669,-42.9404,71.27
119.9167,-42.9404,71.24
120.1666,-42.9404,71.25
120.4164,-42.9404,71.31
120.6662,-42.9404,71.39
120.9160,-42.9404,71.49
121.1659,-42.9404,71.60
121.4157,-42.9404,71.73
121.6655,-42.9404,71.88
121.9153,-42.9404,72.06
122.1652,-42.9404,72.28
122.4150,-42.9404,72.51
122.6648,-42.9404,72.75
122.9146,-42.9404,72.96
123.1645,-42.9404,73.02
123.4143,-42.9404,73.03
123.6641,-42.9404,73.06
123.9139,-42.9404,73.09
124.1638,-42.9404,73.14
124.4136,-42.9404,73.18
124.6634,-42.9404,73.20
124.9133,-42.9404,73.12
125.1631,-42.9404,72.73
125.4129,-42.9404,72.25
125.6627,-42.9404,71.76
125.9126,-42.9404,71.30
126.1624,-42.9404,70.89
126.4122,-42.9404,70.54
126.6620,-42.9404,70.25
126.9119,-42.9404,70.02
127.1617,-42.9404,69.75
127.4115,-42.9404,69.53
127.6613,-42.9404,69.39
127.9112,-42.9404,69.34
128.1610,-42.9404,69.38
128.4108,-42.9404,69.50
128.6607,-42.9404,69.72
128.9105,-42.9404,70.01
129.1603,-42.9404,70.40
129.4101,-42.9404,70.85
129.6600,-42.9404,71.36
129.9098,-42.9404,71.90
130.1596,-42.9404,72.45
130.4094,-42.9404,73.01
130.6593,-42.9404,73.54
130.9091,-42.9404,74.02
131.1589,-42.9404,74.35
131.4087,-42.9404,74.62
131.6586,-42.9404,74.85
131.9084,-42.9404,75.06
132.1582,-42.9404,75.27
132.4080,-42.9404,75.47
132.6579,-42.9404,75.67
132.9077,-42.9404,75.90
133.1575,-42.9404,76.19
133.4074,-42.9404,76.49
133.6572,-42.9404,76.78
133.9070,-42.9404,77.05
134.1568,-42.9404,77.28
134.4067,-42.9404,77.47
134.6565,-42.9404,77.61
134.9063,-42.9404,77.70
135.1561,-42.9404,77.73
135.4060,-42.9404,77.74
135.6558,-42.9404,77.74
135.9056,-42.9404,77.76
136.1554,-42.9404,77.82
136.4053,-42.9404,77.97
136.6551,-42.9404,78.24
136.9049,-42.9404,78.71
137.1548,-42.9404,79.59
137.4046,-42.9404,80.66
137.6544,-42.9404,81.85
137.9042,-42.9404,83.11
138.1541,-42.9404,84.39
138.4039,-42.9404,85.63
138.6537,-42.9404,86.79
138.9035,-42.9404,87.77
139.1534,-42.9404,88.35
139.4032,-42.9404,88.70
139.6530,-42.9404,88.84
139.9028,-42.9404,88.79
140.1527,-42.9404,88.57
140.4025,-42.9404,88.22
140.6523,-42.9404,87.82
140.9022,-42.9404,87.62
141.1520,-42.9404,88.38
141.4018,-42.9404,89.37
141.6516,-42.9404,90.39
141.9015,-42.9404,91.38
142.1513,-42.9404,92.25
142.4011,-42.9404,92.94
142.6509,-42.9404,93.26
142.9008,-42.9404,92.74
143.1506,-42.9404,89.72
143.4004,-42.9404,85.90
143.6502,-42.9404,81.79
143.9001,-42.9404,77.61
144.1499,-42.9404,73.50
144.3997,-42.9404,69.56
144.6495,-42.9404,65.95
144.8994,-42.9404,62.95
145.1492,-42.9404,61.47
145.3990,-42.9404,60.67
145.6489,-42.9404,60.32
145.8987,-42.9404,60.36
146.1485,-42.9404,60.77
146.3983,-42.9404,61.54
146.6482,-42.9404,62.61
146.8980,-42.9404,63.88
147.1478,-42.9404,65.06
147.3976,-42.9404,66.28
147.6475,-42.9404,67.47
147.8973,-42.9404,68.56
148.1471,-42.9404,69.48
148.3969,-42.9404,70.26
148.6468,-42.9404,71.17
148.8966,-42.9404,73.04
149.1464,-42.9404,79.03
149.3963,-42.9404,85.84
149.6461,-42.9404,92.51
149.8959,-42.9404,98.65
150.1457,-42.9404,104.09
150.3956,-42.9404,108.74
150.6454,-42.9404,112.51
150.8952,-42.9404,115.13
151.1450,-42.9404,115.57
151.3949,-42.9404,115.07
151.6447,-42.9404,114.06
151.8945,-42.9404,112.76
152.1443,-42.9404,111.35
152.3942,-42.9404,109.93
152.6440,-42.9404,108.59
152.8938,-42.9404,107.44
153.1437,-42.9404,106.66
153.3935,-42.9404,106.10
153.6433,-42.9404,105.69
153.8931,-42.9404,105.40
154.1430,-42.9404,105.17
154.3928,-42.9404,104.99
154.6426,-42.9404,104.81
154.8924,-42.9404,104.58
155.1423,-42.9404,104.24
155.3921,-42.9404,103.84
155.6419,-42.9404,103.43
155.8917,-42.9404,103.02
110.1735,-42.6907,71.67
110.4233,-42.6907,71.75
110.6731,-42.6907,71.86
110.9230,-42.6907,71.98
111.1728,-42.6907,72.05
111.4226,-42.6907,72.13
111.6724,-42.6907,72.26
111.9223,-42.6907,72.47
112.1721,-42.6907,72.76
112.4219,-42.6907,73.12
112.6718,-42.6907,73.53
112.9216,-42.6907,73.94
113.1714,-42.6907,74.28
113.4212,-42.6907,74.59
113.6711,-42.6907,74.90
113.9209,-42.6907,75.20
114.1707,-42.6907,75.50
114.4205,-42.6907,75.76
114.6704,-42.6907,75.96
114.9202,-42.6907,76.08
115.1700,-42.6907,76.09
115.4198,-42.6907,76.02
115.6697,-42.6907,75.89
115.9195,-42.6907,75.71
116.1693,-42.6907,75.52
116.4192,-42.6907,75.31
116.6690,-42.6907,75.09
116.9188,-42.6907,74.83
117.1686,-42.6907,74.48
117.4185,-42.6907,74.12
117.6683,-42.6907,73.80
117.9181,-42.6907,73.54
118.1679,-42.6907,73.35
118.4178,-42.6907,73.22
118.6676,-42.6907,73.15
118.9174,-42.6907,73.09
119.1672,-42.6907,73.00
119.4171,-42.6907,72.92
119.6669,-42.6907,72.86
119.9167,-42.6907,72.86
120.1666,-42.6907,72.89
120.4164,-42.6907,72.95
120.6662,-42.6907,73.05
120.9160,-42.6907,73.16
121.1659,-42.6907,73.29
121.4157,-42.6907,73.42
121.6655,-42.6907,73.59
121.9153,-42.6907,73.77
122.1652,-42.6907,73.98
122.4150,-42.6907,74.20
122.6648,-42.6907,74.42
122.9146,-42.6907,74.59
123.1645,-42.6907,74.65
123.4143,-42.6907,74.67
123.6641,-42.6907,74.68
123.9139,-42.6907,74.70
124.1638,-42.6907,74.73
124.4136,-42.6907,74.75
124.6634,-42.6907,74.74
124.9133,-42.6907,74.62
125.1631,-42.6907,74.30
125.4129,-42.6907,73.89
125.6627,-42.6907,73.44
125.9126,-42.6907,73.02
126.1624,-42.6907,72.64
126.4122,-42.6907,72.30
126.6620,-42.6907,72.00
126.9119,-42.6907,71.73
127.1617,-42.6907,71.46
127.4115,-42.6907,71.21
127.6613,-42.6907,71.03
127.9112,-42.6907,70.92
128.1610,-42.6907,70.89
128.4108,-42.6907,70.95
128.6607,-42.6907,71.10
128.9105,-42.6907,71.34
129.1603,-42.6907,71.67
129.4101,-42.6907,72.08
129.6600,-42.6907,72.54
129.9098,-42.6907,73.05
130.1596,-42.6907,73.58
130.4094,-42.6907,74.12
130.6593,-42.6907,74.64
130.9091,-42.6907,75.10
131.1589,-42.6907,75.46
131.4087,-42.6907,75.76
131.6586,-42.6907,76.02
131.9084,-42.6907,76.26
132.1582,-42.6907,76.49
132.4080,-42.6907,76.72
132.6579,-42.6907,76.95
132.9077,-42.6907,77.20
133.1575,-42.6907,77.49
133.4074,-42.6907,77.79
133.6572,-42.6907,78.08
133.9070,-42.6907,78.34
134.1568,-42.6907,78.56
134.4067,-42.6907,78.74
134.6565,-42.6907,78.88
134.9063,-42.6907,78.96
135.1561,-42.6907,79.00
135.4060,-42.6907,79.00
135.6558,-42.6907,79.00
135.9056,-42.6907,79.02
136.1554,-42.6907,79.08
136.4053,-42.6907,79.23
136.6551,-42.6907,79.51
136.9049,-42.6907,79.99
137.1548,-42.6907,80.77
137.4046,-42.6907,81.74
137.6544,-42.6907,82.84
137.9042,-42.6907,84.02
138.1541,-42.6907,85.24
138.4039,-42.6907,86.45
138.6537,-42.6907,87.60
138.9035,-42.6907,88.61
139.1534,-42.6907,89.36
139.4032,-42.6907,89.91
139.6530,-42.6907,90.25
139.9028,-42.6907,90.41
140.1527,-42.6907,90.36
140.4025,-42.6907,90.13
140.6523,-42.6907,89.80
140.9022,-42.6907,89.59
141.1520,-42.6907,89.85
141.4018,-42.6907,90.28
141.6516,-42.6907,90.70
141.9015,-42.6907,91.06
142.1513,-42.6907,91.33
142.4011,-42.6907,91.43
142.6509,-42.6907,91.17
142.9008,-42.6907,90.10
143.1506,-42.6907,87.49
143.4004,-42.6907,84.10
143.6502,-42.6907,80.42
143.9001,-42.6907,76.70
144.1499,-42.6907,73.06
144.3997,-42.6907,69.59
144.6495,-42.6907,66.42
144.8994,-42.6907,63.82
145.1492,-42.6907,62.23
145.3990,-42.6907,61.26
145.6489,-42.6907,60.72
145.8987,-42.6907,60.54
146.1485,-42.6907,60.72
146.3983,-42.6907,61.25
146.6482,-42.6907,62.12
146.8980,-42.6907,63.23
147.1478,-42.6907,64.42
147.3976,-42.6907,65.69
147.6475,-42.6907,67.00
147.8973,-42.6907,68.25
148.1471,-42.6907,69.40
148.3969,-42.6907,70.54
148.6468,-42.6907,72.00
148.8966,-42.6907,74.62
149.1464,-42.6907,79.81
149.3963,-42.6907,86.04
149.6461,-42.6907,92.32
149.8959,-42.6907,98.17
150.1457,-42.6907,103.37
150.3956,-42.6907,107.79
150.6454,-42.6907,111.30
150.8952,-42.6907,113.65
151.1450,-42.6907,114.40
151.3949,-42.6907,114.18
151.6447,-42.6907,113.41
151.8945,-42.6907,112.34
152.1443,-42.6907,111.15
152.3942,-42.6907,109.94
152.6440,-42.6907,108.81
152.8938,-42.6907,107.83
153.1437,-42.6907,107.12
153.3935,-42.6907,106.61
153.6433,-42.6907,106.23
153.8931,-42.6907,105.94
154.1430,-42.6907,105.70
154.3928,-42.6907,105.50
154.6426,-42.6907,105.28
154.8924,-42.6907,105.01
155.1423,-42.6907,104.65
155.3921,-42.6907,104.24
155.6419,-42.6907,103.81
155.8917,-42.6907,103.39
110.1735,-42.4411,72.95
110.4233,-42.4411,73.02
110.6731,-42.4411,73.12
110.9230,-42.4411,73.23
111.1728,-42.4411,73.34
111.4226,-42.4411,73.47
111.6724,-42.4411,73.65
111.9223,-42.4411,73.88
112.1721,-42.4411,74.17
112.4219,-42.4411,74.51
112.6718,-42.4411,74.89
112.9216,-42.4411,75.25
113.1714,-42.4411,75.58
113.4212,-42.4411,75.89
113.6711,-42.4411,76.18
113.9209,-42.4411,76.45
114.1707,-42.4411,76.71
114.4205,-42.4411,76.93
114.6704,-42.4411,77.11
114.9202,-42.4411,77.22
115.1700,-42.4411,77.25
115.4198,-42.4411,77.21
115.6697,-42.4411,77.13
115.9195,-42.4411,77.00
116.1693,-42.4411,76.85
116.4192,-42.4411,76.67
116.6690,-42.4411,76.47
116.9188,-42.4411,76.22
117.1686,-42.4411,75.92
117.4185,-42.4411,75.59
117.6683,-42.4411,75.29
117.9181,-42.4411,75.03
118.1679,-42.4411,74.82
118.4178,-42.4411,74.66
118.6676,-42.4411,74.56
118.9174,-42.4411,74.47
119.1672,-42.4411,74.40
119.4171,-42.4411,74.34
119.6669,-42.4411,74.32
119.9167,-42.4411,74.34
120.1666,-42.4411,74.39
120.4164,-42.4411,74.48
120.6662,-42.4411,74.59
120.9160,-42.4411,74.72
121.1659,-42.4411,74.85
121.4157,-42.4411,74.99
121.6655,-42.4411,75.14
121.9153,-42.4411,75.32
122.1652,-42.4411,75.50
122.4150,-42.4411,75.69
122.6648,-42.4411,75.86
122.9146,-42.4411,76.00
123.1645,-42.4411,76.06
123.4143,-42.4411,76.07
123.6641,-42.4411,76.07
123.9139,-42.4411,76.07
124.1638,-42.4411,76.07
124.4136,-42.4411,76.06
124.6634,-42.4411,76.01
124.9133,-42.4411,75.87
125.1631,-42.4411,75.61
125.4129,-42.4411,75.27
125.6627,-42.4411,74.90
125.9126,-42.4411,74.54
126.1624,-42.4411,74.19
126.4122,-42.4411,73.88
126.6620,-42.4411,73.58
126.9119,-42.4411,73.31
127.1617,-42.4411,73.03
127.4115,-42.4411,72.78
127.6613,-42.4411,72.57
127.9112,-42.4411,72.42
128.1610,-42.4411,72.34
128.4108,-42.4411,72.34
128.6607,-42.4411,72.43
128.9105,-42.4411,72.61
129.1603,-42.4411,72.89
129.4101,-42.4411,73.24
129.6600,-42.4411,73.67
129.9098,-42.4411,74.14
130.1596,-42.4411,74.64
130.4094,-42.4411,75.15
130.6593,-42.4411,75.64
130.9091,-42.4411,76.09
131.1589,-42.4411,76.47
131.4087,-42.4411,76.80
131.6586,-42.4411,77.10
131.9084,-42.4411,77.38
132.1582,-42.4411,77.65
132.4080,-42.4411,77.91
132.6579,-42.4411,78.18
132.9077,-42.4411,78.46
133.1575,-42.4411,78.75
133.4074,-42.4411,79.05
133.6572,-42.4411,79.33
133.9070,-42.4411,79.59
134.1568,-42.4411,79.81
134.4067,-42.4411,79.98
134.6565,-42.4411,80.11
134.9063,-42.4411,80.19
135.1561,-42.4411,80.23
135.4060,-42.4411,80.24
135.6558,-42.4411,80.25
135.9056,-42.4411,80.27
136.1554,-42.4411,80.35
136.4053,-42.4411,80.51
136.6551,-42.4411,80.80
136.9049,-42.4411,81.27
137.1548,-42.4411,81.94
137.4046,-42.4411,82.80
137.6544,-42.4411,83.77
137.9042,-42.4411,84.84
138.1541,-42.4411,85.96
138.4039,-42.4411,87.10
138.6537,-42.4411,88.22
138.9035,-42.4411,89.28
139.1534,-42.4411,90.19
139.4032,-42.4411,90.97
139.6530,-42.4411,91.59
139.9028,-42.4411,92.02
140.1527,-42.4411,92.22
140.4025,-42.4411,92.18
140.6523,-42.4411,91.94
140.9022,-42.4411,91.61
141.1520,-42.4411,91.32
141.4018,-42.4411,91.00
141.6516,-42.4411,90.58
141.9015,-42.4411,90.05
142.1513,-42.4411,89.43
142.4011,-42.4411,88.68
142.6509,-42.4411,87.69
142.9008,-42.4411,86.18
143.1506,-42.4411,83.89
143.4004,-42.4411,81.12
143.6502,-42.4411,78.18
143.9001,-42.4411,75.22
144.1499,-42.4411,72.34
144.3997,-42.4411,69.59
144.6495,-42.4411,67.07
144.8994,-42.4411,64.92
145.1492,-42.4411,63.31
145.3990,-42.4411,62.15
145.6489,-42.4411,61.34
145.8987,-42.4411,60.86
146.1485,-42.4411,60.75
146.3983,-42.4411,61.04
146.6482,-42.4411,61.74
146.8980,-42.4411,62.82
147.1478,-42.4411,64.19
147.3976,-42.4411,65.80
147.6475,-42.4411,67.56
147.8973,-42.4411,69.39
148.1471,-42.4411,71.24
148.3969,-42.4411,73.17
148.6468,-42.4411,75.46
148.8966,-42.4411,78.64
149.1464,-42.4411,83.21
149.3963,-42.4411,88.51
149.6461,-42.4411,93.90
149.8959,-42.4411,98.93
150.1457,-42.4411,103.39
150.3956,-42.4411,107.13
150.6454,-42.4411,110.05
150.8952,-42.4411,111.99
151.1450,-42.4411,112.82
151.3949,-42.4411,112.85
151.6447,-42.4411,112.37
151.8945,-42.4411,111.61
152.1443,-42.4411,110.71
152.3942,-42.4411,109.78
152.6440,-42.4411,108.89
152.8938,-42.4411,108.12
153.1437,-42.4411,107.52
153.3935,-42.4411,107.07
153.6433,-42.4411,106.71
153.8931,-42.4411,106.43
154.1430,-42.4411,106.18
154.3928,-42.4411,105.95
154.6426,-42.4411,105.69
154.8924,-42.4411,105.39
155.1423,-42.4411,105.01
155.3921,-42.4411,104.59
155.6419,-42.4411,104.15
155.8917,-42.4411,103.71
110.1735,-42.1914,74.11
110.4233,-42.1914,74.17
110.6731,-42.1914,74.26
110.9230,-42.1914,74.38
111.1728,-42.1914,74.52
111.4226,-42.1914,74.69
111.6724,-42.1914,74.91
111.9223,-42.1914,75.16
112.1721,-42.1914,75.46
112.4219,-42.1914,75.78
112.6718,-42.1914,76.12
112.9216,-42.1914,76.46
113.1714,-42.1914,76.78
113.4212,-42.1914,77.08
113.6711,-42.1914,77.36
113.9209,-42.1914,77.61
114.1707,-42.1914,77.84
114.4205,-42.1914,78.04
114.6704,-42.1914,78.19
114.9202,-42.1914,78.29
115.1700,-42.1914,78.34
115.4198,-42.1914,78.33
115.6697,-42.1914,78.28
115.9195,-42.1914,78.19
116.1693,-42.1914,78.06
116.4192,-42.1914,77.91
116.6690,-42.1914,77.72
116.9188,-42.1914,77.48
117.1686,-42.1914,77.21
117.4185,-42.1914,76.91
117.6683,-42.1914,76.62
117.9181,-42.1914,76.36
118.1679,-42.1914,76.13
118.4178,-42.1914,75.95
118.6676,-42.1914,75.82
118.9174,-42.1914,75.73
119.1672,-42.1914,75.67
119.4171,-42.1914,75.64
119.6669,-42.1914,75.65
119.9167,-42.1914,75.70
120.1666,-42.1914,75.78
120.4164,-42.1914,75.90
120.6662,-42.1914,76.02
120.9160,-42.1914,76.15
121.1659,-42.1914,76.29
121.4157,-42.1914,76.42
121.6655,-42.1914,76.56
121.9153,-42.1914,76.70
122.1652,-42.1914,76.86
122.4150,-42.1914,77.00
122.6648,-42.1914,77.13
122.9146,-42.1914,77.23
123.1645,-42.1914,77.27
123.4143,-42.1914,77.27
123.6641,-42.1914,77.25
123.9139,-42.1914,77.23
124.1638,-42.1914,77.19
124.4136,-42.1914,77.15
124.6634,-42.1914,77.07
124.9133,-42.1914,76.93
125.1631,-42.1914,76.73
125.4129,-42.1914,76.47
125.6627,-42.1914,76.18
125.9126,-42.1914,75.88
126.1624,-42.1914,75.59
126.4122,-42.1914,75.31
126.6620,-42.1914,75.04
126.9119,-42.1914,74.77
127.1617,-42.1914,74.50
127.4115,-42.1914,74.25
127.6613,-42.1914,74.02
127.9112,-42.1914,73.84
128.1610,-42.1914,73.72
128.4108,-42.1914,73.67
128.6607,-42.1914,73.71
128.9105,-42.1914,73.83
129.1603,-42.1914,74.06
129.4101,-42.1914,74.36
129.6600,-42.1914,74.74
129.9098,-42.1914,75.17
130.1596,-42.1914,75.63
130.4094,-42.1914,76.11
130.6593,-42.1914,76.58
130.9091,-42.1914,77.01
131.1589,-42.1914,77.41
131.4087,-42.1914,77.77
131.6586,-42.1914,78.10
131.9084,-42.1914,78.41
132.1582,-42.1914,78.72
132.4080,-42.1914,79.03
132.6579,-42.1914,79.34
132.9077,-42.1914,79.65
133.1575,-42.1914,79.95
133.4074,-42.1914,80.25
133.6572,-42.1914,80.52
133.9070,-42.1914,80.78
134.1568,-42.1914,81.00
134.4067,-42.1914,81.17
134.6565,-42.1914,81.31
134.9063,-42.1914,81.39
135.1561,-42.1914,81.42
135.4060,-42.1914,81.44
135.6558,-42.1914,81.45
135.9056,-42.1914,81.48
136.1554,-42.1914,81.58
136.4053,-42.1914,81.75
136.6551,-42.1914,82.05
136.9049,-42.1914,82.48
137.1548,-42.1914,83.06
137.4046,-42.1914,83.79
137.6544,-42.1914,84.63
137.9042,-42.1914,85.55
138.1541,-42.1914,86.54
138.4039,-42.1914,87.58
138.6537,-42.1914,88.67
138.9035,-42.1914,89.76
139.1534,-42.1914,90.84
139.4032,-42.1914,91.86
139.6530,-42.1914,92.77
139.9028,-42.1914,93.51
140.1527,-42.1914,94.00
140.4025,-42.1914,94.18
140.6523,-42.1914,93.99
140.9022,-42.1914,93.45
141.1520,-42.1914,92.58
141.4018,-42.1914,91.41
141.6516,-42.1914,89.99
141.9015,-42.1914,88.40
142.1513,-42.1914,86.72
142.4011,-42.1914,85.02
142.6509,-42.1914,83.28
142.9008,-42.1914,81.44
143.1506,-42.1914,79.42
143.4004,-42.1914,77.32
143.6502,-42.1914,75.25
143.9001,-42.1914,73.25
144.1499,-42.1914,71.33
144.3997,-42.1914,69.47
144.6495,-42.1914,67.69
144.8994,-42.1914,66.01
145.1492,-42.1914,64.50
145.3990,-42.1914,63.17
145.6489,-42.1914,62.06
145.8987,-42.1914,61.24
146.1485,-42.1914,60.81
146.3983,-42.1914,60.86
146.6482,-42.1914,61.46
146.8980,-42.1914,62.63
147.1478,-42.1914,64.34
147.3976,-42.1914,66.50
147.6475,-42.1914,68.99
147.8973,-42.1914,71.69
148.1471,-42.1914,74.51
148.3969,-42.1914,77.43
148.6468,-42.1914,80.56
148.8966,-42.1914,84.10
149.1464,-42.1914,88.20
149.3963,-42.1914,92.56
149.6461,-42.1914,96.82
149.8959,-42.1914,100.72
150.1457,-42.1914,104.11
150.3956,-42.1914,106.90
150.6454,-42.1914,109.03
150.8952,-42.1914,110.45
151.1450,-42.1914,111.17
151.3949,-42.1914,111.33
151.6447,-42.1914,111.11
151.8945,-42.1914,110.65
152.1443,-42.1914,110.07
152.3942,-42.1914,109.45
152.6440,-42.1914,108.84
152.8938,-42.1914,108.29
153.1437,-42.1914,107.83
153.3935,-42.1914,107.45
153.6433,-42.1914,107.14
153.8931,-42.1914,106.87
154.1430,-42.1914,106.61
154.3928,-42.1914,106.35
154.6426,-42.1914,106.06
154.8924,-42.1914,105.73
155.1423,-42.1914,105.33
155.3921,-42.1914,104.90
155.6419,-42.1914,104.44
155.8917,-42.1914,103.98
110.1735,-41.9417,75.22
110.4233,-41.9417,75.27
110.6731,-41.9417,75.35
110.9230,-41.9417,75.47
111.1728,-41.9417,75.64
111.4226,-41.9417,75.85
111.6724,-41.9417,76.10
111.9223,-41.9417,76.37
112.1721,-41.9417,76.67
112.4219,-41.9417,76.98
112.6718,-41.9417,77.29
112.9216,-41.9417,77.60
113.1714,-41.9417,77.91
113.4212,-41.9417,78.20
113.6711,-41.9417,78.47
113.9209,-41.9417,78.72
114.1707,-41.9417,78.93
114.4205,-41.9417,79.10
114.6704,-41.9417,79.23
114.9202,-41.9417,79.32
115.1700,-41.9417,79.38
115.4198,-41.9417,79.39
115.6697,-41.9417,79.36
115.9195,-41.9417,79.30
116.1693,-41.9417,79.20
116.4192,-41.9417,79.06
116.6690,-41.9417,78.88
116.9188,-41.9417,78.66
117.1686,-41.9417,78.41
117.4185,-41.9417,78.13
117.6683,-41.9417,77.84
117.9181,-41.9417,77.58
118.1679,-41.9417,77.33
118.4178,-41.9417,77.13
118.6676,-41.9417,76.98
118.9174,-41.9417,76.88
119.1672,-41.9417,76.83
119.4171,-41.9417,76.83
119.6669,-41.9417,76.87
119.9167,-41.9417,76.96
120.1666,-41.9417,77.08
120.4164,-41.9417,77.21
120.6662,-41.9417,77.35
120.9160,-41.9417,77.49
121.1659,-41.9417,77.61
121.4157,-41.9417,77.73
121.6655,-41.9417,77.84
121.9153,-41.9417,77.95
122.1652,-41.9417,78.06
122.4150,-41.9417,78.17
122.6648,-41.9417,78.25
122.9146,-41.9417,78.31
123.1645,-41.9417,78.32
123.4143,-41.9417,78.30
123.6641,-41.9417,78.26
123.9139,-41.9417,78.20
124.1638,-41.9417,78.14
124.4136,-41.9417,78.07
124.6634,-41.9417,77.97
124.9133,-41.9417,77.85
125.1631,-41.9417,77.70
125.4129,-41.9417,77.51
125.6627,-41.9417,77.31
125.9126,-41.9417,77.09
126.1624,-41.9417,76.86
126.4122,-41.9417,76.63
126.6620,-41.9417,76.39
126.9119,-41.9417,76.15
127.1617,-41.9417,75.90
127.4115,-41.9417,75.65
127.6613,-41.9417,75.42
127.9112,-41.9417,75.21
128.1610,-41.9417,75.05
128.4108,-41.9417,74.95
128.6607,-41.9417,74.94
128.9105,-41.9417,75.01
129.1603,-41.9417,75.18
129.4101,-41.9417,75.44
129.6600,-41.9417,75.77
129.9098,-41.9417,76.16
130.1596,-41.9417,76.58
130.4094,-41.9417,77.02
130.6593,-41.9417,77.46
130.9091,-41.9417,77.88
131.1589,-41.9417,78.28
131.4087,-41.9417,78.65
131.6586,-41.9417,79.01
131.9084,-41.9417,79.36
132.1582,-41.9417,79.71
132.4080,-41.9417,80.06
132.6579,-41.9417,80.41
132.9077,-41.9417,80.75
133.1575,-41.9417,81.06
133.4074,-41.9417,81.36
133.6572,-41.9417,81.64
133.9070,-41.9417,81.89
134.1568,-41.9417,82.11
134.4067,-41.9417,82.29
134.6565,-41.9417,82.43
134.9063,-41.9417,82.51
135.1561,-41.9417,82.55
135.4060,-41.9417,82.56
135.6558,-41.9417,82.57
135.9056,-41.9417,82.62
136.1554,-41.9417,82.72
136.4053,-41.9417,82.91
136.6551,-41.9417,83.20
136.9049,-41.9417,83.59
137.1548,-41.9417,84.10
137.4046,-41.9417,84.70
137.6544,-41.9417,85.39
137.9042,-41.9417,86.16
138.1541,-41.9417,87.00
138.4039,-41.9417,87.92
138.6537,-41.9417,88.93
138.9035,-41.9417,90.05
139.1534,-41.9417,91.25
139.4032,-41.9417,92.50
139.6530,-41.9417,93.70
139.9028,-41.9417,94.76
140.1527,-41.9417,95.55
140.4025,-41.9417,95.95
140.6523,-41.9417,95.81
140.9022,-41.9417,95.01
141.1520,-41.9417,93.52
141.4018,-41.9417,91.43
141.6516,-41.9417,88.92
141.9015,-41.9417,86.17
142.1513,-41.9417,83.38
142.4011,-41.9417,80.68
142.6509,-41.9417,78.22
142.9008,-41.9417,76.09
143.1506,-41.9417,74.34
143.4004,-41.9417,72.94
143.6502,-41.9417,71.82
143.9001,-41.9417,70.89
144.1499,-41.9417,70.05
144.3997,-41.9417,69.18
144.6495,-41.9417,68.20
144.8994,-41.9417,67.02
145.1492,-41.9417,65.65
145.3990,-41.9417,64.17
145.6489,-41.9417,62.76
145.8987,-41.9417,61.58
146.1485,-41.9417,60.83
146.3983,-41.9417,60.65
146.6482,-41.9417,61.20
146.8980,-41.9417,62.55
147.1478,-41.9417,64.72
147.3976,-41.9417,67.61
147.6475,-41.9417,71.02
147.8973,-41.9417,74.79
148.1471,-41.9417,78.72
148.3969,-41.9417,82.70
148.6468,-41.9417,86.64
148.8966,-41.9417,90.48
149.1464,-41.9417,94.17
149.3963,-41.9417,97.60
149.6461,-41.9417,100.66
149.8959,-41.9417,103.29
150.1457,-41.9417,105.43
150.3956,-41.9417,107.09
150.6454,-41.9417,108.31
150.8952,-41.9417,109.12
151.1450,-41.9417,109.58
151.3949,-41.9417,109.78
151.6447,-41.9417,109.76
151.8945,-41.9417,109.59
152.1443,-41.9417,109.33
152.3942,-41.9417,109.02
152.6440,-41.9417,108.68
152.8938,-41.9417,108.36
153.1437,-41.9417,108.05
153.3935,-41.9417,107.76
153.6433,-41.9417,107.50
153.8931,-41.9417,107.24
154.1430,-41.9417,106.99
154.3928,-41.9417,106.71
154.6426,-41.9417,106.40
154.8924,-41.9417,106.04
155.1423,-41.9417,105.62
155.3921,-41.9417,105.16
155.6419,-41.9417,104.67
155.8917,-41.9417,104.20
110.1735,-41.6921,76.33
110.4233,-41.6921,76.37
110.6731,-41.6921,76.43
110.9230,-41.6921,76.55
111.1728,-41.6921,76.74
111.4226,-41.6921,76.99
111.6724,-41.6921,77.27
111.9223,-41.6921,77.57
112.1721,-41.6921,77.86
112.4219,-41.6921,78.15
112.6718,-41.6921,78.43
112.9216,-41.6921,78.72
113.1714,-41.6921,79.02
113.4212,-41.6921,79.31
113.6711,-41.6921,79.57
113.9209,-41.6921,79.80
114.1707,-41.6921,79.99
114.4205,-41.6921,80.14
114.6704,-41.6921,80.25
114.9202,-41.6921,80.33
115.1700,-41.6921,80.39
115.4198,-41.6921,80.41
115.6697,-41.6921,80.41
115.9195,-41.6921,80.37
116.1693,-41.6921,80.29
116.4192,-41.6921,80.16
116.6690,-41.6921,80.00
116.9188,-41.6921,79.79
117.1686,-41.6921,79.54
117.4185,-41.6921,79.28
117.6683,-41.6921,79.00
117.9181,-41.6921,78.72
118.1679,-41.6921,78.46
118.4178,-41.6921,78.24
118.6676,-41.6921,78.06
118.9174,-41.6921,77.95
119.1672,-41.6921,77.91
119.4171,-41.6921,77.94
119.6669,-41.6921,78.02
119.9167,-41.6921,78.14
120.1666,-41.6921,78.28
120.4164,-41.6921,78.44
120.6662,-41.6921,78.60
120.9160,-41.6921,78.74
121.1659,-41.6921,78.84
121.4157,-41.6921,78.93
121.6655,-41.6921,79.00
121.9153,-41.6921,79.07
122.1652,-41.6921,79.14
122.4150,-41.6921,79.20
122.6648,-41.6921,79.25
122.9146,-41.6921,79.26
123.1645,-41.6921,79.24
123.4143,-41.6921,79.19
123.6641,-41.6921,79.12
123.9139,-41.6921,79.04
124.1638,-41.6921,78.95
124.4136,-41.6921,78.86
124.6634,-41.6921,78.77
124.9133,-41.6921,78.67
125.1631,-41.6921,78.57
125.4129,-41.6921,78.46
125.6627,-41.6921,78.33
125.9126,-41.6921,78.20
126.1624,-41.6921,78.05
126.4122,-41.6921,77.88
126.6620,-41.6921,77.69
126.9119,-41.6921,77.48
127.1617,-41.6921,77.25
127.4115,-41.6921,77.01
127.6613,-41.6921,76.77
127.9112,-41.6921,76.55
128.1610,-41.6921,76.35
128.4108,-41.6921,76.21
128.6607,-41.6921,76.13
128.9105,-41.6921,76.15
129.1603,-41.6921,76.27
129.4101,-41.6921,76.48
129.6600,-41.6921,76.77
129.9098,-41.6921,77.11
130.1596,-41.6921,77.49
130.4094,-41.6921,77.89
130.6593,-41.6921,78.30
130.9091,-41.6921,78.70
131.1589,-41.6921,79.08
131.4087,-41.6921,79.46
131.6586,-41.6921,79.83
131.9084,-41.6921,80.21
132.1582,-41.6921,80.60
132.4080,-41.6921,80.99
132.6579,-41.6921,81.38
132.9077,-41.6921,81.74
133.1575,-41.6921,82.07
133.4074,-41.6921,82.37
133.6572,-41.6921,82.64
133.9070,-41.6921,82.90
134.1568,-41.6921,83.12
134.4067,-41.6921,83.32
134.6565,-41.6921,83.46
134.9063,-41.6921,83.55
135.1561,-41.6921,83.58
135.4060,-41.6921,83.58
135.6558,-41.6921,83.58
135.9056,-41.6921,83.63
136.1554,-41.6921,83.75
136.4053,-41.6921,83.95
136.6551,-41.6921,84.24
136.9049,-41.6921,84.60
137.1548,-41.6921,85.03
137.4046,-41.6921,85.51
137.6544,-41.6921,86.06
137.9042,-41.6921,86.67
138.1541,-41.6921,87.35
138.4039,-41.6921,88.11
138.6537,-41.6921,89.01
138.9035,-41.6921,90.10
139.1534,-41.6921,91.40
139.4032,-41.6921,92.84
139.6530,-41.6921,94.30
139.9028,-41.6921,95.63
140.1527,-41.6921,96.70
140.4025,-41.6921,97.32
140.6523,-41.6921,97.25
140.9022,-41.6921,96.21
141.1520,-41.6921,94.06
141.4018,-41.6921,91.00
141.6516,-41.6921,87.36
141.9015,-41.6921,83.45
142.1513,-41.6921,79.53
142.4011,-41.6921,75.86
142.6509,-41.6921,72.69
142.9008,-41.6921,70.30
143.1506,-41.6921,68.86
143.4004,-41.6921,68.21
143.6502,-41.6921,68.08
143.9001,-41.6921,68.26
144.1499,-41.6921,68.52
144.3997,-41.6921,68.69
144.6495,-41.6921,68.55
144.8994,-41.6921,67.91
145.1492,-41.6921,66.66
145.3990,-41.6921,65.02
145.6489,-41.6921,63.28
145.8987,-41.6921,61.75
146.1485,-41.6921,60.68
146.3983,-41.6921,60.30
146.6482,-41.6921,60.81
146.8980,-41.6921,62.41
147.1478,-41.6921,65.16
147.3976,-41.6921,68.89
147.6475,-41.6921,73.36
147.8973,-41.6921,78.28
148.1471,-41.6921,83.42
148.3969,-41.6921,88.50
148.6468,-41.6921,93.26
148.8966,-41.6921,97.39
149.1464,-41.6921,100.68
149.3963,-41.6921,103.18
149.6461,-41.6921,105.03
149.8959,-41.6921,106.32
150.1457,-41.6921,107.15
150.3956,-41.6921,107.62
150.6454,-41.6921,107.85
150.8952,-41.6921,107.97
151.1450,-41.6921,108.13
151.3949,-41.6921,108.30
151.6447,-41.6921,108.44
151.8945,-41.6921,108.53
152.1443,-41.6921,108.56
152.3942,-41.6921,108.54
152.6440,-41.6921,108.47
152.8938,-41.6921,108.36
153.1437,-41.6921,108.20
153.3935,-41.6921,108.00
153.6433,-41.6921,107.79
153.8931,-41.6921,107.56
154.1430,-41.6921,107.31
154.3928,-41.6921,107.03
154.6426,-41.6921,106.70
154.8924,-41.6921,106.32
155.1423,-41.6921,105.87
155.3921,-41.6921,105.38
155.6419,-41.6921,104.87
155.8917,-41.6921,104.36
110.1735,-41.4424,77.52
110.4233,-41.4424,77.53
110.6731,-41.4424,77.56
110.9230,-41.4424,77.66
111.1728,-41.4424,77.88
111.4226,-41.4424,78.17
111.6724,-41.4424,78.48
111.9223,-41.4424,78.80
112.1721,-41.4424,79.09
112.4219,-41.4424,79.35
112.6718,-41.4424,79.60
112.9216,-41.4424,79.86
113.1714,-41.4424,80.14
113.4212,-41.4424,80.43
113.6711,-41.4424,80.69
113.9209,-41.4424,80.91
114.1707,-41.4424,81.07
114.4205,-41.4424,81.19
114.6704,-41.4424,81.27
114.9202,-41.4424,81.33
115.1700,-41.4424,81.39
115.4198,-41.4424,81.43
115.6697,-41.4424,81.45
115.9195,-41.4424,81.42
116.1693,-41.4424,81.36
116.4192,-41.4424,81.25
116.6690,-41.4424,81.09
116.9188,-41.4424,80.89
117.1686,-41.4424,80.66
117.4185,-41.4424,80.39
117.6683,-41.4424,80.11
117.9181,-41.4424,79.83
118.1679,-41.4424,79.55
118.4178,-41.4424,79.30
118.6676,-41.4424,79.10
118.9174,-41.4424,78.97
119.1672,-41.4424,78.95
119.4171,-41.4424,79.00
119.6669,-41.4424,79.11
119.9167,-41.4424,79.26
120.1666,-41.4424,79.43
120.4164,-41.4424,79.61
120.6662,-41.4424,79.77
120.9160,-41.4424,79.91
121.1659,-41.4424,79.98
121.4157,-41.4424,80.03
121.6655,-41.4424,80.05
121.9153,-41.4424,80.07
122.1652,-41.4424,80.09
122.4150,-41.4424,80.12
122.6648,-41.4424,80.13
122.9146,-41.4424,80.11
123.1645,-41.4424,80.06
123.4143,-41.4424,79.98
123.6641,-41.4424,79.88
123.9139,-41.4424,79.78
124.1638,-41.4424,79.68
124.4136,-41.4424,79.58
124.6634,-41.4424,79.49
124.9133,-41.4424,79.41
125.1631,-41.4424,79.37
125.4129,-41.4424,79.34
125.6627,-41.4424,79.31
125.9126,-41.4424,79.26
126.1624,-41.4424,79.18
126.4122,-41.4424,79.08
126.6620,-41.4424,78.94
126.9119,-41.4424,78.78
127.1617,-41.4424,78.58
127.4115,-41.4424,78.35
127.6613,-41.4424,78.12
127.9112,-41.4424,77.88
128.1610,-41.4424,77.65
128.4108,-41.4424,77.46
128.6607,-41.4424,77.32
128.9105,-41.4424,77.28
129.1603,-41.4424,77.35
129.4101,-41.4424,77.52
129.6600,-41.4424,77.75
129.9098,-41.4424,78.04
130.1596,-41.4424,78.37
130.4094,-41.4424,78.72
130.6593,-41.4424,79.09
130.9091,-41.4424,79.46
131.1589,-41.4424,79.82
131.4087,-41.4424,80.19
131.6586,-41.4424,80.56
131.9084,-41.4424,80.96
132.1582,-41.4424,81.38
132.4080,-41.4424,81.81
132.6579,-41.4424,82.23
132.9077,-41.4424,82.62
133.1575,-41.4424,82.95
133.4074,-41.4424,83.25
133.6572,-41.4424,83.52
133.9070,-41.4424,83.77
134.1568,-41.4424,84.01
134.4067,-41.4424,84.22
134.6565,-41.4424,84.38
134.9063,-41.4424,84.48
135.1561,-41.4424,84.49
135.4060,-41.4424,84.46
135.6558,-41.4424,84.45
135.9056,-41.4424,84.49
136.1554,-41.4424,84.61
136.4053,-41.4424,84.82
136.6551,-41.4424,85.12
136.9049,-41.4424,85.48
137.1548,-41.4424,85.84
137.4046,-41.4424,86.23
137.6544,-41.4424,86.65
137.9042,-41.4424,87.12
138.1541,-41.4424,87.63
138.4039,-41.4424,88.21
138.6537,-41.4424,88.94
138.9035,-41.4424,89.92
139.1534,-41.4424,91.26
139.4032,-41.4424,92.83
139.6530,-41.4424,94.45
139.9028,-41.4424,95.97
140.1527,-41.4424,97.25
140.4025,-41.4424,98.08
140.6523,-41.4424,98.11
140.9022,-41.4424,96.90
141.1520,-41.4424,94.04
141.4018,-41.4424,89.98
141.6516,-41.4424,85.27
141.9015,-41.4424,80.29
142.1513,-41.4424,75.36
142.4011,-41.4424,70.77
142.6509,-41.4424,66.91
142.9008,-41.4424,64.25
143.1506,-41.4424,63.20
143.4004,-41.4424,63.36
143.6502,-41.4424,64.23
143.9001,-41.4424,65.45
144.1499,-41.4424,66.78
144.3997,-41.4424,67.95
144.6495,-41.4424,68.69
144.8994,-41.4424,68.61
145.1492,-41.4424,67.42
145.3990,-41.4424,65.55
145.6489,-41.4424,63.49
145.8987,-41.4424,61.63
146.1485,-41.4424,60.28
146.3983,-41.4424,59.72
146.6482,-41.4424,60.22
146.8980,-41.4424,62.07
147.1478,-41.4424,65.48
147.3976,-41.4424,70.15
147.6475,-41.4424,75.72
147.8973,-41.4424,81.82
148.1471,-41.4424,88.15
148.3969,-41.4424,94.35
148.6468,-41.4424,99.97
148.8966,-41.4424,104.47
149.1464,-41.4424,107.32
149.3963,-41.4424,108.88
149.6461,-41.4424,109.53
149.8959,-41.4424,109.53
150.1457,-41.4424,109.10
150.3956,-41.4424,108.38
150.6454,-41.4424,107.59
150.8952,-41.4424,107.00
151.1450,-41.4424,106.85
151.3949,-41.4424,106.99
151.6447,-41.4424,107.26
151.8945,-41.4424,107.57
152.1443,-41.4424,107.85
152.3942,-41.4424,108.08
152.6440,-41.4424,108.25
152.8938,-41.4424,108.33
153.1437,-41.4424,108.30
153.3935,-41.4424,108.19
153.6433,-41.4424,108.02
153.8931,-41.4424,107.81
154.1430,-41.4424,107.57
154.3928,-41.4424,107.29
154.6426,-41.4424,106.96
154.8924,-41.4424,106.56
155.1423,-41.4424,106.08
155.3921,-41.4424,105.56
155.6419,-41.4424,105.01
155.8917,-41.4424,104.47
110.1735,-41.1928,78.83
110.4233,-41.1928,78.81
110.6731,-41.1928,78.79
110.9230,-41.1928,78.85
111.1728,-41.1928,79.10
111.4226,-41.1928,79.44
111.6724,-41.1928,79.79
111.9223,-41.1928,80.11
112.1721,-41.1928,80.40
112.4219,-41.1928,80.64
112.6718,-41.1928,80.84
112.9216,-41.1928,81.05
113.1714,-41.1928,81.34
113.4212,-41.1928,81.63
113.6711,-41.1928,81.87
113.9209,-41.1928,82.06
114.1707,-41.1928,82.19
114.4205,-41.1928,82.28
114.6704,-41.1928,82.32
114.9202,-41.1928,82.36
115.1700,-41.1928,82.42
115.4198,-41.1928,82.47
115.6697,-41.1928,82.50
115.9195,-41.1928,82.49
116.1693,-41.1928,82.44
116.4192,-41.1928,82.34
116.6690,-41.1928,82.19
116.9188,-41.1928,82.00
117.1686,-41.1928,81.78
117.4185,-41.1928,81.52
117.6683,-41.1928,81.23
117.9181,-41.1928,80.94
118.1679,-41.1928,80.64
118.4178,-41.1928,80.36
118.6676,-41.1928,80.13
118.9174,-41.1928,79.99
119.1672,-41.1928,79.97
119.4171,-41.1928,80.05
119.6669,-41.1928,80.18
119.9167,-41.1928,80.34
120.1666,-41.1928,80.53
120.4164,-41.1928,80.71
120.6662,-41.1928,80.88
120.9160,-41.1928,81.01
121.1659,-41.1928,81.05
121.4157,-41.1928,81.03
121.6655,-41.1928,81.01
121.9153,-41.1928,80.97
122.1652,-41.1928,80.95
122.4150,-41.1928,80.93
122.6648,-41.1928,80.92
122.9146,-41.1928,80.88
123.1645,-41.1928,80.79
123.4143,-41.1928,80.68
123.6641,-41.1928,80.57
123.9139,-41.1928,80.46
124.1638,-41.1928,80.36
124.4136,-41.1928,80.26
124.6634,-41.1928,80.18
124.9133,-41.1928,80.13
125.1631,-41.1928,80.16
125.4129,-41.1928,80.22
125.6627,-41.1928,80.27
125.9126,-41.1928,80.30
126.1624,-41.1928,80.30
126.4122,-41.1928,80.27
126.6620,-41.1928,80.19
126.9119,-41.1928,80.07
127.1617,-41.1928,79.91
127.4115,-41.1928,79.70
127.6613,-41.1928,79.47
127.9112,-41.1928,79.22
128.1610,-41.1928,78.97
128.4108,-41.1928,78.73
128.6607,-41.1928,78.53
128.9105,-41.1928,78.42
129.1603,-41.1928,78.45
129.4101,-41.1928,78.57
129.6600,-41.1928,78.75
129.9098,-41.1928,78.98
130.1596,-41.1928,79.24
130.4094,-41.1928,79.53
130.6593,-41.1928,79.85
130.9091,-41.1928,80.17
131.1589,-41.1928,80.50
131.4087,-41.1928,80.83
131.6586,-41.1928,81.19
131.9084,-41.1928,81.59
132.1582,-41.1928,82.03
132.4080,-41.1928,82.48
132.6579,-41.1928,82.94
132.9077,-41.1928,83.37
133.1575,-41.1928,83.69
133.4074,-41.1928,83.98
133.6572,-41.1928,84.24
133.9070,-41.1928,84.50
134.1568,-41.1928,84.74
134.4067,-41.1928,84.97
134.6565,-41.1928,85.15
134.9063,-41.1928,85.26
135.1561,-41.1928,85.24
135.4060,-41.1928,85.17
135.6558,-41.1928,85.13
135.9056,-41.1928,85.15
136.1554,-41.1928,85.27
136.4053,-41.1928,85.50
136.6551,-41.1928,85.83
136.9049,-41.1928,86.20
137.1548,-41.1928,86.52
137.4046,-41.1928,86.84
137.6544,-41.1928,87.18
137.9042,-41.1928,87.55
138.1541,-41.1928,87.92
138.4039,-41.1928,88.31
138.6537,-41.1928,88.80
138.9035,-41.1928,89.57
139.1534,-41.1928,90.89
139.4032,-41.1928,92.47
139.6530,-41.1928,94.09
139.9028,-41.1928,95.62
140.1527,-41.1928,96.95
140.4025,-41.1928,97.87
140.6523,-41.1928,98.05
140.9022,-41.1928,96.82
141.1520,-41.1928,93.16
141.4018,-41.1928,88.16
141.6516,-41.1928,82.55
141.9015,-41.1928,76.75
142.1513,-41.1928,71.06
142.4011,-41.1928,65.76
142.6509,-41.1928,61.26
142.9008,-41.1928,58.26
143.1506,-41.1928,57.77
143.4004,-41.1928,58.76
143.6502,-41.1928,60.50
143.9001,-41.1928,62.60
144.1499,-41.1928,64.79
144.3997,-41.1928,66.82
144.6495,-41.1928,68.39
144.8994,-41.1928,68.93
145.1492,-41.1928,67.66
145.3990,-41.1928,65.51
145.6489,-41.1928,63.17
145.8987,-41.1928,61.09
146.1485,-41.1928,59.57
146.3983,-41.1928,58.91
146.6482,-41.1928,59.41
146.8980,-41.1928,61.47
147.1478,-41.1928,65.64
147.3976,-41.1928,71.28
147.6475,-41.1928,77.88
147.8973,-41.1928,85.07
148.1471,-41.1928,92.48
148.3969,-41.1928,99.72
148.6468,-41.1928,106.25
148.8966,-41.1928,111.24
149.1464,-41.1928,113.56
149.3963,-41.1928,114.18
149.6461,-41.1928,113.75
149.8959,-41.1928,112.64
150.1457,-41.1928,111.09
150.3956,-41.1928,109.30
150.6454,-41.1928,107.55
150.8952,-41.1928,106.21
151.1450,-41.1928,105.83
151.3949,-41.1928,105.97
151.6447,-41.1928,106.34
151.8945,-41.1928,106.79
152.1443,-41.1928,107.26
152.3942,-41.1928,107.69
152.6440,-41.1928,108.06
152.8938,-41.1928,108.31
153.1437,-41.1928,108.37
153.3935,-41.1928,108.31
153.6433,-41.1928,108.18
153.8931,-41.1928,108.00
154.1430,-41.1928,107.77
154.3928,-41.1928,107.49
154.6426,-41.1928,107.16
154.8924,-41.1928,106.75
155.1423,-41.1928,106.25
155.3921,-41.1928,105.69
155.6419,-41.1928,105.11
155.8917,-41.1928,104.54
110.1735,-40.9431,80.32
110.4233,-40.9431,80.26
110.6731,-40.9431,80.20
110.9230,-40.9431,80.20
111.1728,-40.9431,80.49
111.4226,-40.9431,80.86
111.6724,-40.9431,81.22
111.9223,-40.9431,81.55
112.1721,-40.9431,81.83
112.4219,-40.9431,82.05
112.6718,-40.9431,82.21
112.9216,-40.9431,82.36
113.1714,-40.9431,82.66
113.4212,-40.9431,82.93
113.6711,-40.9431,83.15
113.9209,-40.9431,83.30
114.1707,-40.9431,83.39
114.4205,-40.9431,83.42
114.6704,-40.9431,83.43
114.9202,-40.9431,83.43
115.1700,-40.9431,83.50
115.4198,-40.9431,83.56
115.6697,-40.9431,83.60
115.9195,-40.9431,83.60
116.1693,-40.9431,83.56
116.4192,-40.9431,83.48
116.6690,-40.9431,83.34
116.9188,-40.9431,83.15
117.1686,-40.9431,82.93
117.4185,-40.9431,82.68
117.6683,-40.9431,82.39
117.9181,-40.9431,82.08
118.1679,-40.9431,81.78
118.4178,-40.9431,81.48
118.6676,-40.9431,81.22
118.9174,-40.9431,81.04
119.1672,-40.9431,81.04
119.4171,-40.9431,81.12
119.6669,-40.9431,81.25
119.9167,-40.9431,81.42
120.1666,-40.9431,81.59
120.4164,-40.9431,81.77
120.6662,-40.9431,81.93
120.9160,-40.9431,82.05
121.1659,-40.9431,82.02
121.4157,-40.9431,81.96
121.6655,-40.9431,81.88
121.9153,-40.9431,81.79
122.1652,-40.9431,81.72
122.4150,-40.9431,81.66
122.6648,-40.9431,81.62
122.9146,-40.9431,81.57
123.1645,-40.9431,81.45
123.4143,-40.9431,81.33
123.6641,-40.9431,81.21
123.9139,-40.9431,81.11
124.1638,-40.9431,81.03
124.4136,-40.9431,80.95
124.6634,-40.9431,80.89
124.9133,-40.9431,80.88
125.1631,-40.9431,80.99
125.4129,-40.9431,81.12
125.6627,-40.9431,81.25
125.9126,-40.9431,81.36
126.1624,-40.9431,81.44
126.4122,-40.9431,81.47
126.6620,-40.9431,81.45
126.9119,-40.9431,81.38
127.1617,-40.9431,81.25
127.4115,-40.9431,81.07
127.6613,-40.9431,80.86
127.9112,-40.9431,80.61
128.1610,-40.9431,80.34
128.4108,-40.9431,80.07
128.6607,-40.9431,79.82
128.9105,-40.9431,79.63
129.1603,-40.9431,79.62
129.4101,-40.9431,79.68
129.6600,-40.9431,79.79
129.9098,-40.9431,79.93
130.1596,-40.9431,80.11
130.4094,-40.9431,80.32
130.6593,-40.9431,80.56
130.9091,-40.9431,80.83
131.1589,-40.9431,81.09
131.4087,-40.9431,81.39
131.6586,-40.9431,81.73
131.9084,-40.9431,82.11
132.1582,-40.9431,82.55
132.4080,-40.9431,83.01
132.6579,-40.9431,83.49
132.9077,-40.9431,83.95
133.1575,-40.9431,84.25
133.4074,-40.9431,84.53
133.6572,-40.9431,84.79
133.9070,-40.9431,85.05
134.1568,-40.9431,85.30
134.4067,-40.9431,85.54
134.6565,-40.9431,85.73
134.9063,-40.9431,85.86
135.1561,-40.9431,85.79
135.4060,-40.9431,85.68
135.6558,-40.9431,85.60
135.9056,-40.9431,85.59
136.1554,-40.9431,85.69
136.4053,-40.9431,85.93
136.6551,-40.9431,86.29
136.9049,-40.9431,86.73
137.1548,-40.9431,87.02
137.4046,-40.9431,87.33
137.6544,-40.9431,87.67
137.9042,-40.9431,88.00
138.1541,-40.9431,88.31
138.4039,-40.9431,88.56
138.6537,-40.9431,88.82
138.9035,-40.9431,89.23
139.1534,-40.9431,90.47
139.4032,-40.9431,91.86
139.6530,-40.9431,93.21
139.9028,-40.9431,94.45
140.1527,-40.9431,95.51
140.4025,-40.9431,96.24
140.6523,-40.9431,96.39
140.9022,-40.9431,95.33
141.1520,-40.9431,90.81
141.4018,-40.9431,85.14
141.6516,-40.9431,79.04
141.9015,-40.9431,72.88
142.1513,-40.9431,66.89
142.4011,-40.9431,61.30
142.6509,-40.9431,56.46
142.9008,-40.9431,53.04
143.1506,-40.9431,53.28
143.4004,-40.9431,54.91
143.6502,-40.9431,57.19
143.9001,-40.9431,59.80
144.1499,-40.9431,62.48
144.3997,-40.9431,65.04
144.6495,-40.9431,67.19
144.8994,-40.9431,68.40
145.1492,-40.9431,66.86
145.3990,-40.9431,64.54
145.6489,-40.9431,62.13
145.8987,-40.9431,60.03
146.1485,-40.9431,58.56
146.3983,-40.9431,57.98
146.6482,-40.9431,58.59
146.8980,-40.9431,60.80
147.1478,-40.9431,65.79
147.3976,-40.9431,72.27
147.6475,-40.9431,79.72
147.8973,-40.9431,87.76
148.1471,-40.9431,95.99
148.3969,-40.9431,104.00
148.6468,-40.9431,111.27
148.8966,-40.9431,116.93
149.1464,-40.9431,118.59
149.3963,-40.9431,118.49
149.6461,-40.9431,117.30
149.8959,-40.9431,115.38
150.1457,-40.9431,113.01
150.3956,-40.9431,110.42
150.6454,-40.9431,107.87
150.8952,-40.9431,105.80
151.1450,-40.9431,105.31
151.3949,-40.9431,105.41
151.6447,-40.9431,105.77
151.8945,-40.9431,106.28
152.1443,-40.9431,106.83
152.3942,-40.9431,107.38
152.6440,-40.9431,107.88
152.8938,-40.9431,108.27
153.1437,-40.9431,108.38
153.3935,-40.9431,108.37
153.6433,-40.9431,108.28
153.8931,-40.9431,108.11
154.1430,-40.9431,107.89
154.3928,-40.9431,107.62
154.6426,-40.9431,107.28
154.8924,-40.9431,106.88
155.1423,-40.9431,106.35
155.3921,-40.9431,105.76
155.6419,-40.9431,105.16
155.8917,-40.9431,104.56
110.1735,-40.6935,81.99
110.4233,-40.6935,81.93
110.6731,-40.6935,81.88
110.9230,-40.6935,81.91
111.1728,-40.6935,82.14
111.4226,-40.6935,82.46
111.6724,-40.6935,82.79
111.9223,-40.6935,83.11
112.1721,-40.6935,83.38
112.4219,-40.6935,83.61
112.6718,-40.6935,83.78
112.9216,-40.6935,83.95
113.1714,-40.6935,84.17
113.4212,-40.6935,84.37
113.6711,-40.6935,84.52
113.9209,-40.6935,84.61
114.1707,-40.6935,84.65
114.4205,-40.6935,84.65
114.6704,-40.6935,84.63
114.9202,-40.6935,84.62
115.1700,-40.6935,84.66
115.4198,-40.6935,84.71
115.6697,-40.6935,84.75
115.9195,-40.6935,84.77
116.1693,-40.6935,84.74
116.4192,-40.6935,84.67
116.6690,-40.6935,84.54
116.9188,-40.6935,84.37
117.1686,-40.6935,84.15
117.4185,-40.6935,83.90
117.6683,-40.6935,83.61
117.9181,-40.6935,83.30
118.1679,-40.6935,82.98
118.4178,-40.6935,82.68
118.6676,-40.6935,82.43
118.9174,-40.6935,82.26
119.1672,-40.6935,82.22
119.4171,-40.6935,82.27
119.6669,-40.6935,82.37
119.9167,-40.6935,82.50
120.1666,-40.6935,82.65
120.4164,-40.6935,82.78
120.6662,-40.6935,82.90
120.9160,-40.6935,82.95
121.1659,-40.6935,82.91
121.4157,-40.6935,82.81
121.6655,-40.6935,82.68
121.9153,-40.6935,82.55
122.1652,-40.6935,82.43
122.4150,-40.6935,82.32
122.6648,-40.6935,82.23
122.9146,-40.6935,82.14
123.1645,-40.6935,82.03
123.4143,-40.6935,81.92
123.6641,-40.6935,81.84
123.9139,-40.6935,81.77
124.1638,-40.6935,81.73
124.4136,-40.6935,81.70
124.6634,-40.6935,81.71
124.9133,-40.6935,81.77
125.1631,-40.6935,81.91
125.4129,-40.6935,82.10
125.6627,-40.6935,82.29
125.9126,-40.6935,82.46
126.1624,-40.6935,82.60
126.4122,-40.6935,82.69
126.6620,-40.6935,82.73
126.9119,-40.6935,82.71
127.1617,-40.6935,82.62
127.4115,-40.6935,82.48
127.6613,-40.6935,82.28
127.9112,-40.6935,82.04
128.1610,-40.6935,81.78
128.4108,-40.6935,81.50
128.6607,-40.6935,81.23
128.9105,-40.6935,81.02
129.1603,-40.6935,80.92
129.4101,-40.6935,80.88
129.6600,-40.6935,80.89
129.9098,-40.6935,80.92
130.1596,-40.6935,80.99
130.4094,-40.6935,81.09
130.6593,-40.6935,81.23
130.9091,-40.6935,81.41
131.1589,-40.6935,81.61
131.4087,-40.6935,81.86
131.6586,-40.6935,82.17
131.9084,-40.6935,82.53
132.1582,-40.6935,82.94
132.4080,-40.6935,83.38
132.6579,-40.6935,83.83
132.9077,-40.6935,84.26
133.1575,-40.6935,84.59
133.4074,-40.6935,84.88
133.6572,-40.6935,85.15
133.9070,-40.6935,85.42
134.1568,-40.6935,85.68
134.4067,-40.6935,85.90
134.6565,-40.6935,86.08
134.9063,-40.6935,86.16
135.1561,-40.6935,86.09
135.4060,-40.6935,85.97
135.6558,-40.6935,85.85
135.9056,-40.6935,85.81
136.1554,-40.6935,85.88
136.4053,-40.6935,86.08
136.6551,-40.6935,86.43
136.9049,-40.6935,86.86
137.1548,-40.6935,87.26
137.4046,-40.6935,87.68
137.6544,-40.6935,88.12
137.9042,-40.6935,88.53
138.1541,-40.6935,88.87
138.4039,-40.6935,89.12
138.6537,-40.6935,89.32
138.9035,-40.6935,89.62
139.1534,-40.6935,90.32
139.4032,-40.6935,91.12
139.6530,-40.6935,91.85
139.9028,-40.6935,92.43
140.1527,-40.6935,92.79
140.4025,-40.6935,92.79
140.6523,-40.6935,92.14
140.9022,-40.6935,90.20
141.1520,-40.6935,85.97
141.4018,-40.6935,80.56
141.6516,-40.6935,74.68
141.9015,-40.6935,68.75
142.1513,-40.6935,63.06
142.4011,-40.6935,57.88
142.6509,-40.6935,53.60
142.9008,-40.6935,50.91
143.1506,-40.6935,50.83
143.4004,-40.6935,52.28
143.6502,-40.6935,54.53
143.9001,-40.6935,57.14
144.1499,-40.6935,59.83
144.3997,-40.6935,62.33
144.6495,-40.6935,64.30
144.8994,-40.6935,65.20
145.1492,-40.6935,64.22
145.3990,-40.6935,62.33
145.6489,-40.6935,60.24
145.8987,-40.6935,58.43
146.1485,-40.6935,57.26
146.3983,-40.6935,57.08
146.6482,-40.6935,58.21
146.8980,-40.6935,61.12
147.1478,-40.6935,66.33
147.3976,-40.6935,73.19
147.6475,-40.6935,81.14
147.8973,-40.6935,89.69
148.1471,-40.6935,98.37
148.3969,-40.6935,106.66
148.6468,-40.6935,113.89
148.8966,-40.6935,119.16
149.1464,-40.6935,121.28
149.3963,-40.6935,121.27
149.6461,-40.6935,119.88
149.8959,-40.6935,117.58
150.1457,-40.6935,114.77
150.3956,-40.6935,111.76
150.6454,-40.6935,108.92
150.8952,-40.6935,106.71
151.1450,-40.6935,105.70
151.3949,-40.6935,105.44
151.6447,-40.6935,105.62
151.8945,-40.6935,106.04
152.1443,-40.6935,106.59
152.3942,-40.6935,107.16
152.6440,-40.6935,107.69
152.8938,-40.6935,108.10
153.1437,-40.6935,108.30
153.3935,-40.6935,108.35
153.6433,-40.6935,108.30
153.8931,-40.6935,108.15
154.1430,-40.6935,107.94
154.3928,-40.6935,107.66
154.6426,-40.6935,107.31
154.8924,-40.6935,106.89
155.1423,-40.6935,106.36
155.3921,-40.6935,105.77
155.6419,-40.6935,105.16
155.8917,-40.6935,104.55
110.1735,-40.4438,83.78
110.4233,-40.4438,83.72
110.6731,-40.4438,83.69
110.9230,-40.4438,83.73
111.1728,-40.4438,83.90
111.4226,-40.4438,84.15
111.6724,-40.4438,84.44
111.9223,-40.4438,84.73
112.1721,-40.4438,85.01
112.4219,-40.4438,85.25
112.6718,-40.4438,85.45
112.9216,-40.4438,85.62
113.1714,-40.4438,85.78
113.4212,-40.4438,85.90
113.6711,-40.4438,85.97
113.9209,-40.4438,85.98
114.1707,-40.4438,85.96
114.4205,-40.4438,85.92
114.6704,-40.4438,85.87
114.9202,-40.4438,85.85
115.1700,-40.4438,85.87
115.4198,-40.4438,85.92
115.6697,-40.4438,85.96
115.9195,-40.4438,85.99
116.1693,-40.4438,85.98
116.4192,-40.4438,85.93
116.6690,-40.4438,85.82
116.9188,-40.4438,85.66
117.1686,-40.4438,85.45
117.4185,-40.4438,85.19
117.6683,-40.4438,84.90
117.9181,-40.4438,84.59
118.1679,-40.4438,84.27
118.4178,-40.4438,83.98
118.6676,-40.4438,83.73
118.9174,-40.4438,83.55
119.1672,-40.4438,83.48
119.4171,-40.4438,83.48
119.6669,-40.4438,83.54
119.9167,-40.4438,83.63
120.1666,-40.4438,83.72
120.4164,-40.4438,83.80
120.6662,-40.4438,83.85
120.9160,-40.4438,83.85
121.1659,-40.4438,83.77
121.4157,-40.4438,83.64
121.6655,-40.4438,83.47
121.9153,-40.4438,83.29
122.1652,-40.4438,83.11
122.4150,-40.4438,82.95
122.6648,-40.4438,82.81
122.9146,-40.4438,82.69
123.1645,-40.4438,82.60
123.4143,-40.4438,82.53
123.6641,-40.4438,82.48
123.9139,-40.4438,82.47
124.1638,-40.4438,82.49
124.4136,-40.4438,82.53
124.6634,-40.4438,82.61
124.9133,-40.4438,82.73
125.1631,-40.4438,82.92
125.4129,-40.4438,83.15
125.6627,-40.4438,83.39
125.9126,-40.4438,83.61
126.1624,-40.4438,83.81
126.4122,-40.4438,83.96
126.6620,-40.4438,84.05
126.9119,-40.4438,84.07
127.1617,-40.4438,84.03
127.4115,-40.4438,83.92
127.6613,-40.4438,83.75
127.9112,-40.4438,83.54
128.1610,-40.4438,83.28
128.4108,-40.4438,83.01
128.6607,-40.4438,82.74
128.9105,-40.4438,82.50
129.1603,-40.4438,82.31
129.4101,-40.4438,82.17
129.6600,-40.4438,82.06
129.9098,-40.4438,81.96
130.1596,-40.4438,81.89
130.4094,-40.4438,81.86
130.6593,-40.4438,81.88
130.9091,-40.4438,81.95
131.1589,-40.4438,82.08
131.4087,-40.4438,82.28
131.6586,-40.4438,82.54
131.9084,-40.4438,82.86
132.1582,-40.4438,83.23
132.4080,-40.4438,83.63
132.6579,-40.4438,84.04
132.9077,-40.4438,84.43
133.1575,-40.4438,84.77
133.4074,-40.4438,85.08
133.6572,-40.4438,85.36
133.9070,-40.4438,85.64
134.1568,-40.4438,85.90
134.4067,-40.4438,86.12
134.6565,-40.4438,86.27
134.9063,-40.4438,86.31
135.1561,-40.4438,86.23
135.4060,-40.4438,86.08
135.6558,-40.4438,85.93
135.9056,-40.4438,85.83
136.1554,-40.4438,85.85
136.4053,-40.4438,86.02
136.6551,-40.4438,86.34
136.9049,-40.4438,86.80
137.1548,-40.4438,87.34
137.4046,-40.4438,87.94
137.6544,-40.4438,88.56
137.9042,-40.4438,89.14
138.1541,-40.4438,89.60
138.4039,-40.4438,89.91
138.6537,-40.4438,90.06
138.9035,-40.4438,90.12
139.1534,-40.4438,90.21
139.4032,-40.4438,90.21
139.6530,-40.4438,90.04
139.9028,-40.4438,89.66
140.1527,-40.4438,89.01
140.4025,-40.4438,87.99
140.6523,-40.4438,86.36
140.9022,-40.4438,83.73
141.1520,-40.4438,79.75
141.4018,-40.4438,74.89
141.6516,-40.4438,69.66
141.9015,-40.4438,64.43
142.1513,-40.4438,59.50
142.4011,-40.4438,55.15
142.6509,-40.4438,51.72
142.9008,-40.4438,49.70
143.1506,-40.4438,49.46
143.4004,-40.4438,50.55
143.6502,-40.4438,52.43
143.9001,-40.4438,54.69
144.1499,-40.4438,57.01
144.3997,-40.4438,59.10
144.6495,-40.4438,60.65
144.8994,-40.4438,61.27
145.1492,-40.4438,60.66
145.3990,-40.4438,59.27
145.6489,-40.4438,57.67
145.8987,-40.4438,56.32
146.1485,-40.4438,55.63
146.3983,-40.4438,55.96
146.6482,-40.4438,57.69
146.8980,-40.4438,61.17
147.1478,-40.4438,66.64
147.3976,-40.4438,73.74
147.6475,-40.4438,81.97
147.8973,-40.4438,90.81
148.1471,-40.4438,99.70
148.3969,-40.4438,108.02
148.6468,-40.4438,115.09
148.8966,-40.4438,120.14
149.1464,-40.4438,122.60
149.3963,-40.4438,122.87
149.6461,-40.4438,121.55
149.8959,-40.4438,119.17
150.1457,-40.4438,116.20
150.3956,-40.4438,113.05
150.6454,-40.4438,110.12
150.8952,-40.4438,107.81
151.1450,-40.4438,106.43
151.3949,-40.4438,105.83
151.6447,-40.4438,105.77
151.8945,-40.4438,106.04
152.1443,-40.4438,106.51
152.3942,-40.4438,107.04
152.6440,-40.4438,107.56
152.8938,-40.4438,107.96
153.1437,-40.4438,108.20
153.3935,-40.4438,108.30
153.6433,-40.4438,108.27
153.8931,-40.4438,108.14
154.1430,-40.4438,107.93
154.3928,-40.4438,107.64
154.6426,-40.4438,107.28
154.8924,-40.4438,106.84
155.1423,-40.4438,106.31
155.3921,-40.4438,105.73
155.6419,-40.4438,105.12
155.8917,-40.4438,104.52
110.1735,-40.1942,85.59
110.4233,-40.1942,85.52
110.6731,-40.1942,85.49
110.9230,-40.1942,85.53
111.1728,-40.1942,85.64
111.4226,-40.1942,85.83
111.6724,-40.1942,86.07
111.9223,-40.1942,86.34
112.1721,-40.1942,86.62
112.4219,-40.1942,86.89
112.6718,-40.1942,87.11
112.9216,-40.1942,87.29
113.1714,-40.1942,87.40
113.4212,-40.1942,87.44
113.6711,-40.1942,87.43
113.9209,-40.1942,87.37
114.1707,-40.1942,87.28
114.4205,-40.1942,87.20
114.6704,-40.1942,87.13
114.9202,-40.1942,87.11
115.1700,-40.1942,87.12
115.4198,-40.1942,87.17
115.6697,-40.1942,87.22
115.9195,-40.1942,87.27
116.1693,-40.1942,87.28
116.4192,-40.1942,87.25
116.6690,-40.1942,87.17
116.9188,-40.1942,87.02
117.1686,-40.1942,86.82
117.4185,-40.1942,86.56
117.6683,-40.1942,86.27
117.9181,-40.1942,85.96
118.1679,-40.1942,85.64
118.4178,-40.1942,85.35
118.6676,-40.1942,85.10
118.9174,-40.1942,84.91
119.1672,-40.1942,84.81
119.4171,-40.1942,84.77
119.6669,-40.1942,84.78
119.9167,-40.1942,84.81
120.1666,-40.1942,84.85
120.4164,-40.1942,84.87
120.6662,-40.1942,84.86
120.9160,-40.1942,84.79
121.1659,-40.1942,84.68
121.4157,-40.1942,84.50
121.6655,-40.1942,84.30
121.9153,-40.1942,84.06
122.1652,-40.1942,83.83
122.4150,-40.1942,83.61
122.6648,-40.1942,83.42
122.9146,-40.1942,83.29
123.1645,-40.1942,83.21
123.4143,-40.1942,83.18
123.6641,-40.1942,83.20
123.9139,-40.1942,83.25
124.1638,-40.1942,83.33
124.4136,-40.1942,83.44
124.6634,-40.1942,83.58
124.9133,-40.1942,83.77
125.1631,-40.1942,84.00
125.4129,-40.1942,84.27
125.6627,-40.1942,84.55
125.9126,-40.1942,84.82
126.1624,-40.1942,85.06
126.4122,-40.1942,85.26
126.6620,-40.1942,85.40
126.9119,-40.1942,85.48
127.1617,-40.1942,85.47
127.4115,-40.1942,85.40
127.6613,-40.1942,85.26
127.9112,-40.1942,85.08
128.1610,-40.1942,84.84
128.4108,-40.1942,84.58
128.6607,-40.1942,84.31
128.9105,-40.1942,84.04
129.1603,-40.1942,83.78
129.4101,-40.1942,83.53
129.6600,-40.1942,83.29
129.9098,-40.1942,83.06
130.1596,-40.1942,82.85
130.4094,-40.1942,82.67
130.6593,-40.1942,82.56
130.9091,-40.1942,82.51
131.1589,-40.1942,82.55
131.4087,-40.1942,82.68
131.6586,-40.1942,82.88
131.9084,-40.1942,83.15
132.1582,-40.1942,83.47
132.4080,-40.1942,83.82
132.6579,-40.1942,84.18
132.9077,-40.1942,84.53
133.1575,-40.1942,84.86
133.4074,-40.1942,85.17
133.6572,-40.1942,85.46
133.9070,-40.1942,85.75
134.1568,-40.1942,86.02
134.4067,-40.1942,86.23
134.6565,-40.1942,86.37
134.9063,-40.1942,86.39
135.1561,-40.1942,86.29
135.4060,-40.1942,86.10
135.6558,-40.1942,85.89
135.9056,-40.1942,85.73
136.1554,-40.1942,85.68
136.4053,-40.1942,85.80
136.6551,-40.1942,86.11
136.9049,-40.1942,86.63
137.1548,-40.1942,87.33
137.4046,-40.1942,88.15
137.6544,-40.1942,89.01
137.9042,-40.1942,89.82
138.1541,-40.1942,90.46
138.4039,-40.1942,90.84
138.6537,-40.1942,90.91
138.9035,-40.1942,90.64
139.1534,-40.1942,90.06
139.4032,-40.1942,89.14
139.6530,-40.1942,87.89
139.9028,-40.1942,86.35
140.1527,-40.1942,84.51
140.4025,-40.1942,82.36
140.6523,-40.1942,79.80
140.9022,-40.1942,76.66
141.1520,-40.1942,72.87
141.4018,-40.1942,68.64
141.6516,-40.1942,64.26
141.9015,-40.1942,60.01
142.1513,-40.1942,56.11
142.4011,-40.1942,52.79
142.6509,-40.1942,50.27
142.9008,-40.1942,48.83
143.1506,-40.1942,48.60
143.4004,-40.1942,49.35
143.6502,-40.1942,50.75
143.9001,-40.1942,52.47
144.1499,-40.1942,54.23
144.3997,-40.1942,55.78
144.6495,-40.1942,56.85
144.8994,-40.1942,57.22
145.1492,-40.1942,56.79
145.3990,-40.1942,55.82
145.6489,-40.1942,54.70
145.8987,-40.1942,53.84
146.1485,-40.1942,53.63
146.3983,-40.1942,54.46
146.6482,-40.1942,56.69
146.8980,-40.1942,60.62
147.1478,-40.1942,66.36
147.3976,-40.1942,73.67
147.6475,-40.1942,82.11
147.8973,-40.1942,91.14
148.1471,-40.1942,100.15
148.3969,-40.1942,108.50
148.6468,-40.1942,115.49
148.8966,-40.1942,120.50
149.1464,-40.1942,123.15
149.3963,-40.1942,123.66
149.6461,-40.1942,122.48
149.8959,-40.1942,120.16
150.1457,-40.1942,117.18
150.3956,-40.1942,114.01
150.6454,-40.1942,111.07
150.8952,-40.1942,108.70
151.1450,-40.1942,107.13
151.3949,-40.1942,106.30
151.6447,-40.1942,106.04
151.8945,-40.1942,106.19
152.1443,-40.1942,106.56
152.3942,-40.1942,107.04
152.6440,-40.1942,107.51
152.8938,-40.1942,107.89
153.1437,-40.1942,108.14
153.3935,-40.1942,108.25
153.6433,-40.1942,108.23
153.8931,-40.1942,108.10
154.1430,-40.1942,107.89
154.3928,-40.1942,107.59
154.6426,-40.1942,107.22
154.8924,-40.1942,106.77
155.1423,-40.1942,106.25
155.3921,-40.1942,105.67
155.6419,-40.1942,105.07
155.8917,-40.1942,104.47
110.1735,-39.9445,87.31
110.4233,-39.9445,87.22
110.6731,-39.9445,87.19
110.9230,-39.9445,87.20
111.1728,-39.9445,87.26
111.4226,-39.9445,87.39
111.6724,-39.9445,87.58
111.9223,-39.9445,87.83
112.1721,-39.9445,88.12
112.4219,-39.9445,88.43
112.6718,-39.9445,88.70
112.9216,-39.9445,88.89
113.1714,-39.9445,88.96
113.4212,-39.9445,88.94
113.6711,-39.9445,88.84
113.9209,-39.9445,88.71
114.1707,-39.9445,88.58
114.4205,-39.9445,88.46
114.6704,-39.9445,88.38
114.9202,-39.9445,88.35
115.1700,-39.9445,88.38
115.4198,-39.9445,88.45
115.6697,-39.9445,88.53
115.9195,-39.9445,88.61
116.1693,-39.9445,88.66
116.4192,-39.9445,88.66
116.6690,-39.9445,88.60
116.9188,-39.9445,88.47
117.1686,-39.9445,88.27
117.4185,-39.9445,88.02
117.6683,-39.9445,87.72
117.9181,-39.9445,87.40
118.1679,-39.9445,87.09
118.4178,-39.9445,86.79
118.6676,-39.9445,86.54
118.9174,-39.9445,86.34
119.1672,-39.9445,86.21
119.4171,-39.9445,86.13
119.6669,-39.9445,86.10
119.9167,-39.9445,86.08
120.1666,-39.9445,86.06
120.4164,-39.9445,86.02
120.6662,-39.9445,85.94
120.9160,-39.9445,85.83
121.1659,-39.9445,85.67
121.4157,-39.9445,85.46
121.6655,-39.9445,85.21
121.9153,-39.9445,84.93
122.1652,-39.9445,84.64
122.4150,-39.9445,84.36
122.6648,-39.9445,84.12
122.9146,-39.9445,83.97
123.1645,-39.9445,83.91
123.4143,-39.9445,83.93
123.6641,-39.9445,84.01
123.9139,-39.9445,84.13
124.1638,-39.9445,84.28
124.4136,-39.9445,84.45
124.6634,-39.9445,84.64
124.9133,-39.9445,84.87
125.1631,-39.9445,85.14
125.4129,-39.9445,85.45
125.6627,-39.9445,85.76
125.9126,-39.9445,86.07
126.1624,-39.9445,86.36
126.4122,-39.9445,86.61
126.6620,-39.9445,86.79
126.9119,-39.9445,86.91
127.1617,-39.9445,86.94
127.4115,-39.9445,86.90
127.6613,-39.9445,86.80
127.9112,-39.9445,86.64
128.1610,-39.9445,86.43
128.4108,-39.9445,86.19
128.6607,-39.9445,85.92
128.9105,-39.9445,85.62
129.1603,-39.9445,85.31
129.4101,-39.9445,84.97
129.6600,-39.9445,84.61
129.9098,-39.9445,84.24
130.1596,-39.9445,83.88
130.4094,-39.9445,83.55
130.6593,-39.9445,83.28
130.9091,-39.9445,83.11
131.1589,-39.9445,83.05
131.4087,-39.9445,83.11
131.6586,-39.9445,83.25
131.9084,-39.9445,83.46
132.1582,-39.9445,83.72
132.4080,-39.9445,84.00
132.6579,-39.9445,84.30
132.9077,-39.9445,84.60
133.1575,-39.9445,84.90
133.4074,-39.9445,85.19
133.6572,-39.9445,85.49
133.9070,-39.9445,85.79
134.1568,-39.9445,86.07
134.4067,-39.9445,86.30
134.6565,-39.9445,86.45
134.9063,-39.9445,86.46
135.1561,-39.9445,86.33
135.4060,-39.9445,86.09
135.6558,-39.9445,85.81
135.9056,-39.9445,85.57
136.1554,-39.9445,85.45
136.4053,-39.9445,85.50
136.6551,-39.9445,85.81
136.9049,-39.9445,86.40
137.1548,-39.9445,87.27
137.4046,-39.9445,88.35
137.6544,-39.9445,89.50
137.9042,-39.9445,90.57
138.1541,-39.9445,91.42
138.4039,-39.9445,91.89
138.6537,-39.9445,91.85
138.9035,-39.9445,91.20
139.1534,-39.9445,89.88
139.4032,-39.9445,87.96
139.6530,-39.9445,85.53
139.9028,-39.9445,82.72
140.1527,-39.9445,79.63
140.4025,-39.9445,76.33
140.6523,-39.9445,72.89
140.9022,-39.9445,69.34
141.1520,-39.9445,65.73
141.4018,-39.9445,62.16
141.6516,-39.9445,58.74
141.9015,-39.9445,55.60
142.1513,-39.9445,52.85
142.4011,-39.9445,50.62
142.6509,-39.9445,49.02
142.9008,-39.9445,48.15
143.1506,-39.9445,48.01
143.4004,-39.9445,48.49
143.6502,-39.9445,49.40
143.9001,-39.9445,50.53
144.1499,-39.9445,51.67
144.3997,-39.9445,52.63
144.6495,-39.9445,53.23
144.8994,-39.9445,53.35
145.1492,-39.9445,53.00
145.3990,-39.9445,52.33
145.6489,-39.9445,51.60
145.8987,-39.9445,51.16
146.1485,-39.9445,51.35
146.3983,-39.9445,52.56
146.6482,-39.9445,55.13
146.8980,-39.9445,59.37
147.1478,-39.9445,65.35
147.3976,-39.9445,72.87
147.6475,-39.9445,81.51
147.8973,-39.9445,90.71
148.1471,-39.9445,99.87
148.3969,-39.9445,108.32
148.6468,-39.9445,115.38
148.8966,-39.9445,120.45
149.1464,-39.9445,123.23
149.3963,-39.9445,123.86
149.6461,-39.9445,122.78
149.8959,-39.9445,120.53
150.1457,-39.9445,117.61
150.3956,-39.9445,114.49
150.6454,-39.9445,111.58
150.8952,-39.9445,109.22
151.1450,-39.9445,107.59
151.3949,-39.9445,106.67
151.6447,-39.9445,106.33
151.8945,-39.9445,106.40
152.1443,-39.9445,106.71
152.3942,-39.9445,107.13
152.6440,-39.9445,107.56
152.8938,-39.9445,107.91
153.1437,-39.9445,108.13
153.3935,-39.9445,108.22
153.6433,-39.9445,108.18
153.8931,-39.9445,108.05
154.1430,-39.9445,107.82
154.3928,-39.9445,107.51
154.6426,-39.9445,107.13
154.8924,-39.9445,106.68
155.1423,-39.9445,106.17
155.3921,-39.9445,105.61
155.6419,-39.9445,105.02
155.8917,-39.9445,104.43
110.1735,-39.6949,88.83
110.4233,-39.6949,88.72
110.6731,-39.6949,88.67
110.9230,-39.6949,88.66
111.1728,-39.6949,88.66
111.4226,-39.6949,88.71
111.6724,-39.6949,88.84
111.9223,-39.6949,89.08
112.1721,-39.6949,89.40
112.4219,-39.6949,89.76
112.6718,-39.6949,90.10
112.9216,-39.6949,90.33
113.1714,-39.6949,90.39
113.4212,-39.6949,90.30
113.6711,-39.6949,90.14
113.9209,-39.6949,89.96
114.1707,-39.6949,89.79
114.4205,-39.6949,89.66
114.6704,-39.6949,89.59
114.9202,-39.6949,89.58
115.1700,-39.6949,89.65
115.4198,-39.6949,89.76
115.6697,-39.6949,89.89
115.9195,-39.6949,90.00
116.1693,-39.6949,90.09
116.4192,-39.6949,90.13
116.6690,-39.6949,90.10
116.9188,-39.6949,90.00
117.1686,-39.6949,89.81
117.4185,-39.6949,89.55
117.6683,-39.6949,89.25
117.9181,-39.6949,88.93
118.1679,-39.6949,88.61
118.4178,-39.6949,88.31
118.6676,-39.6949,88.05
118.9174,-39.6949,87.84
119.1672,-39.6949,87.69
119.4171,-39.6949,87.58
119.6669,-39.6949,87.51
119.9167,-39.6949,87.45
120.1666,-39.6949,87.38
120.4164,-39.6949,87.28
120.6662,-39.6949,87.16
120.9160,-39.6949,87.00
121.1659,-39.6949,86.80
121.4157,-39.6949,86.56
121.6655,-39.6949,86.27
121.9153,-39.6949,85.94
122.1652,-39.6949,85.59
122.4150,-39.6949,85.25
122.6648,-39.6949,84.96
122.9146,-39.6949,84.78
123.1645,-39.6949,84.75
123.4143,-39.6949,84.83
123.6641,-39.6949,84.98
123.9139,-39.6949,85.17
124.1638,-39.6949,85.38
124.4136,-39.6949,85.59
124.6634,-39.6949,85.81
124.9133,-39.6949,86.07
125.1631,-39.6949,86.37
125.4129,-39.6949,86.69
125.6627,-39.6949,87.03
125.9126,-39.6949,87.37
126.1624,-39.6949,87.69
126.4122,-39.6949,87.97
126.6620,-39.6949,88.20
126.9119,-39.6949,88.36
127.1617,-39.6949,88.42
127.4115,-39.6949,88.41
127.6613,-39.6949,88.33
127.9112,-39.6949,88.21
128.1610,-39.6949,88.03
128.4108,-39.6949,87.82
128.6607,-39.6949,87.56
128.9105,-39.6949,87.25
129.1603,-39.6949,86.89
129.4101,-39.6949,86.47
129.6600,-39.6949,86.01
129.9098,-39.6949,85.52
130.1596,-39.6949,85.01
130.4094,-39.6949,84.52
130.6593,-39.6949,84.09
130.9091,-39.6949,83.78
131.1589,-39.6949,83.63
131.4087,-39.6949,83.62
131.6586,-39.6949,83.70
131.9084,-39.6949,83.84
132.1582,-39.6949,84.02
132.4080,-39.6949,84.22
132.6579,-39.6949,84.45
132.9077,-39.6949,84.68
133.1575,-39.6949,84.93
133.4074,-39.6949,85.19
133.6572,-39.6949,85.48
133.9070,-39.6949,85.79
134.1568,-39.6949,86.10
134.4067,-39.6949,86.37
134.6565,-39.6949,86.54
134.9063,-39.6949,86.57
135.1561,-39.6949,86.41
135.4060,-39.6949,86.12
135.6558,-39.6949,85.77
135.9056,-39.6949,85.45
136.1554,-39.6949,85.24
136.4053,-39.6949,85.23
136.6551,-39.6949,85.51
136.9049,-39.6949,86.17
137.1548,-39.6949,87.23
137.4046,-39.6949,88.58
137.6544,-39.6949,90.03
137.9042,-39.6949,91.39
138.1541,-39.6949,92.45
138.4039,-39.6949,93.02
138.6537,-39.6949,92.89
138.9035,-39.6949,91.84
139.1534,-39.6949,89.75
139.4032,-39.6949,86.76
139.6530,-39.6949,83.10
139.9028,-39.6949,78.99
140.1527,-39.6949,74.63
140.4025,-39.6949,70.22
140.6523,-39.6949,65.94
140.9022,-39.6949,62.01
141.1520,-39.6949,58.62
141.4018,-39.6949,55.74
141.6516,-39.6949,53.31
141.9015,-39.6949,51.31
142.1513,-39.6949,49.74
142.4011,-39.6949,48.61
142.6509,-39.6949,47.93
142.9008,-39.6949,47.62
143.1506,-39.6949,47.61
143.4004,-39.6949,47.87
143.6502,-39.6949,48.33
143.9001,-39.6949,48.90
144.1499,-39.6949,49.44
144.3997,-39.6949,49.83
144.6495,-39.6949,49.98
144.8994,-39.6949,49.86
145.1492,-39.6949,49.52
145.3990,-39.6949,49.04
145.6489,-39.6949,48.62
145.8987,-39.6949,48.48
146.1485,-39.6949,48.94
146.3983,-39.6949,50.35
146.6482,-39.6949,53.08
146.8980,-39.6949,57.46
147.1478,-39.6949,63.63
147.3976,-39.6949,71.35
147.6475,-39.6949,80.17
147.8973,-39.6949,89.55
148.1471,-39.6949,98.89
148.3969,-39.6949,107.54
148.6468,-39.6949,114.81
148.8966,-39.6949,120.05
149.1464,-39.6949,122.87
149.3963,-39.6949,123.51
149.6461,-39.6949,122.45
149.8959,-39.6949,120.26
150.1457,-39.6949,117.42
150.3956,-39.6949,114.40
150.6454,-39.6949,111.58
150.8952,-39.6949,109.29
151.1450,-39.6949,107.74
151.3949,-39.6949,106.89
151.6447,-39.6949,106.58
151.8945,-39.6949,106.64
152.1443,-39.6949,106.93
152.3942,-39.6949,107.32
152.6440,-39.6949,107.70
152.8938,-39.6949,108.00
153.1437,-39.6949,108.17
153.3935,-39.6949,108.22
153.6433,-39.6949,108.15
153.8931,-39.6949,107.98
154.1430,-39.6949,107.73
154.3928,-39.6949,107.42
154.6426,-39.6949,107.04
154.8924,-39.6949,106.60
155.1423,-39.6949,106.10
155.3921,-39.6949,105.56
155.6419,-39.6949,104.99
155.8917,-39.6949,104.41
110.1735,-39.4452,90.02
110.4233,-39.4452,89.89
110.6731,-39.4452,89.84
110.9230,-39.4452,89.81
111.1728,-39.4452,89.73
111.4226,-39.4452,89.69
111.6724,-39.4452,89.76
111.9223,-39.4452,89.97
112.1721,-39.4452,90.32
112.4219,-39.4452,90.77
112.6718,-39.4452,91.23
112.9216,-39.4452,91.54
113.1714,-39.4452,91.58
113.4212,-39.4452,91.44
113.6711,-39.4452,91.24
113.9209,-39.4452,91.04
114.1707,-39.4452,90.89
114.4205,-39.4452,90.79
114.6704,-39.4452,90.75
114.9202,-39.4452,90.79
115.1700,-39.4452,90.92
115.4198,-39.4452,91.10
115.6697,-39.4452,91.29
115.9195,-39.4452,91.46
116.1693,-39.4452,91.59
116.4192,-39.4452,91.67
116.6690,-39.4452,91.68
116.9188,-39.4452,91.61
117.1686,-39.4452,91.42
117.4185,-39.4452,91.16
117.6683,-39.4452,90.86
117.9181,-39.4452,90.54
118.1679,-39.4452,90.22
118.4178,-39.4452,89.92
118.6676,-39.4452,89.65
118.9174,-39.4452,89.43
119.1672,-39.4452,89.27
119.4171,-39.4452,89.14
119.6669,-39.4452,89.04
119.9167,-39.4452,88.94
120.1666,-39.4452,88.83
120.4164,-39.4452,88.69
120.6662,-39.4452,88.52
120.9160,-39.4452,88.33
121.1659,-39.4452,88.11
121.4157,-39.4452,87.85
121.6655,-39.4452,87.53
121.9153,-39.4452,87.17
122.1652,-39.4452,86.76
122.4150,-39.4452,86.35
122.6648,-39.4452,86.00
122.9146,-39.4452,85.78
123.1645,-39.4452,85.79
123.4143,-39.4452,85.94
123.6641,-39.4452,86.16
123.9139,-39.4452,86.41
124.1638,-39.4452,86.65
124.4136,-39.4452,86.88
124.6634,-39.4452,87.11
124.9133,-39.4452,87.37
125.1631,-39.4452,87.67
125.4129,-39.4452,88.01
125.6627,-39.4452,88.36
125.9126,-39.4452,88.70
126.1624,-39.4452,89.04
126.4122,-39.4452,89.35
126.6620,-39.4452,89.61
126.9119,-39.4452,89.80
127.1617,-39.4452,89.89
127.4115,-39.4452,89.89
127.6613,-39.4452,89.84
127.9112,-39.4452,89.75
128.1610,-39.4452,89.62
128.4108,-39.4452,89.44
128.6607,-39.4452,89.21
128.9105,-39.4452,88.91
129.1603,-39.4452,88.52
129.4101,-39.4452,88.04
129.6600,-39.4452,87.50
129.9098,-39.4452,86.90
130.1596,-39.4452,86.27
130.4094,-39.4452,85.62
130.6593,-39.4452,85.03
130.9091,-39.4452,84.58
131.1589,-39.4452,84.35
131.4087,-39.4452,84.28
131.6586,-39.4452,84.29
131.9084,-39.4452,84.34
132.1582,-39.4452,84.42
132.4080,-39.4452,84.53
132.6579,-39.4452,84.66
132.9077,-39.4452,84.81
133.1575,-39.4452,84.99
133.4074,-39.4452,85.20
133.6572,-39.4452,85.47
133.9070,-39.4452,85.78
134.1568,-39.4452,86.12
134.4067,-39.4452,86.44
134.6565,-39.4452,86.69
134.9063,-39.4452,86.76
135.1561,-39.4452,86.59
135.4060,-39.4452,86.25
135.6558,-39.4452,85.84
135.9056,-39.4452,85.46
136.1554,-39.4452,85.18
136.4053,-39.4452,85.09
136.6551,-39.4452,85.32
136.9049,-39.4452,86.01
137.1548,-39.4452,87.28
137.4046,-39.4452,88.92
137.6544,-39.4452,90.67
137.9042,-39.4452,92.27
138.1541,-39.4452,93.53
138.4039,-39.4452,94.20
138.6537,-39.4452,94.01
138.9035,-39.4452,92.59
139.1534,-39.4452,89.68
139.4032,-39.4452,85.59
139.6530,-39.4452,80.70
139.9028,-39.4452,75.34
140.1527,-39.4452,69.78
140.4025,-39.4452,64.29
140.6523,-39.4452,59.19
140.9022,-39.4452,54.90
141.1520,-39.4452,51.79
141.4018,-39.4452,49.64
141.6516,-39.4452,48.19
141.9015,-39.4452,47.28
142.1513,-39.4452,46.84
142.4011,-39.4452,46.78
142.6509,-39.4452,46.99
142.9008,-39.4452,47.26
143.1506,-39.4452,47.38
143.4004,-39.4452,47.45
143.6502,-39.4452,47.52
143.9001,-39.4452,47.60
144.1499,-39.4452,47.62
144.3997,-39.4452,47.50
144.6495,-39.4452,47.24
144.8994,-39.4452,46.88
145.1492,-39.4452,46.53
145.3990,-39.4452,46.21
145.6489,-39.4452,45.99
145.8987,-39.4452,46.04
146.1485,-39.4452,46.62
146.3983,-39.4452,48.06
146.6482,-39.4452,50.73
146.8980,-39.4452,55.06
147.1478,-39.4452,61.34
147.3976,-39.4452,69.21
147.6475,-39.4452,78.16
147.8973,-39.4452,87.66
148.1471,-39.4452,97.17
148.3969,-39.4452,106.08
148.6468,-39.4452,113.68
148.8966,-39.4452,119.18
149.1464,-39.4452,121.95
149.3963,-39.4452,122.47
149.6461,-39.4452,121.40
149.8959,-39.4452,119.28
150.1457,-39.4452,116.60
150.3956,-39.4452,113.73
150.6454,-39.4452,111.06
150.8952,-39.4452,108.93
151.1450,-39.4452,107.60
151.3949,-39.4452,106.95
151.6447,-39.4452,106.78
151.8945,-39.4452,106.92
152.1443,-39.4452,107.22
152.3942,-39.4452,107.58
152.6440,-39.4452,107.92
152.8938,-39.4452,108.17
153.1437,-39.4452,108.27
153.3935,-39.4452,108.24
153.6433,-39.4452,108.11
153.8931,-39.4452,107.91
154.1430,-39.4452,107.64
154.3928,-39.4452,107.31
154.6426,-39.4452,106.94
154.8924,-39.4452,106.52
155.1423,-39.4452,106.04
155.3921,-39.4452,105.53
155.6419,-39.4452,104.99
155.8917,-39.4452,104.43
110.1735,-39.1956,90.79
110.4233,-39.1956,90.65
110.6731,-39.1956,90.60
110.9230,-39.1956,90.56
111.1728,-39.1956,90.37
111.4226,-39.1956,90.22
111.6724,-39.1956,90.21
111.9223,-39.1956,90.39
112.1721,-39.1956,90.78
112.4219,-39.1956,91.33
112.6718,-39.1956,91.93
112.9216,-39.1956,92.40
113.1714,-39.1956,92.41
113.4212,-39.1956,92.25
113.6711,-39.1956,92.06
113.9209,-39.1956,91.92
114.1707,-39.1956,91.84
114.4205,-39.1956,91.82
114.6704,-39.1956,91.87
114.9202,-39.1956,91.99
115.1700,-39.1956,92.23
115.4198,-39.1956,92.50
115.6697,-39.1956,92.76
115.9195,-39.1956,92.98
116.1693,-39.1956,93.16
116.4192,-39.1956,93.28
116.6690,-39.1956,93.33
116.9188,-39.1956,93.29
117.1686,-39.1956,93.10
117.4185,-39.1956,92.84
117.6683,-39.1956,92.54
117.9181,-39.1956,92.22
118.1679,-39.1956,91.91
118.4178,-39.1956,91.61
118.6676,-39.1956,91.34
118.9174,-39.1956,91.12
119.1672,-39.1956,90.95
119.4171,-39.1956,90.82
119.6669,-39.1956,90.71
119.9167,-39.1956,90.59
120.1666,-39.1956,90.45
120.4164,-39.1956,90.28
120.6662,-39.1956,90.07
120.9160,-39.1956,89.84
121.1659,-39.1956,89.62
121.4157,-39.1956,89.36
121.6655,-39.1956,89.04
121.9153,-39.1956,88.65
122.1652,-39.1956,88.21
122.4150,-39.1956,87.74
122.6648,-39.1956,87.31
122.9146,-39.1956,87.03
123.1645,-39.1956,87.10
123.4143,-39.1956,87.33
123.6641,-39.1956,87.61
123.9139,-39.1956,87.89
124.1638,-39.1956,88.14
124.4136,-39.1956,88.36
124.6634,-39.1956,88.57
124.9133,-39.1956,88.79
125.1631,-39.1956,89.08
125.4129,-39.1956,89.40
125.6627,-39.1956,89.73
125.9126,-39.1956,90.06
126.1624,-39.1956,90.39
126.4122,-39.1956,90.71
126.6620,-39.1956,90.99
126.9119,-39.1956,91.21
127.1617,-39.1956,91.30
127.4115,-39.1956,91.32
127.6613,-39.1956,91.30
127.9112,-39.1956,91.24
128.1610,-39.1956,91.15
128.4108,-39.1956,91.02
128.6607,-39.1956,90.84
128.9105,-39.1956,90.57
129.1603,-39.1956,90.17
129.4101,-39.1956,89.67
129.6600,-39.1956,89.09
129.9098,-39.1956,88.43
130.1596,-39.1956,87.70
130.4094,-39.1956,86.94
130.6593,-39.1956,86.19
130.9091,-39.1956,85.58
131.1589,-39.1956,85.30
131.4087,-39.1956,85.17
131.6586,-39.1956,85.09
131.9084,-39.1956,85.03
132.1582,-39.1956,84.99
132.4080,-39.1956,84.97
132.6579,-39.1956,84.98
132.9077,-39.1956,85.03
133.1575,-39.1956,85.11
133.4074,-39.1956,85.26
133.6572,-39.1956,85.48
133.9070,-39.1956,85.78
134.1568,-39.1956,86.15
134.4067,-39.1956,86.54
134.6565,-39.1956,86.89
134.9063,-39.1956,87.06
135.1561,-39.1956,86.87
135.4060,-39.1956,86.50
135.6558,-39.1956,86.09
135.9056,-39.1956,85.70
136.1554,-39.1956,85.40
136.4053,-39.1956,85.26
136.6551,-39.1956,85.41
136.9049,-39.1956,86.07
137.1548,-39.1956,87.59
137.4046,-39.1956,89.50
137.6544,-39.1956,91.46
137.9042,-39.1956,93.23
138.1541,-39.1956,94.59
138.4039,-39.1956,95.31
138.6537,-39.1956,95.08
138.9035,-39.1956,93.41
139.1534,-39.1956,89.60
139.4032,-39.1956,84.42
139.6530,-39.1956,78.41
139.9028,-39.1956,71.94
140.1527,-39.1956,65.34
140.4025,-39.1956,58.90
140.6523,-39.1956,53.02
140.9022,-39.1956,48.30
141.1520,-39.1956,45.59
141.4018,-39.1956,44.18
141.6516,-39.1956,43.63
141.9015,-39.1956,43.70
142.1513,-39.1956,44.24
142.4011,-39.1956,45.13
142.6509,-39.1956,46.19
142.9008,-39.1956,47.07
143.1506,-39.1956,47.27
143.4004,-39.1956,47.16
143.6502,-39.1956,46.95
143.9001,-39.1956,46.66
144.1499,-39.1956,46.28
144.3997,-39.1956,45.77
144.6495,-39.1956,45.15
144.8994,-39.1956,44.55
145.1492,-39.1956,44.23
145.3990,-39.1956,44.04
145.6489,-39.1956,43.96
145.8987,-39.1956,44.11
146.1485,-39.1956,44.71
146.3983,-39.1956,46.01
146.6482,-39.1956,48.41
146.8980,-39.1956,52.42
147.1478,-39.1956,58.76
147.3976,-39.1956,66.67
147.6475,-39.1956,75.59
147.8973,-39.1956,85.03
148.1471,-39.1956,94.55
148.3969,-39.1956,103.64
148.6468,-39.1956,111.62
148.8966,-39.1956,117.54
149.1464,-39.1956,120.09
149.3963,-39.1956,120.44
149.6461,-39.1956,119.40
149.8959,-39.1956,117.50
150.1457,-39.1956,115.12
150.3956,-39.1956,112.57
150.6454,-39.1956,110.15
150.8952,-39.1956,108.25
151.1450,-39.1956,107.31
151.3949,-39.1956,107.00
151.6447,-39.1956,107.03
151.8945,-39.1956,107.26
152.1443,-39.1956,107.58
152.3942,-39.1956,107.91
152.6440,-39.1956,108.20
152.8938,-39.1956,108.38
153.1437,-39.1956,108.38
153.3935,-39.1956,108.26
153.6433,-39.1956,108.06
153.8931,-39.1956,107.81
154.1430,-39.1956,107.52
154.3928,-39.1956,107.19
154.6426,-39.1956,106.83
154.8924,-39.1956,106.44
155.1423,-39.1956,106.00
155.3921,-39.1956,105.53
155.6419,-39.1956,105.03
155.8917,-39.1956,104.51
110.1735,-38.9459,91.07
110.4233,-38.9459,90.88
110.6731,-38.9459,90.82
110.9230,-38.9459,90.80
111.1728,-38.9459,90.47
111.4226,-38.9459,90.20
111.6724,-38.9459,90.12
111.9223,-38.9459,90.28
112.1721,-38.9459,90.67
112.4219,-38.9459,91.28
112.6718,-38.9459,92.02
112.9216,-38.9459,92.71
113.1714,-38.9459,92.70
113.4212,-38.9459,92.59
113.6711,-38.9459,92.52
113.9209,-38.9459,92.54
114.1707,-38.9459,92.64
114.4205,-38.9459,92.80
114.6704,-38.9459,93.00
114.9202,-38.9459,93.23
115.1700,-38.9459,93.61
115.4198,-38.9459,93.98
115.6697,-38.9459,94.31
115.9195,-38.9459,94.58
116.1693,-38.9459,94.78
116.4192,-38.9459,94.93
116.6690,-38.9459,95.01
116.9188,-38.9459,95.01
117.1686,-38.9459,94.82
117.4185,-38.9459,94.57
117.6683,-38.9459,94.28
117.9181,-38.9459,93.99
118.1679,-38.9459,93.70
118.4178,-38.9459,93.42
118.6676,-38.9459,93.16
118.9174,-38.9459,92.93
119.1672,-38.9459,92.77
119.4171,-38.9459,92.64
119.6669,-38.9459,92.52
119.9167,-38.9459,92.39
120.1666,-38.9459,92.24
120.4164,-38.9459,92.05
120.6662,-38.9459,91.83
120.9160,-38.9459,91.58
121.1659,-38.9459,91.37
121.4157,-38.9459,91.13
121.6655,-38.9459,90.82
121.9153,-38.9459,90.44
122.1652,-38.9459,89.99
122.4150,-38.9459,89.51
122.6648,-38.9459,89.02
122.9146,-38.9459,88.66
123.1645,-38.9459,88.81
123.4143,-38.9459,89.09
123.6641,-38.9459,89.38
123.9139,-38.9459,89.64
124.1638,-38.9459,89.86
124.4136,-38.9459,90.04
124.6634,-38.9459,90.20
124.9133,-38.9459,90.35
125.1631,-38.9459,90.60
125.4129,-38.9459,90.87
125.6627,-38.9459,91.15
125.9126,-38.9459,91.43
126.1624,-38.9459,91.72
126.4122,-38.9459,92.01
126.6620,-38.9459,92.29
126.9119,-38.9459,92.54
127.1617,-38.9459,92.61
127.4115,-38.9459,92.64
127.6613,-38.9459,92.65
127.9112,-38.9459,92.64
128.1610,-38.9459,92.61
128.4108,-38.9459,92.53
128.6607,-38.9459,92.41
128.9105,-38.9459,92.20
129.1603,-38.9459,91.82
129.4101,-38.9459,91.33
129.6600,-38.9459,90.76
129.9098,-38.9459,90.09
130.1596,-38.9459,89.35
130.4094,-38.9459,88.53
130.6593,-38.9459,87.67
130.9091,-38.9459,86.89
131.1589,-38.9459,86.59
131.4087,-38.9459,86.39
131.6586,-38.9459,86.18
131.9084,-38.9459,85.97
132.1582,-38.9459,85.75
132.4080,-38.9459,85.56
132.6579,-38.9459,85.43
132.9077,-38.9459,85.36
133.1575,-38.9459,85.33
133.4074,-38.9459,85.39
133.6572,-38.9459,85.56
133.9070,-38.9459,85.84
134.1568,-38.9459,86.21
134.4067,-38.9459,86.64
134.6565,-38.9459,87.08
134.9063,-38.9459,87.41
135.1561,-38.9459,87.21
135.4060,-38.9459,86.89
135.6558,-38.9459,86.56
135.9056,-38.9459,86.27
136.1554,-38.9459,86.06
136.4053,-38.9459,85.97
136.6551,-38.9459,86.10
136.9049,-38.9459,86.66
137.1548,-38.9459,88.43
137.4046,-38.9459,90.50
137.6544,-38.9459,92.52
137.9042,-38.9459,94.27
138.1541,-38.9459,95.55
138.4039,-38.9459,96.14
138.6537,-38.9459,95.77
138.9035,-38.9459,93.97
139.1534,-38.9459,89.21
139.4032,-38.9459,83.11
139.6530,-38.9459,76.22
139.9028,-38.9459,68.94
140.1527,-38.9459,61.57
140.4025,-38.9459,54.45
140.6523,-38.9459,47.98
140.9022,-38.9459,42.78
141.1520,-38.9459,40.58
141.4018,-38.9459,39.78
141.6516,-38.9459,39.91
141.9015,-38.9459,40.71
142.1513,-38.9459,42.00
142.4011,-38.9459,43.63
142.6509,-38.9459,45.37
142.9008,-38.9459,46.88
143.1506,-38.9459,47.09
143.4004,-38.9459,46.91
143.6502,-38.9459,46.56
143.9001,-38.9459,46.09
144.1499,-38.9459,45.49
144.3997,-38.9459,44.74
144.6495,-38.9459,43.88
144.8994,-38.9459,43.06
145.1492,-38.9459,42.83
145.3990,-38.9459,42.73
145.6489,-38.9459,42.73
145.8987,-38.9459,42.93
146.1485,-38.9459,43.49
146.3983,-38.9459,44.64
146.6482,-38.9459,46.68
146.8980,-38.9459,50.11
147.1478,-38.9459,56.41
147.3976,-38.9459,64.09
147.6475,-38.9459,72.63
147.8973,-38.9459,81.65
148.1471,-38.9459,90.82
148.3969,-38.9459,99.75
148.6468,-38.9459,107.91
148.8966,-38.9459,114.40
149.1464,-38.9459,116.56
149.3963,-38.9459,116.90
149.6461,-38.9459,116.20
149.8959,-38.9459,114.83
150.1457,-38.9459,113.06
150.3956,-38.9459,111.09
150.6454,-38.9459,109.14
150.8952,-38.9459,107.53
151.1450,-38.9459,107.17
151.3949,-38.9459,107.21
151.6447,-38.9459,107.44
151.8945,-38.9459,107.73
152.1443,-38.9459,108.03
152.3942,-38.9459,108.29
152.6440,-38.9459,108.49
152.8938,-38.9459,108.58
153.1437,-38.9459,108.45
153.3935,-38.9459,108.23
153.6433,-38.9459,107.95
153.8931,-38.9459,107.66
154.1430,-38.9459,107.35
154.3928,-38.9459,107.03
154.6426,-38.9459,106.70
154.8924,-38.9459,106.36
155.1423,-38.9459,105.97
155.3921,-38.9459,105.56
155.6419,-38.9459,105.12
155.8917,-38.9459,104.66
110.1735,-38.6963,90.83
110.4233,-38.6963,90.55
110.6731,-38.6963,90.37
110.9230,-38.6963,90.19
111.1728,-38.6963,89.88
111.4226,-38.6963,89.61
111.6724,-38.6963,89.50
111.9223,-38.6963,89.62
112.1721,-38.6963,89.97
112.4219,-38.6963,90.53
112.6718,-38.6963,91.23
112.9216,-38.6963,91.88
113.1714,-38.6963,92.17
113.4212,-38.6963,92.36
113.6711,-38.6963,92.60
113.9209,-38.6963,92.92
114.1707,-38.6963,93.31
114.4205,-38.6963,93.75
114.6704,-38.6963,94.20
114.9202,-38.6963,94.66
115.1700,-38.6963,95.15
115.4198,-38.6963,95.60
115.6697,-38.6963,95.98
115.9195,-38.6963,96.27
116.1693,-38.6963,96.48
116.4192,-38.6963,96.62
116.6690,-38.6963,96.69
116.9188,-38.6963,96.68
117.1686,-38.6963,96.54
117.4185,-38.6963,96.34
117.6683,-38.6963,96.10
117.9181,-38.6963,95.85
118.1679,-38.6963,95.60
118.4178,-38.6963,95.35
118.6676,-38.6963,95.11
118.9174,-38.6963,94.91
119.1672,-38.6963,94.75
119.4171,-38.6963,94.61
119.6669,-38.6963,94.49
119.9167,-38.6963,94.36
120.1666,-38.6963,94.21
120.4164,-38.6963,94.03
120.6662,-38.6963,93.83
120.9160,-38.6963,93.60
121.1659,-38.6963,93.39
121.4157,-38.6963,93.15
121.6655,-38.6963,92.87
121.9153,-38.6963,92.52
122.1652,-38.6963,92.13
122.4150,-38.6963,91.70
122.6648,-38.6963,91.30
122.9146,-38.6963,91.04
123.1645,-38.6963,91.08
123.4143,-38.6963,91.27
123.6641,-38.6963,91.48
123.9139,-38.6963,91.67
124.1638,-38.6963,91.83
124.4136,-38.6963,91.94
124.6634,-38.6963,92.03
124.9133,-38.6963,92.12
125.1631,-38.6963,92.27
125.4129,-38.6963,92.43
125.6627,-38.6963,92.61
125.9126,-38.6963,92.80
126.1624,-38.6963,93.00
126.4122,-38.6963,93.22
126.6620,-38.6963,93.44
126.9119,-38.6963,93.64
127.1617,-38.6963,93.76
127.4115,-38.6963,93.83
127.6613,-38.6963,93.89
127.9112,-38.6963,93.94
128.1610,-38.6963,93.96
128.4108,-38.6963,93.94
128.6607,-38.6963,93.87
128.9105,-38.6963,93.70
129.1603,-38.6963,93.39
129.4101,-38.6963,92.98
129.6600,-38.6963,92.48
129.9098,-38.6963,91.88
130.1596,-38.6963,91.20
130.4094,-38.6963,90.44
130.6593,-38.6963,89.65
130.9091,-38.6963,88.92
131.1589,-38.6963,88.43
131.4087,-38.6963,88.02
131.6586,-38.6963,87.61
131.9084,-38.6963,87.17
132.1582,-38.6963,86.74
132.4080,-38.6963,86.35
132.6579,-38.6963,86.03
132.9077,-38.6963,85.80
133.1575,-38.6963,85.66
133.4074,-38.6963,85.65
133.6572,-38.6963,85.76
133.9070,-38.6963,86.00
134.1568,-38.6963,86.33
134.4067,-38.6963,86.74
134.6565,-38.6963,87.16
134.9063,-38.6963,87.47
135.1561,-38.6963,87.50
135.4060,-38.6963,87.41
135.6558,-38.6963,87.32
135.9056,-38.6963,87.27
136.1554,-38.6963,87.29
136.4053,-38.6963,87.45
136.6551,-38.6963,87.83
136.9049,-38.6963,88.66
137.1548,-38.6963,90.24
137.4046,-38.6963,92.13
137.6544,-38.6963,93.94
137.9042,-38.6963,95.44
138.1541,-38.6963,96.37
138.4039,-38.6963,96.50
138.6537,-38.6963,95.50
138.9035,-38.6963,92.87
139.1534,-38.6963,87.94
139.4032,-38.6963,81.51
139.6530,-38.6963,74.20
139.9028,-38.6963,66.46
140.1527,-38.6963,58.70
140.4025,-38.6963,51.35
140.6523,-38.6963,44.91
140.9022,-38.6963,40.03
141.1520,-38.6963,37.59
141.4018,-38.6963,36.84
141.6516,-38.6963,37.26
141.9015,-38.6963,38.47
142.1513,-38.6963,40.21
142.4011,-38.6963,42.23
142.6509,-38.6963,44.23
142.9008,-38.6963,45.84
143.1506,-38.6963,46.50
143.4004,-38.6963,46.60
143.6502,-38.6963,46.37
143.9001,-38.6963,45.92
144.1499,-38.6963,45.30
144.3997,-38.6963,44.53
144.6495,-38.6963,43.70
144.8994,-38.6963,42.96
145.1492,-38.6963,42.59
145.3990,-38.6963,42.42
145.6489,-38.6963,42.42
145.8987,-38.6963,42.63
146.1485,-38.6963,43.19
146.3983,-38.6963,44.31
146.6482,-38.6963,46.31
146.8980,-38.6963,49.67
147.1478,-38.6963,55.08
147.3976,-38.6963,61.84
147.6475,-38.6963,69.46
147.8973,-38.6963,77.58
148.1471,-38.6963,85.88
148.3969,-38.6963,94.00
148.6468,-38.6963,101.41
148.8966,-38.6963,107.22
149.1464,-38.6963,110.20
149.3963,-38.6963,111.44
149.6461,-38.6963,111.67
149.8959,-38.6963,111.29
150.1457,-38.6963,110.52
150.3956,-38.6963,109.52
150.6454,-38.6963,108.49
150.8952,-38.6963,107.72
151.1450,-38.6963,107.61
151.3949,-38.6963,107.82
151.6447,-38.6963,108.11
151.8945,-38.6963,108.38
152.1443,-38.6963,108.58
152.3942,-38.6963,108.69
152.6440,-38.6963,108.72
152.8938,-38.6963,108.64
153.1437,-38.6963,108.41
153.3935,-38.6963,108.11
153.6433,-38.6963,107.78
153.8931,-38.6963,107.45
154.1430,-38.6963,107.14
154.3928,-38.6963,106.84
154.6426,-38.6963,106.55
154.8924,-38.6963,106.25
155.1423,-38.6963,105.94
155.3921,-38.6963,105.62
155.6419,-38.6963,105.27
155.8917,-38.6963,104.90
110.1735,-38.4466,90.22
110.4233,-38.4466,89.83
110.6731,-38.4466,89.50
110.9230,-38.4466,89.20
111.1728,-38.4466,88.87
111.4226,-38.4466,88.61
111.6724,-38.4466,88.48
111.9223,-38.4466,88.54
112.1721,-38.4466,88.82
112.4219,-38.4466,89.29
112.6718,-38.4466,89.91
112.9216,-38.4466,90.58
113.1714,-38.4466,91.15
113.4212,-38.4466,91.73
113.6711,-38.4466,92.38
113.9209,-38.4466,93.11
114.1707,-38.4466,93.90
114.4205,-38.4466,94.70
114.6704,-38.4466,95.48
114.9202,-38.4466,96.19
115.1700,-38.4466,96.83
115.4198,-38.4466,97.36
115.6697,-38.4466,97.77
115.9195,-38.4466,98.07
116.1693,-38.4466,98.26
116.4192,-38.4466,98.38
116.6690,-38.4466,98.43
116.9188,-38.4466,98.41
117.1686,-38.4466,98.33
117.4185,-38.4466,98.19
117.6683,-38.4466,98.03
117.9181,-38.4466,97.84
118.1679,-38.4466,97.64
118.4178,-38.4466,97.43
118.6676,-38.4466,97.22
118.9174,-38.4466,97.03
119.1672,-38.4466,96.87
119.4171,-38.4466,96.73
119.6669,-38.4466,96.60
119.9167,-38.4466,96.48
120.1666,-38.4466,96.34
120.4164,-38.4466,96.18
120.6662,-38.4466,96.00
120.9160,-38.4466,95.81
121.1659,-38.4466,95.60
121.4157,-38.4466,95.38
121.6655,-38.4466,95.13
121.9153,-38.4466,94.85
122.1652,-38.4466,94.54
122.4150,-38.4466,94.22
122.6648,-38.4466,93.93
122.9146,-38.4466,93.73
123.1645,-38.4466,93.70
123.4143,-38.4466,93.76
123.6641,-38.4466,93.85
123.9139,-38.4466,93.92
124.1638,-38.4466,93.98
124.4136,-38.4466,94.00
124.6634,-38.4466,94.01
124.9133,-38.4466,94.01
125.1631,-38.4466,94.03
125.4129,-38.4466,94.05
125.6627,-38.4466,94.09
125.9126,-38.4466,94.15
126.1624,-38.4466,94.23
126.4122,-38.4466,94.35
126.6620,-38.4466,94.49
126.9119,-38.4466,94.64
127.1617,-38.4466,94.77
127.4115,-38.4466,94.90
127.6613,-38.4466,95.02
127.9112,-38.4466,95.13
128.1610,-38.4466,95.21
128.4108,-38.4466,95.25
128.6607,-38.4466,95.22
128.9105,-38.4466,95.11
129.1603,-38.4466,94.89
129.4101,-38.4466,94.59
129.6600,-38.4466,94.20
129.9098,-38.4466,93.73
130.1596,-38.4466,93.19
130.4094,-38.4466,92.58
130.6593,-38.4466,91.90
130.9091,-38.4466,91.22
131.1589,-38.4466,90.60
131.4087,-38.4466,89.98
131.6586,-38.4466,89.33
131.9084,-38.4466,88.65
132.1582,-38.4466,87.98
132.4080,-38.4466,87.36
132.6579,-38.4466,86.83
132.9077,-38.4466,86.45
133.1575,-38.4466,86.22
133.4074,-38.4466,86.14
133.6572,-38.4466,86.20
133.9070,-38.4466,86.38
134.1568,-38.4466,86.66
134.4067,-38.4466,87.00
134.6565,-38.4466,87.39
134.9063,-38.4466,87.74
135.1561,-38.4466,87.99
135.4060,-38.4466,88.21
135.6558,-38.4466,88.44
135.9056,-38.4466,88.73
136.1554,-38.4466,89.11
136.4053,-38.4466,89.59
136.6551,-38.4466,90.28
136.9049,-38.4466,91.30
137.1548,-38.4466,92.72
137.4046,-38.4466,94.30
137.6544,-38.4466,95.76
137.9042,-38.4466,96.83
138.1541,-38.4466,97.25
138.4039,-38.4466,96.76
138.6537,-38.4466,95.05
138.9035,-38.4466,91.75
139.1534,-38.4466,86.61
139.4032,-38.4466,80.04
139.6530,-38.4466,72.55
139.9028,-38.4466,64.62
140.1527,-38.4466,56.74
140.4025,-38.4466,49.40
140.6523,-38.4466,43.14
140.9022,-38.4466,38.52
141.1520,-38.4466,35.96
141.4018,-38.4466,35.16
141.6516,-38.4466,35.67
141.9015,-38.4466,37.09
142.1513,-38.4466,39.05
142.4011,-38.4466,41.24
142.6509,-38.4466,43.36
142.9008,-38.4466,45.05
143.1506,-38.4466,46.06
143.4004,-38.4466,46.48
143.6502,-38.4466,46.50
143.9001,-38.4466,46.21
144.1499,-38.4466,45.71
144.3997,-38.4466,45.05
144.6495,-38.4466,44.33
144.8994,-38.4466,43.67
145.1492,-38.4466,43.23
145.3990,-38.4466,42.99
145.6489,-38.4466,42.94
145.8987,-38.4466,43.13
146.1485,-38.4466,43.70
146.3983,-38.4466,44.82
146.6482,-38.4466,46.74
146.8980,-38.4466,49.78
147.1478,-38.4466,54.23
147.3976,-38.4466,59.81
147.6475,-38.4466,66.15
147.8973,-38.4466,72.97
148.1471,-38.4466,80.01
148.3969,-38.4466,86.94
148.6468,-38.4466,93.35
148.8966,-38.4466,98.63
149.1464,-38.4466,102.25
149.3963,-38.4466,104.61
149.6461,-38.4466,106.12
149.8959,-38.4466,107.06
150.1457,-38.4466,107.61
150.3956,-38.4466,107.86
150.6454,-38.4466,107.95
150.8952,-38.4466,108.06
151.1450,-38.4466,108.36
151.3949,-38.4466,108.72
151.6447,-38.4466,109.01
151.8945,-38.4466,109.18
152.1443,-38.4466,109.21
152.3942,-38.4466,109.12
152.6440,-38.4466,108.93
152.8938,-38.4466,108.65
153.1437,-38.4466,108.29
153.3935,-38.4466,107.89
153.6433,-38.4466,107.51
153.8931,-38.4466,107.16
154.1430,-38.4466,106.86
154.3928,-38.4466,106.58
154.6426,-38.4466,106.35
154.8924,-38.4466,106.13
155.1423,-38.4466,105.91
155.3921,-38.4466,105.69
155.6419,-38.4466,105.46
155.8917,-38.4466,105.21
110.1735,-38.1969,89.40
110.4233,-38.1969,88.91
110.6731,-38.1969,88.46
110.9230,-38.1969,88.05
111.1728,-38.1969,87.69
111.4226,-38.1969,87.42
111.6724,-38.1969,87.26
111.9223,-38.1969,87.26
112.1721,-38.1969,87.44
112.4219,-38.1969,87.80
112.6718,-38.1969,88.36
112.9216,-38.1969,89.08
113.1714,-38.1969,89.93
113.4212,-38.1969,90.91
113.6711,-38.1969,92.02
113.9209,-38.1969,93.23
114.1707,-38.1969,94.48
114.4205,-38.1969,95.70
114.6704,-38.1969,96.84
114.9202,-38.1969,97.83
115.1700,-38.1969,98.64
115.4198,-38.1969,99.27
115.6697,-38.1969,99.71
115.9195,-38.1969,100.00
116.1693,-38.1969,100.17
116.4192,-38.1969,100.25
116.6690,-38.1969,100.27
116.9188,-38.1969,100.27
117.1686,-38.1969,100.23
117.4185,-38.1969,100.18
117.6683,-38.1969,100.10
117.9181,-38.1969,99.99
118.1679,-38.1969,99.84
118.4178,-38.1969,99.67
118.6676,-38.1969,99.48
118.9174,-38.1969,99.30
119.1672,-38.1969,99.13
119.4171,-38.1969,98.98
119.6669,-38.1969,98.85
119.9167,-38.1969,98.72
120.1666,-38.1969,98.59
120.4164,-38.1969,98.45
120.6662,-38.1969,98.30
120.9160,-38.1969,98.12
121.1659,-38.1969,97.93
121.4157,-38.1969,97.73
121.6655,-38.1969,97.53
121.9153,-38.1969,97.32
122.1652,-38.1969,97.11
122.4150,-38.1969,96.91
122.6648,-38.1969,96.73
122.9146,-38.1969,96.59
123.1645,-38.1969,96.49
123.4143,-38.1969,96.42
123.6641,-38.1969,96.37
123.9139,-38.1969,96.31
124.1638,-38.1969,96.24
124.4136,-38.1969,96.16
124.6634,-38.1969,96.06
124.9133,-38.1969,95.95
125.1631,-38.1969,95.83
125.4129,-38.1969,95.70
125.6627,-38.1969,95.58
125.9126,-38.1969,95.48
126.1624,-38.1969,95.42
126.4122,-38.1969,95.42
126.6620,-38.1969,95.46
126.9119,-38.1969,95.56
127.1617,-38.1969,95.70
127.4115,-38.1969,95.87
127.6613,-38.1969,96.05
127.9112,-38.1969,96.22
128.1610,-38.1969,96.36
128.4108,-38.1969,96.45
128.6607,-38.1969,96.48
128.9105,-38.1969,96.42
129.1603,-38.1969,96.29
129.4101,-38.1969,96.09
129.6600,-38.1969,95.84
129.9098,-38.1969,95.54
130.1596,-38.1969,95.19
130.4094,-38.1969,94.77
130.6593,-38.1969,94.26
130.9091,-38.1969,93.65
131.1589,-38.1969,92.96
131.4087,-38.1969,92.17
131.6586,-38.1969,91.30
131.9084,-38.1969,90.38
132.1582,-38.1969,89.47
132.4080,-38.1969,88.62
132.6579,-38.1969,87.92
132.9077,-38.1969,87.40
133.1575,-38.1969,87.09
133.4074,-38.1969,86.98
133.6572,-38.1969,87.01
133.9070,-38.1969,87.14
134.1568,-38.1969,87.35
134.4067,-38.1969,87.63
134.6565,-38.1969,87.98
134.9063,-38.1969,88.40
135.1561,-38.1969,88.87
135.4060,-38.1969,89.41
135.6558,-38.1969,90.03
135.9056,-38.1969,90.72
136.1554,-38.1969,91.48
136.4053,-38.1969,92.32
136.6551,-38.1969,93.28
136.9049,-38.1969,94.40
137.1548,-38.1969,95.67
137.4046,-38.1969,96.94
137.6544,-38.1969,97.98
137.9042,-38.1969,98.55
138.1541,-38.1969,98.41
138.4039,-38.1969,97.30
138.6537,-38.1969,94.96
138.9035,-38.1969,91.14
139.1534,-38.1969,85.77
139.4032,-38.1969,79.09
139.6530,-38.1969,71.52
139.9028,-38.1969,63.54
140.1527,-38.1969,55.66
140.4025,-38.1969,48.40
140.6523,-38.1969,42.30
140.9022,-38.1969,37.85
141.1520,-38.1969,35.33
141.4018,-38.1969,34.55
141.6516,-38.1969,35.13
141.9015,-38.1969,36.66
142.1513,-38.1969,38.73
142.4011,-38.1969,41.00
142.6509,-38.1969,43.16
142.9008,-38.1969,44.93
143.1506,-38.1969,46.15
143.4004,-38.1969,46.84
143.6502,-38.1969,47.09
143.9001,-38.1969,47.01
144.1499,-38.1969,46.67
144.3997,-38.1969,46.17
144.6495,-38.1969,45.58
144.8994,-38.1969,45.01
145.1492,-38.1969,44.54
145.3990,-38.1969,44.22
145.6489,-38.1969,44.11
145.8987,-38.1969,44.27
146.1485,-38.1969,44.82
146.3983,-38.1969,45.88
146.6482,-38.1969,47.59
146.8980,-38.1969,50.14
147.1478,-38.1969,53.61
147.3976,-38.1969,57.88
147.6475,-38.1969,62.76
147.8973,-38.1969,68.07
148.1471,-38.1969,73.62
148.3969,-38.1969,79.22
148.6468,-38.1969,84.60
148.8966,-38.1969,89.47
149.1464,-38.1969,93.60
149.3963,-38.1969,97.05
149.6461,-38.1969,99.97
149.8959,-38.1969,102.43
150.1457,-38.1969,104.48
150.3956,-38.1969,106.14
150.6454,-38.1969,107.45
150.8952,-38.1969,108.47
151.1450,-38.1969,109.26
151.3949,-38.1969,109.81
151.6447,-38.1969,110.08
151.8945,-38.1969,110.11
152.1443,-38.1969,109.92
152.3942,-38.1969,109.57
152.6440,-38.1969,109.12
152.8938,-38.1969,108.61
153.1437,-38.1969,108.09
153.3935,-38.1969,107.60
153.6433,-38.1969,107.17
153.8931,-38.1969,106.80
154.1430,-38.1969,106.50
154.3928,-38.1969,106.28
154.6426,-38.1969,106.10
154.8924,-38.1969,105.97
155.1423,-38.1969,105.86
155.3921,-38.1969,105.77
155.6419,-38.1969,105.67
155.8917,-38.1969,105.56
110.1735,-37.9473,88.59
110.4233,-37.9473,88.02
110.6731,-37.9473,87.46
110.9230,-37.9473,86.97
111.1728,-37.9473,86.58
111.4226,-37.9473,86.29
111.6724,-37.9473,86.10
111.9223,-37.9473,86.02
112.1721,-37.9473,86.08
112.4219,-37.9473,86.33
112.6718,-37.9473,86.81
112.9216,-37.9473,87.60
113.1714,-37.9473,88.69
113.4212,-37.9473,90.08
113.6711,-37.9473,91.67
113.9209,-37.9473,93.38
114.1707,-37.9473,95.13
114.4205,-37.9473,96.81
114.6704,-37.9473,98.33
114.9202,-37.9473,99.61
115.1700,-37.9473,100.61
115.4198,-37.9473,101.32
115.6697,-37.9473,101.79
115.9195,-37.9473,102.07
116.1693,-37.9473,102.21
116.4192,-37.9473,102.26
116.6690,-37.9473,102.27
116.9188,-37.9473,102.28
117.1686,-37.9473,102.31
117.4185,-37.9473,102.35
117.6683,-37.9473,102.37
117.9181,-37.9473,102.34
118.1679,-37.9473,102.25
118.4178,-37.9473,102.11
118.6676,-37.9473,101.92
118.9174,-37.9473,101.72
119.1672,-37.9473,101.53
119.4171,-37.9473,101.36
119.6669,-37.9473,101.20
119.9167,-37.9473,101.06
120.1666,-37.9473,100.93
120.4164,-37.9473,100.79
120.6662,-37.9473,100.65
120.9160,-37.9473,100.48
121.1659,-37.9473,100.30
121.4157,-37.9473,100.11
121.6655,-37.9473,99.94
121.9153,-37.9473,99.81
122.1652,-37.9473,99.71
122.4150,-37.9473,99.64
122.6648,-37.9473,99.57
122.9146,-37.9473,99.47
123.1645,-37.9473,99.32
123.4143,-37.9473,99.13
123.6641,-37.9473,98.92
123.9139,-37.9473,98.72
124.1638,-37.9473,98.52
124.4136,-37.9473,98.33
124.6634,-37.9473,98.12
124.9133,-37.9473,97.90
125.1631,-37.9473,97.63
125.4129,-37.9473,97.34
125.6627,-37.9473,97.05
125.9126,-37.9473,96.79
126.1624,-37.9473,96.58
126.4122,-37.9473,96.43
126.6620,-37.9473,96.38
126.9119,-37.9473,96.42
127.1617,-37.9473,96.57
127.4115,-37.9473,96.78
127.6613,-37.9473,97.02
127.9112,-37.9473,97.25
128.1610,-37.9473,97.44
128.4108,-37.9473,97.56
128.6607,-37.9473,97.62
128.9105,-37.9473,97.61
129.1603,-37.9473,97.54
129.4101,-37.9473,97.43
129.6600,-37.9473,97.31
129.9098,-37.9473,97.19
130.1596,-37.9473,97.05
130.4094,-37.9473,96.86
130.6593,-37.9473,96.56
130.9091,-37.9473,96.08
131.1589,-37.9473,95.38
131.4087,-37.9473,94.47
131.6586,-37.9473,93.42
131.9084,-37.9473,92.31
132.1582,-37.9473,91.21
132.4080,-37.9473,90.19
132.6579,-37.9473,89.34
132.9077,-37.9473,88.74
133.1575,-37.9473,88.42
133.4074,-37.9473,88.32
133.6572,-37.9473,88.36
133.9070,-37.9473,88.47
134.1568,-37.9473,88.61
134.4067,-37.9473,88.81
134.6565,-37.9473,89.11
134.9063,-37.9473,89.59
135.1561,-37.9473,90.28
135.4060,-37.9473,91.15
135.6558,-37.9473,92.17
135.9056,-37.9473,93.27
136.1554,-37.9473,94.41
136.4053,-37.9473,95.57
136.6551,-37.9473,96.75
136.9049,-37.9473,97.92
137.1548,-37.9473,99.05
137.4046,-37.9473,100.01
137.6544,-37.9473,100.63
137.9042,-37.9473,100.70
138.1541,-37.9473,100.03
138.4039,-37.9473,98.37
138.6537,-37.9473,95.52
138.9035,-37.9473,91.31
139.1534,-37.9473,85.71
139.4032,-37.9473,78.93
139.6530,-37.9473,71.33
139.9028,-37.9473,63.34
140.1527,-37.9473,55.48
140.4025,-37.9473,48.27
140.6523,-37.9473,42.28
140.9022,-37.9473,37.97
141.1520,-37.9473,35.57
141.4018,-37.9473,34.94
141.6516,-37.9473,35.67
141.9015,-37.9473,37.31
142.1513,-37.9473,39.46
142.4011,-37.9473,41.75
142.6509,-37.9473,43.89
142.9008,-37.9473,45.69
143.1506,-37.9473,47.02
143.4004,-37.9473,47.86
143.6502,-37.9473,48.27
143.9001,-37.9473,48.34
144.1499,-37.9473,48.16
144.3997,-37.9473,47.80
144.6495,-37.9473,47.32
144.8994,-37.9473,46.80
145.1492,-37.9473,46.29
145.3990,-37.9473,45.90
145.6489,-37.9473,45.71
145.8987,-37.9473,45.82
146.1485,-37.9473,46.32
146.3983,-37.9473,47.26
146.6482,-37.9473,48.70
146.8980,-37.9473,50.65
147.1478,-37.9473,53.13
147.3976,-37.9473,56.08
147.6475,-37.9473,59.44
147.8973,-37.9473,63.14
148.1471,-37.9473,67.12
148.3969,-37.9473,71.32
148.6468,-37.9473,75.69
148.8966,-37.9473,80.20
149.1464,-37.9473,84.78
149.3963,-37.9473,89.31
149.6461,-37.9473,93.66
149.8959,-37.9473,97.72
150.1457,-37.9473,101.35
150.3956,-37.9473,104.49
150.6454,-37.9473,107.04
150.8952,-37.9473,108.98
151.1450,-37.9473,110.29
151.3949,-37.9473,111.03
151.6447,-37.9473,111.27
151.8945,-37.9473,111.11
152.1443,-37.9473,110.65
152.3942,-37.9473,110.00
152.6440,-37.9473,109.26
152.8938,-37.9473,108.51
153.1437,-37.9473,107.82
153.3935,-37.9473,107.22
153.6433,-37.9473,106.73
153.8931,-37.9473,106.35
154.1430,-37.9473,106.08
154.3928,-37.9473,105.90
154.6426,-37.9473,105.81
154.8924,-37.9473,105.78
155.1423,-37.9473,105.79
155.3921,-37.9473,105.83
155.6419,-37.9473,105.88
155.8917,-37.9473,105.92
110.1735,-37.6976,88.04
110.4233,-37.6976,87.38
110.6731,-37.6976,86.73
110.9230,-37.6976,86.17
111.1728,-37.6976,85.77
111.4226,-37.6976,85.48
111.6724,-37.6976,85.26
111.9223,-37.6976,85.11
112.1721,-37.6976,85.04
112.4219,-37.6976,85.13
112.6718,-37.6976,85.50
112.9216,-37.6976,86.31
113.1714,-37.6976,87.64
113.4212,-37.6976,89.42
113.6711,-37.6976,91.49
113.9209,-37.6976,93.70
114.1707,-37.6976,95.93
114.4205,-37.6976,98.07
114.6704,-37.6976,99.99
114.9202,-37.6976,101.57
115.1700,-37.6976,102.74
115.4198,-37.6976,103.54
115.6697,-37.6976,104.03
115.9195,-37.6976,104.31
116.1693,-37.6976,104.42
116.4192,-37.6976,104.45
116.6690,-37.6976,104.44
116.9188,-37.6976,104.48
117.1686,-37.6976,104.61
117.4185,-37.6976,104.77
117.6683,-37.6976,104.90
117.9181,-37.6976,104.95
118.1679,-37.6976,104.91
118.4178,-37.6976,104.77
118.6676,-37.6976,104.56
118.9174,-37.6976,104.31
119.1672,-37.6976,104.07
119.4171,-37.6976,103.85
119.6669,-37.6976,103.65
119.9167,-37.6976,103.46
120.1666,-37.6976,103.30
120.4164,-37.6976,103.14
120.6662,-37.6976,102.99
120.9160,-37.6976,102.82
121.1659,-37.6976,102.61
121.4157,-37.6976,102.41
121.6655,-37.6976,102.26
121.9153,-37.6976,102.20
122.1652,-37.6976,102.21
122.4150,-37.6976,102.28
122.6648,-37.6976,102.33
122.9146,-37.6976,102.28
123.1645,-37.6976,102.07
123.4143,-37.6976,101.75
123.6641,-37.6976,101.39
123.9139,-37.6976,101.03
124.1638,-37.6976,100.72
124.4136,-37.6976,100.43
124.6634,-37.6976,100.14
124.9133,-37.6976,99.81
125.1631,-37.6976,99.40
125.4129,-37.6976,98.95
125.6627,-37.6976,98.49
125.9126,-37.6976,98.06
126.1624,-37.6976,97.70
126.4122,-37.6976,97.42
126.6620,-37.6976,97.26
126.9119,-37.6976,97.25
127.1617,-37.6976,97.39
127.4115,-37.6976,97.65
127.6613,-37.6976,97.94
127.9112,-37.6976,98.22
128.1610,-37.6976,98.44
128.4108,-37.6976,98.58
128.6607,-37.6976,98.63
128.9105,-37.6976,98.62
129.1603,-37.6976,98.56
129.4101,-37.6976,98.51
129.6600,-37.6976,98.48
129.9098,-37.6976,98.52
130.1596,-37.6976,98.60
130.4094,-37.6976,98.68
130.6593,-37.6976,98.66
130.9091,-37.6976,98.37
131.1589,-37.6976,97.71
131.4087,-37.6976,96.75
131.6586,-37.6976,95.62
131.9084,-37.6976,94.42
132.1582,-37.6976,93.22
132.4080,-37.6976,92.11
132.6579,-37.6976,91.18
132.9077,-37.6976,90.57
133.1575,-37.6976,90.33
133.4074,-37.6976,90.35
133.6572,-37.6976,90.46
133.9070,-37.6976,90.57
134.1568,-37.6976,90.64
134.4067,-37.6976,90.72
134.6565,-37.6976,90.94
134.9063,-37.6976,91.44
135.1561,-37.6976,92.33
135.4060,-37.6976,93.54
135.6558,-37.6976,94.94
135.9056,-37.6976,96.43
136.1554,-37.6976,97.92
136.4053,-37.6976,99.36
136.6551,-37.6976,100.70
136.9049,-37.6976,101.89
137.1548,-37.6976,102.86
137.4046,-37.6976,103.51
137.6544,-37.6976,103.72
137.9042,-37.6976,103.34
138.1541,-37.6976,102.20
138.4039,-37.6976,100.10
138.6537,-37.6976,96.88
138.9035,-37.6976,92.39
139.1534,-37.6976,86.61
139.4032,-37.6976,79.75
139.6530,-37.6976,72.13
139.9028,-37.6976,64.16
140.1527,-37.6976,56.31
140.4025,-37.6976,49.11
140.6523,-37.6976,43.14
140.9022,-37.6976,38.93
141.1520,-37.6976,36.77
141.4018,-37.6976,36.43
141.6516,-37.6976,37.41
141.9015,-37.6976,39.22
142.1513,-37.6976,41.42
142.4011,-37.6976,43.68
142.6509,-37.6976,45.75
142.9008,-37.6976,47.48
143.1506,-37.6976,48.78
143.4004,-37.6976,49.64
143.6502,-37.6976,50.10
143.9001,-37.6976,50.23
144.1499,-37.6976,50.11
144.3997,-37.6976,49.82
144.6495,-37.6976,49.41
144.8994,-37.6976,48.90
145.1492,-37.6976,48.31
145.3990,-37.6976,47.80
145.6489,-37.6976,47.50
145.8987,-37.6976,47.54
146.1485,-37.6976,47.97
146.3983,-37.6976,48.79
146.6482,-37.6976,49.94
146.8980,-37.6976,51.32
147.1478,-37.6976,52.82
147.3976,-37.6976,54.48
147.6475,-37.6976,56.35
147.8973,-37.6976,58.48
148.1471,-37.6976,60.89
148.3969,-37.6976,63.70
148.6468,-37.6976,67.05
148.8966,-37.6976,71.18
149.1464,-37.6976,76.20
149.3963,-37.6976,81.82
149.6461,-37.6976,87.62
149.8959,-37.6976,93.26
150.1457,-37.6976,98.47
150.3956,-37.6976,103.06
150.6454,-37.6976,106.84
150.8952,-37.6976,109.67
151.1450,-37.6976,111.46
151.3949,-37.6976,112.34
151.6447,-37.6976,112.50
151.8945,-37.6976,112.12
152.1443,-37.6976,111.36
152.3942,-37.6976,110.39
152.6440,-37.6976,109.33
152.8938,-37.6976,108.32
153.1437,-37.6976,107.44
153.3935,-37.6976,106.74
153.6433,-37.6976,106.20
153.8931,-37.6976,105.82
154.1430,-37.6976,105.58
154.3928,-37.6976,105.46
154.6426,-37.6976,105.45
154.8924,-37.6976,105.52
155.1423,-37.6976,105.66
155.3921,-37.6976,105.84
155.6419,-37.6976,106.05
155.8917,-37.6976,106.25
110.1735,-37.4480,87.95
110.4233,-37.4480,87.24
110.6731,-37.4480,86.50
110.9230,-37.4480,85.87
111.1728,-37.4480,85.49
111.4226,-37.4480,85.25
111.6724,-37.4480,85.04
111.9223,-37.4480,84.81
112.1721,-37.4480,84.59
112.4219,-37.4480,84.48
112.6718,-37.4480,84.67
112.9216,-37.4480,85.42
113.1714,-37.4480,86.98
113.4212,-37.4480,89.14
113.6711,-37.4480,91.64
113.9209,-37.4480,94.29
114.1707,-37.4480,96.96
114.4205,-37.4480,99.52
114.6704,-37.4480,101.83
114.9202,-37.4480,103.72
115.1700,-37.4480,105.03
115.4198,-37.4480,105.88
115.6697,-37.4480,106.41
115.9195,-37.4480,106.70
116.1693,-37.4480,106.83
116.4192,-37.4480,106.86
116.6690,-37.4480,106.86
116.9188,-37.4480,106.93
117.1686,-37.4480,107.18
117.4185,-37.4480,107.49
117.6683,-37.4480,107.75
117.9181,-37.4480,107.89
118.1679,-37.4480,107.87
118.4178,-37.4480,107.71
118.6676,-37.4480,107.43
118.9174,-37.4480,107.09
119.1672,-37.4480,106.77
119.4171,-37.4480,106.46
119.6669,-37.4480,106.17
119.9167,-37.4480,105.89
120.1666,-37.4480,105.65
120.4164,-37.4480,105.44
120.6662,-37.4480,105.26
120.9160,-37.4480,105.05
121.1659,-37.4480,104.78
121.4157,-37.4480,104.53
121.6655,-37.4480,104.37
121.9153,-37.4480,104.35
122.1652,-37.4480,104.47
122.4150,-37.4480,104.68
122.6648,-37.4480,104.88
122.9146,-37.4480,104.91
123.1645,-37.4480,104.62
123.4143,-37.4480,104.15
123.6641,-37.4480,103.63
123.9139,-37.4480,103.15
124.1638,-37.4480,102.73
124.4136,-37.4480,102.37
124.6634,-37.4480,102.03
124.9133,-37.4480,101.64
125.1631,-37.4480,101.10
125.4129,-37.4480,100.50
125.6627,-37.4480,99.89
125.9126,-37.4480,99.31
126.1624,-37.4480,98.81
126.4122,-37.4480,98.40
126.6620,-37.4480,98.13
126.9119,-37.4480,98.06
127.1617,-37.4480,98.22
127.4115,-37.4480,98.53
127.6613,-37.4480,98.87
127.9112,-37.4480,99.18
128.1610,-37.4480,99.40
128.4108,-37.4480,99.51
128.6607,-37.4480,99.50
128.9105,-37.4480,99.42
129.1603,-37.4480,99.32
129.4101,-37.4480,99.23
129.6600,-37.4480,99.23
129.9098,-37.4480,99.35
130.1596,-37.4480,99.62
130.4094,-37.4480,99.99
130.6593,-37.4480,100.32
130.9091,-37.4480,100.34
131.1589,-37.4480,99.79
131.4087,-37.4480,98.86
131.6586,-37.4480,97.78
131.9084,-37.4480,96.65
132.1582,-37.4480,95.52
132.4080,-37.4480,94.46
132.6579,-37.4480,93.57
132.9077,-37.4480,93.03
133.1575,-37.4480,93.02
133.4074,-37.4480,93.28
133.6572,-37.4480,93.54
133.9070,-37.4480,93.67
134.1568,-37.4480,93.66
134.4067,-37.4480,93.58
134.6565,-37.4480,93.62
134.9063,-37.4480,94.06
135.1561,-37.4480,95.15
135.4060,-37.4480,96.68
135.6558,-37.4480,98.45
135.9056,-37.4480,100.28
136.1554,-37.4480,102.06
136.4053,-37.4480,103.71
136.6551,-37.4480,105.15
136.9049,-37.4480,106.31
137.1548,-37.4480,107.09
137.4046,-37.4480,107.43
137.6544,-37.4480,107.27
137.9042,-37.4480,106.47
138.1541,-37.4480,104.94
138.4039,-37.4480,102.51
138.6537,-37.4480,99.04
138.9035,-37.4480,94.40
139.1534,-37.4480,88.52
139.4032,-37.4480,81.63
139.6530,-37.4480,74.05
139.9028,-37.4480,66.15
140.1527,-37.4480,58.35
140.4025,-37.4480,51.13
140.6523,-37.4480,45.09
140.9022,-37.4480,40.92
141.1520,-37.4480,39.15
141.4018,-37.4480,39.26
141.6516,-37.4480,40.59
141.9015,-37.4480,42.58
142.1513,-37.4480,44.81
142.4011,-37.4480,46.97
142.6509,-37.4480,48.86
142.9008,-37.4480,50.39
143.1506,-37.4480,51.53
143.4004,-37.4480,52.26
143.6502,-37.4480,52.59
143.9001,-37.4480,52.62
144.1499,-37.4480,52.43
144.3997,-37.4480,52.11
144.6495,-37.4480,51.70
144.8994,-37.4480,51.14
145.1492,-37.4480,50.40
145.3990,-37.4480,49.69
145.6489,-37.4480,49.25
145.8987,-37.4480,49.20
146.1485,-37.4480,49.56
146.3983,-37.4480,50.29
146.6482,-37.4480,51.24
146.8980,-37.4480,52.14
147.1478,-37.4480,52.73
147.3976,-37.4480,53.19
147.6475,-37.4480,53.69
147.8973,-37.4480,54.36
148.1471,-37.4480,55.34
148.3969,-37.4480,56.79
148.6468,-37.4480,59.09
148.8966,-37.4480,62.77
149.1464,-37.4480,68.32
149.3963,-37.4480,75.06
149.6461,-37.4480,82.26
149.8959,-37.4480,89.39
150.1457,-37.4480,96.06
150.3956,-37.4480,102.00
150.6454,-37.4480,106.94
150.8952,-37.4480,110.60
151.1450,-37.4480,112.77
151.3949,-37.4480,113.70
151.6447,-37.4480,113.71
151.8945,-37.4480,113.07
152.1443,-37.4480,112.00
152.3942,-37.4480,110.67
152.6440,-37.4480,109.28
152.8938,-37.4480,108.00
153.1437,-37.4480,106.96
153.3935,-37.4480,106.17
153.6433,-37.4480,105.59
153.8931,-37.4480,105.21
154.1430,-37.4480,105.00
154.3928,-37.4480,104.95
154.6426,-37.4480,105.03
154.8924,-37.4480,105.21
155.1423,-37.4480,105.47
155.3921,-37.4480,105.78
155.6419,-37.4480,106.14
155.8917,-37.4480,106.51
110.1735,-37.1983,88.56
110.4233,-37.1983,87.83
110.6731,-37.1983,87.00
110.9230,-37.1983,86.29
111.1728,-37.1983,86.02
111.4226,-37.1983,85.88
111.6724,-37.1983,85.69
111.9223,-37.1983,85.40
112.1721,-37.1983,85.04
112.4219,-37.1983,84.71
112.6718,-37.1983,84.63
112.9216,-37.1983,85.19
113.1714,-37.1983,86.99
113.4212,-37.1983,89.48
113.6711,-37.1983,92.31
113.9209,-37.1983,95.27
114.1707,-37.1983,98.25
114.4205,-37.1983,101.14
114.6704,-37.1983,103.79
114.9202,-37.1983,105.99
115.1700,-37.1983,107.39
115.4198,-37.1983,108.29
115.6697,-37.1983,108.89
115.9195,-37.1983,109.26
116.1693,-37.1983,109.47
116.4192,-37.1983,109.55
116.6690,-37.1983,109.58
116.9188,-37.1983,109.70
117.1686,-37.1983,110.14
117.4185,-37.1983,110.63
117.6683,-37.1983,111.02
117.9181,-37.1983,111.22
118.1679,-37.1983,111.20
118.4178,-37.1983,110.97
118.6676,-37.1983,110.58
118.9174,-37.1983,110.09
119.1672,-37.1983,109.65
119.4171,-37.1983,109.20
119.6669,-37.1983,108.75
119.9167,-37.1983,108.31
120.1666,-37.1983,107.93
120.4164,-37.1983,107.61
120.6662,-37.1983,107.36
120.9160,-37.1983,107.10
121.1659,-37.1983,106.70
121.4157,-37.1983,106.34
121.6655,-37.1983,106.14
121.9153,-37.1983,106.14
122.1652,-37.1983,106.34
122.4150,-37.1983,106.69
122.6648,-37.1983,107.06
122.9146,-37.1983,107.22
123.1645,-37.1983,106.82
123.4143,-37.1983,106.19
123.6641,-37.1983,105.53
123.9139,-37.1983,104.94
124.1638,-37.1983,104.46
124.4136,-37.1983,104.08
124.6634,-37.1983,103.73
124.9133,-37.1983,103.33
125.1631,-37.1983,102.68
125.4129,-37.1983,101.95
125.6627,-37.1983,101.22
125.9126,-37.1983,100.54
126.1624,-37.1983,99.94
126.4122,-37.1983,99.43
126.6620,-37.1983,99.06
126.9119,-37.1983,98.91
127.1617,-37.1983,99.11
127.4115,-37.1983,99.47
127.6613,-37.1983,99.85
127.9112,-37.1983,100.16
128.1610,-37.1983,100.34
128.4108,-37.1983,100.36
128.6607,-37.1983,100.23
128.9105,-37.1983,100.00
129.1603,-37.1983,99.74
129.4101,-37.1983,99.51
129.6600,-37.1983,99.41
129.9098,-37.1983,99.50
130.1596,-37.1983,99.87
130.4094,-37.1983,100.50
130.6593,-37.1983,101.23
130.9091,-37.1983,101.72
131.1589,-37.1983,101.31
131.4087,-37.1983,100.56
131.6586,-37.1983,99.74
131.9084,-37.1983,98.95
132.1582,-37.1983,98.17
132.4080,-37.1983,97.40
132.6579,-37.1983,96.70
132.9077,-37.1983,96.32
133.1575,-37.1983,96.75
133.4074,-37.1983,97.39
133.6572,-37.1983,97.86
133.9070,-37.1983,98.03
134.1568,-37.1983,97.90
134.4067,-37.1983,97.61
134.6565,-37.1983,97.39
134.9063,-37.1983,97.63
135.1561,-37.1983,98.92
135.4060,-37.1983,100.75
135.6558,-37.1983,102.81
135.9056,-37.1983,104.88
136.1554,-37.1983,106.85
136.4053,-37.1983,108.62
136.6551,-37.1983,110.10
136.9049,-37.1983,111.18
137.1548,-37.1983,111.74
137.4046,-37.1983,111.76
137.6544,-37.1983,111.23
137.9042,-37.1983,110.06
138.1541,-37.1983,108.19
138.4039,-37.1983,105.52
138.6537,-37.1983,101.94
138.9035,-37.1983,97.28
139.1534,-37.1983,91.38
139.4032,-37.1983,84.57
139.6530,-37.1983,77.16
139.9028,-37.1983,69.47
140.1527,-37.1983,61.83
140.4025,-37.1983,54.67
140.6523,-37.1983,48.53
140.9022,-37.1983,44.29
141.1520,-37.1983,43.11
141.4018,-37.1983,43.81
141.6516,-37.1983,45.50
141.9015,-37.1983,47.62
142.1513,-37.1983,49.80
142.4011,-37.1983,51.76
142.6509,-37.1983,53.34
142.9008,-37.1983,54.51
143.1506,-37.1983,55.33
143.4004,-37.1983,55.73
143.6502,-37.1983,55.74
143.9001,-37.1983,55.45
144.1499,-37.1983,55.00
144.3997,-37.1983,54.49
144.6495,-37.1983,53.97
144.8994,-37.1983,53.33
145.1492,-37.1983,52.30
145.3990,-37.1983,51.33
145.6489,-37.1983,50.71
145.8987,-37.1983,50.56
146.1485,-37.1983,50.88
146.3983,-37.1983,51.58
146.6482,-37.1983,52.44
146.8980,-37.1983,53.06
147.1478,-37.1983,52.82
147.3976,-37.1983,52.23
147.6475,-37.1983,51.60
147.8973,-37.1983,51.10
148.1471,-37.1983,50.89
148.3969,-37.1983,51.18
148.6468,-37.1983,52.41
148.8966,-37.1983,55.47
149.1464,-37.1983,61.72
149.3963,-37.1983,69.60
149.6461,-37.1983,78.03
149.8959,-37.1983,86.39
150.1457,-37.1983,94.27
150.3956,-37.1983,101.35
150.6454,-37.1983,107.32
150.8952,-37.1983,111.75
151.1450,-37.1983,114.11
151.3949,-37.1983,114.97
151.6447,-37.1983,114.80
151.8945,-37.1983,113.89
152.1443,-37.1983,112.50
152.3942,-37.1983,110.84
152.6440,-37.1983,109.12
152.8938,-37.1983,107.56
153.1437,-37.1983,106.38
153.3935,-37.1983,105.52
153.6433,-37.1983,104.91
153.8931,-37.1983,104.54
154.1430,-37.1983,104.36
154.3928,-37.1983,104.37
154.6426,-37.1983,104.53
154.8924,-37.1983,104.82
155.1423,-37.1983,105.19
155.3921,-37.1983,105.64
155.6419,-37.1983,106.14
155.8917,-37.1983,106.66
110.1735,-36.9487,90.06
110.4233,-36.9487,89.38
110.6731,-36.9487,88.55
110.9230,-36.9487,87.74
111.1728,-36.9487,87.66
111.4226,-36.9487,87.62
111.6724,-36.9487,87.45
111.9223,-36.9487,87.12
112.1721,-36.9487,86.66
112.4219,-36.9487,86.17
112.6718,-36.9487,85.82
112.9216,-36.9487,86.04
113.1714,-36.9487,88.08
113.4212,-36.9487,90.74
113.6711,-36.9487,93.67
113.9209,-36.9487,96.72
114.1707,-36.9487,99.80
114.4205,-36.9487,102.83
114.6704,-36.9487,105.71
114.9202,-36.9487,108.21
115.1700,-36.9487,109.63
115.4198,-36.9487,110.64
115.6697,-36.9487,111.40
115.9195,-36.9487,111.97
116.1693,-36.9487,112.38
116.4192,-36.9487,112.64
116.6690,-36.9487,112.78
116.9188,-36.9487,112.94
117.1686,-36.9487,113.63
117.4185,-36.9487,114.29
117.6683,-36.9487,114.76
117.9181,-36.9487,114.99
118.1679,-36.9487,114.94
118.4178,-36.9487,114.62
118.6676,-36.9487,114.06
118.9174,-36.9487,113.37
119.1672,-36.9487,112.75
119.4171,-36.9487,112.09
119.6669,-36.9487,111.40
119.9167,-36.9487,110.71
120.1666,-36.9487,110.08
120.4164,-36.9487,109.56
120.6662,-36.9487,109.16
120.9160,-36.9487,108.82
121.1659,-36.9487,108.22
121.4157,-36.9487,107.74
121.6655,-36.9487,107.49
121.9153,-36.9487,107.48
122.1652,-36.9487,107.72
122.4150,-36.9487,108.15
122.6648,-36.9487,108.65
122.9146,-36.9487,109.01
123.1645,-36.9487,108.45
123.4143,-36.9487,107.71
123.6641,-36.9487,106.99
123.9139,-36.9487,106.36
124.1638,-36.9487,105.85
124.4136,-36.9487,105.46
124.6634,-36.9487,105.14
124.9133,-36.9487,104.79
125.1631,-36.9487,104.04
125.4129,-36.9487,103.24
125.6627,-36.9487,102.47
125.9126,-36.9487,101.77
126.1624,-36.9487,101.14
126.4122,-36.9487,100.59
126.6620,-36.9487,100.16
126.9119,-36.9487,99.91
127.1617,-36.9487,100.18
127.4115,-36.9487,100.57
127.6613,-36.9487,100.93
127.9112,-36.9487,101.19
128.1610,-36.9487,101.28
128.4108,-36.9487,101.16
128.6607,-36.9487,100.83
128.9105,-36.9487,100.34
129.1603,-36.9487,99.81
129.4101,-36.9487,99.29
129.6600,-36.9487,98.91
129.9098,-36.9487,98.80
130.1596,-36.9487,99.09
130.4094,-36.9487,99.81
130.6593,-36.9487,100.90
130.9091,-36.9487,102.01
131.1589,-36.9487,101.80
131.4087,-36.9487,101.49
131.6586,-36.9487,101.31
131.9084,-36.9487,101.27
132.1582,-36.9487,101.25
132.4080,-36.9487,101.16
132.6579,-36.9487,100.95
132.9077,-36.9487,100.84
133.1575,-36.9487,101.94
133.4074,-36.9487,102.98
133.6572,-36.9487,103.63
133.9070,-36.9487,103.80
134.1568,-36.9487,103.56
134.4067,-36.9487,103.06
134.6565,-36.9487,102.55
134.9063,-36.9487,102.44
135.1561,-36.9487,103.94
135.4060,-36.9487,105.94
135.6558,-36.9487,108.11
135.9056,-36.9487,110.28
136.1554,-36.9487,112.31
136.4053,-36.9487,114.09
136.6551,-36.9487,115.52
136.9049,-36.9487,116.47
137.1548,-36.9487,116.75
137.4046,-36.9487,116.45
137.6544,-36.9487,115.55
137.9042,-36.9487,114.03
138.1541,-36.9487,111.86
138.4039,-36.9487,108.99
138.6537,-36.9487,105.36
138.9035,-36.9487,100.84
139.1534,-36.9487,95.01
139.4032,-36.9487,88.45
139.6530,-36.9487,81.44
139.9028,-36.9487,74.21
140.1527,-36.9487,67.04
140.4025,-36.9487,60.22
140.6523,-36.9487,54.19
140.9022,-36.9487,49.76
141.1520,-36.9487,49.40
141.4018,-36.9487,50.58
141.6516,-36.9487,52.45
141.9015,-36.9487,54.53
142.1513,-36.9487,56.51
142.4011,-36.9487,58.14
142.6509,-36.9487,59.28
142.9008,-36.9487,59.90
143.1506,-36.9487,60.24
143.4004,-36.9487,60.10
143.6502,-36.9487,59.53
143.9001,-36.9487,58.67
144.1499,-36.9487,57.69
144.3997,-36.9487,56.74
144.6495,-36.9487,55.92
144.8994,-36.9487,55.15
145.1492,-36.9487,53.68
145.3990,-36.9487,52.44
145.6489,-36.9487,51.68
145.8987,-36.9487,51.47
146.1485,-36.9487,51.76
146.3983,-36.9487,52.43
146.6482,-36.9487,53.26
146.8980,-36.9487,53.83
147.1478,-36.9487,52.87
147.3976,-36.9487,51.55
147.6475,-36.9487,50.19
147.8973,-36.9487,48.96
148.1471,-36.9487,48.02
148.3969,-36.9487,47.58
148.6468,-36.9487,48.03
148.8966,-36.9487,50.27
149.1464,-36.9487,57.40
149.3963,-36.9487,66.13
149.6461,-36.9487,75.36
149.8959,-36.9487,84.52
150.1457,-36.9487,93.19
150.3956,-36.9487,101.04
150.6454,-36.9487,107.74
150.8952,-36.9487,112.86
151.1450,-36.9487,115.19
151.3949,-36.9487,115.96
151.6447,-36.9487,115.63
151.8945,-36.9487,114.50
152.1443,-36.9487,112.85
152.3942,-36.9487,110.90
152.6440,-36.9487,108.88
152.8938,-36.9487,107.03
153.1437,-36.9487,105.76
153.3935,-36.9487,104.83
153.6433,-36.9487,104.19
153.8931,-36.9487,103.81
154.1430,-36.9487,103.67
154.3928,-36.9487,103.73
154.6426,-36.9487,103.97
154.8924,-36.9487,104.35
155.1423,-36.9487,104.82
155.3921,-36.9487,105.39
155.6419,-36.9487,106.01
155.8917,-36.9487,106.66
110.1735,-36.6990,92.52
110.4233,-36.6990,92.07
110.6731,-36.6990,91.47
110.9230,-36.6990,90.93
111.1728,-36.6990,90.75
111.4226,-36.6990,90.64
111.6724,-36.6990,90.42
111.9223,-36.6990,90.06
112.1721,-36.6990,89.58
112.4219,-36.6990,89.10
112.6718,-36.6990,88.85
112.9216,-36.6990,89.23
113.1714,-36.6990,90.84
113.4212,-36.6990,93.16
113.6711,-36.6990,95.82
113.9209,-36.6990,98.67
114.1707,-36.6990,101.58
114.4205,-36.6990,104.48
114.6704,-36.6990,107.26
114.9202,-36.6990,109.69
115.1700,-36.6990,111.44
115.4198,-36.6990,112.78
115.6697,-36.6990,113.89
115.9195,-36.6990,114.82
116.1693,-36.6990,115.58
116.4192,-36.6990,116.19
116.6690,-36.6990,116.68
116.9188,-36.6990,117.17
117.1686,-36.6990,117.88
117.4185,-36.6990,118.55
117.6683,-36.6990,119.02
117.9181,-36.6990,119.20
118.1679,-36.6990,119.08
118.4178,-36.6990,118.65
118.6676,-36.6990,117.96
118.9174,-36.6990,117.09
119.1672,-36.6990,116.16
119.4171,-36.6990,115.16
119.6669,-36.6990,114.11
119.9167,-36.6990,113.05
120.1666,-36.6990,112.07
120.4164,-36.6990,111.21
120.6662,-36.6990,110.49
120.9160,-36.6990,109.87
121.1659,-36.6990,109.21
121.4157,-36.6990,108.69
121.6655,-36.6990,108.41
121.9153,-36.6990,108.38
122.1652,-36.6990,108.59
122.4150,-36.6990,108.96
122.6648,-36.6990,109.37
122.9146,-36.6990,109.58
123.1645,-36.6990,109.22
123.4143,-36.6990,108.63
123.6641,-36.6990,107.99
123.9139,-36.6990,107.40
124.1638,-36.6990,106.91
124.4136,-36.6990,106.50
124.6634,-36.6990,106.13
124.9133,-36.6990,105.71
125.1631,-36.6990,105.07
125.4129,-36.6990,104.36
125.6627,-36.6990,103.67
125.9126,-36.6990,103.03
126.1624,-36.6990,102.45
126.4122,-36.6990,101.96
126.6620,-36.6990,101.59
126.9119,-36.6990,101.42
127.1617,-36.6990,101.58
127.4115,-36.6990,101.87
127.6613,-36.6990,102.14
127.9112,-36.6990,102.28
128.1610,-36.6990,102.22
128.4108,-36.6990,101.91
128.6607,-36.6990,101.32
128.9105,-36.6990,100.49
129.1603,-36.6990,99.52
129.4101,-36.6990,98.53
129.6600,-36.6990,97.68
129.9098,-36.6990,97.14
130.1596,-36.6990,97.09
130.4094,-36.6990,97.61
130.6593,-36.6990,98.62
130.9091,-36.6990,99.82
131.1589,-36.6990,100.56
131.4087,-36.6990,101.34
131.6586,-36.6990,102.35
131.9084,-36.6990,103.55
132.1582,-36.6990,104.80
132.4080,-36.6990,105.93
132.6579,-36.6990,106.88
132.9077,-36.6990,107.81
133.1575,-36.6990,109.14
133.4074,-36.6990,110.29
133.6572,-36.6990,110.94
133.9070,-36.6990,111.03
134.1568,-36.6990,110.67
134.4067,-36.6990,110.07
134.6565,-36.6990,109.53
134.9063,-36.6990,109.51
135.1561,-36.6990,110.62
135.4060,-36.6990,112.36
135.6558,-36.6990,114.38
135.9056,-36.6990,116.44
136.1554,-36.6990,118.38
136.4053,-36.6990,120.05
136.6551,-36.6990,121.31
136.9049,-36.6990,122.02
137.1548,-36.6990,122.06
137.4046,-36.6990,121.44
137.6544,-36.6990,120.18
137.9042,-36.6990,118.31
138.1541,-36.6990,115.82
138.4039,-36.6990,112.72
138.6537,-36.6990,108.97
138.9035,-36.6990,104.47
139.1534,-36.6990,99.07
139.4032,-36.6990,93.09
139.6530,-36.6990,86.78
139.9028,-36.6990,80.35
140.1527,-36.6990,74.05
140.4025,-36.6990,68.15
140.6523,-36.6990,63.12
140.9022,-36.6990,59.72
141.1520,-36.6990,59.06
141.4018,-36.6990,59.95
141.6516,-36.6990,61.54
141.9015,-36.6990,63.31
142.1513,-36.6990,64.91
142.4011,-36.6990,66.09
142.6509,-36.6990,66.72
142.9008,-36.6990,66.77
143.1506,-36.6990,66.34
143.4004,-36.6990,65.37
143.6502,-36.6990,63.94
143.9001,-36.6990,62.22
144.1499,-36.6990,60.39
144.3997,-36.6990,58.66
144.6495,-36.6990,57.11
144.8994,-36.6990,55.69
145.1492,-36.6990,54.13
145.3990,-36.6990,52.86
145.6489,-36.6990,52.10
145.8987,-36.6990,51.88
146.1485,-36.6990,52.13
146.3983,-36.6990,52.67
146.6482,-36.6990,53.23
146.8980,-36.6990,53.36
147.1478,-36.6990,52.45
147.3976,-36.6990,51.04
147.6475,-36.6990,49.49
147.8973,-36.6990,48.07
148.1471,-36.6990,47.00
148.3969,-36.6990,46.60
148.6468,-36.6990,47.40
148.8966,-36.6990,50.34
149.1464,-36.6990,56.81
149.3963,-36.6990,65.23
149.6461,-36.6990,74.48
149.8959,-36.6990,83.83
150.1457,-36.6990,92.78
150.3956,-36.6990,100.88
150.6454,-36.6990,107.72
150.8952,-36.6990,112.80
151.1450,-36.6990,115.51
151.3949,-36.6990,116.45
151.6447,-36.6990,116.11
151.8945,-36.6990,114.85
152.1443,-36.6990,113.00
152.3942,-36.6990,110.85
152.6440,-36.6990,108.66
152.8938,-36.6990,106.69
153.1437,-36.6990,105.21
153.3935,-36.6990,104.15
153.6433,-36.6990,103.45
153.8931,-36.6990,103.06
154.1430,-36.6990,102.93
154.3928,-36.6990,103.03
154.6426,-36.6990,103.33
154.8924,-36.6990,103.79
155.1423,-36.6990,104.36
155.3921,-36.6990,105.03
155.6419,-36.6990,105.76
155.8917,-36.6990,106.51
110.1735,-36.4494,95.86
110.4233,-36.4494,95.71
110.6731,-36.4494,95.43
110.9230,-36.4494,95.13
111.1728,-36.4494,94.94
111.4226,-36.4494,94.75
111.6724,-36.4494,94.48
111.9223,-36.4494,94.09
112.1721,-36.4494,93.64
112.4219,-36.4494,93.23
112.6718,-36.4494,93.09
112.9216,-36.4494,93.48
113.1714,-36.4494,94.68
113.4212,-36.4494,96.48
113.6711,-36.4494,98.66
113.9209,-36.4494,101.07
114.1707,-36.4494,103.61
114.4205,-36.4494,106.20
114.6704,-36.4494,108.74
114.9202,-36.4494,111.09
115.1700,-36.4494,113.09
115.4198,-36.4494,114.84
115.6697,-36.4494,116.40
115.9195,-36.4494,117.81
116.1693,-36.4494,119.05
116.4192,-36.4494,120.12
116.6690,-36.4494,121.03
116.9188,-36.4494,121.85
117.1686,-36.4494,122.63
117.4185,-36.4494,123.28
117.6683,-36.4494,123.68
117.9181,-36.4494,123.78
118.1679,-36.4494,123.56
118.4178,-36.4494,123.01
118.6676,-36.4494,122.15
118.9174,-36.4494,121.05
119.1672,-36.4494,119.77
119.4171,-36.4494,118.36
119.6669,-36.4494,116.86
119.9167,-36.4494,115.36
120.1666,-36.4494,113.93
120.4164,-36.4494,112.65
120.6662,-36.4494,111.55
120.9160,-36.4494,110.64
121.1659,-36.4494,109.87
121.4157,-36.4494,109.31
121.6655,-36.4494,109.01
121.9153,-36.4494,108.95
122.1652,-36.4494,109.10
122.4150,-36.4494,109.38
122.6648,-36.4494,109.66
122.9146,-36.4494,109.78
123.1645,-36.4494,109.59
123.4143,-36.4494,109.19
123.6641,-36.4494,108.71
123.9139,-36.4494,108.22
124.1638,-36.4494,107.77
124.4136,-36.4494,107.35
124.6634,-36.4494,106.95
124.9133,-36.4494,106.51
125.1631,-36.4494,105.98
125.4129,-36.4494,105.42
125.6627,-36.4494,104.87
125.9126,-36.4494,104.36
126.1624,-36.4494,103.90
126.4122,-36.4494,103.51
126.6620,-36.4494,103.22
126.9119,-36.4494,103.09
127.1617,-36.4494,103.15
127.4115,-36.4494,103.30
127.6613,-36.4494,103.42
127.9112,-36.4494,103.40
128.1610,-36.4494,103.15
128.4108,-36.4494,102.59
128.6607,-36.4494,101.68
128.9105,-36.4494,100.41
129.1603,-36.4494,98.88
129.4101,-36.4494,97.24
129.6600,-36.4494,95.71
129.9098,-36.4494,94.53
130.1596,-36.4494,93.93
130.4094,-36.4494,94.05
130.6593,-36.4494,94.91
130.9091,-36.4494,96.34
131.1589,-36.4494,98.09
131.4087,-36.4494,100.25
131.6586,-36.4494,102.84
131.9084,-36.4494,105.72
132.1582,-36.4494,108.68
132.4080,-36.4494,111.45
132.6579,-36.4494,113.89
132.9077,-36.4494,115.96
133.1575,-36.4494,117.74
133.4074,-36.4494,118.99
133.6572,-36.4494,119.56
133.9070,-36.4494,119.50
134.1568,-36.4494,118.97
134.4067,-36.4494,118.24
134.6565,-36.4494,117.65
134.9063,-36.4494,117.57
135.1561,-36.4494,118.30
135.4060,-36.4494,119.66
135.6558,-36.4494,121.38
135.9056,-36.4494,123.23
136.1554,-36.4494,124.98
136.4053,-36.4494,126.46
136.6551,-36.4494,127.49
136.9049,-36.4494,127.93
137.1548,-36.4494,127.67
137.4046,-36.4494,126.70
137.6544,-36.4494,125.08
137.9042,-36.4494,122.84
138.1541,-36.4494,120.03
138.4039,-36.4494,116.70
138.6537,-36.4494,112.86
138.9035,-36.4494,108.50
139.1534,-36.4494,103.62
139.4032,-36.4494,98.38
139.6530,-36.4494,93.00
139.9028,-36.4494,87.64
140.1527,-36.4494,82.51
140.4025,-36.4494,77.85
140.6523,-36.4494,74.03
140.9022,-36.4494,71.54
141.1520,-36.4494,70.80
141.4018,-36.4494,71.28
141.6516,-36.4494,72.39
141.9015,-36.4494,73.66
142.1513,-36.4494,74.75
142.4011,-36.4494,75.39
142.6509,-36.4494,75.42
142.9008,-36.4494,74.76
143.1506,-36.4494,73.42
143.4004,-36.4494,71.43
143.6502,-36.4494,68.92
143.9001,-36.4494,66.09
144.1499,-36.4494,63.17
144.3997,-36.4494,60.41
144.6495,-36.4494,57.95
144.8994,-36.4494,55.85
145.1492,-36.4494,54.09
145.3990,-36.4494,52.82
145.6489,-36.4494,52.13
145.8987,-36.4494,51.98
146.1485,-36.4494,52.23
146.3983,-36.4494,52.67
146.6482,-36.4494,53.02
146.8980,-36.4494,52.95
147.1478,-36.4494,52.19
147.3976,-36.4494,50.98
147.6475,-36.4494,49.61
147.8973,-36.4494,48.38
148.1471,-36.4494,47.59
148.3969,-36.4494,47.63
148.6468,-36.4494,49.01
148.8966,-36.4494,52.42
149.1464,-36.4494,58.40
149.3963,-36.4494,66.23
149.6461,-36.4494,75.07
149.8959,-36.4494,84.19
150.1457,-36.4494,93.02
150.3956,-36.4494,101.04
150.6454,-36.4494,107.75
150.8952,-36.4494,112.71
151.1450,-36.4494,115.58
151.3949,-36.4494,116.64
151.6447,-36.4494,116.29
151.8945,-36.4494,114.93
152.1443,-36.4494,112.92
152.3942,-36.4494,110.61
152.6440,-36.4494,108.29
152.8938,-36.4494,106.22
153.1437,-36.4494,104.59
153.3935,-36.4494,103.43
153.6433,-36.4494,102.67
153.8931,-36.4494,102.27
154.1430,-36.4494,102.16
154.3928,-36.4494,102.30
154.6426,-36.4494,102.65
154.8924,-36.4494,103.18
155.1423,-36.4494,103.83
155.3921,-36.4494,104.59
155.6419,-36.4494,105.41
155.8917,-36.4494,106.23
110.1735,-36.1997,99.86
110.4233,-36.1997,100.05
110.6731,-36.1997,100.10
110.9230,-36.1997,100.03
111.1728,-36.1997,99.89
111.4226,-36.1997,99.67
111.6724,-36.1997,99.35
111.9223,-36.1997,98.95
112.1721,-36.1997,98.53
112.4219,-36.1997,98.19
112.6718,-36.1997,98.08
112.9216,-36.1997,98.36
113.1714,-36.1997,99.17
113.4212,-36.1997,100.42
113.6711,-36.1997,102.02
113.9209,-36.1997,103.86
114.1707,-36.1997,105.90
114.4205,-36.1997,108.06
114.6704,-36.1997,110.32
114.9202,-36.1997,112.58
115.1700,-36.1997,114.78
115.4198,-36.1997,116.92
115.6697,-36.1997,118.98
115.9195,-36.1997,120.92
116.1693,-36.1997,122.71
116.4192,-36.1997,124.29
116.6690,-36.1997,125.64
116.9188,-36.1997,126.77
117.1686,-36.1997,127.66
117.4185,-36.1997,128.29
117.6683,-36.1997,128.61
117.9181,-36.1997,128.60
118.1679,-36.1997,128.25
118.4178,-36.1997,127.55
118.6676,-36.1997,126.51
118.9174,-36.1997,125.15
119.1672,-36.1997,123.50
119.4171,-36.1997,121.64
119.6669,-36.1997,119.65
119.9167,-36.1997,117.64
120.1666,-36.1997,115.72
120.4164,-36.1997,113.98
120.6662,-36.1997,112.50
120.9160,-36.1997,111.30
121.1659,-36.1997,110.41
121.4157,-36.1997,109.82
121.6655,-36.1997,109.51
121.9153,-36.1997,109.43
122.1652,-36.1997,109.52
122.4150,-36.1997,109.70
122.6648,-36.1997,109.89
122.9146,-36.1997,109.99
123.1645,-36.1997,109.92
123.4143,-36.1997,109.72
123.6641,-36.1997,109.41
123.9139,-36.1997,109.05
124.1638,-36.1997,108.65
124.4136,-36.1997,108.23
124.6634,-36.1997,107.82
124.9133,-36.1997,107.40
125.1631,-36.1997,106.98
125.4129,-36.1997,106.57
125.6627,-36.1997,106.18
125.9126,-36.1997,105.82
126.1624,-36.1997,105.49
126.4122,-36.1997,105.19
126.6620,-36.1997,104.96
126.9119,-36.1997,104.82
127.1617,-36.1997,104.77
127.4115,-36.1997,104.76
127.6613,-36.1997,104.69
127.9112,-36.1997,104.48
128.1610,-36.1997,104.01
128.4108,-36.1997,103.18
128.6607,-36.1997,101.89
128.9105,-36.1997,100.10
129.1603,-36.1997,97.89
129.4101,-36.1997,95.45
129.6600,-36.1997,93.06
129.9098,-36.1997,91.06
130.1596,-36.1997,89.76
130.4094,-36.1997,89.39
130.6593,-36.1997,90.10
130.9091,-36.1997,91.89
131.1589,-36.1997,94.69
131.4087,-36.1997,98.39
131.6586,-36.1997,102.84
131.9084,-36.1997,107.73
132.1582,-36.1997,112.72
132.4080,-36.1997,117.44
132.6579,-36.1997,121.56
132.9077,-36.1997,124.86
133.1575,-36.1997,127.24
133.4074,-36.1997,128.64
133.6572,-36.1997,129.10
133.9070,-36.1997,128.81
134.1568,-36.1997,128.04
134.4067,-36.1997,127.10
134.6565,-36.1997,126.33
134.9063,-36.1997,126.05
135.1561,-36.1997,126.43
135.4060,-36.1997,127.43
135.6558,-36.1997,128.83
135.9056,-36.1997,130.42
136.1554,-36.1997,131.95
136.4053,-36.1997,133.22
136.6551,-36.1997,134.01
136.9049,-36.1997,134.16
137.1548,-36.1997,133.57
137.4046,-36.1997,132.23
137.6544,-36.1997,130.20
137.9042,-36.1997,127.57
138.1541,-36.1997,124.43
138.4039,-36.1997,120.88
138.6537,-36.1997,117.01
138.9035,-36.1997,112.87
139.1534,-36.1997,108.55
139.4032,-36.1997,104.16
139.6530,-36.1997,99.84
139.9028,-36.1997,95.70
140.1527,-36.1997,91.89
140.4025,-36.1997,88.57
140.6523,-36.1997,85.95
140.9022,-36.1997,84.25
141.1520,-36.1997,83.61
141.4018,-36.1997,83.76
141.6516,-36.1997,84.37
141.9015,-36.1997,85.09
142.1513,-36.1997,85.62
142.4011,-36.1997,85.69
142.6509,-36.1997,85.08
142.9008,-36.1997,83.63
143.1506,-36.1997,81.31
143.4004,-36.1997,78.18
143.6502,-36.1997,74.43
143.9001,-36.1997,70.31
144.1499,-36.1997,66.14
144.3997,-36.1997,62.19
144.6495,-36.1997,58.74
144.8994,-36.1997,55.95
145.1492,-36.1997,53.92
145.3990,-36.1997,52.66
145.6489,-36.1997,52.11
145.8987,-36.1997,52.10
146.1485,-36.1997,52.43
146.3983,-36.1997,52.86
146.6482,-36.1997,53.15
146.8980,-36.1997,53.07
147.1478,-36.1997,52.51
147.3976,-36.1997,51.59
147.6475,-36.1997,50.56
147.8973,-36.1997,49.72
148.1471,-36.1997,49.38
148.3969,-36.1997,49.93
148.6468,-36.1997,51.81
148.8966,-36.1997,55.45
149.1464,-36.1997,61.07
149.3963,-36.1997,68.32
149.6461,-36.1997,76.59
149.8959,-36.1997,85.28
150.1457,-36.1997,93.78
150.3956,-36.1997,101.55
150.6454,-36.1997,108.05
150.8952,-36.1997,112.84
151.1450,-36.1997,115.67
151.3949,-36.1997,116.70
151.6447,-36.1997,116.26
151.8945,-36.1997,114.76
152.1443,-36.1997,112.59
152.3942,-36.1997,110.12
152.6440,-36.1997,107.67
152.8938,-36.1997,105.52
153.1437,-36.1997,103.82
153.3935,-36.1997,102.61
153.6433,-36.1997,101.85
153.8931,-36.1997,101.47
154.1430,-36.1997,101.40
154.3928,-36.1997,101.58
154.6426,-36.1997,101.98
154.8924,-36.1997,102.56
155.1423,-36.1997,103.28
155.3921,-36.1997,104.12
155.6419,-36.1997,105.01
155.8917,-36.1997,105.89
110.1735,-35.9501,104.30
110.4233,-35.9501,104.85
110.6731,-35.9501,105.22
110.9230,-35.9501,105.37
111.1728,-35.9501,105.32
111.4226,-35.9501,105.08
111.6724,-35.9501,104.73
111.9223,-35.9501,104.31
112.1721,-35.9501,103.91
112.4219,-35.9501,103.60
112.6718,-35.9501,103.47
112.9216,-35.9501,103.60
113.1714,-35.9501,104.01
113.4212,-35.9501,104.72
113.6711,-35.9501,105.71
113.9209,-35.9501,106.95
114.1707,-35.9501,108.41
114.4205,-35.9501,110.11
114.6704,-35.9501,112.03
114.9202,-35.9501,114.20
115.1700,-35.9501,116.58
115.4198,-35.9501,119.10
115.6697,-35.9501,121.66
115.9195,-35.9501,124.17
116.1693,-35.9501,126.52
116.4192,-35.9501,128.62
116.6690,-35.9501,130.40
116.9188,-35.9501,131.81
117.1686,-35.9501,132.81
117.4185,-35.9501,133.40
117.6683,-35.9501,133.61
117.9181,-35.9501,133.47
118.1679,-35.9501,132.99
118.4178,-35.9501,132.15
118.6676,-35.9501,130.93
118.9174,-35.9501,129.30
119.1672,-35.9501,127.28
119.4171,-35.9501,124.95
119.6669,-35.9501,122.46
119.9167,-35.9501,119.93
120.1666,-35.9501,117.50
120.4164,-35.9501,115.30
120.6662,-35.9501,113.44
120.9160,-35.9501,112.00
121.1659,-35.9501,111.01
121.4157,-35.9501,110.42
121.6655,-35.9501,110.14
121.9153,-35.9501,110.08
122.1652,-35.9501,110.14
122.4150,-35.9501,110.26
122.6648,-35.9501,110.38
122.9146,-35.9501,110.48
123.1645,-35.9501,110.54
123.4143,-35.9501,110.52
123.6641,-35.9501,110.40
123.9139,-35.9501,110.16
124.1638,-35.9501,109.81
124.4136,-35.9501,109.39
124.6634,-35.9501,108.95
124.9133,-35.9501,108.55
125.1631,-35.9501,108.21
125.4129,-35.9501,107.94
125.6627,-35.9501,107.71
125.9126,-35.9501,107.49
126.1624,-35.9501,107.26
126.4122,-35.9501,107.02
126.6620,-35.9501,106.79
126.9119,-35.9501,106.57
127.1617,-35.9501,106.36
127.4115,-35.9501,106.15
127.6613,-35.9501,105.86
127.9112,-35.9501,105.42
128.1610,-35.9501,104.71
128.4108,-35.9501,103.60
128.6607,-35.9501,101.92
128.9105,-35.9501,99.58
129.1603,-35.9501,96.58
129.4101,-35.9501,93.20
129.6600,-35.9501,89.82
129.9098,-35.9501,86.86
130.1596,-35.9501,84.74
130.4094,-35.9501,83.81
130.6593,-35.9501,84.37
130.9091,-35.9501,86.59
131.1589,-35.9501,90.50
131.4087,-35.9501,95.89
131.6586,-35.9501,102.37
131.9084,-35.9501,109.50
132.1582,-35.9501,116.77
132.4080,-35.9501,123.63
132.6579,-35.9501,129.59
132.9077,-35.9501,134.21
133.1575,-35.9501,137.26
133.4074,-35.9501,138.81
133.6572,-35.9501,139.11
133.9070,-35.9501,138.52
134.1568,-35.9501,137.41
134.4067,-35.9501,136.16
134.6565,-35.9501,135.11
134.9063,-35.9501,134.54
135.1561,-35.9501,134.62
135.4060,-35.9501,135.29
135.6558,-35.9501,136.42
135.9056,-35.9501,137.77
136.1554,-35.9501,139.11
136.4053,-35.9501,140.18
136.6551,-35.9501,140.76
136.9049,-35.9501,140.63
137.1548,-35.9501,139.69
137.4046,-35.9501,137.95
137.6544,-35.9501,135.49
137.9042,-35.9501,132.44
138.1541,-35.9501,128.96
138.4039,-35.9501,125.20
138.6537,-35.9501,121.31
138.9035,-35.9501,117.43
139.1534,-35.9501,113.69
139.4032,-35.9501,110.18
139.6530,-35.9501,106.96
139.9028,-35.9501,104.10
140.1527,-35.9501,101.66
140.4025,-35.9501,99.68
140.6523,-35.9501,98.20
140.9022,-35.9501,97.24
141.1520,-35.9501,96.76
141.4018,-35.9501,96.66
141.6516,-35.9501,96.81
141.9015,-35.9501,97.00
142.1513,-35.9501,97.01
142.4011,-35.9501,96.55
142.6509,-35.9501,95.33
142.9008,-35.9501,93.12
143.1506,-35.9501,89.80
143.4004,-35.9501,85.48
143.6502,-35.9501,80.42
143.9001,-35.9501,74.94
144.1499,-35.9501,69.41
144.3997,-35.9501,64.20
144.6495,-35.9501,59.70
144.8994,-35.9501,56.23
145.1492,-35.9501,53.94
145.3990,-35.9501,52.75
145.6489,-35.9501,52.41
145.8987,-35.9501,52.62
146.1485,-35.9501,53.11
146.3983,-35.9501,53.62
146.6482,-35.9501,53.96
146.8980,-35.9501,53.96
147.1478,-35.9501,53.61
147.3976,-35.9501,52.99
147.6475,-35.9501,52.33
147.8973,-35.9501,51.90
148.1471,-35.9501,51.99
148.3969,-35.9501,52.97
148.6468,-35.9501,55.17
148.8966,-35.9501,58.88
149.1464,-35.9501,64.17
149.3963,-35.9501,70.86
149.6461,-35.9501,78.54
149.8959,-35.9501,86.71
150.1457,-35.9501,94.82
150.3956,-35.9501,102.30
150.6454,-35.9501,108.58
150.8952,-35.9501,113.19
151.1450,-35.9501,115.85
151.3949,-35.9501,116.68
151.6447,-35.9501,116.04
151.8945,-35.9501,114.34
152.1443,-35.9501,111.98
152.3942,-35.9501,109.35
152.6440,-35.9501,106.78
152.8938,-35.9501,104.56
153.1437,-35.9501,102.86
153.3935,-35.9501,101.70
153.6433,-35.9501,101.01
153.8931,-35.9501,100.70
154.1430,-35.9501,100.68
154.3928,-35.9501,100.91
154.6426,-35.9501,101.34
154.8924,-35.9501,101.97
155.1423,-35.9501,102.75
155.3921,-35.9501,103.65
155.6419,-35.9501,104.61
155.8917,-35.9501,105.55
110.1735,-35.7004,108.92
110.4233,-35.7004,109.84
110.6731,-35.7004,110.53
110.9230,-35.7004,110.91
111.1728,-35.7004,110.93
111.4226,-35.7004,110.67
111.6724,-35.7004,110.27
111.9223,-35.7004,109.82
112.1721,-35.7004,109.43
112.4219,-35.7004,109.14
112.6718,-35.7004,108.99
112.9216,-35.7004,108.95
113.1714,-35.7004,109.00
113.4212,-35.7004,109.19
113.6711,-35.7004,109.59
113.9209,-35.7004,110.23
114.1707,-35.7004,111.13
114.4205,-35.7004,112.34
114.6704,-35.7004,113.92
114.9202,-35.7004,115.97
115.1700,-35.7004,118.51
115.4198,-35.7004,121.42
115.6697,-35.7004,124.48
115.9195,-35.7004,127.54
116.1693,-35.7004,130.43
116.4192,-35.7004,133.03
116.6690,-35.7004,135.22
116.9188,-35.7004,136.87
117.1686,-35.7004,137.92
117.4185,-35.7004,138.43
117.6683,-35.7004,138.50
117.9181,-35.7004,138.21
118.1679,-35.7004,137.59
118.4178,-35.7004,136.63
118.6676,-35.7004,135.27
118.9174,-35.7004,133.41
119.1672,-35.7004,131.03
119.4171,-35.7004,128.25
119.6669,-35.7004,125.27
119.9167,-35.7004,122.25
120.1666,-35.7004,119.35
120.4164,-35.7004,116.72
120.6662,-35.7004,114.52
120.9160,-35.7004,112.88
121.1659,-35.7004,111.86
121.4157,-35.7004,111.36
121.6655,-35.7004,111.19
121.9153,-35.7004,111.20
122.1652,-35.7004,111.27
122.4150,-35.7004,111.35
122.6648,-35.7004,111.42
122.9146,-35.7004,111.54
123.1645,-35.7004,111.73
123.4143,-35.7004,111.91
123.6641,-35.7004,111.96
123.9139,-35.7004,111.83
124.1638,-35.7004,111.51
124.4136,-35.7004,111.05
124.6634,-35.7004,110.55
124.9133,-35.7004,110.11
125.1631,-35.7004,109.84
125.4129,-35.7004,109.70
125.6627,-35.7004,109.59
125.9126,-35.7004,109.46
126.1624,-35.7004,109.27
126.4122,-35.7004,109.01
126.6620,-35.7004,108.69
126.9119,-35.7004,108.31
127.1617,-35.7004,107.88
127.4115,-35.7004,107.38
127.6613,-35.7004,106.81
127.9112,-35.7004,106.09
128.1610,-35.7004,105.13
128.4108,-35.7004,103.75
128.6607,-35.7004,101.73
128.9105,-35.7004,98.83
129.1603,-35.7004,94.97
129.4101,-35.7004,90.53
129.6600,-35.7004,86.05
129.9098,-35.7004,82.06
130.1596,-35.7004,79.07
130.4094,-35.7004,77.53
130.6593,-35.7004,77.89
130.9091,-35.7004,80.54
131.1589,-35.7004,85.64
131.4087,-35.7004,92.82
131.6586,-35.7004,101.47
131.9084,-35.7004,110.96
132.1582,-35.7004,120.63
132.4080,-35.7004,129.79
132.6579,-35.7004,137.73
132.9077,-35.7004,143.75
133.1575,-35.7004,147.44
133.4074,-35.7004,149.04
133.6572,-35.7004,149.09
133.9070,-35.7004,148.12
134.1568,-35.7004,146.61
134.4067,-35.7004,144.98
134.6565,-35.7004,143.59
134.9063,-35.7004,142.71
135.1561,-35.7004,142.51
135.4060,-35.7004,142.94
135.6558,-35.7004,143.86
135.9056,-35.7004,145.04
136.1554,-35.7004,146.24
136.4053,-35.7004,147.19
136.6551,-35.7004,147.61
136.9049,-35.7004,147.25
137.1548,-35.7004,145.96
137.4046,-35.7004,143.77
137.6544,-35.7004,140.85
137.9042,-35.7004,137.38
138.1541,-35.7004,133.54
138.4039,-35.7004,129.55
138.6537,-35.7004,125.62
138.9035,-35.7004,121.98
139.1534,-35.7004,118.81
139.4032,-35.7004,116.16
139.6530,-35.7004,114.03
139.9028,-35.7004,112.42
140.1527,-35.7004,111.29
140.4025,-35.7004,110.60
140.6523,-35.7004,110.23
140.9022,-35.7004,109.97
141.1520,-35.7004,109.64
141.4018,-35.7004,109.31
141.6516,-35.7004,109.03
141.9015,-35.7004,108.76
142.1513,-35.7004,108.33
142.4011,-35.7004,107.47
142.6509,-35.7004,105.80
142.9008,-35.7004,102.96
143.1506,-35.7004,98.69
143.4004,-35.7004,93.19
143.6502,-35.7004,86.83
143.9001,-35.7004,80.01
144.1499,-35.7004,73.14
144.3997,-35.7004,66.66
144.6495,-35.7004,61.09
144.8994,-35.7004,56.92
145.1492,-35.7004,54.48
145.3990,-35.7004,53.48
145.6489,-35.7004,53.46
145.8987,-35.7004,53.97
146.1485,-35.7004,54.67
146.3983,-35.7004,55.30
146.6482,-35.7004,55.71
146.8980,-35.7004,55.81
147.1478,-35.7004,55.62
147.3976,-35.7004,55.24
147.6475,-35.7004,54.86
147.8973,-35.7004,54.73
148.1471,-35.7004,55.14
148.3969,-35.7004,56.38
148.6468,-35.7004,58.72
148.8966,-35.7004,62.33
149.1464,-35.7004,67.24
149.3963,-35.7004,73.36
149.6461,-35.7004,80.43
149.8959,-35.7004,88.06
150.1457,-35.7004,95.78
150.3956,-35.7004,103.01
150.6454,-35.7004,109.14
150.8952,-35.7004,113.59
151.1450,-35.7004,115.98
151.3949,-35.7004,116.50
151.6447,-35.7004,115.56
151.8945,-35.7004,113.61
152.1443,-35.7004,111.05
152.3942,-35.7004,108.27
152.6440,-35.7004,105.61
152.8938,-35.7004,103.37
153.1437,-35.7004,101.77
153.3935,-35.7004,100.76
153.6433,-35.7004,100.22
153.8931,-35.7004,100.02
154.1430,-35.7004,100.08
154.3928,-35.7004,100.34
154.6426,-35.7004,100.80
154.8924,-35.7004,101.45
155.1423,-35.7004,102.29
155.3921,-35.7004,103.25
155.6419,-35.7004,104.27
155.8917,-35.7004,105.27
110.1735,-35.4508,113.46
110.4233,-35.4508,114.74
110.6731,-35.4508,115.78
110.9230,-35.4508,116.39
111.1728,-35.4508,116.44
111.4226,-35.4508,116.11
111.6724,-35.4508,115.63
111.9223,-35.4508,115.14
112.1721,-35.4508,114.75
112.4219,-35.4508,114.49
112.6718,-35.4508,114.34
112.9216,-35.4508,114.19
113.1714,-35.4508,113.91
113.4212,-35.4508,113.64
113.6711,-35.4508,113.52
113.9209,-35.4508,113.64
114.1707,-35.4508,114.04
114.4205,-35.4508,114.79
114.6704,-35.4508,116.01
114.9202,-35.4508,117.91
115.1700,-35.4508,120.65
115.4198,-35.4508,123.95
115.6697,-35.4508,127.49
115.9195,-35.4508,131.02
116.1693,-35.4508,134.38
116.4192,-35.4508,137.42
116.6690,-35.4508,139.97
116.9188,-35.4508,141.83
117.1686,-35.4508,142.85
117.4185,-35.4508,143.19
117.6683,-35.4508,143.07
117.9181,-35.4508,142.60
118.1679,-35.4508,141.85
118.4178,-35.4508,140.80
118.6676,-35.4508,139.36
118.9174,-35.4508,137.36
119.1672,-35.4508,134.65
119.4171,-35.4508,131.45
119.6669,-35.4508,128.04
119.9167,-35.4508,124.62
120.1666,-35.4508,121.34
120.4164,-35.4508,118.37
120.6662,-35.4508,115.89
120.9160,-35.4508,114.10
121.1659,-35.4508,113.19
121.4157,-35.4508,112.90
121.6655,-35.4508,112.95
121.9153,-35.4508,113.10
122.1652,-35.4508,113.24
122.4150,-35.4508,113.29
122.6648,-35.4508,113.31
122.9146,-35.4508,113.43
123.1645,-35.4508,113.80
123.4143,-35.4508,114.19
123.6641,-35.4508,114.42
123.9139,-35.4508,114.38
124.1638,-35.4508,114.04
124.4136,-35.4508,113.48
124.6634,-35.4508,112.82
124.9133,-35.4508,112.28
125.1631,-35.4508,112.05
125.4129,-35.4508,111.99
125.6627,-35.4508,111.95
125.9126,-35.4508,111.83
126.1624,-35.4508,111.59
126.4122,-35.4508,111.21
126.6620,-35.4508,110.70
126.9119,-35.4508,110.05
127.1617,-35.4508,109.27
127.4115,-35.4508,108.39
127.6613,-35.4508,107.42
127.9112,-35.4508,106.35
128.1610,-35.4508,105.08
128.4108,-35.4508,103.45
128.6607,-35.4508,101.16
128.9105,-35.4508,97.78
129.1603,-35.4508,92.97
129.4101,-35.4508,87.40
129.6600,-35.4508,81.80
129.9098,-35.4508,76.81
130.1596,-35.4508,72.97
130.4094,-35.4508,70.81
130.6593,-35.4508,70.91
130.9091,-35.4508,73.91
131.1589,-35.4508,80.30
131.4087,-35.4508,89.36
131.6586,-35.4508,100.21
131.9084,-35.4508,112.04
132.1582,-35.4508,124.09
132.4080,-35.4508,135.59
132.6579,-35.4508,145.62
132.9077,-35.4508,153.14
133.1575,-35.4508,157.31
133.4074,-35.4508,158.81
133.6572,-35.4508,158.51
133.9070,-35.4508,157.12
134.1568,-35.4508,155.20
134.4067,-35.4508,153.18
134.6565,-35.4508,151.43
134.9063,-35.4508,150.26
135.1561,-35.4508,149.84
135.4060,-35.4508,150.11
135.6558,-35.4508,150.90
135.9056,-35.4508,151.99
136.1554,-35.4508,153.12
136.4053,-35.4508,154.03
136.6551,-35.4508,154.38
136.9049,-35.4508,153.86
137.1548,-35.4508,152.21
137.4046,-35.4508,149.57
137.6544,-35.4508,146.18
137.9042,-35.4508,142.28
138.1541,-35.4508,138.09
138.4039,-35.4508,133.85
138.6537,-35.4508,129.83
138.9035,-35.4508,126.35
139.1534,-35.4508,123.72
139.4032,-35.4508,121.88
139.6530,-35.4508,120.74
139.9028,-35.4508,120.23
140.1527,-35.4508,120.30
140.4025,-35.4508,120.81
140.6523,-35.4508,121.49
140.9022,-35.4508,121.92
141.1520,-35.4508,121.65
141.4018,-35.4508,121.02
141.6516,-35.4508,120.33
141.9015,-35.4508,119.67
142.1513,-35.4508,118.94
142.4011,-35.4508,117.86
142.6509,-35.4508,116.00
142.9008,-35.4508,112.77
143.1506,-35.4508,107.65
143.4004,-35.4508,101.08
143.6502,-35.4508,93.56
143.9001,-35.4508,85.57
144.1499,-35.4508,77.51
144.3997,-35.4508,69.86
144.6495,-35.4508,63.22
144.8994,-35.4508,58.36
145.1492,-35.4508,55.96
145.3990,-35.4508,55.34
145.6489,-35.4508,55.73
145.8987,-35.4508,56.56
146.1485,-35.4508,57.45
146.3983,-35.4508,58.18
146.6482,-35.4508,58.61
146.8980,-35.4508,58.73
147.1478,-35.4508,58.60
147.3976,-35.4508,58.33
147.6475,-35.4508,58.08
147.8973,-35.4508,58.09
148.1471,-35.4508,58.61
148.3969,-35.4508,59.91
148.6468,-35.4508,62.18
148.8966,-35.4508,65.53
149.1464,-35.4508,69.94
149.3963,-35.4508,75.42
149.6461,-35.4508,81.84
149.8959,-35.4508,88.91
150.1457,-35.4508,96.23
150.3956,-35.4508,103.28
150.6454,-35.4508,109.38
150.8952,-35.4508,113.77
151.1450,-35.4508,115.80
151.3949,-35.4508,115.90
151.6447,-35.4508,114.63
151.8945,-35.4508,112.48
152.1443,-35.4508,109.80
152.3942,-35.4508,106.94
152.6440,-35.4508,104.22
152.8938,-35.4508,102.03
153.1437,-35.4508,100.65
153.3935,-35.4508,99.92
153.6433,-35.4508,99.60
153.8931,-35.4508,99.55
154.1430,-35.4508,99.68
154.3928,-35.4508,99.97
154.6426,-35.4508,100.42
154.8924,-35.4508,101.07
155.1423,-35.4508,101.94
155.3921,-35.4508,102.96
155.6419,-35.4508,104.04
155.8917,-35.4508,105.10
110.1735,-35.2011,117.66
110.4233,-35.2011,119.27
110.6731,-35.2011,120.63
110.9230,-35.2011,121.50
111.1728,-35.2011,121.50
111.4226,-35.2011,121.05
111.6724,-35.2011,120.46
111.9223,-35.2011,119.91
112.1721,-35.2011,119.52
112.4219,-35.2011,119.31
112.6718,-35.2011,119.23
112.9216,-35.2011,119.08
113.1714,-35.2011,118.49
113.4212,-35.2011,117.84
113.6711,-35.2011,117.35
113.9209,-35.2011,117.10
114.1707,-35.2011,117.15
114.4205,-35.2011,117.54
114.6704,-35.2011,118.43
114.9202,-35.2011,120.12
115.1700,-35.2011,123.13
115.4198,-35.2011,126.82
115.6697,-35.2011,130.74
115.9195,-35.2011,134.63
116.1693,-35.2011,138.32
116.4192,-35.2011,141.67
116.6690,-35.2011,144.49
116.9188,-35.2011,146.52
117.1686,-35.2011,147.37
117.4185,-35.2011,147.45
117.6683,-35.2011,147.07
117.9181,-35.2011,146.40
118.1679,-35.2011,145.51
118.4178,-35.2011,144.41
118.6676,-35.2011,142.98
118.9174,-35.2011,140.97
119.1672,-35.2011,137.95
119.4171,-35.2011,134.41
119.6669,-35.2011,130.72
119.9167,-35.2011,127.06
120.1666,-35.2011,123.59
120.4164,-35.2011,120.43
120.6662,-35.2011,117.76
120.9160,-35.2011,115.89
121.1659,-35.2011,115.28
121.4157,-35.2011,115.36
121.6655,-35.2011,115.71
121.9153,-35.2011,116.09
122.1652,-35.2011,116.34
122.4150,-35.2011,116.42
122.6648,-35.2011,116.38
122.9146,-35.2011,116.45
123.1645,-35.2011,117.05
123.4143,-35.2011,117.69
123.6641,-35.2011,118.07
123.9139,-35.2011,118.07
124.1638,-35.2011,117.67
124.4136,-35.2011,116.94
124.6634,-35.2011,116.03
124.9133,-35.2011,115.25
125.1631,-35.2011,115.04
125.4129,-35.2011,115.01
125.6627,-35.2011,114.94
125.9126,-35.2011,114.72
126.1624,-35.2011,114.30
126.4122,-35.2011,113.67
126.6620,-35.2011,112.84
126.9119,-35.2011,111.79
127.1617,-35.2011,110.52
127.4115,-35.2011,109.11
127.6613,-35.2011,107.60
127.9112,-35.2011,106.02
128.1610,-35.2011,104.33
128.4108,-35.2011,102.39
128.6607,-35.2011,99.90
128.9105,-35.2011,96.22
129.1603,-35.2011,90.37
129.4101,-35.2011,83.67
129.6600,-35.2011,77.08
129.9098,-35.2011,71.28
130.1596,-35.2011,66.78
130.4094,-35.2011,64.12
130.6593,-35.2011,63.92
130.9091,-35.2011,67.09
131.1589,-35.2011,74.92
131.4087,-35.2011,85.87
131.6586,-35.2011,98.76
131.9084,-35.2011,112.69
132.1582,-35.2011,126.89
132.4080,-35.2011,140.54
132.6579,-35.2011,152.67
132.9077,-35.2011,161.84
133.1575,-35.2011,166.18
133.4074,-35.2011,167.41
133.6572,-35.2011,166.76
133.9070,-35.2011,165.03
134.1568,-35.2011,162.78
134.4067,-35.2011,160.44
134.6565,-35.2011,158.39
134.9063,-35.2011,156.96
135.1561,-35.2011,156.42
135.4060,-35.2011,156.62
135.6558,-35.2011,157.36
135.9056,-35.2011,158.41
136.1554,-35.2011,159.53
136.4053,-35.2011,160.45
136.6551,-35.2011,160.84
136.9049,-35.2011,160.27
137.1548,-35.2011,158.23
137.4046,-35.2011,155.15
137.6544,-35.2011,151.34
137.9042,-35.2011,147.06
138.1541,-35.2011,142.56
138.4039,-35.2011,138.06
138.6537,-35.2011,133.89
138.9035,-35.2011,130.46
139.1534,-35.2011,128.32
139.4032,-35.2011,127.16
139.6530,-35.2011,126.82
139.9028,-35.2011,127.20
140.1527,-35.2011,128.21
140.4025,-35.2011,129.71
140.6523,-35.2011,131.37
140.9022,-35.2011,132.53
141.1520,-35.2011,132.11
141.4018,-35.2011,131.09
141.6516,-35.2011,130.01
141.9015,-35.2011,129.06
142.1513,-35.2011,128.16
142.4011,-35.2011,127.06
142.6509,-35.2011,125.30
142.9008,-35.2011,122.06
143.1506,-35.2011,116.22
143.4004,-35.2011,108.78
143.6502,-35.2011,100.45
143.9001,-35.2011,91.68
144.1499,-35.2011,82.81
144.3997,-35.2011,74.27
144.6495,-35.2011,66.66
144.8994,-35.2011,61.05
145.1492,-35.2011,59.02
145.3990,-35.2011,58.95
145.6489,-35.2011,59.76
145.8987,-35.2011,60.83
146.1485,-35.2011,61.80
146.3983,-35.2011,62.49
146.6482,-35.2011,62.82
146.8980,-35.2011,62.81
147.1478,-35.2011,62.61
147.3976,-35.2011,62.27
147.6475,-35.2011,61.94
147.8973,-35.2011,61.84
148.1471,-35.2011,62.23
148.3969,-35.2011,63.33
148.6468,-35.2011,65.33
148.8966,-35.2011,68.27
149.1464,-35.2011,72.01
149.3963,-35.2011,76.72
149.6461,-35.2011,82.39
149.8959,-35.2011,88.82
150.1457,-35.2011,95.70
150.3956,-35.2011,102.55
150.6454,-35.2011,108.74
150.8952,-35.2011,113.27
151.1450,-35.2011,114.82
151.3949,-35.2011,114.48
151.6447,-35.2011,113.00
151.8945,-35.2011,110.82
152.1443,-35.2011,108.23
152.3942,-35.2011,105.46
152.6440,-35.2011,102.81
152.8938,-35.2011,100.70
153.1437,-35.2011,99.72
153.3935,-35.2011,99.38
153.6433,-35.2011,99.32
153.8931,-35.2011,99.42
154.1430,-35.2011,99.60
154.3928,-35.2011,99.87
154.6426,-35.2011,100.27
154.8924,-35.2011,100.87
155.1423,-35.2011,101.78
155.3921,-35.2011,102.85
155.6419,-35.2011,103.98
155.8917,-35.2011,105.08
110.1735,-34.9515,121.27
110.4233,-34.9515,123.09
110.6731,-34.9515,124.71
110.9230,-34.9515,125.86
111.1728,-34.9515,125.69
111.4226,-34.9515,125.12
111.6724,-34.9515,124.45
111.9223,-34.9515,123.85
112.1721,-34.9515,123.43
112.4219,-34.9515,123.23
112.6718,-34.9515,123.24
112.9216,-34.9515,123.23
113.1714,-34.9515,122.39
113.4212,-34.9515,121.55
113.6711,-34.9515,120.92
113.9209,-34.9515,120.57
114.1707,-34.9515,120.52
114.4205,-34.9515,120.79
114.6704,-34.9515,121.49
114.9202,-34.9515,122.92
115.1700,-34.9515,126.28
115.4198,-34.9515,130.23
115.6697,-34.9515,134.33
115.9195,-34.9515,138.35
116.1693,-34.9515,142.14
116.4192,-34.9515,145.58
116.6690,-34.9515,148.51
116.9188,-34.9515,150.66
117.1686,-34.9515,151.17
117.4185,-34.9515,150.95
117.6683,-34.9515,150.32
117.9181,-34.9515,149.42
118.1679,-34.9515,148.36
118.4178,-34.9515,147.16
118.6676,-34.9515,145.76
118.9174,-34.9515,143.91
119.1672,-34.9515,140.61
119.4171,-34.9515,136.94
119.6669,-34.9515,133.22
119.9167,-34.9515,129.61
120.1666,-34.9515,126.22
120.4164,-34.9515,123.15
120.6662,-34.9515,120.52
120.9160,-34.9515,118.64
121.1659,-34.9515,118.53
121.4157,-34.9515,119.04
121.6655,-34.9515,119.74
121.9153,-34.9515,120.40
122.1652,-34.9515,120.87
122.4150,-34.9515,121.07
122.6648,-34.9515,121.04
122.9146,-34.9515,120.98
123.1645,-34.9515,121.89
123.4143,-34.9515,122.72
123.6641,-34.9515,123.16
123.9139,-34.9515,123.12
124.1638,-34.9515,122.61
124.4136,-34.9515,121.69
124.6634,-34.9515,120.50
124.9133,-34.9515,119.34
125.1631,-34.9515,119.12
125.4129,-34.9515,118.99
125.6627,-34.9515,118.73
125.9126,-34.9515,118.23
126.1624,-34.9515,117.47
126.4122,-34.9515,116.44
126.6620,-34.9515,115.13
126.9119,-34.9515,113.55
127.1617,-34.9515,111.62
127.4115,-34.9515,109.51
127.6613,-34.9515,107.29
127.9112,-34.9515,105.00
128.1610,-34.9515,102.64
128.4108,-34.9515,100.16
128.6607,-34.9515,97.34
128.9105,-34.9515,93.59
129.1603,-34.9515,86.60
129.4101,-34.9515,79.04
129.6600,-34.9515,71.86
129.9098,-34.9515,65.66
130.1596,-34.9515,60.93
130.4094,-34.9515,58.14
130.6593,-34.9515,57.85
130.9091,-34.9515,60.99
131.1589,-34.9515,70.39
131.4087,-34.9515,82.93
131.6586,-34.9515,97.38
131.9084,-34.9515,112.89
132.1582,-34.9515,128.69
132.4080,-34.9515,143.96
132.6579,-34.9515,157.80
132.9077,-34.9515,168.75
133.1575,-34.9515,172.89
133.4074,-34.9515,173.97
133.6572,-34.9515,173.25
133.9070,-34.9515,171.44
134.1568,-34.9515,169.07
134.4067,-34.9515,166.59
134.6565,-34.9515,164.36
134.9063,-34.9515,162.72
135.1561,-34.9515,162.18
135.4060,-34.9515,162.37
135.6558,-34.9515,163.08
135.9056,-34.9515,164.12
136.1554,-34.9515,165.24
136.4053,-34.9515,166.17
136.6551,-34.9515,166.61
136.9049,-34.9515,166.12
137.1548,-34.9515,163.69
137.4046,-34.9515,160.26
137.6544,-34.9515,156.16
137.9042,-34.9515,151.63
138.1541,-34.9515,146.91
138.4039,-34.9515,142.24
138.6537,-34.9515,137.93
138.9035,-34.9515,134.40
139.1534,-34.9515,132.68
139.4032,-34.9515,131.98
139.6530,-34.9515,132.12
139.9028,-34.9515,133.01
140.1527,-34.9515,134.58
140.4025,-34.9515,136.68
140.6523,-34.9515,139.02
140.9022,-34.9515,140.92
141.1520,-34.9515,140.11
141.4018,-34.9515,138.77
141.6516,-34.9515,137.47
141.9015,-34.9515,136.35
142.1513,-34.9515,135.37
142.4011,-34.9515,134.30
142.6509,-34.9515,132.77
142.9008,-34.9515,129.99
143.1506,-34.9515,123.58
143.4004,-34.9515,115.77
143.6502,-34.9515,107.25
143.9001,-34.9515,98.36
144.1499,-34.9515,89.35
144.3997,-34.9515,80.54
144.6495,-34.9515,72.42
144.8994,-34.9515,66.01
145.1492,-34.9515,64.72
145.3990,-34.9515,65.09
145.6489,-34.9515,66.05
145.8987,-34.9515,67.08
146.1485,-34.9515,67.92
146.3983,-34.9515,68.39
146.6482,-34.9515,68.44
146.8980,-34.9515,68.12
147.1478,-34.9515,67.66
147.3976,-34.9515,67.03
147.6475,-34.9515,66.38
147.8973,-34.9515,65.91
148.1471,-34.9515,65.88
148.3969,-34.9515,66.52
148.6468,-34.9515,67.99
148.8966,-34.9515,70.34
149.1464,-34.9515,73.20
149.3963,-34.9515,77.03
149.6461,-34.9515,81.83
149.8959,-34.9515,87.48
150.1457,-34.9515,93.72
150.3956,-34.9515,100.17
150.6454,-34.9515,106.33
150.8952,-34.9515,111.24
151.1450,-34.9515,112.20
151.3949,-34.9515,111.67
151.6447,-34.9515,110.35
151.8945,-34.9515,108.53
152.1443,-34.9515,106.38
152.3942,-34.9515,104.05
152.6440,-34.9515,101.72
152.8938,-34.9515,99.75
153.1437,-34.9515,99.38
153.3935,-34.9515,99.42
153.6433,-34.9515,99.58
153.8931,-34.9515,99.74
154.1430,-34.9515,99.91
154.3928,-34.9515,100.12
154.6426,-34.9515,100.43
154.8924,-34.9515,100.93
155.1423,-34.9515,101.85
155.3921,-34.9515,102.95
155.6419,-34.9515,104.12
155.8917,-34.9515,105.26
110.1735,-34.7018,124.12
110.4233,-34.7018,125.97
110.6731,-34.7018,127.51
110.9230,-34.7018,128.49
111.1728,-34.7018,128.53
111.4226,-34.7018,128.06
111.6724,-34.7018,127.40
111.9223,-34.7018,126.77
112.1721,-34.7018,126.28
112.4219,-34.7018,126.00
112.6718,-34.7018,125.87
112.9216,-34.7018,125.71
113.1714,-34.7018,125.14
113.4212,-34.7018,124.53
113.6711,-34.7018,124.12
113.9209,-34.7018,123.98
114.1707,-34.7018,124.16
114.4205,-34.7018,124.69
114.6704,-34.7018,125.72
114.9202,-34.7018,127.53
115.1700,-34.7018,130.63
115.4198,-34.7018,134.38
115.6697,-34.7018,138.31
115.9195,-34.7018,142.17
116.1693,-34.7018,145.78
116.4192,-34.7018,148.98
116.6690,-34.7018,151.59
116.9188,-34.7018,153.34
117.1686,-34.7018,153.83
117.4185,-34.7018,153.50
117.6683,-34.7018,152.69
117.9181,-34.7018,151.58
118.1679,-34.7018,150.29
118.4178,-34.7018,148.85
118.6676,-34.7018,147.22
118.9174,-34.7018,145.13
119.1672,-34.7018,142.17
119.4171,-34.7018,138.85
119.6669,-34.7018,135.49
119.9167,-34.7018,132.28
120.1666,-34.7018,129.32
120.4164,-34.7018,126.73
120.6662,-34.7018,124.68
120.9160,-34.7018,123.44
121.1659,-34.7018,123.47
121.4157,-34.7018,124.19
121.6655,-34.7018,125.17
121.9153,-34.7018,126.14
122.1652,-34.7018,126.93
122.4150,-34.7018,127.46
122.6648,-34.7018,127.78
122.9146,-34.7018,128.09
123.1645,-34.7018,128.82
123.4143,-34.7018,129.48
123.6641,-34.7018,129.78
123.9139,-34.7018,129.60
124.1638,-34.7018,128.96
124.4136,-34.7018,127.91
124.6634,-34.7018,126.63
124.9133,-34.7018,125.41
125.1631,-34.7018,124.69
125.4129,-34.7018,124.10
125.6627,-34.7018,123.38
125.9126,-34.7018,122.42
126.1624,-34.7018,121.14
126.4122,-34.7018,119.54
126.6620,-34.7018,117.59
126.9119,-34.7018,115.28
127.1617,-34.7018,112.61
127.4115,-34.7018,109.66
127.6613,-34.7018,106.53
127.9112,-34.7018,103.28
128.1610,-34.7018,99.93
128.4108,-34.7018,96.42
128.6607,-34.7018,92.49
128.9105,-34.7018,87.58
129.1603,-34.7018,80.73
129.4101,-34.7018,73.28
129.6600,-34.7018,66.21
129.9098,-34.7018,60.19
130.1596,-34.7018,55.79
130.4094,-34.7018,53.56
130.6593,-34.7018,54.18
130.9091,-34.7018,58.62
131.1589,-34.7018,68.14
131.4087,-34.7018,81.16
131.6586,-34.7018,96.36
131.9084,-34.7018,112.73
132.1582,-34.7018,129.35
132.4080,-34.7018,145.26
132.6579,-34.7018,159.36
132.9077,-34.7018,170.16
133.1575,-34.7018,175.72
133.4074,-34.7018,177.78
133.6572,-34.7018,177.64
133.9070,-34.7018,176.15
134.1568,-34.7018,173.94
134.4067,-34.7018,171.54
134.6565,-34.7018,169.37
134.9063,-34.7018,167.81
135.1561,-34.7018,167.17
135.4060,-34.7018,167.31
135.6558,-34.7018,168.00
135.9056,-34.7018,169.02
136.1554,-34.7018,170.11
136.4053,-34.7018,170.95
136.6551,-34.7018,171.20
136.9049,-34.7018,170.43
137.1548,-34.7018,168.11
137.4046,-34.7018,164.68
137.6544,-34.7018,160.51
137.9042,-34.7018,155.90
138.1541,-34.7018,151.12
138.4039,-34.7018,146.46
138.6537,-34.7018,142.25
138.9035,-34.7018,138.95
139.1534,-34.7018,137.10
139.4032,-34.7018,136.38
139.6530,-34.7018,136.57
139.9028,-34.7018,137.54
140.1527,-34.7018,139.16
140.4025,-34.7018,141.21
140.6523,-34.7018,143.32
140.9022,-34.7018,144.78
141.1520,-34.7018,144.53
141.4018,-34.7018,143.53
141.6516,-34.7018,142.37
141.9015,-34.7018,141.26
142.1513,-34.7018,140.21
142.4011,-34.7018,139.01
142.6509,-34.7018,137.24
142.9008,-34.7018,134.14
143.1506,-34.7018,128.57
143.4004,-34.7018,121.55
143.6502,-34.7018,113.75
143.9001,-34.7018,105.56
144.1499,-34.7018,97.28
144.3997,-34.7018,89.24
144.6495,-34.7018,82.02
144.8994,-34.7018,76.62
145.1492,-34.7018,74.61
145.3990,-34.7018,74.37
145.6489,-34.7018,74.84
145.8987,-34.7018,75.43
146.1485,-34.7018,75.83
146.3983,-34.7018,75.88
146.6482,-34.7018,75.51
146.8980,-34.7018,74.77
147.1478,-34.7018,73.79
147.3976,-34.7018,72.61
147.6475,-34.7018,71.37
147.8973,-34.7018,70.27
148.1471,-34.7018,69.53
148.3969,-34.7018,69.36
148.6468,-34.7018,69.94
148.8966,-34.7018,71.30
149.1464,-34.7018,73.32
149.3963,-34.7018,76.24
149.6461,-34.7018,80.08
149.8959,-34.7018,84.76
150.1457,-34.7018,90.06
150.3956,-34.7018,95.64
150.6454,-34.7018,100.94
150.8952,-34.7018,105.07
151.1450,-34.7018,106.73
151.3949,-34.7018,106.97
151.6447,-34.7018,106.47
151.8945,-34.7018,105.54
152.1443,-34.7018,104.33
152.3942,-34.7018,102.94
152.6440,-34.7018,101.53
152.8938,-34.7018,100.44
153.1437,-34.7018,100.21
153.3935,-34.7018,100.31
153.6433,-34.7018,100.47
153.8931,-34.7018,100.57
154.1430,-34.7018,100.65
154.3928,-34.7018,100.75
154.6426,-34.7018,100.98
154.8924,-34.7018,101.44
155.1423,-34.7018,102.26
155.3921,-34.7018,103.31
155.6419,-34.7018,104.47
155.8917,-34.7018,105.63
110.1735,-34.4521,126.22
110.4233,-34.4521,127.99
110.6731,-34.4521,129.38
110.9230,-34.4521,130.22
111.1728,-34.4521,130.34
111.4226,-34.4521,129.97
111.6724,-34.4521,129.34
111.9223,-34.4521,128.66
112.1721,-34.4521,128.09
112.4219,-34.4521,127.69
112.6718,-34.4521,127.46
112.9216,-34.4521,127.27
113.1714,-34.4521,127.02
113.4212,-34.4521,126.85
113.6711,-34.4521,126.90
113.9209,-34.4521,127.24
114.1707,-34.4521,127.91
114.4205,-34.4521,128.96
114.6704,-34.4521,130.47
114.9202,-34.4521,132.61
115.1700,-34.4521,135.55
115.4198,-34.4521,138.97
115.6697,-34.4521,142.54
115.9195,-34.4521,146.03
116.1693,-34.4521,149.24
116.4192,-34.4521,152.00
116.6690,-34.4521,154.14
116.9188,-34.4521,155.45
117.1686,-34.4521,155.77
117.4185,-34.4521,155.31
117.6683,-34.4521,154.31
117.9181,-34.4521,152.96
118.1679,-34.4521,151.41
118.4178,-34.4521,149.71
118.6676,-34.4521,147.84
118.9174,-34.4521,145.68
119.1672,-34.4521,143.12
119.4171,-34.4521,140.36
119.6669,-34.4521,137.63
119.9167,-34.4521,135.09
120.1666,-34.4521,132.85
120.4164,-34.4521,131.01
120.6662,-34.4521,129.73
120.9160,-34.4521,129.20
121.1659,-34.4521,129.57
121.4157,-34.4521,130.56
121.6655,-34.4521,131.84
121.9153,-34.4521,133.17
122.1652,-34.4521,134.36
122.4150,-34.4521,135.32
122.6648,-34.4521,136.05
122.9146,-34.4521,136.66
123.1645,-34.4521,137.28
123.4143,-34.4521,137.70
123.6641,-34.4521,137.75
123.9139,-34.4521,137.36
124.1638,-34.4521,136.53
124.4136,-34.4521,135.34
124.6634,-34.4521,133.94
124.9133,-34.4521,132.53
125.1631,-34.4521,131.31
125.4129,-34.4521,130.13
125.6627,-34.4521,128.81
125.9126,-34.4521,127.24
126.1624,-34.4521,125.33
126.4122,-34.4521,123.04
126.6620,-34.4521,120.34
126.9119,-34.4521,117.21
127.1617,-34.4521,113.65
127.4115,-34.4521,109.74
127.6613,-34.4521,105.55
127.9112,-34.4521,101.16
128.1610,-34.4521,96.60
128.4108,-34.4521,91.83
128.6607,-34.4521,86.69
128.9105,-34.4521,80.86
129.1603,-34.4521,74.10
129.4101,-34.4521,67.08
129.6600,-34.4521,60.53
129.9098,-34.4521,55.12
130.1596,-34.4521,51.44
130.4094,-34.4521,50.10
130.6593,-34.4521,51.80
130.9091,-34.4521,57.29
131.1589,-34.4521,67.04
131.4087,-34.4521,80.21
131.6586,-34.4521,95.70
131.9084,-34.4521,112.40
132.1582,-34.4521,129.28
132.4080,-34.4521,145.27
132.6579,-34.4521,159.23
132.9077,-34.4521,169.95
133.1575,-34.4521,176.51
133.4074,-34.4521,179.63
133.6572,-34.4521,180.27
133.9070,-34.4521,179.31
134.1568,-34.4521,177.44
134.4067,-34.4521,175.26
134.6565,-34.4521,173.25
134.9063,-34.4521,171.82
135.1561,-34.4521,171.19
135.4060,-34.4521,171.33
135.6558,-34.4521,172.05
135.9056,-34.4521,173.09
136.1554,-34.4521,174.17
136.4053,-34.4521,174.93
136.6551,-34.4521,175.03
136.9049,-34.4521,174.09
137.1548,-34.4521,171.86
137.4046,-34.4521,168.54
137.6544,-34.4521,164.42
137.9042,-34.4521,159.83
138.1541,-34.4521,155.08
138.4039,-34.4521,150.48
138.6537,-34.4521,146.40
138.9035,-34.4521,143.18
139.1534,-34.4521,141.13
139.4032,-34.4521,140.17
139.6530,-34.4521,140.12
139.9028,-34.4521,140.83
140.1527,-34.4521,142.12
140.4025,-34.4521,143.73
140.6523,-34.4521,145.33
140.9022,-34.4521,146.38
141.1520,-34.4521,146.43
141.4018,-34.4521,145.83
141.6516,-34.4521,144.94
141.9015,-34.4521,143.96
142.1513,-34.4521,142.90
142.4011,-34.4521,141.59
142.6509,-34.4521,139.70
142.9008,-34.4521,136.71
143.1506,-34.4521,132.15
143.4004,-34.4521,126.42
143.6502,-34.4521,119.97
143.9001,-34.4521,113.15
144.1499,-34.4521,106.26
144.3997,-34.4521,99.64
144.6495,-34.4521,93.78
144.8994,-34.4521,89.36
145.1492,-34.4521,86.98
145.3990,-34.4521,86.00
145.6489,-34.4521,85.70
145.8987,-34.4521,85.57
146.1485,-34.4521,85.31
146.3983,-34.4521,84.76
146.6482,-34.4521,83.81
146.8980,-34.4521,82.49
147.1478,-34.4521,80.83
147.3976,-34.4521,78.92
147.6475,-34.4521,76.89
147.8973,-34.4521,74.92
148.1471,-34.4521,73.23
148.3969,-34.4521,72.02
148.6468,-34.4521,71.48
148.8966,-34.4521,71.70
149.1464,-34.4521,72.71
149.3963,-34.4521,74.59
149.6461,-34.4521,77.36
149.8959,-34.4521,80.91
150.1457,-34.4521,85.04
150.3956,-34.4521,89.48
150.6454,-34.4521,93.78
150.8952,-34.4521,97.34
151.1450,-34.4521,99.58
151.3949,-34.4521,100.87
151.6447,-34.4521,101.58
151.8945,-34.4521,101.95
152.1443,-34.4521,102.07
152.3942,-34.4521,101.98
152.6440,-34.4521,101.77
152.8938,-34.4521,101.60
153.1437,-34.4521,101.68
153.3935,-34.4521,101.82
153.6433,-34.4521,101.88
153.8931,-34.4521,101.82
154.1430,-34.4521,101.71
154.3928,-34.4521,101.65
154.6426,-34.4521,101.75
154.8924,-34.4521,102.13
155.1423,-34.4521,102.85
155.3921,-34.4521,103.84
155.6419,-34.4521,105.00
155.8917,-34.4521,106.18
110.1735,-34.2025,127.67
110.4233,-34.2025,129.32
110.6731,-34.2025,130.57
110.9230,-34.2025,131.28
111.1728,-34.2025,131.40
111.4226,-34.2025,131.03
111.6724,-34.2025,130.38
111.9223,-34.2025,129.65
112.1721,-34.2025,128.98
112.4219,-34.2025,128.48
112.6718,-34.2025,128.20
112.9216,-34.2025,128.13
113.1714,-34.2025,128.24
113.4212,-34.2025,128.60
113.6711,-34.2025,129.26
113.9209,-34.2025,130.26
114.1707,-34.2025,131.59
114.4205,-34.2025,133.27
114.6704,-34.2025,135.31
114.9202,-34.2025,137.75
115.1700,-34.2025,140.61
115.4198,-34.2025,143.71
115.6697,-34.2025,146.85
115.9195,-34.2025,149.85
116.1693,-34.2025,152.54
116.4192,-34.2025,154.78
116.6690,-34.2025,156.40
116.9188,-34.2025,157.26
117.1686,-34.2025,157.30
117.4185,-34.2025,156.62
117.6683,-34.2025,155.39
117.9181,-34.2025,153.80
118.1679,-34.2025,151.98
118.4178,-34.2025,150.03
118.6676,-34.2025,148.01
118.9174,-34.2025,145.93
119.1672,-34.2025,143.79
119.4171,-34.2025,141.70
119.6669,-34.2025,139.76
119.9167,-34.2025,138.08
120.1666,-34.2025,136.72
120.4164,-34.2025,135.77
120.6662,-34.2025,135.35
120.9160,-34.2025,135.55
121.1659,-34.2025,136.42
121.4157,-34.2025,137.80
121.6655,-34.2025,139.47
121.9153,-34.2025,141.21
122.1652,-34.2025,142.85
122.4150,-34.2025,144.27
122.6648,-34.2025,145.40
122.9146,-34.2025,146.23
123.1645,-34.2025,146.78
123.4143,-34.2025,146.97
123.6641,-34.2025,146.74
123.9139,-34.2025,146.07
124.1638,-34.2025,145.01
124.4136,-34.2025,143.62
124.6634,-34.2025,142.02
124.9133,-34.2025,140.33
125.1631,-34.2025,138.61
125.4129,-34.2025,136.83
125.6627,-34.2025,134.86
125.9126,-34.2025,132.61
126.1624,-34.2025,130.00
126.4122,-34.2025,126.98
126.6620,-34.2025,123.47
126.9119,-34.2025,119.47
127.1617,-34.2025,114.96
127.4115,-34.2025,110.00
127.6613,-34.2025,104.67
127.9112,-34.2025,99.04
128.1610,-34.2025,93.19
128.4108,-34.2025,87.16
128.6607,-34.2025,80.92
128.9105,-34.2025,74.42
129.1603,-34.2025,67.72
129.4101,-34.2025,61.20
129.6600,-34.2025,55.37
129.9098,-34.2025,50.76
130.1596,-34.2025,47.94
130.4094,-34.2025,47.52
130.6593,-34.2025,50.15
130.9091,-34.2025,56.40
131.1589,-34.2025,66.48
131.4087,-34.2025,79.81
131.6586,-34.2025,95.40
131.9084,-34.2025,112.19
132.1582,-34.2025,129.06
132.4080,-34.2025,144.91
132.6579,-34.2025,158.68
132.9077,-34.2025,169.41
133.1575,-34.2025,176.55
133.4074,-34.2025,180.42
133.6572,-34.2025,181.74
133.9070,-34.2025,181.27
134.1568,-34.2025,179.75
134.4067,-34.2025,177.80
134.6565,-34.2025,175.97
134.9063,-34.2025,174.68
135.1561,-34.2025,174.16
135.4060,-34.2025,174.41
135.6558,-34.2025,175.24
135.9056,-34.2025,176.38
136.1554,-34.2025,177.51
136.4053,-34.2025,178.29
136.6551,-34.2025,178.34
136.9049,-34.2025,177.37
137.1548,-34.2025,175.21
137.4046,-34.2025,171.97
137.6544,-34.2025,167.92
137.9042,-34.2025,163.38
138.1541,-34.2025,158.67
138.4039,-34.2025,154.13
138.6537,-34.2025,150.08
138.9035,-34.2025,146.82
139.1534,-34.2025,144.56
139.4032,-34.2025,143.26
139.6530,-34.2025,142.81
139.9028,-34.2025,143.05
140.1527,-34.2025,143.80
140.4025,-34.2025,144.82
140.6523,-34.2025,145.84
140.9022,-34.2025,146.53
141.1520,-34.2025,146.66
141.4018,-34.2025,146.34
141.6516,-34.2025,145.72
141.9015,-34.2025,144.91
142.1513,-34.2025,143.92
142.4011,-34.2025,142.65
142.6509,-34.2025,140.89
142.9008,-34.2025,138.37
143.1506,-34.2025,134.92
143.4004,-34.2025,130.69
143.6502,-34.2025,125.93
143.9001,-34.2025,120.89
144.1499,-34.2025,115.80
144.3997,-34.2025,110.91
144.6495,-34.2025,106.52
144.8994,-34.2025,103.00
145.1492,-34.2025,100.58
145.3990,-34.2025,99.01
145.6489,-34.2025,97.90
145.8987,-34.2025,96.96
146.1485,-34.2025,95.93
146.3983,-34.2025,94.67
146.6482,-34.2025,93.06
146.8980,-34.2025,91.04
147.1478,-34.2025,88.62
147.3976,-34.2025,85.88
147.6475,-34.2025,82.92
147.8973,-34.2025,79.93
148.1471,-34.2025,77.12
148.3969,-34.2025,74.71
148.6468,-34.2025,72.91
148.8966,-34.2025,71.89
149.1464,-34.2025,71.75
149.3963,-34.2025,72.49
149.6461,-34.2025,74.07
149.8959,-34.2025,76.37
150.1457,-34.2025,79.22
150.3956,-34.2025,82.44
150.6454,-34.2025,85.76
150.8952,-34.2025,88.89
151.1450,-34.2025,91.59
151.3949,-34.2025,93.93
151.6447,-34.2025,96.02
151.8945,-34.2025,97.92
152.1443,-34.2025,99.60
152.3942,-34.2025,101.02
152.6440,-34.2025,102.13
152.8938,-34.2025,102.92
153.1437,-34.2025,103.44
153.3935,-34.2025,103.66
153.6433,-34.2025,103.59
153.8931,-34.2025,103.31
154.1430,-34.2025,102.95
154.3928,-34.2025,102.66
154.6426,-34.2025,102.58
154.8924,-34.2025,102.84
155.1423,-34.2025,103.48
155.3921,-34.2025,104.45
155.6419,-34.2025,105.63
155.8917,-34.2025,106.87
110.1735,-33.9528,128.56
110.4233,-33.9528,130.09
110.6731,-33.9528,131.22
110.9230,-33.9528,131.82
111.1728,-33.9528,131.85
111.4226,-33.9528,131.42
111.6724,-33.9528,130.70
111.9223,-33.9528,129.86
112.1721,-33.9528,129.09
112.4219,-33.9528,128.51
112.6718,-33.9528,128.24
112.9216,-33.9528,128.35
113.1714,-33.9528,128.88
113.4212,-33.9528,129.83
113.6711,-33.9528,131.20
113.9209,-33.9528,132.95
114.1707,-33.9528,135.03
114.4205,-33.9528,137.40
114.6704,-33.9528,139.99
114.9202,-33.9528,142.74
115.1700,-33.9528,145.56
115.4198,-33.9528,148.37
115.6697,-33.9528,151.06
115.9195,-33.9528,153.54
116.1693,-33.9528,155.69
116.4192,-33.9528,157.38
116.6690,-33.9528,158.50
116.9188,-33.9528,158.92
117.1686,-33.9528,158.63
117.4185,-33.9528,157.67
117.6683,-33.9528,156.19
117.9181,-33.9528,154.33
118.1679,-33.9528,152.25
118.4178,-33.9528,150.10
118.6676,-33.9528,148.00
118.9174,-33.9528,146.09
119.1672,-33.9528,144.43
119.4171,-33.9528,143.07
119.6669,-33.9528,142.02
119.9167,-33.9528,141.28
120.1666,-33.9528,140.89
120.4164,-33.9528,140.88
120.6662,-33.9528,141.33
120.9160,-33.9528,142.28
121.1659,-33.9528,143.73
121.4157,-33.9528,145.59
121.6655,-33.9528,147.71
121.9153,-33.9528,149.90
122.1652,-33.9528,152.02
122.4150,-33.9528,153.90
122.6648,-33.9528,155.41
122.9146,-33.9528,156.44
123.1645,-33.9528,156.93
123.4143,-33.9528,156.88
123.6641,-33.9528,156.34
123.9139,-33.9528,155.36
124.1638,-33.9528,154.02
124.4136,-33.9528,152.39
124.6634,-33.9528,150.54
124.9133,-33.9528,148.51
125.1631,-33.9528,146.32
125.4129,-33.9528,143.95
125.6627,-33.9528,141.34
125.9126,-33.9528,138.42
126.1624,-33.9528,135.12
126.4122,-33.9528,131.36
126.6620,-33.9528,127.07
126.9119,-33.9528,122.20
127.1617,-33.9528,116.74
127.4115,-33.9528,110.73
127.6613,-33.9528,104.24
127.9112,-33.9528,97.39
128.1610,-33.9528,90.28
128.4108,-33.9528,83.06
128.6607,-33.9528,75.86
128.9105,-33.9528,68.87
129.1603,-33.9528,62.28
129.4101,-33.9528,56.32
129.6600,-33.9528,51.27
129.9098,-33.9528,47.51
130.1596,-33.9528,45.52
130.4094,-33.9528,45.86
130.6593,-33.9528,49.17
130.9091,-33.9528,55.97
131.1589,-33.9528,66.39
131.4087,-33.9528,79.93
131.6586,-33.9528,95.63
131.9084,-33.9528,112.42
132.1582,-33.9528,129.19
132.4080,-33.9528,144.88
132.6579,-33.9528,158.47
132.9077,-33.9528,169.18
133.1575,-33.9528,176.58
133.4074,-33.9528,180.85
133.6572,-33.9528,182.57
133.9070,-33.9528,182.44
134.1568,-33.9528,181.14
134.4067,-33.9528,179.35
134.6565,-33.9528,177.64
134.9063,-33.9528,176.48
135.1561,-33.9528,176.13
135.4060,-33.9528,176.58
135.6558,-33.9528,177.62
135.9056,-33.9528,178.96
136.1554,-33.9528,180.26
136.4053,-33.9528,181.15
136.6551,-33.9528,181.29
136.9049,-33.9528,180.37
137.1548,-33.9528,178.26
137.4046,-33.9528,175.06
137.6544,-33.9528,171.04
137.9042,-33.9528,166.52
138.1541,-33.9528,161.83
138.4039,-33.9528,157.30
138.6537,-33.9528,153.22
138.9035,-33.9528,149.85
139.1534,-33.9528,147.33
139.4032,-33.9528,145.68
139.6530,-33.9528,144.77
139.9028,-33.9528,144.47
140.1527,-33.9528,144.59
140.4025,-33.9528,144.97
140.6523,-33.9528,145.41
140.9022,-33.9528,145.74
141.1520,-33.9528,145.84
141.4018,-33.9528,145.69
141.6516,-33.9528,145.29
141.9015,-33.9528,144.68
142.1513,-33.9528,143.83
142.4011,-33.9528,142.72
142.6509,-33.9528,141.27
142.9008,-33.9528,139.42
143.1506,-33.9528,137.16
143.4004,-33.9528,134.53
143.6502,-33.9528,131.62
143.9001,-33.9528,128.54
144.1499,-33.9528,125.42
144.3997,-33.9528,122.37
144.6495,-33.9528,119.50
144.8994,-33.9528,116.89
145.1492,-33.9528,114.58
145.3990,-33.9528,112.55
145.6489,-33.9528,110.70
145.8987,-33.9528,108.94
146.1485,-33.9528,107.14
146.3983,-33.9528,105.17
146.6482,-33.9528,102.88
146.8980,-33.9528,100.17
147.1478,-33.9528,96.99
147.3976,-33.9528,93.37
147.6475,-33.9528,89.44
147.8973,-33.9528,85.37
148.1471,-33.9528,81.36
148.3969,-33.9528,77.65
148.6468,-33.9528,74.51
148.8966,-33.9528,72.20
149.1464,-33.9528,70.84
149.3963,-33.9528,70.41
149.6461,-33.9528,70.76
149.8959,-33.9528,71.74
150.1457,-33.9528,73.24
150.3956,-33.9528,75.17
150.6454,-33.9528,77.50
150.8952,-33.9528,80.22
151.1450,-33.9528,83.28
151.3949,-33.9528,86.61
151.6447,-33.9528,90.09
151.8945,-33.9528,93.60
152.1443,-33.9528,96.96
152.3942,-33.9528,99.99
152.6440,-33.9528,102.49
152.8938,-33.9528,104.28
153.1437,-33.9528,105.29
153.3935,-33.9528,105.59
153.6433,-33.9528,105.37
153.8931,-33.9528,104.82
154.1430,-33.9528,104.17
154.3928,-33.9528,103.61
154.6426,-33.9528,103.32
154.8924,-33.9528,103.44
155.1423,-33.9528,104.03
155.3921,-33.9528,105.03
155.6419,-33.9528,106.30
155.8917,-33.9528,107.66
110.1735,-33.7032,128.96
110.4233,-33.7032,130.40
110.6731,-33.7032,131.42
110.9230,-33.7032,131.92
111.1728,-33.7032,131.83
111.4226,-33.7032,131.28
111.6724,-33.7032,130.42
111.9223,-33.7032,129.46
112.1721,-33.7032,128.57
112.4219,-33.7032,127.92
112.6718,-33.7032,127.69
112.9216,-33.7032,128.00
113.1714,-33.7032,128.98
113.4212,-33.7032,130.57
113.6711,-33.7032,132.68
113.9209,-33.7032,135.23
114.1707,-33.7032,138.11
114.4205,-33.7032,141.21
114.6704,-33.7032,144.37
114.9202,-33.7032,147.43
115.1700,-33.7032,150.23
115.4198,-33.7032,152.76
115.6697,-33.7032,155.03
115.9195,-33.7032,157.01
116.1693,-33.7032,158.64
116.4192,-33.7032,159.83
116.6690,-33.7032,160.49
116.9188,-33.7032,160.52
117.1686,-33.7032,159.89
117.4185,-33.7032,158.66
117.6683,-33.7032,156.92
117.9181,-33.7032,154.82
118.1679,-33.7032,152.51
118.4178,-33.7032,150.18
118.6676,-33.7032,148.04
118.9174,-33.7032,146.33
119.1672,-33.7032,145.22
119.4171,-33.7032,144.66
119.6669,-33.7032,144.54
119.9167,-33.7032,144.78
120.1666,-33.7032,145.35
120.4164,-33.7032,146.27
120.6662,-33.7032,147.56
120.9160,-33.7032,149.23
121.1659,-33.7032,151.28
121.4157,-33.7032,153.64
121.6655,-33.7032,156.22
121.9153,-33.7032,158.89
122.1652,-33.7032,161.48
122.4150,-33.7032,163.82
122.6648,-33.7032,165.72
122.9146,-33.7032,166.93
123.1645,-33.7032,167.33
123.4143,-33.7032,167.01
123.6641,-33.7032,166.12
123.9139,-33.7032,164.81
124.1638,-33.7032,163.18
124.4136,-33.7032,161.30
124.6634,-33.7032,159.18
124.9133,-33.7032,156.82
125.1631,-33.7032,154.18
125.4129,-33.7032,151.27
125.6627,-33.7032,148.06
125.9126,-33.7032,144.53
126.1624,-33.7032,140.59
126.4122,-33.7032,136.17
126.6620,-33.7032,131.18
126.9119,-33.7032,125.53
127.1617,-33.7032,119.18
127.4115,-33.7032,112.19
127.6613,-33.7032,104.63
127.9112,-33.7032,96.64
128.1610,-33.7032,88.39
128.4108,-33.7032,80.09
128.6607,-33.7032,72.07
128.9105,-33.7032,64.70
129.1603,-33.7032,58.34
129.4101,-33.7032,53.04
129.6600,-33.7032,48.83
129.9098,-33.7032,45.90
130.1596,-33.7032,44.60
130.4094,-33.7032,45.47
130.6593,-33.7032,49.15
130.9091,-33.7032,56.24
131.1589,-33.7032,67.01
131.4087,-33.7032,80.82
131.6586,-33.7032,96.67
131.9084,-33.7032,113.45
132.1582,-33.7032,130.10
132.4080,-33.7032,145.60
132.6579,-33.7032,159.04
132.9077,-33.7032,169.65
133.1575,-33.7032,177.02
133.4074,-33.7032,181.36
133.6572,-33.7032,183.19
133.9070,-33.7032,183.16
134.1568,-33.7032,181.93
134.4067,-33.7032,180.16
134.6565,-33.7032,178.46
134.9063,-33.7032,177.37
135.1561,-33.7032,177.24
135.4060,-33.7032,177.98
135.6558,-33.7032,179.33
135.9056,-33.7032,180.95
136.1554,-33.7032,182.49
136.4053,-33.7032,183.60
136.6551,-33.7032,183.92
136.9049,-33.7032,183.12
137.1548,-33.7032,181.04
137.4046,-33.7032,177.82
137.6544,-33.7032,173.77
137.9042,-33.7032,169.23
138.1541,-33.7032,164.53
138.4039,-33.7032,159.96
138.6537,-33.7032,155.81
138.9035,-33.7032,152.30
139.1534,-33.7032,149.56
139.4032,-33.7032,147.57
139.6530,-33.7032,146.23
139.9028,-33.7032,145.38
140.1527,-33.7032,144.88
140.4025,-33.7032,144.61
140.6523,-33.7032,144.47
140.9022,-33.7032,144.44
141.1520,-33.7032,144.47
141.4018,-33.7032,144.44
141.6516,-33.7032,144.26
141.9015,-33.7032,143.84
142.1513,-33.7032,143.17
142.4011,-33.7032,142.26
142.6509,-33.7032,141.19
142.9008,-33.7032,140.08
143.1506,-33.7032,139.04
143.4004,-33.7032,138.02
143.6502,-33.7032,136.97
143.9001,-33.7032,135.87
144.1499,-33.7032,134.72
144.3997,-33.7032,133.52
144.6495,-33.7032,132.15
144.8994,-33.7032,130.46
145.1492,-33.7032,128.31
145.3990,-33.7032,125.87
145.6489,-33.7032,123.35
145.8987,-33.7032,120.84
146.1485,-33.7032,118.35
146.3983,-33.7032,115.75
146.6482,-33.7032,112.90
146.8980,-33.7032,109.60
147.1478,-33.7032,105.71
147.3976,-33.7032,101.28
147.6475,-33.7032,96.43
147.8973,-33.7032,91.33
148.1471,-33.7032,86.14
148.3969,-33.7032,81.14
148.6468,-33.7032,76.62
148.8966,-33.7032,72.98
149.1464,-33.7032,70.47
149.3963,-33.7032,68.91
149.6461,-33.7032,68.04
149.8959,-33.7032,67.68
150.1457,-33.7032,67.73
150.3956,-33.7032,68.28
150.6454,-33.7032,69.52
150.8952,-33.7032,71.70
151.1450,-33.7032,75.03
151.3949,-33.7032,79.27
151.6447,-33.7032,84.09
151.8945,-33.7032,89.16
152.1443,-33.7032,94.19
152.3942,-33.7032,98.84
152.6440,-33.7032,102.76
152.8938,-33.7032,105.57
153.1437,-33.7032,107.04
153.3935,-33.7032,107.38
153.6433,-33.7032,106.96
153.8931,-33.7032,106.13
154.1430,-33.7032,105.17
154.3928,-33.7032,104.32
154.6426,-33.7032,103.81
154.8924,-33.7032,103.82
155.1423,-33.7032,104.42
155.3921,-33.7032,105.53
155.6419,-33.7032,106.95
155.8917,-33.7032,108.50
110.1735,-33.4535,128.92
110.4233,-33.4535,130.29
110.6731,-33.4535,131.25
110.9230,-33.4535,131.65
111.1728,-33.4535,131.42
111.4226,-33.4535,130.69
111.6724,-33.4535,129.68
111.9223,-33.4535,128.58
112.1721,-33.4535,127.57
112.4219,-33.4535,126.86
112.6718,-33.4535,126.64
112.9216,-33.4535,127.16
113.1714,-33.4535,128.61
113.4212,-33.4535,130.86
113.6711,-33.4535,133.72
113.9209,-33.4535,137.05
114.1707,-33.4535,140.71
114.4205,-33.4535,144.53
114.6704,-33.4535,148.30
114.9202,-33.4535,151.70
115.1700,-33.4535,154.47
115.4198,-33.4535,156.72
115.6697,-33.4535,158.59
115.9195,-33.4535,160.13
116.1693,-33.4535,161.32
116.4192,-33.4535,162.10
116.6690,-33.4535,162.38
116.9188,-33.4535,162.10
117.1686,-33.4535,161.19
117.4185,-33.4535,159.73
117.6683,-33.4535,157.79
117.9181,-33.4535,155.50
118.1679,-33.4535,153.02
118.4178,-33.4535,150.54
118.6676,-33.4535,148.36
118.9174,-33.4535,146.85
119.1672,-33.4535,146.36
119.4171,-33.4535,146.65
119.6669,-33.4535,147.47
119.9167,-33.4535,148.66
120.1666,-33.4535,150.14
120.4164,-33.4535,151.91
120.6662,-33.4535,153.96
120.9160,-33.4535,156.29
121.1659,-33.4535,158.88
121.4157,-33.4535,161.70
121.6655,-33.4535,164.70
121.9153,-33.4535,167.79
122.1652,-33.4535,170.82
122.4150,-33.4535,173.61
122.6648,-33.4535,175.89
122.9146,-33.4535,177.31
123.1645,-33.4535,177.55
123.4143,-33.4535,176.89
123.6641,-33.4535,175.63
123.9139,-33.4535,173.98
124.1638,-33.4535,172.08
124.4136,-33.4535,169.97
124.6634,-33.4535,167.63
124.9133,-33.4535,165.00
125.1631,-33.4535,161.96
125.4129,-33.4535,158.56
125.6627,-33.4535,154.84
125.9126,-33.4535,150.79
126.1624,-33.4535,146.32
126.4122,-33.4535,141.37
126.6620,-33.4535,135.80
126.9119,-33.4535,129.52
127.1617,-33.4535,122.42
127.4115,-33.4535,114.59
127.6613,-33.4535,106.14
127.9112,-33.4535,97.21
128.1610,-33.4535,88.00
128.4108,-33.4535,78.79
128.6607,-33.4535,70.03
128.9105,-33.4535,62.37
129.1603,-33.4535,56.45
129.4101,-33.4535,51.97
129.6600,-33.4535,48.67
129.9098,-33.4535,46.54
130.1596,-33.4535,45.80
130.4094,-33.4535,46.93
130.6593,-33.4535,50.62
130.9091,-33.4535,57.70
131.1589,-33.4535,68.79
131.4087,-33.4535,82.94
131.6586,-33.4535,98.92
131.9084,-33.4535,115.62
132.1582,-33.4535,132.06
132.4080,-33.4535,147.32
132.6579,-33.4535,160.56
132.9077,-33.4535,170.99
133.1575,-33.4535,178.08
133.4074,-33.4535,182.17
133.6572,-33.4535,183.85
133.9070,-33.4535,183.74
134.1568,-33.4535,182.43
134.4067,-33.4535,180.55
134.6565,-33.4535,178.72
134.9063,-33.4535,177.61
135.1561,-33.4535,177.74
135.4060,-33.4535,178.85
135.6558,-33.4535,180.55
135.9056,-33.4535,182.46
136.1554,-33.4535,184.27
136.4053,-33.4535,185.64
136.6551,-33.4535,186.22
136.9049,-33.4535,185.59
137.1548,-33.4535,183.48
137.4046,-33.4535,180.17
137.6544,-33.4535,176.05
137.9042,-33.4535,171.48
138.1541,-33.4535,166.77
138.4039,-33.4535,162.17
138.6537,-33.4535,157.93
138.9035,-33.4535,154.29
139.1534,-33.4535,151.39
139.4032,-33.4535,149.15
139.6530,-33.4535,147.44
139.9028,-33.4535,146.10
140.1527,-33.4535,145.03
140.4025,-33.4535,144.15
140.6523,-33.4535,143.45
140.9022,-33.4535,143.04
141.1520,-33.4535,143.02
141.4018,-33.4535,143.14
141.6516,-33.4535,143.16
141.9015,-33.4535,142.94
142.1513,-33.4535,142.45
142.4011,-33.4535,141.75
142.6509,-33.4535,141.01
142.9008,-33.4535,140.55
143.1506,-33.4535,140.69
143.4004,-33.4535,141.22
143.6502,-33.4535,141.90
143.9001,-33.4535,142.62
144.1499,-33.4535,143.30
144.3997,-33.4535,143.84
144.6495,-33.4535,143.97
144.8994,-33.4535,143.22
145.1492,-33.4535,141.14
145.3990,-33.4535,138.26
145.6489,-33.4535,135.10
145.8987,-33.4535,131.96
146.1485,-33.4535,128.91
146.3983,-33.4535,125.87
146.6482,-33.4535,122.66
146.8980,-33.4535,118.97
147.1478,-33.4535,114.53
147.3976,-33.4535,109.45
147.6475,-33.4535,103.87
147.8973,-33.4535,97.91
148.1471,-33.4535,91.72
148.3969,-33.4535,85.51
148.6468,-33.4535,79.65
148.8966,-33.4535,74.69
149.1464,-33.4535,71.16
149.3963,-33.4535,68.61
149.6461,-33.4535,66.59
149.8959,-33.4535,64.86
150.1457,-33.4535,63.39
150.3956,-33.4535,62.41
150.6454,-33.4535,62.31
150.8952,-33.4535,63.73
151.1450,-33.4535,67.22
151.3949,-33.4535,72.28
151.6447,-33.4535,78.27
151.8945,-33.4535,84.73
152.1443,-33.4535,91.26
152.3942,-33.4535,97.45
152.6440,-33.4535,102.79
152.8938,-33.4535,106.64
153.1437,-33.4535,108.45
153.3935,-33.4535,108.72
153.6433,-33.4535,108.09
153.8931,-33.4535,106.99
154.1430,-33.4535,105.77
154.3928,-33.4535,104.69
154.6426,-33.4535,103.98
154.8924,-33.4535,103.89
155.1423,-33.4535,104.59
155.3921,-33.4535,105.89
155.6419,-33.4535,107.54
155.8917,-33.4535,109.33
110.1735,-33.2039,128.48
110.4233,-33.2039,129.78
110.6731,-33.2039,130.70
110.9230,-33.2039,131.05
111.1728,-33.2039,130.63
111.4226,-33.2039,129.72
111.6724,-33.2039,128.56
111.9223,-33.2039,127.34
112.1721,-33.2039,126.25
112.4219,-33.2039,125.49
112.6718,-33.2039,125.28
112.9216,-33.2039,125.94
113.1714,-33.2039,127.91
113.4212,-33.2039,130.80
113.6711,-33.2039,134.36
113.9209,-33.2039,138.39
114.1707,-33.2039,142.74
114.4205,-33.2039,147.22
114.6704,-33.2039,151.59
114.9202,-33.2039,155.41
115.1700,-33.2039,158.09
115.4198,-33.2039,160.06
115.6697,-33.2039,161.60
115.9195,-33.2039,162.79
116.1693,-33.2039,163.65
116.4192,-33.2039,164.13
116.6690,-33.2039,164.16
116.9188,-33.2039,163.67
117.1686,-33.2039,162.59
117.4185,-33.2039,160.98
117.6683,-33.2039,158.95
117.9181,-33.2039,156.59
118.1679,-33.2039,154.06
118.4178,-33.2039,151.52
118.6676,-33.2039,149.30
118.9174,-33.2039,147.92
119.1672,-33.2039,148.15
119.4171,-33.2039,149.32
119.6669,-33.2039,151.01
119.9167,-33.2039,153.03
120.1666,-33.2039,155.29
120.4164,-33.2039,157.76
120.6662,-33.2039,160.45
120.9160,-33.2039,163.33
121.1659,-33.2039,166.35
121.4157,-33.2039,169.53
121.6655,-33.2039,172.85
121.9153,-33.2039,176.25
122.1652,-33.2039,179.62
122.4150,-33.2039,182.78
122.6648,-33.2039,185.45
122.9146,-33.2039,187.13
123.1645,-33.2039,187.09
123.4143,-33.2039,186.02
123.6641,-33.2039,184.40
123.9139,-33.2039,182.47
124.1638,-33.2039,180.34
124.4136,-33.2039,178.06
124.6634,-33.2039,175.59
124.9133,-33.2039,172.78
125.1631,-33.2039,169.39
125.4129,-33.2039,165.60
125.6627,-33.2039,161.48
125.9126,-33.2039,157.03
126.1624,-33.2039,152.19
126.4122,-33.2039,146.85
126.6620,-33.2039,140.91
126.9119,-33.2039,134.20
127.1617,-33.2039,126.54
127.4115,-33.2039,118.09
127.6613,-33.2039,109.00
127.9112,-33.2039,99.43
128.1610,-33.2039,89.56
128.4108,-33.2039,79.70
128.6607,-33.2039,70.35
128.9105,-33.2039,62.42
129.1603,-33.2039,57.25
129.4101,-33.2039,53.79
129.6600,-33.2039,51.46
129.9098,-33.2039,50.09
130.1596,-33.2039,49.83
130.4094,-33.2039,51.05
130.6593,-33.2039,54.40
130.9091,-33.2039,61.02
131.1589,-33.2039,72.51
131.4087,-33.2039,86.96
131.6586,-33.2039,102.89
131.9084,-33.2039,119.26
132.1582,-33.2039,135.23
132.4080,-33.2039,150.05
132.6579,-33.2039,162.98
132.9077,-33.2039,173.17
133.1575,-33.2039,179.66
133.4074,-33.2039,183.26
133.6572,-33.2039,184.65
133.9070,-33.2039,184.38
134.1568,-33.2039,182.97
134.4067,-33.2039,180.92
134.6565,-33.2039,178.86
134.9063,-33.2039,177.56
135.1561,-33.2039,178.04
135.4060,-33.2039,179.53
135.6558,-33.2039,181.51
135.9056,-33.2039,183.63
136.1554,-33.2039,185.61
136.4053,-33.2039,187.19
136.6551,-33.2039,188.03
136.9049,-33.2039,187.66
137.1548,-33.2039,185.41
137.4046,-33.2039,181.95
137.6544,-33.2039,177.78
137.9042,-33.2039,173.24
138.1541,-33.2039,168.58
138.4039,-33.2039,164.01
138.6537,-33.2039,159.74
138.9035,-33.2039,156.00
139.1534,-33.2039,153.05
139.4032,-33.2039,150.67
139.6530,-33.2039,148.69
139.9028,-33.2039,146.98
140.1527,-33.2039,145.43
140.4025,-33.2039,144.01
140.6523,-33.2039,142.77
140.9022,-33.2039,141.95
141.1520,-33.2039,141.98
141.4018,-33.2039,142.29
141.6516,-33.2039,142.52
141.9015,-33.2039,142.50
142.1513,-33.2039,142.18
142.4011,-33.2039,141.64
142.6509,-33.2039,141.11
142.9008,-33.2039,141.08
143.1506,-33.2039,142.35
143.4004,-33.2039,144.24
143.6502,-33.2039,146.37
143.9001,-33.2039,148.56
144.1499,-33.2039,150.74
144.3997,-33.2039,152.75
144.6495,-33.2039,154.27
144.8994,-33.2039,154.53
145.1492,-33.2039,152.29
145.3990,-33.2039,148.90
145.6489,-33.2039,145.21
145.8987,-33.2039,141.59
146.1485,-33.2039,138.19
146.3983,-33.2039,134.94
146.6482,-33.2039,131.64
146.8980,-33.2039,127.89
147.1478,-33.2039,123.12
147.3976,-33.2039,117.64
147.6475,-33.2039,111.65
147.8973,-33.2039,105.21
148.1471,-33.2039,98.36
148.3969,-33.2039,91.22
148.6468,-33.2039,84.14
148.8966,-33.2039,77.87
149.1464,-33.2039,73.62
149.3963,-33.2039,70.25
149.6461,-33.2039,67.11
149.8959,-33.2039,63.96
150.1457,-33.2039,60.91
150.3956,-33.2039,58.24
150.6454,-33.2039,56.53
150.8952,-33.2039,56.78
151.1450,-33.2039,60.39
151.3949,-33.2039,66.07
151.6447,-33.2039,72.92
151.8945,-33.2039,80.40
152.1443,-33.2039,88.08
152.3942,-33.2039,95.55
152.6440,-33.2039,102.23
152.8938,-33.2039,107.18
153.1437,-33.2039,109.08
153.3935,-33.2039,109.20
153.6433,-33.2039,108.40
153.8931,-33.2039,107.18
154.1430,-33.2039,105.85
154.3928,-33.2039,104.65
154.6426,-33.2039,103.82
154.8924,-33.2039,103.66
155.1423,-33.2039,104.57
155.3921,-33.2039,106.14
155.6419,-33.2039,108.05
155.8917,-33.2039,110.09
110.1735,-32.9542,127.64
110.4233,-32.9542,128.84
110.6731,-32.9542,129.69
110.9230,-32.9542,130.04
111.1728,-32.9542,129.42
111.4226,-32.9542,128.37
111.6724,-32.9542,127.12
111.9223,-32.9542,125.87
112.1721,-32.9542,124.78
112.4219,-32.9542,124.05
112.6718,-32.9542,123.89
112.9216,-32.9542,124.62
113.1714,-32.9542,127.12
113.4212,-32.9542,130.56
113.6711,-32.9542,134.66
113.9209,-32.9542,139.22
114.1707,-32.9542,144.08
114.4205,-32.9542,149.07
114.6704,-32.9542,153.92
114.9202,-32.9542,158.22
115.1700,-32.9542,160.73
115.4198,-32.9542,162.52
115.6697,-32.9542,163.88
115.9195,-32.9542,164.88
116.1693,-32.9542,165.55
116.4192,-32.9542,165.86
116.6690,-32.9542,165.77
116.9188,-32.9542,165.23
117.1686,-32.9542,164.07
117.4185,-32.9542,162.47
117.6683,-32.9542,160.51
117.9181,-32.9542,158.27
118.1679,-32.9542,155.88
118.4178,-32.9542,153.49
118.6676,-32.9542,151.37
118.9174,-32.9542,150.03
119.1672,-32.9542,151.08
119.4171,-32.9542,153.00
119.6669,-32.9542,155.36
119.9167,-32.9542,158.00
120.1666,-32.9542,160.82
120.4164,-32.9542,163.82
120.6662,-32.9542,166.97
120.9160,-32.9542,170.24
121.1659,-32.9542,173.54
121.4157,-32.9542,176.94
121.6655,-32.9542,180.44
121.9153,-32.9542,183.98
122.1652,-32.9542,187.49
122.4150,-32.9542,190.82
122.6648,-32.9542,193.73
122.9146,-32.9542,195.73
123.1645,-32.9542,195.26
123.4143,-32.9542,193.87
123.6641,-32.9542,192.01
123.9139,-32.9542,189.89
124.1638,-32.9542,187.63
124.4136,-32.9542,185.24
124.6634,-32.9542,182.70
124.9133,-32.9542,179.85
125.1631,-32.9542,176.18
125.4129,-32.9542,172.13
125.6627,-32.9542,167.78
125.9126,-32.9542,163.10
126.1624,-32.9542,158.04
126.4122,-32.9542,152.50
126.6620,-32.9542,146.36
126.9119,-32.9542,139.48
127.1617,-32.9542,131.47
127.4115,-32.9542,122.71
127.6613,-32.9542,113.35
127.9112,-32.9542,103.54
128.1610,-32.9542,93.47
128.4108,-32.9542,83.43
128.6607,-32.9542,73.87
128.9105,-32.9542,65.69
129.1603,-32.9542,61.63
129.4101,-32.9542,59.20
129.6600,-32.9542,57.75
129.9098,-32.9542,57.12
130.1596,-32.9542,57.38
130.4094,-32.9542,58.77
130.6593,-32.9542,61.78
130.9091,-32.9542,67.47
131.1589,-32.9542,79.41
131.4087,-32.9542,93.73
131.6586,-32.9542,109.07
131.9084,-32.9542,124.58
132.1582,-32.9542,139.60
132.4080,-32.9542,153.56
132.6579,-32.9542,165.86
132.9077,-32.9542,175.73
133.1575,-32.9542,181.35
133.4074,-32.9542,184.42
133.6572,-32.9542,185.57
133.9070,-32.9542,185.24
134.1568,-32.9542,183.84
134.4067,-32.9542,181.78
134.6565,-32.9542,179.55
134.9063,-32.9542,177.90
135.1561,-32.9542,178.79
135.4060,-32.9542,180.50
135.6558,-32.9542,182.51
135.9056,-32.9542,184.56
136.1554,-32.9542,186.47
136.4053,-32.9542,188.03
136.6551,-32.9542,189.00
136.9049,-32.9542,188.93
137.1548,-32.9542,186.43
137.4046,-32.9542,182.91
137.6544,-32.9542,178.84
137.9042,-32.9542,174.48
138.1541,-32.9542,170.02
138.4039,-32.9542,165.62
138.6537,-32.9542,161.44
138.9035,-32.9542,157.67
139.1534,-32.9542,154.81
139.4032,-32.9542,152.40
139.6530,-32.9542,150.26
139.9028,-32.9542,148.29
140.1527,-32.9542,146.42
140.4025,-32.9542,144.63
140.6523,-32.9542,142.97
140.9022,-32.9542,141.71
141.1520,-32.9542,141.90
141.4018,-32.9542,142.38
141.6516,-32.9542,142.77
141.9015,-32.9542,142.91
142.1513,-32.9542,142.79
142.4011,-32.9542,142.44
142.6509,-32.9542,142.08
142.9008,-32.9542,142.20
143.1506,-32.9542,144.47
143.4004,-32.9542,147.34
143.6502,-32.9542,150.41
143.9001,-32.9542,153.53
144.1499,-32.9542,156.62
144.3997,-32.9542,159.57
144.6495,-32.9542,162.07
144.8994,-32.9542,163.38
145.1492,-32.9542,160.70
145.3990,-32.9542,156.94
145.6489,-32.9542,152.97
145.8987,-32.9542,149.16
146.1485,-32.9542,145.63
146.3983,-32.9542,142.37
146.6482,-32.9542,139.22
146.8980,-32.9542,135.80
147.1478,-32.9542,130.95
147.3976,-32.9542,125.52
147.6475,-32.9542,119.65
147.8973,-32.9542,113.28
148.1471,-32.9542,106.34
148.3969,-32.9542,98.84
148.6468,-32.9542,90.98
148.8966,-32.9542,83.42
149.1464,-32.9542,78.81
149.3963,-32.9542,74.60
149.6461,-32.9542,70.20
149.8959,-32.9542,65.55
150.1457,-32.9542,60.87
150.3956,-32.9542,56.53
150.6454,-32.9542,53.14
150.8952,-32.9542,51.76
151.1450,-32.9542,55.41
151.3949,-32.9542,61.24
151.6447,-32.9542,68.34
151.8945,-32.9542,76.22
152.1443,-32.9542,84.47
152.3942,-32.9542,92.68
152.6440,-32.9542,100.31
152.8938,-32.9542,106.41
153.1437,-32.9542,108.14
153.3935,-32.9542,108.24
153.6433,-32.9542,107.56
153.8931,-32.9542,106.50
154.1430,-32.9542,105.33
154.3928,-32.9542,104.26
154.6426,-32.9542,103.48
154.8924,-32.9542,103.29
155.1423,-32.9542,104.54
155.3921,-32.9542,106.37
155.6419,-32.9542,108.49
155.8917,-32.9542,110.71
110.1735,-32.7046,126.43
110.4233,-32.7046,127.44
110.6731,-32.7046,128.09
110.9230,-32.7046,128.22
111.1728,-32.7046,127.63
111.4226,-32.7046,126.62
111.6724,-32.7046,125.42
111.9223,-32.7046,124.24
112.1721,-32.7046,123.28
112.4219,-32.7046,122.75
112.6718,-32.7046,122.90
112.9216,-32.7046,124.07
113.1714,-32.7046,126.68
113.4212,-32.7046,130.33
113.6711,-32.7046,134.71
113.9209,-32.7046,139.57
114.1707,-32.7046,144.72
114.4205,-32.7046,149.90
114.6704,-32.7046,154.83
114.9202,-32.7046,159.03
115.1700,-32.7046,161.91
115.4198,-32.7046,163.93
115.6697,-32.7046,165.37
115.9195,-32.7046,166.37
116.1693,-32.7046,167.00
116.4192,-32.7046,167.27
116.6690,-32.7046,167.15
116.9188,-32.7046,166.61
117.1686,-32.7046,165.60
117.4185,-32.7046,164.20
117.6683,-32.7046,162.50
117.9181,-32.7046,160.61
118.1679,-32.7046,158.63
118.4178,-32.7046,156.77
118.6676,-32.7046,155.30
118.9174,-32.7046,154.75
119.1672,-32.7046,155.87
119.4171,-32.7046,157.97
119.6669,-32.7046,160.62
119.9167,-32.7046,163.57
120.1666,-32.7046,166.73
120.4164,-32.7046,170.02
120.6662,-32.7046,173.41
120.9160,-32.7046,176.86
121.1659,-32.7046,180.31
121.4157,-32.7046,183.79
121.6655,-32.7046,187.29
121.9153,-32.7046,190.78
122.1652,-32.7046,194.16
122.4150,-32.7046,197.28
122.6648,-32.7046,199.86
122.9146,-32.7046,201.41
123.1645,-32.7046,201.21
123.4143,-32.7046,199.97
123.6641,-32.7046,198.16
123.9139,-32.7046,196.04
124.1638,-32.7046,193.72
124.4136,-32.7046,191.26
124.6634,-32.7046,188.59
124.9133,-32.7046,185.59
125.1631,-32.7046,181.98
125.4129,-32.7046,177.95
125.6627,-32.7046,173.59
125.9126,-32.7046,168.88
126.1624,-32.7046,163.77
126.4122,-32.7046,158.17
126.6620,-32.7046,151.95
126.9119,-32.7046,144.97
127.1617,-32.7046,137.05
127.4115,-32.7046,128.38
127.6613,-32.7046,119.16
127.9112,-32.7046,109.58
128.1610,-32.7046,99.87
128.4108,-32.7046,90.40
128.6607,-32.7046,81.71
128.9105,-32.7046,74.70
129.1603,-32.7046,70.71
129.4101,-32.7046,68.63
129.6600,-32.7046,67.76
129.9098,-32.7046,67.81
130.1596,-32.7046,68.77
130.4094,-32.7046,70.82
130.6593,-32.7046,74.47
130.9091,-32.7046,80.74
131.1589,-32.7046,91.19
131.4087,-32.7046,103.96
131.6586,-32.7046,117.73
131.9084,-32.7046,131.64
132.1582,-32.7046,145.08
132.4080,-32.7046,157.51
132.6579,-32.7046,168.37
132.9077,-32.7046,176.93
133.1575,-32.7046,182.33
133.4074,-32.7046,185.33
133.6572,-32.7046,186.54
133.9070,-32.7046,186.40
134.1568,-32.7046,185.27
134.4067,-32.7046,183.55
134.6565,-32.7046,181.75
134.9063,-32.7046,180.56
135.1561,-32.7046,180.95
135.4060,-32.7046,182.18
135.6558,-32.7046,183.75
135.9056,-32.7046,185.36
136.1554,-32.7046,186.84
136.4053,-32.7046,187.98
136.6551,-32.7046,188.53
136.9049,-32.7046,188.07
137.1548,-32.7046,185.96
137.4046,-32.7046,182.84
137.6544,-32.7046,179.18
137.9042,-32.7046,175.24
138.1541,-32.7046,171.19
138.4039,-32.7046,167.18
138.6537,-32.7046,163.35
138.9035,-32.7046,159.89
139.1534,-32.7046,157.03
139.4032,-32.7046,154.56
139.6530,-32.7046,152.31
139.9028,-32.7046,150.21
140.1527,-32.7046,148.21
140.4025,-32.7046,146.33
140.6523,-32.7046,144.68
140.9022,-32.7046,143.56
141.1520,-32.7046,143.44
141.4018,-32.7046,143.75
141.6516,-32.7046,144.14
141.9015,-32.7046,144.41
142.1513,-32.7046,144.52
142.4011,-32.7046,144.54
142.6509,-32.7046,144.72
142.9008,-32.7046,145.54
143.1506,-32.7046,147.79
143.4004,-32.7046,150.77
143.6502,-32.7046,154.05
143.9001,-32.7046,157.41
144.1499,-32.7046,160.69
144.3997,-32.7046,163.68
144.6495,-32.7046,165.99
144.8994,-32.7046,166.82
145.1492,-32.7046,164.92
145.3990,-32.7046,161.67
145.6489,-32.7046,157.97
145.8987,-32.7046,154.30
146.1485,-32.7046,150.88
146.3983,-32.7046,147.72
146.6482,-32.7046,144.69
146.8980,-32.7046,141.43
147.1478,-32.7046,137.34
147.3976,-32.7046,132.71
147.6475,-32.7046,127.62
147.8973,-32.7046,122.01
148.1471,-32.7046,115.75
148.3969,-32.7046,108.80
148.6468,-32.7046,101.34
148.8966,-32.7046,94.00
149.1464,-32.7046,87.98
149.3963,-32.7046,82.20
149.6461,-32.7046,76.14
149.8959,-32.7046,69.81
150.1457,-32.7046,63.52
150.3956,-32.7046,57.80
150.6454,-32.7046,53.41
150.8952,-32.7046,51.49
151.1450,-32.7046,53.55
151.3949,-32.7046,58.27
151.6447,-32.7046,64.72
151.8945,-32.7046,72.23
152.1443,-32.7046,80.30
152.3942,-32.7046,88.39
152.6440,-32.7046,95.83
152.8938,-32.7046,101.62
153.1437,-32.7046,104.38
153.3935,-32.7046,105.35
153.6433,-32.7046,105.35
153.8931,-32.7046,104.87
154.1430,-32.7046,104.22
154.3928,-32.7046,103.61
154.6426,-32.7046,103.29
154.8924,-32.7046,103.56
155.1423,-32.7046,104.82
155.3921,-32.7046,106.68
155.6419,-32.7046,108.85
155.8917,-32.7046,111.14
110.1735,-32.4549,124.95
110.4233,-32.4549,125.73
110.6731,-32.4549,126.16
110.9230,-32.4549,126.13
111.1728,-32.4549,125.57
111.4226,-32.4549,124.64
111.6724,-32.4549,123.56
111.9223,-32.4549,122.52
112.1721,-32.4549,121.76
112.4219,-32.4549,121.50
112.6718,-32.4549,121.99
112.9216,-32.4549,123.51
113.1714,-32.4549,126.24
113.4212,-32.4549,130.00
113.6711,-32.4549,134.52
113.9209,-32.4549,139.53
114.1707,-32.4549,144.79
114.4205,-32.4549,150.01
114.6704,-32.4549,154.89
114.9202,-32.4549,159.07
115.1700,-32.4549,162.23
115.4198,-32.4549,164.54
115.6697,-32.4549,166.20
115.9195,-32.4549,167.34
116.1693,-32.4549,168.06
116.4192,-32.4549,168.39
116.6690,-32.4549,168.36
116.9188,-32.4549,167.97
117.1686,-32.4549,167.21
117.4185,-32.4549,166.16
117.6683,-32.4549,164.90
117.9181,-32.4549,163.53
118.1679,-32.4549,162.17
118.4178,-32.4549,161.02
118.6676,-32.4549,160.33
118.9174,-32.4549,160.46
119.1672,-32.4549,161.74
119.4171,-32.4549,163.89
119.6669,-32.4549,166.60
119.9167,-32.4549,169.66
120.1666,-32.4549,172.92
120.4164,-32.4549,176.31
120.6662,-32.4549,179.76
120.9160,-32.4549,183.22
121.1659,-32.4549,186.66
121.4157,-32.4549,190.05
121.6655,-32.4549,193.40
121.9153,-32.4549,196.64
122.1652,-32.4549,199.68
122.4150,-32.4549,202.38
122.6648,-32.4549,204.48
122.9146,-32.4549,205.64
123.1645,-32.4549,205.56
123.4143,-32.4549,204.54
123.6641,-32.4549,202.91
123.9139,-32.4549,200.89
124.1638,-32.4549,198.62
124.4136,-32.4549,196.15
124.6634,-32.4549,193.44
124.9133,-32.4549,190.41
125.1631,-32.4549,186.94
125.4129,-32.4549,183.08
125.6627,-32.4549,178.88
125.9126,-32.4549,174.31
126.1624,-32.4549,169.33
126.4122,-32.4549,163.84
126.6620,-32.4549,157.74
126.9119,-32.4549,150.91
127.1617,-32.4549,143.29
127.4115,-32.4549,135.01
127.6613,-32.4549,126.26
127.9112,-32.4549,117.28
128.1610,-32.4549,108.37
128.4108,-32.4549,99.90
128.6607,-32.4549,92.41
128.9105,-32.4549,86.58
129.1603,-32.4549,83.00
129.4101,-32.4549,81.28
129.6600,-32.4549,80.94
129.9098,-32.4549,81.69
130.1596,-32.4549,83.44
130.4094,-32.4549,86.31
130.6593,-32.4549,90.64
130.9091,-32.4549,97.06
131.1589,-32.4549,106.07
131.4087,-32.4549,116.86
131.6586,-32.4549,128.48
131.9084,-32.4549,140.24
132.1582,-32.4549,151.59
132.4080,-32.4549,162.04
132.6579,-32.4549,171.13
132.9077,-32.4549,178.34
133.1575,-32.4549,183.28
133.4074,-32.4549,186.24
133.6572,-32.4549,187.65
133.9070,-32.4549,187.85
134.1568,-32.4549,187.18
134.4067,-32.4549,186.00
134.6565,-32.4549,184.71
134.9063,-32.4549,183.82
135.1561,-32.4549,183.79
135.4060,-32.4549,184.35
135.6558,-32.4549,185.20
135.9056,-32.4549,186.08
136.1554,-32.4549,186.84
136.4053,-32.4549,187.31
136.6551,-32.4549,187.29
136.9049,-32.4549,186.48
137.1548,-32.4549,184.64
137.4046,-32.4549,182.03
137.6544,-32.4549,178.95
137.9042,-32.4549,175.60
138.1541,-32.4549,172.14
138.4039,-32.4549,168.69
138.6537,-32.4549,165.36
138.9035,-32.4549,162.28
139.1534,-32.4549,159.57
139.4032,-32.4549,157.13
139.6530,-32.4549,154.88
139.9028,-32.4549,152.76
140.1527,-32.4549,150.77
140.4025,-32.4549,148.94
140.6523,-32.4549,147.42
140.9022,-32.4549,146.41
141.1520,-32.4549,146.09
141.4018,-32.4549,146.21
141.6516,-32.4549,146.54
141.9015,-32.4549,146.90
142.1513,-32.4549,147.24
142.4011,-32.4549,147.64
142.6509,-32.4549,148.27
142.9008,-32.4549,149.47
143.1506,-32.4549,151.54
143.4004,-32.4549,154.23
143.6502,-32.4549,157.20
143.9001,-32.4549,160.24
144.1499,-32.4549,163.13
144.3997,-32.4549,165.62
144.6495,-32.4549,167.33
144.8994,-32.4549,167.70
145.1492,-32.4549,166.26
145.3990,-32.4549,163.61
145.6489,-32.4549,160.40
145.8987,-32.4549,157.09
146.1485,-32.4549,153.94
146.3983,-32.4549,151.04
146.6482,-32.4549,148.33
146.8980,-32.4549,145.58
147.1478,-32.4549,142.51
147.3976,-32.4549,139.12
147.6475,-32.4549,135.37
147.8973,-32.4549,131.12
148.1471,-32.4549,126.19
148.3969,-32.4549,120.42
148.6468,-32.4549,113.87
148.8966,-32.4549,106.84
149.1464,-32.4549,99.77
149.3963,-32.4549,92.37
149.6461,-32.4549,84.50
149.8959,-32.4549,76.36
150.1457,-32.4549,68.40
150.3956,-32.4549,61.28
150.6454,-32.4549,55.82
150.8952,-32.4549,52.94
151.1450,-32.4549,53.37
151.3949,-32.4549,56.59
151.6447,-32.4549,61.84
151.8945,-32.4549,68.43
152.1443,-32.4549,75.76
152.3942,-32.4549,83.21
152.6440,-32.4549,90.09
152.8938,-32.4549,95.62
153.1437,-32.4549,99.14
153.3935,-32.4549,101.08
153.6433,-32.4549,102.03
153.8931,-32.4549,102.41
154.1430,-32.4549,102.52
154.3928,-32.4549,102.61
154.6426,-32.4549,102.91
154.8924,-32.4549,103.65
155.1423,-32.4549,105.02
155.3921,-32.4549,106.87
155.6419,-32.4549,109.02
155.8917,-32.4549,111.29
110.1735,-32.2053,123.32
110.4233,-32.2053,123.89
110.6731,-32.2053,124.13
110.9230,-32.2053,123.98
111.1728,-32.2053,123.42
111.4226,-32.2053,122.58
111.6724,-32.2053,121.62
111.9223,-32.2053,120.76
112.1721,-32.2053,120.20
112.4219,-32.2053,120.19
112.6718,-32.2053,120.97
112.9216,-32.2053,122.75
113.1714,-32.2053,125.64
113.4212,-32.2053,129.50
113.6711,-32.2053,134.11
113.9209,-32.2053,139.20
114.1707,-32.2053,144.49
114.4205,-32.2053,149.71
114.6704,-32.2053,154.55
114.9202,-32.2053,158.75
115.1700,-32.2053,162.11
115.4198,-32.2053,164.69
115.6697,-32.2053,166.58
115.9195,-32.2053,167.93
116.1693,-32.2053,168.81
116.4192,-32.2053,169.30
116.6690,-32.2053,169.46
116.9188,-32.2053,169.31
117.1686,-32.2053,168.91
117.4185,-32.2053,168.31
117.6683,-32.2053,167.59
117.9181,-32.2053,166.86
118.1679,-32.2053,166.23
118.4178,-32.2053,165.85
118.6676,-32.2053,165.92
118.9174,-32.2053,166.64
119.1672,-32.2053,168.15
119.4171,-32.2053,170.34
119.6669,-32.2053,173.03
119.9167,-32.2053,176.05
120.1666,-32.2053,179.27
120.4164,-32.2053,182.60
120.6662,-32.2053,185.97
120.9160,-32.2053,189.31
121.1659,-32.2053,192.58
121.4157,-32.2053,195.75
121.6655,-32.2053,198.78
121.9153,-32.2053,201.64
122.1652,-32.2053,204.23
122.4150,-32.2053,206.42
122.6648,-32.2053,208.03
122.9146,-32.2053,208.85
123.1645,-32.2053,208.77
123.4143,-32.2053,207.90
123.6641,-32.2053,206.45
123.9139,-32.2053,204.59
124.1638,-32.2053,202.42
124.4136,-32.2053,200.02
124.6634,-32.2053,197.37
124.9133,-32.2053,194.43
125.1631,-32.2053,191.16
125.4129,-32.2053,187.57
125.6627,-32.2053,183.65
125.9126,-32.2053,179.38
126.1624,-32.2053,174.69
126.4122,-32.2053,169.50
126.6620,-32.2053,163.71
126.9119,-32.2053,157.25
127.1617,-32.2053,150.10
127.4115,-32.2053,142.40
127.6613,-32.2053,134.36
127.9112,-32.2053,126.23
128.1610,-32.2053,118.33
128.4108,-32.2053,111.06
128.6607,-32.2053,104.83
128.9105,-32.2053,100.13
129.1603,-32.2053,97.26
129.4101,-32.2053,96.09
129.6600,-32.2053,96.37
129.9098,-32.2053,97.86
130.1596,-32.2053,100.43
130.4094,-32.2053,104.07
130.6593,-32.2053,108.89
130.9091,-32.2053,115.08
131.1589,-32.2053,122.74
131.4087,-32.2053,131.45
131.6586,-32.2053,140.69
131.9084,-32.2053,149.99
132.1582,-32.2053,158.94
132.4080,-32.2053,167.19
132.6579,-32.2053,174.39
132.9077,-32.2053,180.23
133.1575,-32.2053,184.51
133.4074,-32.2053,187.35
133.6572,-32.2053,188.95
133.9070,-32.2053,189.56
134.1568,-32.2053,189.42
134.4067,-32.2053,188.79
134.6565,-32.2053,187.97
134.9063,-32.2053,187.25
135.1561,-32.2053,186.85
135.4060,-32.2053,186.73
135.6558,-32.2053,186.74
135.9056,-32.2053,186.74
136.1554,-32.2053,186.64
136.4053,-32.2053,186.32
136.6551,-32.2053,185.68
136.9049,-32.2053,184.58
137.1548,-32.2053,182.93
137.4046,-32.2053,180.82
137.6544,-32.2053,178.38
137.9042,-32.2053,175.74
138.1541,-32.2053,172.98
138.4039,-32.2053,170.19
138.6537,-32.2053,167.43
138.9035,-32.2053,164.80
139.1534,-32.2053,162.35
139.4032,-32.2053,160.06
139.6530,-32.2053,157.89
139.9028,-32.2053,155.84
140.1527,-32.2053,153.93
140.4025,-32.2053,152.22
140.6523,-32.2053,150.82
140.9022,-32.2053,149.87
141.1520,-32.2053,149.44
141.4018,-32.2053,149.44
141.6516,-32.2053,149.70
141.9015,-32.2053,150.12
142.1513,-32.2053,150.65
142.4011,-32.2053,151.31
142.6509,-32.2053,152.21
142.9008,-32.2053,153.49
143.1506,-32.2053,155.27
143.4004,-32.2053,157.44
143.6502,-32.2053,159.78
143.9001,-32.2053,162.13
144.1499,-32.2053,164.27
144.3997,-32.2053,165.99
144.6495,-32.2053,166.98
144.8994,-32.2053,166.93
145.1492,-32.2053,165.66
145.3990,-32.2053,163.44
145.6489,-32.2053,160.71
145.8987,-32.2053,157.83
146.1485,-32.2053,155.06
146.3983,-32.2053,152.55
146.6482,-32.2053,150.34
146.8980,-32.2053,148.37
147.1478,-32.2053,146.50
147.3976,-32.2053,144.64
147.6475,-32.2053,142.61
147.8973,-32.2053,140.17
148.1471,-32.2053,137.03
148.3969,-32.2053,132.88
148.6468,-32.2053,127.50
148.8966,-32.2053,120.86
149.1464,-32.2053,113.06
149.3963,-32.2053,104.17
149.6461,-32.2053,94.47
149.8959,-32.2053,84.43
150.1457,-32.2053,74.69
150.3956,-32.2053,66.01
150.6454,-32.2053,59.20
150.8952,-32.2053,55.01
151.1450,-32.2053,53.88
151.3949,-32.2053,55.54
151.6447,-32.2053,59.41
151.8945,-32.2053,64.83
152.1443,-32.2053,71.14
152.3942,-32.2053,77.74
152.6440,-32.2053,83.99
152.8938,-32.2053,89.30
153.1437,-32.2053,93.30
153.3935,-32.2053,96.10
153.6433,-32.2053,98.01
153.8931,-32.2053,99.33
154.1430,-32.2053,100.33
154.3928,-32.2053,101.20
154.6426,-32.2053,102.15
154.8924,-32.2053,103.35
155.1423,-32.2053,104.90
155.3921,-32.2053,106.77
155.6419,-32.2053,108.86
155.8917,-32.2053,111.07
110.1735,-31.9556,121.62
110.4233,-31.9556,122.02
110.6731,-31.9556,122.12
110.9230,-31.9556,121.89
111.1728,-31.9556,121.33
111.4226,-31.9556,120.56
111.6724,-31.9556,119.71
111.9223,-31.9556,118.99
112.1721,-31.9556,118.61
112.4219,-31.9556,118.80
112.6718,-31.9556,119.80
112.9216,-31.9556,121.78
113.1714,-31.9556,124.83
113.4212,-31.9556,128.83
113.6711,-31.9556,133.54
113.9209,-31.9556,138.71
114.1707,-31.9556,144.03
114.4205,-31.9556,149.24
114.6704,-31.9556,154.07
114.9202,-31.9556,158.31
115.1700,-31.9556,161.83
115.4198,-31.9556,164.62
115.6697,-31.9556,166.73
115.9195,-31.9556,168.28
116.1693,-31.9556,169.36
116.4192,-31.9556,170.07
116.6690,-31.9556,170.47
116.9188,-31.9556,170.64
117.1686,-31.9556,170.64
117.4185,-31.9556,170.55
117.6683,-31.9556,170.45
117.9181,-31.9556,170.42
118.1679,-31.9556,170.56
118.4178,-31.9556,170.96
118.6676,-31.9556,171.73
118.9174,-31.9556,172.98
119.1672,-31.9556,174.75
119.4171,-31.9556,177.00
119.6669,-31.9556,179.64
119.9167,-31.9556,182.55
120.1666,-31.9556,185.64
120.4164,-31.9556,188.81
120.6662,-31.9556,191.99
120.9160,-31.9556,195.10
121.1659,-31.9556,198.09
121.4157,-31.9556,200.91
121.6655,-31.9556,203.54
121.9153,-31.9556,205.92
122.1652,-31.9556,207.98
122.4150,-31.9556,209.64
122.6648,-31.9556,210.77
122.9146,-31.9556,211.28
123.1645,-31.9556,211.11
123.4143,-31.9556,210.32
123.6641,-31.9556,209.02
123.9139,-31.9556,207.31
124.1638,-31.9556,205.28
124.4136,-31.9556,203.00
124.6634,-31.9556,200.48
124.9133,-31.9556,197.72
125.1631,-31.9556,194.72
125.4129,-31.9556,191.46
125.6627,-31.9556,187.91
125.9126,-31.9556,184.05
126.1624,-31.9556,179.79
126.4122,-31.9556,175.05
126.6620,-31.9556,169.75
126.9119,-31.9556,163.83
127.1617,-31.9556,157.29
127.4115,-31.9556,150.28
127.6613,-31.9556,143.05
127.9112,-31.9556,135.89
128.1610,-31.9556,129.11
128.4108,-31.9556,123.06
128.6607,-31.9556,118.09
128.9105,-31.9556,114.50
129.1603,-31.9556,112.49
129.4101,-31.9556,112.04
129.6600,-31.9556,113.04
129.9098,-31.9556,115.31
130.1596,-31.9556,118.68
130.4094,-31.9556,123.01
130.6593,-31.9556,128.15
130.9091,-31.9556,133.95
131.1589,-31.9556,140.26
131.4087,-31.9556,146.90
131.6586,-31.9556,153.68
131.9084,-31.9556,160.39
132.1582,-31.9556,166.83
132.4080,-31.9556,172.79
132.6579,-31.9556,178.08
132.9077,-31.9556,182.53
133.1575,-31.9556,186.07
133.4074,-31.9556,188.69
133.6572,-31.9556,190.44
133.9070,-31.9556,191.44
134.1568,-31.9556,191.82
134.4067,-31.9556,191.72
134.6565,-31.9556,191.29
134.9063,-31.9556,190.66
135.1561,-31.9556,189.93
135.4060,-31.9556,189.14
135.6558,-31.9556,188.28
135.9056,-31.9556,187.36
136.1554,-31.9556,186.33
136.4053,-31.9556,185.20
136.6551,-31.9556,183.96
136.9049,-31.9556,182.59
137.1548,-31.9556,181.09
137.4046,-31.9556,179.47
137.6544,-31.9556,177.71
137.9042,-31.9556,175.82
138.1541,-31.9556,173.82
138.4039,-31.9556,171.73
138.6537,-31.9556,169.59
138.9035,-31.9556,167.45
139.1534,-31.9556,165.33
139.4032,-31.9556,163.26
139.6530,-31.9556,161.24
139.9028,-31.9556,159.31
140.1527,-31.9556,157.50
140.4025,-31.9556,155.90
140.6523,-31.9556,154.60
140.9022,-31.9556,153.68
141.1520,-31.9556,153.19
141.4018,-31.9556,153.10
141.6516,-31.9556,153.31
141.9015,-31.9556,153.77
142.1513,-31.9556,154.41
142.4011,-31.9556,155.21
142.6509,-31.9556,156.19
142.9008,-31.9556,157.37
143.1506,-31.9556,158.73
143.4004,-31.9556,160.22
143.6502,-31.9556,161.76
143.9001,-31.9556,163.21
144.1499,-31.9556,164.44
144.3997,-31.9556,165.26
144.6495,-31.9556,165.51
144.8994,-31.9556,165.00
145.1492,-31.9556,163.71
145.3990,-31.9556,161.76
145.6489,-31.9556,159.41
145.8987,-31.9556,156.92
146.1485,-31.9556,154.54
146.3983,-31.9556,152.46
146.6482,-31.9556,150.84
146.8980,-31.9556,149.77
147.1478,-31.9556,149.23
147.3976,-31.9556,149.05
147.6475,-31.9556,148.97
147.8973,-31.9556,148.62
148.1471,-31.9556,147.58
148.3969,-31.9556,145.34
148.6468,-31.9556,141.40
148.8966,-31.9556,135.31
149.1464,-31.9556,126.95
149.3963,-31.9556,116.66
149.6461,-31.9556,105.11
149.8959,-31.9556,93.11
150.1457,-31.9556,81.50
150.3956,-31.9556,71.11
150.6454,-31.9556,62.75
150.8952,-31.9556,57.10
151.1450,-31.9556,54.48
151.3949,-31.9556,54.70
151.6447,-31.9556,57.23
151.8945,-31.9556,61.43
152.1443,-31.9556,66.68
152.3942,-31.9556,72.37
152.6440,-31.9556,77.98
152.8938,-31.9556,83.08
153.1437,-31.9556,87.39
153.3935,-31.9556,90.87
153.6433,-31.9556,93.65
153.8931,-31.9556,95.89
154.1430,-31.9556,97.76
154.3928,-31.9556,99.42
154.6426,-31.9556,101.00
154.8924,-31.9556,102.63
155.1423,-31.9556,104.38
155.3921,-31.9556,106.26
155.6419,-31.9556,108.28
155.8917,-31.9556,110.40
110.1735,-31.7060,119.96
110.4233,-31.7060,120.22
110.6731,-31.7060,120.22
110.9230,-31.7060,119.93
111.1728,-31.7060,119.38
111.4226,-31.7060,118.65
111.6724,-31.7060,117.90
111.9223,-31.7060,117.29
112.1721,-31.7060,117.03
112.4219,-31.7060,117.36
112.6718,-31.7060,118.50
112.9216,-31.7060,120.64
113.1714,-31.7060,123.88
113.4212,-31.7060,128.06
113.6711,-31.7060,132.93
113.9209,-31.7060,138.20
114.1707,-31.7060,143.58
114.4205,-31.7060,148.81
114.6704,-31.7060,153.66
114.9202,-31.7060,157.95
115.1700,-31.7060,161.58
115.4198,-31.7060,164.52
115.6697,-31.7060,166.82
115.9195,-31.7060,168.55
116.1693,-31.7060,169.82
116.4192,-31.7060,170.73
116.6690,-31.7060,171.40
116.9188,-31.7060,171.91
117.1686,-31.7060,172.35
117.4185,-31.7060,172.80
117.6683,-31.7060,173.34
117.9181,-31.7060,174.02
118.1679,-31.7060,174.91
118.4178,-31.7060,176.07
118.6676,-31.7060,177.53
118.9174,-31.7060,179.28
119.1672,-31.7060,181.31
119.4171,-31.7060,183.62
119.6669,-31.7060,186.18
119.9167,-31.7060,188.96
120.1666,-31.7060,191.86
120.4164,-31.7060,194.82
120.6662,-31.7060,197.75
120.9160,-31.7060,200.56
121.1659,-31.7060,203.19
121.4157,-31.7060,205.59
121.6655,-31.7060,207.74
121.9153,-31.7060,209.60
122.1652,-31.7060,211.11
122.4150,-31.7060,212.22
122.6648,-31.7060,212.88
122.9146,-31.7060,213.06
123.1645,-31.7060,212.77
123.4143,-31.7060,212.01
123.6641,-31.7060,210.82
123.9139,-31.7060,209.25
124.1638,-31.7060,207.37
124.4136,-31.7060,205.22
124.6634,-31.7060,202.87
124.9133,-31.7060,200.34
125.1631,-31.7060,197.65
125.4129,-31.7060,194.77
125.6627,-31.7060,191.67
125.9126,-31.7060,188.29
126.1624,-31.7060,184.56
126.4122,-31.7060,180.40
126.6620,-31.7060,175.72
126.9119,-31.7060,170.44
127.1617,-31.7060,164.57
127.4115,-31.7060,158.30
127.6613,-31.7060,151.92
127.9112,-31.7060,145.74
128.1610,-31.7060,140.07
128.4108,-31.7060,135.23
128.6607,-31.7060,131.46
128.9105,-31.7060,128.96
129.1603,-31.7060,127.84
129.4101,-31.7060,128.17
129.6600,-31.7060,129.92
129.9098,-31.7060,132.97
130.1596,-31.7060,137.14
130.4094,-31.7060,142.13
130.6593,-31.7060,147.55
130.9091,-31.7060,152.93
131.1589,-31.7060,157.88
131.4087,-31.7060,162.44
131.6586,-31.7060,166.76
131.9084,-31.7060,170.91
132.1582,-31.7060,174.88
132.4080,-31.7060,178.58
132.6579,-31.7060,181.98
132.9077,-31.7060,185.07
133.1575,-31.7060,187.83
133.4074,-31.7060,190.19
133.6572,-31.7060,192.04
133.9070,-31.7060,193.39
134.1568,-31.7060,194.24
134.4067,-31.7060,194.62
134.6565,-31.7060,194.55
134.9063,-31.7060,193.98
135.1561,-31.7060,192.92
135.4060,-31.7060,191.47
135.6558,-31.7060,189.78
135.9056,-31.7060,187.94
136.1554,-31.7060,186.02
136.4053,-31.7060,184.09
136.6551,-31.7060,182.25
136.9049,-31.7060,180.63
137.1548,-31.7060,179.31
137.4046,-31.7060,178.20
137.6544,-31.7060,177.13
137.9042,-31.7060,176.01
138.1541,-31.7060,174.77
138.4039,-31.7060,173.40
138.6537,-31.7060,171.89
138.9035,-31.7060,170.25
139.1534,-31.7060,168.49
139.4032,-31.7060,166.67
139.6530,-31.7060,164.82
139.9028,-31.7060,163.02
140.1527,-31.7060,161.32
140.4025,-31.7060,159.81
140.6523,-31.7060,158.56
140.9022,-31.7060,157.64
141.1520,-31.7060,157.09
141.4018,-31.7060,156.91
141.6516,-31.7060,157.07
141.9015,-31.7060,157.51
142.1513,-31.7060,158.19
142.4011,-31.7060,159.04
142.6509,-31.7060,159.99
142.9008,-31.7060,160.94
143.1506,-31.7060,161.78
143.4004,-31.7060,162.51
143.6502,-31.7060,163.14
143.9001,-31.7060,163.62
144.1499,-31.7060,163.87
144.3997,-31.7060,163.78
144.6495,-31.7060,163.26
144.8994,-31.7060,162.28
145.1492,-31.7060,160.86
145.3990,-31.7060,159.06
145.6489,-31.7060,156.98
145.8987,-31.7060,154.80
146.1485,-31.7060,152.74
146.3983,-31.7060,151.04
146.6482,-31.7060,149.97
146.8980,-31.7060,149.76
147.1478,-31.7060,150.54
147.3976,-31.7060,152.08
147.6475,-31.7060,154.00
147.8973,-31.7060,155.85
148.1471,-31.7060,157.07
148.3969,-31.7060,156.98
148.6468,-31.7060,154.74
148.8966,-31.7060,149.43
149.1464,-31.7060,140.55
149.3963,-31.7060,128.83
149.6461,-31.7060,115.43
149.8959,-31.7060,101.49
150.1457,-31.7060,88.00
150.3956,-31.7060,75.86
150.6454,-31.7060,65.89
150.8952,-31.7060,58.77
151.1450,-31.7060,54.84
151.3949,-31.7060,53.84
151.6447,-31.7060,55.22
151.8945,-31.7060,58.32
152.1443,-31.7060,62.55
152.3942,-31.7060,67.38
152.6440,-31.7060,72.37
152.8938,-31.7060,77.22
153.1437,-31.7060,81.72
153.3935,-31.7060,85.74
153.6433,-31.7060,89.26
153.8931,-31.7060,92.31
154.1430,-31.7060,94.98
154.3928,-31.7060,97.36
154.6426,-31.7060,99.52
154.8924,-31.7060,101.52
155.1423,-31.7060,103.42
155.3921,-31.7060,105.29
155.6419,-31.7060,107.19
155.8917,-31.7060,109.18
110.1735,-31.4563,118.39
110.4233,-31.4563,118.56
110.6731,-31.4563,118.49
110.9230,-31.4563,118.17
111.1728,-31.4563,117.62
111.4226,-31.4563,116.94
111.6724,-31.4563,116.25
111.9223,-31.4563,115.72
112.1721,-31.4563,115.55
112.4219,-31.4563,115.96
112.6718,-31.4563,117.17
112.9216,-31.4563,119.42
113.1714,-31.4563,122.89
113.4212,-31.4563,127.32
113.6711,-31.4563,132.40
113.9209,-31.4563,137.83
114.1707,-31.4563,143.31
114.4205,-31.4563,148.59
114.6704,-31.4563,153.46
114.9202,-31.4563,157.79
115.1700,-31.4563,161.50
115.4198,-31.4563,164.55
115.6697,-31.4563,166.96
115.9195,-31.4563,168.82
116.1693,-31.4563,170.24
116.4192,-31.4563,171.34
116.6690,-31.4563,172.25
116.9188,-31.4563,173.09
117.1686,-31.4563,173.96
117.4185,-31.4563,174.95
117.6683,-31.4563,176.10
117.9181,-31.4563,177.48
118.1679,-31.4563,179.11
118.4178,-31.4563,181.00
118.6676,-31.4563,183.12
118.9174,-31.4563,185.36
119.1672,-31.4563,187.62
119.4171,-31.4563,189.97
119.6669,-31.4563,192.46
119.9167,-31.4563,195.08
120.1666,-31.4563,197.80
120.4164,-31.4563,200.52
120.6662,-31.4563,203.18
120.9160,-31.4563,205.66
121.1659,-31.4563,207.88
121.4157,-31.4563,209.83
121.6655,-31.4563,211.47
121.9153,-31.4563,212.78
122.1652,-31.4563,213.74
122.4150,-31.4563,214.32
122.6648,-31.4563,214.51
122.9146,-31.4563,214.35
123.1645,-31.4563,213.92
123.4143,-31.4563,213.16
123.6641,-31.4563,212.04
123.9139,-31.4563,210.58
124.1638,-31.4563,208.82
124.4136,-31.4563,206.82
124.6634,-31.4563,204.64
124.9133,-31.4563,202.34
125.1631,-31.4563,199.98
125.4129,-31.4563,197.52
125.6627,-31.4563,194.89
125.9126,-31.4563,192.03
126.1624,-31.4563,188.89
126.4122,-31.4563,185.38
126.6620,-31.4563,181.41
126.9119,-31.4563,176.84
127.1617,-31.4563,171.64
127.4115,-31.4563,166.07
127.6613,-31.4563,160.50
127.9112,-31.4563,155.25
128.1610,-31.4563,150.64
128.4108,-31.4563,146.93
128.6607,-31.4563,144.30
128.9105,-31.4563,142.84
129.1603,-31.4563,142.56
129.4101,-31.4563,143.62
129.6600,-31.4563,146.07
129.9098,-31.4563,149.86
130.1596,-31.4563,154.76
130.4094,-31.4563,160.41
130.6593,-31.4563,166.20
130.9091,-31.4563,171.27
131.1589,-31.4563,174.80
131.4087,-31.4563,177.28
131.6586,-31.4563,179.25
131.9084,-31.4563,181.00
132.1582,-31.4563,182.65
132.4080,-31.4563,184.24
132.6579,-31.4563,185.85
132.9077,-31.4563,187.60
133.1575,-31.4563,189.66
133.4074,-31.4563,191.75
133.6572,-31.4563,193.68
133.9070,-31.4563,195.29
134.1568,-31.4563,196.53
134.4067,-31.4563,197.33
134.6565,-31.4563,197.60
134.9063,-31.4563,197.12
135.1561,-31.4563,195.70
135.4060,-31.4563,193.62
135.6558,-31.4563,191.16
135.9056,-31.4563,188.50
136.1554,-31.4563,185.77
136.4053,-31.4563,183.11
136.6551,-31.4563,180.70
136.9049,-31.4563,178.84
137.1548,-31.4563,177.77
137.4046,-31.4563,177.21
137.6544,-31.4563,176.84
137.9042,-31.4563,176.46
138.1541,-31.4563,175.96
138.4039,-31.4563,175.27
138.6537,-31.4563,174.37
138.9035,-31.4563,173.21
139.1534,-31.4563,171.80
139.4032,-31.4563,170.21
139.6530,-31.4563,168.53
139.9028,-31.4563,166.84
140.1527,-31.4563,165.22
140.4025,-31.4563,163.75
140.6523,-31.4563,162.52
140.9022,-31.4563,161.57
141.1520,-31.4563,160.93
141.4018,-31.4563,160.63
141.6516,-31.4563,160.68
141.9015,-31.4563,161.05
142.1513,-31.4563,161.69
142.4011,-31.4563,162.53
142.6509,-31.4563,163.39
142.9008,-31.4563,164.07
143.1506,-31.4563,164.30
143.4004,-31.4563,164.23
143.6502,-31.4563,163.94
143.9001,-31.4563,163.47
144.1499,-31.4563,162.77
144.3997,-31.4563,161.79
144.6495,-31.4563,160.53
144.8994,-31.4563,159.05
145.1492,-31.4563,157.49
145.3990,-31.4563,155.77
145.6489,-31.4563,153.88
145.8987,-31.4563,151.92
146.1485,-31.4563,150.08
146.3983,-31.4563,148.61
146.6482,-31.4563,147.89
146.8980,-31.4563,148.35
147.1478,-31.4563,150.36
147.3976,-31.4563,153.51
147.6475,-31.4563,157.29
147.8973,-31.4563,161.19
148.1471,-31.4563,164.61
148.3969,-31.4563,166.77
148.6468,-31.4563,166.50
148.8966,-31.4563,162.27
149.1464,-31.4563,152.77
149.3963,-31.4563,139.53
149.6461,-31.4563,124.34
149.8959,-31.4563,108.63
150.1457,-31.4563,93.47
150.3956,-31.4563,79.74
150.6454,-31.4563,68.26
150.8952,-31.4563,59.79
151.1450,-31.4563,54.86
151.3949,-31.4563,52.98
151.6447,-31.4563,53.45
151.8945,-31.4563,55.63
152.1443,-31.4563,58.96
152.3942,-31.4563,62.97
152.6440,-31.4563,67.35
152.8938,-31.4563,71.89
153.1437,-31.4563,76.51
153.3935,-31.4563,80.96
153.6433,-31.4563,85.08
153.8931,-31.4563,88.80
154.1430,-31.4563,92.14
154.3928,-31.4563,95.12
154.6426,-31.4563,97.77
154.8924,-31.4563,100.08
155.1423,-31.4563,102.05
155.3921,-31.4563,103.81
155.6419,-31.4563,105.54
155.8917,-31.4563,107.33
110.1735,-31.2067,116.95
110.4233,-31.2067,117.05
110.6731,-31.2067,116.95
110.9230,-31.2067,116.64
111.1728,-31.2067,116.09
111.4226,-31.2067,115.44
111.6724,-31.2067,114.82
111.9223,-31.2067,114.38
112.1721,-31.2067,114.28
112.4219,-31.2067,114.74
112.6718,-31.2067,115.97
112.9216,-31.2067,118.28
113.1714,-31.2067,122.04
113.4212,-31.2067,126.79
113.6711,-31.2067,132.13
113.9209,-31.2067,137.73
114.1707,-31.2067,143.34
114.4205,-31.2067,148.69
114.6704,-31.2067,153.60
114.9202,-31.2067,157.96
115.1700,-31.2067,161.71
115.4198,-31.2067,164.81
115.6697,-31.2067,167.28
115.9195,-31.2067,169.19
116.1693,-31.2067,170.69
116.4192,-31.2067,171.92
116.6690,-31.2067,173.03
116.9188,-31.2067,174.15
117.1686,-31.2067,175.42
117.4185,-31.2067,176.90
117.6683,-31.2067,178.64
117.9181,-31.2067,180.66
118.1679,-31.2067,182.97
118.4178,-31.2067,185.54
118.6676,-31.2067,188.30
118.9174,-31.2067,191.05
119.1672,-31.2067,193.49
119.4171,-31.2067,195.86
119.6669,-31.2067,198.28
119.9167,-31.2067,200.78
120.1666,-31.2067,203.31
120.4164,-31.2067,205.81
120.6662,-31.2067,208.20
120.9160,-31.2067,210.35
121.1659,-31.2067,212.16
121.4157,-31.2067,213.63
121.6655,-31.2067,214.77
121.9153,-31.2067,215.57
122.1652,-31.2067,216.00
122.4150,-31.2067,216.07
122.6648,-31.2067,215.79
122.9146,-31.2067,215.27
123.1645,-31.2067,214.71
123.4143,-31.2067,213.93
123.6641,-31.2067,212.85
123.9139,-31.2067,211.47
124.1638,-31.2067,209.81
124.4136,-31.2067,207.92
124.6634,-31.2067,205.89
124.9133,-31.2067,203.80
125.1631,-31.2067,201.78
125.4129,-31.2067,199.72
125.6627,-31.2067,197.55
125.9126,-31.2067,195.21
126.1624,-31.2067,192.65
126.4122,-31.2067,189.80
126.6620,-31.2067,186.56
126.9119,-31.2067,182.76
127.1617,-31.2067,178.14
127.4115,-31.2067,173.20
127.6613,-31.2067,168.36
127.9112,-31.2067,163.97
128.1610,-31.2067,160.30
128.4108,-31.2067,157.61
128.6607,-31.2067,156.02
128.9105,-31.2067,155.53
129.1603,-31.2067,155.94
129.4101,-31.2067,157.60
129.6600,-31.2067,160.64
129.9098,-31.2067,165.03
130.1596,-31.2067,170.54
130.4094,-31.2067,176.78
130.6593,-31.2067,183.04
130.9091,-31.2067,188.09
131.1589,-31.2067,190.09
131.4087,-31.2067,190.56
131.6586,-31.2067,190.42
131.9084,-31.2067,190.10
132.1582,-31.2067,189.77
132.4080,-31.2067,189.54
132.6579,-31.2067,189.52
132.9077,-31.2067,190.00
133.1575,-31.2067,191.47
133.4074,-31.2067,193.35
133.6572,-31.2067,195.26
133.9070,-31.2067,197.01
134.1568,-31.2067,198.51
134.4067,-31.2067,199.64
134.6565,-31.2067,200.23
134.9063,-31.2067,199.91
135.1561,-31.2067,198.10
135.4060,-31.2067,195.44
135.6558,-31.2067,192.34
135.9056,-31.2067,189.05
136.1554,-31.2067,185.71
136.4053,-31.2067,182.46
136.6551,-31.2067,179.54
136.9049,-31.2067,177.40
137.1548,-31.2067,176.71
137.4046,-31.2067,176.75
137.6544,-31.2067,177.04
137.9042,-31.2067,177.33
138.1541,-31.2067,177.48
138.4039,-31.2067,177.40
138.6537,-31.2067,177.03
138.9035,-31.2067,176.33
139.1534,-31.2067,175.21
139.4032,-31.2067,173.81
139.6530,-31.2067,172.25
139.9028,-31.2067,170.64
140.1527,-31.2067,169.06
140.4025,-31.2067,167.60
140.6523,-31.2067,166.33
140.9022,-31.2067,165.29
141.1520,-31.2067,164.51
141.4018,-31.2067,164.04
141.6516,-31.2067,163.92
141.9015,-31.2067,164.14
142.1513,-31.2067,164.66
142.4011,-31.2067,165.39
142.6509,-31.2067,166.15
142.9008,-31.2067,166.59
143.1506,-31.2067,166.16
143.4004,-31.2067,165.27
143.6502,-31.2067,164.15
143.9001,-31.2067,162.84
144.1499,-31.2067,161.33
144.3997,-31.2067,159.58
144.6495,-31.2067,157.62
144.8994,-31.2067,155.64
145.1492,-31.2067,153.98
145.3990,-31.2067,152.32
145.6489,-31.2067,150.56
145.8987,-31.2067,148.72
146.1485,-31.2067,146.97
146.3983,-31.2067,145.59
146.6482,-31.2067,144.95
146.8980,-31.2067,145.72
147.1478,-31.2067,148.77
147.3976,-31.2067,153.25
147.6475,-31.2067,158.48
147.8973,-31.2067,163.96
148.1471,-31.2067,169.17
148.3969,-31.2067,173.34
148.6468,-31.2067,175.22
148.8966,-31.2067,172.57
149.1464,-31.2067,162.09
149.3963,-31.2067,147.29
149.6461,-31.2067,130.66
149.8959,-31.2067,113.69
150.1457,-31.2067,97.36
150.3956,-31.2067,82.48
150.6454,-31.2067,69.78
150.8952,-31.2067,60.17
151.1450,-31.2067,54.69
151.3949,-31.2067,52.30
151.6447,-31.2067,52.12
151.8945,-31.2067,53.55
152.1443,-31.2067,56.09
152.3942,-31.2067,59.36
152.6440,-31.2067,63.12
152.8938,-31.2067,67.28
153.1437,-31.2067,71.97
153.3935,-31.2067,76.74
153.6433,-31.2067,81.30
153.8931,-31.2067,85.52
154.1430,-31.2067,89.36
154.3928,-31.2067,92.80
154.6426,-31.2067,95.83
154.8924,-31.2067,98.36
155.1423,-31.2067,100.26
155.3921,-31.2067,101.83
155.6419,-31.2067,103.29
155.8917,-31.2067,104.81
110.1735,-30.9570,115.66
110.4233,-30.9570,115.73
110.6731,-30.9570,115.62
110.9230,-30.9570,115.33
111.1728,-30.9570,114.80
111.4226,-30.9570,114.20
111.6724,-30.9570,113.66
111.9223,-30.9570,113.32
112.1721,-30.9570,113.34
112.4219,-30.9570,113.89
112.6718,-30.9570,115.18
112.9216,-30.9570,117.49
113.1714,-30.9570,121.62
113.4212,-30.9570,126.68
113.6711,-30.9570,132.25
113.9209,-30.9570,138.04
114.1707,-30.9570,143.78
114.4205,-30.9570,149.23
114.6704,-30.9570,154.19
114.9202,-30.9570,158.54
115.1700,-30.9570,162.32
115.4198,-30.9570,165.40
115.6697,-30.9570,167.83
115.9195,-30.9570,169.71
116.1693,-30.9570,171.21
116.4192,-30.9570,172.48
116.6690,-30.9570,173.72
116.9188,-30.9570,175.06
117.1686,-30.9570,176.68
117.4185,-30.9570,178.60
117.6683,-30.9570,180.86
117.9181,-30.9570,183.45
118.1679,-30.9570,186.35
118.4178,-30.9570,189.52
118.6676,-30.9570,192.84
118.9174,-30.9570,196.11
119.1672,-30.9570,198.67
119.4171,-30.9570,201.10
119.6669,-30.9570,203.51
119.9167,-30.9570,205.93
120.1666,-30.9570,208.31
120.4164,-30.9570,210.60
120.6662,-30.9570,212.73
120.9160,-30.9570,214.59
121.1659,-30.9570,215.97
121.4157,-30.9570,217.00
121.6655,-30.9570,217.69
121.9153,-30.9570,218.02
122.1652,-30.9570,217.99
122.4150,-30.9570,217.61
122.6648,-30.9570,216.91
122.9146,-30.9570,216.01
123.1645,-30.9570,215.34
123.4143,-30.9570,214.49
123.6641,-30.9570,213.39
123.9139,-30.9570,212.03
124.1638,-30.9570,210.43
124.4136,-30.9570,208.65
124.6634,-30.9570,206.75
124.9133,-30.9570,204.81
125.1631,-30.9570,203.12
125.4129,-30.9570,201.43
125.6627,-30.9570,199.65
125.9126,-30.9570,197.75
126.1624,-30.9570,195.69
126.4122,-30.9570,193.41
126.6620,-30.9570,190.84
126.9119,-30.9570,187.81
127.1617,-30.9570,183.66
127.4115,-30.9570,179.29
127.6613,-30.9570,175.14
127.9112,-30.9570,171.49
128.1610,-30.9570,168.63
128.4108,-30.9570,166.77
128.6607,-30.9570,166.04
128.9105,-30.9570,166.42
129.1603,-30.9570,167.32
129.4101,-30.9570,169.45
129.6600,-30.9570,172.94
129.9098,-30.9570,177.71
130.1596,-30.9570,183.55
130.4094,-30.9570,190.07
130.6593,-30.9570,196.64
130.9091,-30.9570,201.99
131.1589,-30.9570,202.36
131.4087,-30.9570,201.22
131.6586,-30.9570,199.56
131.9084,-30.9570,197.74
132.1582,-30.9570,195.97
132.4080,-30.9570,194.36
132.6579,-30.9570,193.05
132.9077,-30.9570,192.36
133.1575,-30.9570,193.42
133.4074,-30.9570,195.01
133.6572,-30.9570,196.76
133.9070,-30.9570,198.46
134.1568,-30.9570,199.99
134.4067,-30.9570,201.25
134.6565,-30.9570,202.04
134.9063,-30.9570,201.98
135.1561,-30.9570,199.73
135.4060,-30.9570,196.67
135.6558,-30.9570,193.23
135.9056,-30.9570,189.60
136.1554,-30.9570,185.95
136.4053,-30.9570,182.41
136.6551,-30.9570,179.19
136.9049,-30.9570,176.75
137.1548,-30.9570,176.59
137.4046,-30.9570,177.15
137.6544,-30.9570,177.94
137.9042,-30.9570,178.74
138.1541,-30.9570,179.38
138.4039,-30.9570,179.78
138.6537,-30.9570,179.86
138.9035,-30.9570,179.54
139.1534,-30.9570,178.63
139.4032,-30.9570,177.38
139.6530,-30.9570,175.91
139.9028,-30.9570,174.32
140.1527,-30.9570,172.73
140.4025,-30.9570,171.21
140.6523,-30.9570,169.84
140.9022,-30.9570,168.68
141.1520,-30.9570,167.68
141.4018,-30.9570,166.97
141.6516,-30.9570,166.60
141.9015,-30.9570,166.57
142.1513,-30.9570,166.84
142.4011,-30.9570,167.33
142.6509,-30.9570,167.90
142.9008,-30.9570,168.18
143.1506,-30.9570,167.04
143.4004,-30.9570,165.49
143.6502,-30.9570,163.74
143.9001,-30.9570,161.82
144.1499,-30.9570,159.72
144.3997,-30.9570,157.41
144.6495,-30.9570,154.92
144.8994,-30.9570,152.44
145.1492,-30.9570,150.76
145.3990,-30.9570,149.13
145.6489,-30.9570,147.39
145.8987,-30.9570,145.60
146.1485,-30.9570,143.89
146.3983,-30.9570,142.50
146.6482,-30.9570,141.79
146.8980,-30.9570,142.40
147.1478,-30.9570,146.24
147.3976,-30.9570,151.44
147.6475,-30.9570,157.37
147.8973,-30.9570,163.61
148.1471,-30.9570,169.69
148.3969,-30.9570,174.99
148.6468,-30.9570,178.47
148.8966,-30.9570,177.92
149.1464,-30.9570,166.04
149.3963,-30.9570,150.34
149.6461,-30.9570,133.23
149.8959,-30.9570,115.96
150.1457,-30.9570,99.38
150.3956,-30.9570,84.13
150.6454,-30.9570,70.85
150.8952,-30.9570,60.37
151.1450,-30.9570,54.89
151.3949,-30.9570,52.20
151.6447,-30.9570,51.50
151.8945,-30.9570,52.27
152.1443,-30.9570,54.13
152.3942,-30.9570,56.75
152.6440,-30.9570,59.93
152.8938,-30.9570,63.62
153.1437,-30.9570,68.37
153.3935,-30.9570,73.29
153.6433,-30.9570,78.09
153.8931,-30.9570,82.59
154.1430,-30.9570,86.73
154.3928,-30.9570,90.44
154.6426,-30.9570,93.68
154.8924,-30.9570,96.35
155.1423,-30.9570,98.03
155.3921,-30.9570,99.31
155.6419,-30.9570,100.43
155.8917,-30.9570,101.58
110.1735,-30.7074,114.54
110.4233,-30.7074,114.58
110.6731,-30.7074,114.47
110.9230,-30.7074,114.18
111.1728,-30.7074,113.72
111.4226,-30.7074,113.21
111.6724,-30.7074,112.78
111.9223,-30.7074,112.58
112.1721,-30.7074,112.78
112.4219,-30.7074,113.58
112.6718,-30.7074,115.18
112.9216,-30.7074,117.87
113.1714,-30.7074,122.02
113.4212,-30.7074,127.14
113.6711,-30.7074,132.84
113.9209,-30.7074,138.79
114.1707,-30.7074,144.68
114.4205,-30.7074,150.25
114.6704,-30.7074,155.31
114.9202,-30.7074,159.70
115.1700,-30.7074,163.40
115.4198,-30.7074,166.37
115.6697,-30.7074,168.66
115.9195,-30.7074,170.40
116.1693,-30.7074,171.80
116.4192,-30.7074,173.04
116.6690,-30.7074,174.33
116.9188,-30.7074,175.85
117.1686,-30.7074,177.73
117.4185,-30.7074,180.03
117.6683,-30.7074,182.73
117.9181,-30.7074,185.81
118.1679,-30.7074,189.19
118.4178,-30.7074,192.78
118.6676,-30.7074,196.43
118.9174,-30.7074,199.90
119.1672,-30.7074,202.86
119.4171,-30.7074,205.53
119.6669,-30.7074,208.05
119.9167,-30.7074,210.46
120.1666,-30.7074,212.73
120.4164,-30.7074,214.83
120.6662,-30.7074,216.68
120.9160,-30.7074,218.20
121.1659,-30.7074,219.27
121.4157,-30.7074,219.94
121.6655,-30.7074,220.23
121.9153,-30.7074,220.16
122.1652,-30.7074,219.75
122.4150,-30.7074,219.04
122.6648,-30.7074,218.08
122.9146,-30.7074,217.00
123.1645,-30.7074,216.03
123.4143,-30.7074,214.97
123.6641,-30.7074,213.75
123.9139,-30.7074,212.35
124.1638,-30.7074,210.78
124.4136,-30.7074,209.09
124.6634,-30.7074,207.35
124.9133,-30.7074,205.66
125.1631,-30.7074,204.13
125.4129,-30.7074,202.67
125.6627,-30.7074,201.18
125.9126,-30.7074,199.62
126.1624,-30.7074,197.91
126.4122,-30.7074,196.01
126.6620,-30.7074,193.81
126.9119,-30.7074,191.13
127.1617,-30.7074,187.72
127.4115,-30.7074,184.07
127.6613,-30.7074,180.59
127.9112,-30.7074,177.59
128.1610,-30.7074,175.35
128.4108,-30.7074,174.06
128.6607,-30.7074,173.82
128.9105,-30.7074,174.58
129.1603,-30.7074,176.12
129.4101,-30.7074,178.74
129.6600,-30.7074,182.56
129.9098,-30.7074,187.48
130.1596,-30.7074,193.24
130.4094,-30.7074,199.37
130.6593,-30.7074,205.11
130.9091,-30.7074,209.18
131.1589,-30.7074,209.77
131.4087,-30.7074,208.43
131.6586,-30.7074,206.21
131.9084,-30.7074,203.65
132.1582,-30.7074,201.07
132.4080,-30.7074,198.70
132.6579,-30.7074,196.77
132.9077,-30.7074,195.65
133.1575,-30.7074,195.87
133.4074,-30.7074,196.84
133.6572,-30.7074,198.14
133.9070,-30.7074,199.54
134.1568,-30.7074,200.85
134.4067,-30.7074,201.89
134.6565,-30.7074,202.41
134.9063,-30.7074,201.98
135.1561,-30.7074,200.00
135.4060,-30.7074,197.10
135.6558,-30.7074,193.73
135.9056,-30.7074,190.16
136.1554,-30.7074,186.58
136.4053,-30.7074,183.21
136.6551,-30.7074,180.31
136.9049,-30.7074,178.36
137.1548,-30.7074,178.05
137.4046,-30.7074,178.64
137.6544,-30.7074,179.63
137.9042,-30.7074,180.70
138.1541,-30.7074,181.66
138.4039,-30.7074,182.38
138.6537,-30.7074,182.73
138.9035,-30.7074,182.61
139.1534,-30.7074,181.93
139.4032,-30.7074,180.81
139.6530,-30.7074,179.40
139.9028,-30.7074,177.80
140.1527,-30.7074,176.13
140.4025,-30.7074,174.48
140.6523,-30.7074,172.94
140.9022,-30.7074,171.54
141.1520,-30.7074,170.32
141.4018,-30.7074,169.33
141.6516,-30.7074,168.63
141.9015,-30.7074,168.23
142.1513,-30.7074,168.09
142.4011,-30.7074,168.12
142.6509,-30.7074,168.14
142.9008,-30.7074,167.79
143.1506,-30.7074,166.51
143.4004,-30.7074,164.74
143.6502,-30.7074,162.70
143.9001,-30.7074,160.48
144.1499,-30.7074,158.09
144.3997,-30.7074,155.54
144.6495,-30.7074,152.91
144.8994,-30.7074,150.39
145.1492,-30.7074,148.37
145.3990,-30.7074,146.51
145.6489,-30.7074,144.65
145.8987,-30.7074,142.82
146.1485,-30.7074,141.13
146.3983,-30.7074,139.85
146.6482,-30.7074,139.37
146.8980,-30.7074,140.33
147.1478,-30.7074,143.63
147.3976,-30.7074,148.41
147.6475,-30.7074,154.00
147.8973,-30.7074,159.90
148.1471,-30.7074,165.59
148.3969,-30.7074,170.30
148.6468,-30.7074,172.80
148.8966,-30.7074,170.86
149.1464,-30.7074,161.14
149.3963,-30.7074,147.17
149.6461,-30.7074,131.35
149.8959,-30.7074,115.13
150.1457,-30.7074,99.43
150.3956,-30.7074,84.94
150.6454,-30.7074,72.35
150.8952,-30.7074,62.48
151.1450,-30.7074,56.40
151.3949,-30.7074,53.07
151.6447,-30.7074,51.74
151.8945,-30.7074,51.88
152.1443,-30.7074,53.15
152.3942,-30.7074,55.27
152.6440,-30.7074,58.10
152.8938,-30.7074,61.64
153.1437,-30.7074,66.03
153.3935,-30.7074,70.78
153.6433,-30.7074,75.55
153.8931,-30.7074,80.11
154.1430,-30.7074,84.33
154.3928,-30.7074,88.07
154.6426,-30.7074,91.24
154.8924,-30.7074,93.70
155.1423,-30.7074,95.27
155.3921,-30.7074,96.29
155.6419,-30.7074,97.03
155.8917,-30.7074,97.72
110.1735,-30.4577,113.59
110.4233,-30.4577,113.62
110.6731,-30.4577,113.51
110.9230,-30.4577,113.25
111.1728,-30.4577,112.86
111.4226,-30.4577,112.44
111.6724,-30.4577,112.14
111.9223,-30.4577,112.11
112.1721,-30.4577,112.53
112.4219,-30.4577,113.61
112.6718,-30.4577,115.55
112.9216,-30.4577,118.57
113.1714,-30.4577,122.81
113.4212,-30.4577,128.00
113.6711,-30.4577,133.81
113.9209,-30.4577,139.91
114.1707,-30.4577,145.98
114.4205,-30.4577,151.72
114.6704,-30.4577,156.90
114.9202,-30.4577,161.32
115.1700,-30.4577,164.93
115.4198,-30.4577,167.71
115.6697,-30.4577,169.76
115.9195,-30.4577,171.27
116.1693,-30.4577,172.46
116.4192,-30.4577,173.57
116.6690,-30.4577,174.83
116.9188,-30.4577,176.44
117.1686,-30.4577,178.54
117.4185,-30.4577,181.16
117.6683,-30.4577,184.26
117.9181,-30.4577,187.76
118.1679,-30.4577,191.55
118.4178,-30.4577,195.48
118.6676,-30.4577,199.39
118.9174,-30.4577,203.08
119.1672,-30.4577,206.36
119.4171,-30.4577,209.29
119.6669,-30.4577,211.96
119.9167,-30.4577,214.40
120.1666,-30.4577,216.60
120.4164,-30.4577,218.53
120.6662,-30.4577,220.13
120.9160,-30.4577,221.34
121.1659,-30.4577,222.11
121.4157,-30.4577,222.45
121.6655,-30.4577,222.40
121.9153,-30.4577,221.99
122.1652,-30.4577,221.27
122.4150,-30.4577,220.29
122.6648,-30.4577,219.12
122.9146,-30.4577,217.85
123.1645,-30.4577,216.59
123.4143,-30.4577,215.29
123.6641,-30.4577,213.91
123.9139,-30.4577,212.42
124.1638,-30.4577,210.85
124.4136,-30.4577,209.23
124.6634,-30.4577,207.63
124.9133,-30.4577,206.11
125.1631,-30.4577,204.73
125.4129,-30.4577,203.43
125.6627,-30.4577,202.15
125.9126,-30.4577,200.82
126.1624,-30.4577,199.37
126.4122,-30.4577,197.72
126.6620,-30.4577,195.79
126.9119,-30.4577,193.44
127.1617,-30.4577,190.62
127.4115,-30.4577,187.60
127.6613,-30.4577,184.71
127.9112,-30.4577,182.25
128.1610,-30.4577,180.45
128.4108,-30.4577,179.53
128.6607,-30.4577,179.58
128.9105,-30.4577,180.61
129.1603,-30.4577,182.56
129.4101,-30.4577,185.54
129.6600,-30.4577,189.53
129.9098,-30.4577,194.39
130.1596,-30.4577,199.81
130.4094,-30.4577,205.28
130.6593,-30.4577,210.06
130.9091,-30.4577,213.21
131.1589,-30.4577,213.91
131.4087,-30.4577,212.77
131.6586,-30.4577,210.55
131.9084,-30.4577,207.80
132.1582,-30.4577,204.93
132.4080,-30.4577,202.25
132.6579,-30.4577,200.04
132.9077,-30.4577,198.61
133.1575,-30.4577,198.19
133.4074,-30.4577,198.51
133.6572,-30.4577,199.28
133.9070,-30.4577,200.23
134.1568,-30.4577,201.14
134.4067,-30.4577,201.80
134.6565,-30.4577,201.95
134.9063,-30.4577,201.27
135.1561,-30.4577,199.51
135.4060,-30.4577,196.95
135.6558,-30.4577,193.91
135.9056,-30.4577,190.68
136.1554,-30.4577,187.48
136.4053,-30.4577,184.54
136.6551,-30.4577,182.15
136.9049,-30.4577,180.66
137.1548,-30.4577,180.34
137.4046,-30.4577,180.89
137.6544,-30.4577,181.91
137.9042,-30.4577,183.11
138.1541,-30.4577,184.25
138.4039,-30.4577,185.16
138.6537,-30.4577,185.68
138.9035,-30.4577,185.70
139.1534,-30.4577,185.15
139.4032,-30.4577,184.11
139.6530,-30.4577,182.69
139.9028,-30.4577,181.02
140.1527,-30.4577,179.22
140.4025,-30.4577,177.39
140.6523,-30.4577,175.62
140.9022,-30.4577,173.95
141.1520,-30.4577,172.43
141.4018,-30.4577,171.11
141.6516,-30.4577,170.02
141.9015,-30.4577,169.17
142.1513,-30.4577,168.52
142.4011,-30.4577,167.99
142.6509,-30.4577,167.41
142.9008,-30.4577,166.53
143.1506,-30.4577,165.12
143.4004,-30.4577,163.29
143.6502,-30.4577,161.20
143.9001,-30.4577,158.92
144.1499,-30.4577,156.48
144.3997,-30.4577,153.92
144.6495,-30.4577,151.30
144.8994,-30.4577,148.79
145.1492,-30.4577,146.53
145.3990,-30.4577,144.41
145.6489,-30.4577,142.37
145.8987,-30.4577,140.42
146.1485,-30.4577,138.69
146.3983,-30.4577,137.42
146.6482,-30.4577,136.98
146.8980,-30.4577,137.81
147.1478,-30.4577,140.29
147.3976,-30.4577,144.03
147.6475,-30.4577,148.51
147.8973,-30.4577,153.20
148.1471,-30.4577,157.54
148.3969,-30.4577,160.75
148.6468,-30.4577,161.69
148.8966,-30.4577,158.82
149.1464,-30.4577,150.83
149.3963,-30.4577,139.20
149.6461,-30.4577,125.65
149.8959,-30.4577,111.45
150.1457,-30.4577,97.54
150.3956,-30.4577,84.64
150.6454,-30.4577,73.38
150.8952,-30.4577,64.43
151.1450,-30.4577,58.27
151.3949,-30.4577,54.51
151.6447,-30.4577,52.63
151.8945,-30.4577,52.23
152.1443,-30.4577,52.98
152.3942,-30.4577,54.70
152.6440,-30.4577,57.23
152.8938,-30.4577,60.54
153.1437,-30.4577,64.58
153.3935,-30.4577,69.06
153.6433,-30.4577,73.66
153.8931,-30.4577,78.12
154.1430,-30.4577,82.25
154.3928,-30.4577,85.88
154.6426,-30.4577,88.85
154.8924,-30.4577,91.04
155.1423,-30.4577,92.37
155.3921,-30.4577,93.05
155.6419,-30.4577,93.31
155.8917,-30.4577,93.43
110.1735,-30.2080,112.79
110.4233,-30.2080,112.84
110.6731,-30.2080,112.77
110.9230,-30.2080,112.55
111.1728,-30.2080,112.22
111.4226,-30.2080,111.88
111.6724,-30.2080,111.68
111.9223,-30.2080,111.80
112.1721,-30.2080,112.43
112.4219,-30.2080,113.76
112.6718,-30.2080,116.00
112.9216,-30.2080,119.28
113.1714,-30.2080,123.67
113.4212,-30.2080,129.00
113.6711,-30.2080,134.97
113.9209,-30.2080,141.28
114.1707,-30.2080,147.58
114.4205,-30.2080,153.55
114.6704,-30.2080,158.88
114.9202,-30.2080,163.35
115.1700,-30.2080,166.84
115.4198,-30.2080,169.38
115.6697,-30.2080,171.12
115.9195,-30.2080,172.30
116.1693,-30.2080,173.18
116.4192,-30.2080,174.06
116.6690,-30.2080,175.21
116.9188,-30.2080,176.85
117.1686,-30.2080,179.13
117.4185,-30.2080,182.05
117.6683,-30.2080,185.52
117.9181,-30.2080,189.41
118.1679,-30.2080,193.56
118.4178,-30.2080,197.80
118.6676,-30.2080,201.96
118.9174,-30.2080,205.86
119.1672,-30.2080,209.39
119.4171,-30.2080,212.54
119.6669,-30.2080,215.34
119.9167,-30.2080,217.81
120.1666,-30.2080,219.95
120.4164,-30.2080,221.74
120.6662,-30.2080,223.12
120.9160,-30.2080,224.06
121.1659,-30.2080,224.53
121.4157,-30.2080,224.56
121.6655,-30.2080,224.18
121.9153,-30.2080,223.47
122.1652,-30.2080,222.47
122.4150,-30.2080,221.25
122.6648,-30.2080,219.87
122.9146,-30.2080,218.40
123.1645,-30.2080,216.90
123.4143,-30.2080,215.36
123.6641,-30.2080,213.79
123.9139,-30.2080,212.20
124.1638,-30.2080,210.59
124.4136,-30.2080,209.02
124.6634,-30.2080,207.51
124.9133,-30.2080,206.11
125.1631,-30.2080,204.85
125.4129,-30.2080,203.69
125.6627,-30.2080,202.56
125.9126,-30.2080,201.41
126.1624,-30.2080,200.15
126.4122,-30.2080,198.72
126.6620,-30.2080,197.01
126.9119,-30.2080,194.98
127.1617,-30.2080,192.61
127.4115,-30.2080,190.09
127.6613,-30.2080,187.66
127.9112,-30.2080,185.58
128.1610,-30.2080,184.08
128.4108,-30.2080,183.37
128.6607,-30.2080,183.57
128.9105,-30.2080,184.76
129.1603,-30.2080,186.94
129.4101,-30.2080,190.10
129.6600,-30.2080,194.13
129.9098,-30.2080,198.82
130.1596,-30.2080,203.81
130.4094,-30.2080,208.62
130.6593,-30.2080,212.63
130.9091,-30.2080,215.19
131.1589,-30.2080,215.90
131.4087,-30.2080,215.00
131.6586,-30.2080,212.99
131.9084,-30.2080,210.37
132.1582,-30.2080,207.53
132.4080,-30.2080,204.81
132.6579,-30.2080,202.51
132.9077,-30.2080,200.86
133.1575,-30.2080,200.00
133.4074,-30.2080,199.80
133.6572,-30.2080,200.05
133.9070,-30.2080,200.52
134.1568,-30.2080,200.98
134.4067,-30.2080,201.24
134.6565,-30.2080,201.06
134.9063,-30.2080,200.24
135.1561,-30.2080,198.67
135.4060,-30.2080,196.47
135.6558,-30.2080,193.88
135.9056,-30.2080,191.14
136.1554,-30.2080,188.46
136.4053,-30.2080,186.07
136.6551,-30.2080,184.21
136.9049,-30.2080,183.12
137.1548,-30.2080,182.93
137.4046,-30.2080,183.47
137.6544,-30.2080,184.50
137.9042,-30.2080,185.76
138.1541,-30.2080,187.01
138.4039,-30.2080,188.04
138.6537,-30.2080,188.68
138.9035,-30.2080,188.78
139.1534,-30.2080,188.28
139.4032,-30.2080,187.23
139.6530,-30.2080,185.73
139.9028,-30.2080,183.93
140.1527,-30.2080,181.95
140.4025,-30.2080,179.91
140.6523,-30.2080,177.87
140.9022,-30.2080,175.91
141.1520,-30.2080,174.06
141.4018,-30.2080,172.36
141.6516,-30.2080,170.84
141.9015,-30.2080,169.50
142.1513,-30.2080,168.30
142.4011,-30.2080,167.20
142.6509,-30.2080,166.07
142.9008,-30.2080,164.79
143.1506,-30.2080,163.24
143.4004,-30.2080,161.44
143.6502,-30.2080,159.43
143.9001,-30.2080,157.25
144.1499,-30.2080,154.93
144.3997,-30.2080,152.48
144.6495,-30.2080,149.96
144.8994,-30.2080,147.46
145.1492,-30.2080,145.05
145.3990,-30.2080,142.72
145.6489,-30.2080,140.45
145.8987,-30.2080,138.31
146.1485,-30.2080,136.42
146.3983,-30.2080,134.98
146.6482,-30.2080,134.26
146.8980,-30.2080,134.55
147.1478,-30.2080,135.99
147.3976,-30.2080,138.35
147.6475,-30.2080,141.24
147.8973,-30.2080,144.21
148.1471,-30.2080,146.71
148.3969,-30.2080,148.10
148.6468,-30.2080,147.55
148.8966,-30.2080,144.19
149.1464,-30.2080,137.51
149.3963,-30.2080,128.16
149.6461,-30.2080,117.18
149.8959,-30.2080,105.51
150.1457,-30.2080,93.94
150.3956,-30.2080,83.09
150.6454,-30.2080,73.53
150.8952,-30.2080,65.72
151.1450,-30.2080,59.94
151.3949,-30.2080,56.08
151.6447,-30.2080,53.87
151.8945,-30.2080,53.05
152.1443,-30.2080,53.40
152.3942,-30.2080,54.74
152.6440,-30.2080,56.97
152.8938,-30.2080,60.01
153.1437,-30.2080,63.74
153.3935,-30.2080,67.94
153.6433,-30.2080,72.31
153.8931,-30.2080,76.61
154.1430,-30.2080,80.59
154.3928,-30.2080,84.04
154.6426,-30.2080,86.78
154.8924,-30.2080,88.66
155.1423,-30.2080,89.65
155.3921,-30.2080,89.87
155.6419,-30.2080,89.56
155.8917,-30.2080,89.00
110.1735,-29.9584,112.13
110.4233,-29.9584,112.23
110.6731,-29.9584,112.21
110.9230,-29.9584,112.04
111.1728,-29.9584,111.75
111.4226,-29.9584,111.46
111.6724,-29.9584,111.33
111.9223,-29.9584,111.55
112.1721,-29.9584,112.33
112.4219,-29.9584,113.86
112.6718,-29.9584,116.32
112.9216,-29.9584,119.83
113.1714,-29.9584,124.40
113.4212,-29.9584,129.91
113.6711,-29.9584,136.12
113.9209,-29.9584,142.70
114.1707,-29.9584,149.31
114.4205,-29.9584,155.59
114.6704,-29.9584,161.16
114.9202,-29.9584,165.71
115.1700,-29.9584,169.07
115.4198,-29.9584,171.32
115.6697,-29.9584,172.68
115.9195,-29.9584,173.45
116.1693,-29.9584,173.96
116.4192,-29.9584,174.52
116.6690,-29.9584,175.48
116.9188,-29.9584,177.10
117.1686,-29.9584,179.55
117.4185,-29.9584,182.78
117.6683,-29.9584,186.63
117.9181,-29.9584,190.90
118.1679,-29.9584,195.39
118.4178,-29.9584,199.92
118.6676,-29.9584,204.30
118.9174,-29.9584,208.40
119.1672,-29.9584,212.12
119.4171,-29.9584,215.41
119.6669,-29.9584,218.30
119.9167,-29.9584,220.79
120.1666,-29.9584,222.87
120.4164,-29.9584,224.52
120.6662,-29.9584,225.70
120.9160,-29.9584,226.38
121.1659,-29.9584,226.55
121.4157,-29.9584,226.25
121.6655,-29.9584,225.56
121.9153,-29.9584,224.54
122.1652,-29.9584,223.28
122.4150,-29.9584,221.83
122.6648,-29.9584,220.25
122.9146,-29.9584,218.57
123.1645,-29.9584,216.84
123.4143,-29.9584,215.09
123.6641,-29.9584,213.34
123.9139,-29.9584,211.63
124.1638,-29.9584,209.97
124.4136,-29.9584,208.41
124.6634,-29.9584,206.97
124.9133,-29.9584,205.66
125.1631,-29.9584,204.50
125.4129,-29.9584,203.45
125.6627,-29.9584,202.46
125.9126,-29.9584,201.45
126.1624,-29.9584,200.37
126.4122,-29.9584,199.12
126.6620,-29.9584,197.64
126.9119,-29.9584,195.89
127.1617,-29.9584,193.87
127.4115,-29.9584,191.72
127.6613,-29.9584,189.63
127.9112,-29.9584,187.81
128.1610,-29.9584,186.47
128.4108,-29.9584,185.83
128.6607,-29.9584,186.06
128.9105,-29.9584,187.29
129.1603,-29.9584,189.56
129.4101,-29.9584,192.79
129.6600,-29.9584,196.79
129.9098,-29.9584,201.26
130.1596,-29.9584,205.84
130.4094,-29.9584,210.09
130.6593,-29.9584,213.53
130.9091,-29.9584,215.71
131.1589,-29.9584,216.39
131.4087,-29.9584,215.69
131.6586,-29.9584,213.96
131.9084,-29.9584,211.58
132.1582,-29.9584,208.94
132.4080,-29.9584,206.34
132.6579,-29.9584,204.06
132.9077,-29.9584,202.30
133.1575,-29.9584,201.17
133.4074,-29.9584,200.58
133.6572,-29.9584,200.40
133.9070,-29.9584,200.43
134.1568,-29.9584,200.49
134.4067,-29.9584,200.38
134.6565,-29.9584,199.95
134.9063,-29.9584,199.06
135.1561,-29.9584,197.66
135.4060,-29.9584,195.83
135.6558,-29.9584,193.71
135.9056,-29.9584,191.50
136.1554,-29.9584,189.38
136.4053,-29.9584,187.55
136.6551,-29.9584,186.20
136.9049,-29.9584,185.48
137.1548,-29.9584,185.47
137.4046,-29.9584,186.07
137.6544,-29.9584,187.12
137.9042,-29.9584,188.43
138.1541,-29.9584,189.76
138.4039,-29.9584,190.90
138.6537,-29.9584,191.63
138.9035,-29.9584,191.79
139.1534,-29.9584,191.26
139.4032,-29.9584,190.12
139.6530,-29.9584,188.47
139.9028,-29.9584,186.49
140.1527,-29.9584,184.30
140.4025,-29.9584,182.02
140.6523,-29.9584,179.72
140.9022,-29.9584,177.45
141.1520,-29.9584,175.27
141.4018,-29.9584,173.19
141.6516,-29.9584,171.23
141.9015,-29.9584,169.39
142.1513,-29.9584,167.66
142.4011,-29.9584,166.01
142.6509,-29.9584,164.40
142.9008,-29.9584,162.79
143.1506,-29.9584,161.14
143.4004,-29.9584,159.40
143.6502,-29.9584,157.56
143.9001,-29.9584,155.58
144.1499,-29.9584,153.46
144.3997,-29.9584,151.20
144.6495,-29.9584,148.81
144.8994,-29.9584,146.34
145.1492,-29.9584,143.83
145.3990,-29.9584,141.31
145.6489,-29.9584,138.80
145.8987,-29.9584,136.40
146.1485,-29.9584,134.21
146.3983,-29.9584,132.40
146.6482,-29.9584,131.15
146.8980,-29.9584,130.62
147.1478,-29.9584,130.84
147.3976,-29.9584,131.65
147.6475,-29.9584,132.75
147.8973,-29.9584,133.76
148.1471,-29.9584,134.26
148.3969,-29.9584,133.79
148.6468,-29.9584,131.91
148.8966,-29.9584,128.24
149.1464,-29.9584,122.65
149.3963,-29.9584,115.41
149.6461,-29.9584,107.03
149.8959,-29.9584,98.05
150.1457,-29.9584,89.04
150.3956,-29.9584,80.48
150.6454,-29.9584,72.78
150.8952,-29.9584,66.29
151.1450,-29.9584,61.18
151.3949,-29.9584,57.50
151.6447,-29.9584,55.18
151.8945,-29.9584,54.09
152.1443,-29.9584,54.12
152.3942,-29.9584,55.15
152.6440,-29.9584,57.09
152.8938,-29.9584,59.86
153.1437,-29.9584,63.31
153.3935,-29.9584,67.25
153.6433,-29.9584,71.41
153.8931,-29.9584,75.54
154.1430,-29.9584,79.37
154.3928,-29.9584,82.66
154.6426,-29.9584,85.19
154.8924,-29.9584,86.77
155.1423,-29.9584,87.36
155.3921,-29.9584,87.05
155.6419,-29.9584,86.08
155.8917,-29.9584,84.76
110.1735,-29.7087,111.56
110.4233,-29.7087,111.73
110.6731,-29.7087,111.79
110.9230,-29.7087,111.67
111.1728,-29.7087,111.40
111.4226,-29.7087,111.11
111.6724,-29.7087,110.99
111.9223,-29.7087,111.26
112.1721,-29.7087,112.13
112.4219,-29.7087,113.78
112.6718,-29.7087,116.39
112.9216,-29.7087,120.07
113.1714,-29.7087,124.83
113.4212,-29.7087,130.57
113.6711,-29.7087,137.04
113.9209,-29.7087,143.95
114.1707,-29.7087,150.95
114.4205,-29.7087,157.63
114.6704,-29.7087,163.55
114.9202,-29.7087,168.27
115.1700,-29.7087,171.50
115.4198,-29.7087,173.42
115.6697,-29.7087,174.36
115.9195,-29.7087,174.69
116.1693,-29.7087,174.78
116.4192,-29.7087,174.99
116.6690,-29.7087,175.70
116.9188,-29.7087,177.26
117.1686,-29.7087,179.91
117.4185,-29.7087,183.49
117.6683,-29.7087,187.75
117.9181,-29.7087,192.41
118.1679,-29.7087,197.22
118.4178,-29.7087,202.00
118.6676,-29.7087,206.57
118.9174,-29.7087,210.82
119.1672,-29.7087,214.65
119.4171,-29.7087,218.02
119.6669,-29.7087,220.94
119.9167,-29.7087,223.40
120.1666,-29.7087,225.39
120.4164,-29.7087,226.90
120.6662,-29.7087,227.88
120.9160,-29.7087,228.31
121.1659,-29.7087,228.16
121.4157,-29.7087,227.51
121.6655,-29.7087,226.48
121.9153,-29.7087,225.15
122.1652,-29.7087,223.61
122.4150,-29.7087,221.94
122.6648,-29.7087,220.16
122.9146,-29.7087,218.29
123.1645,-29.7087,216.35
123.4143,-29.7087,214.39
123.6641,-29.7087,212.48
123.9139,-29.7087,210.65
124.1638,-29.7087,208.95
124.4136,-29.7087,207.40
124.6634,-29.7087,206.00
124.9133,-29.7087,204.77
125.1631,-29.7087,203.71
125.4129,-29.7087,202.77
125.6627,-29.7087,201.90
125.9126,-29.7087,201.03
126.1624,-29.7087,200.10
126.4122,-29.7087,199.04
126.6620,-29.7087,197.79
126.9119,-29.7087,196.29
127.1617,-29.7087,194.56
127.4115,-29.7087,192.69
127.6613,-29.7087,190.84
127.9112,-29.7087,189.18
128.1610,-29.7087,187.91
128.4108,-29.7087,187.23
128.6607,-29.7087,187.36
128.9105,-29.7087,188.51
129.1603,-29.7087,190.80
129.4101,-29.7087,194.05
129.6600,-29.7087,197.96
129.9098,-29.7087,202.20
130.1596,-29.7087,206.42
130.4094,-29.7087,210.23
130.6593,-29.7087,213.25
130.9091,-29.7087,215.17
131.1589,-29.7087,215.81
131.4087,-29.7087,215.26
131.6586,-29.7087,213.78
131.9084,-29.7087,211.70
132.1582,-29.7087,209.31
132.4080,-29.7087,206.91
132.6579,-29.7087,204.73
132.9077,-29.7087,202.96
133.1575,-29.7087,201.68
133.4074,-29.7087,200.85
133.6572,-29.7087,200.35
133.9070,-29.7087,200.03
134.1568,-29.7087,199.75
134.4067,-29.7087,199.35
134.6565,-29.7087,198.72
134.9063,-29.7087,197.80
135.1561,-29.7087,196.57
135.4060,-29.7087,195.08
135.6558,-29.7087,193.41
135.9056,-29.7087,191.72
136.1554,-29.7087,190.14
136.4053,-29.7087,188.84
136.6551,-29.7087,187.95
136.9049,-29.7087,187.57
137.1548,-29.7087,187.75
137.4046,-29.7087,188.43
137.6544,-29.7087,189.52
137.9042,-29.7087,190.87
138.1541,-29.7087,192.28
138.4039,-29.7087,193.54
138.6537,-29.7087,194.38
138.9035,-29.7087,194.58
139.1534,-29.7087,193.98
139.4032,-29.7087,192.67
139.6530,-29.7087,190.83
139.9028,-29.7087,188.64
140.1527,-29.7087,186.23
140.4025,-29.7087,183.72
140.6523,-29.7087,181.17
140.9022,-29.7087,178.63
141.1520,-29.7087,176.13
141.4018,-29.7087,173.70
141.6516,-29.7087,171.33
141.9015,-29.7087,169.03
142.1513,-29.7087,166.79
142.4011,-29.7087,164.63
142.6509,-29.7087,162.59
142.9008,-29.7087,160.70
143.1506,-29.7087,158.99
143.4004,-29.7087,157.37
143.6502,-29.7087,155.74
143.9001,-29.7087,154.01
144.1499,-29.7087,152.14
144.3997,-29.7087,150.09
144.6495,-29.7087,147.86
144.8994,-29.7087,145.44
145.1492,-29.7087,142.84
145.3990,-29.7087,140.11
145.6489,-29.7087,137.34
145.8987,-29.7087,134.60
146.1485,-29.7087,132.02
146.3983,-29.7087,129.69
146.6482,-29.7087,127.74
146.8980,-29.7087,126.24
147.1478,-29.7087,125.17
147.3976,-29.7087,124.39
147.6475,-29.7087,123.66
147.8973,-29.7087,122.69
148.1471,-29.7087,121.20
148.3969,-29.7087,118.94
148.6468,-29.7087,115.81
148.8966,-29.7087,111.88
149.1464,-29.7087,107.29
149.3963,-29.7087,102.03
149.6461,-29.7087,96.13
149.8959,-29.7087,89.81
150.1457,-29.7087,83.36
150.3956,-29.7087,77.11
150.6454,-29.7087,71.34
150.8952,-29.7087,66.25
151.1450,-29.7087,61.97
151.3949,-29.7087,58.64
151.6447,-29.7087,56.35
151.8945,-29.7087,55.12
152.1443,-29.7087,54.92
152.3942,-29.7087,55.70
152.6440,-29.7087,57.39
152.8938,-29.7087,59.91
153.1437,-29.7087,63.13
153.3935,-29.7087,66.87
153.6433,-29.7087,70.86
153.8931,-29.7087,74.86
154.1430,-29.7087,78.59
154.3928,-29.7087,81.78
154.6426,-29.7087,84.16
154.8924,-29.7087,85.50
155.1423,-29.7087,85.69
155.3921,-29.7087,84.84
155.6419,-29.7087,83.20
155.8917,-29.7087,81.08
110.1735,-29.4591,111.04
110.4233,-29.4591,111.30
110.6731,-29.4591,111.45
110.9230,-29.4591,111.40
111.1728,-29.4591,111.09
111.4226,-29.4591,110.74
111.6724,-29.4591,110.58
111.9223,-29.4591,110.85
112.1721,-29.4591,111.74
112.4219,-29.4591,113.45
112.6718,-29.4591,116.13
112.9216,-29.4591,119.92
113.1714,-29.4591,124.86
113.4212,-29.4591,130.82
113.6711,-29.4591,137.57
113.9209,-29.4591,144.83
114.1707,-29.4591,152.25
114.4205,-29.4591,159.43
114.6704,-29.4591,165.83
114.9202,-29.4591,170.84
115.1700,-29.4591,173.93
115.4198,-29.4591,175.49
115.6697,-29.4591,176.03
115.9195,-29.4591,175.98
116.1693,-29.4591,175.71
116.4192,-29.4591,175.58
116.6690,-29.4591,176.00
116.9188,-29.4591,177.48
117.1686,-29.4591,180.40
117.4185,-29.4591,184.42
117.6683,-29.4591,189.11
117.9181,-29.4591,194.12
118.1679,-29.4591,199.21
118.4178,-29.4591,204.18
118.6676,-29.4591,208.89
118.9174,-29.4591,213.21
119.1672,-29.4591,217.07
119.4171,-29.4591,220.43
119.6669,-29.4591,223.30
119.9167,-29.4591,225.68
120.1666,-29.4591,227.55
120.4164,-29.4591,228.90
120.6662,-29.4591,229.68
120.9160,-29.4591,229.83
121.1659,-29.4591,229.33
121.4157,-29.4591,228.30
121.6655,-29.4591,226.88
121.9153,-29.4591,225.21
122.1652,-29.4591,223.39
122.4150,-29.4591,221.49
122.6648,-29.4591,219.54
122.9146,-29.4591,217.51
123.1645,-29.4591,215.36
123.4143,-29.4591,213.20
123.6641,-29.4591,211.14
123.9139,-29.4591,209.23
124.1638,-29.4591,207.50
124.4136,-29.4591,205.97
124.6634,-29.4591,204.62
124.9133,-29.4591,203.47
125.1631,-29.4591,202.51
125.4129,-29.4591,201.68
125.6627,-29.4591,200.93
125.9126,-29.4591,200.20
126.1624,-29.4591,199.43
126.4122,-29.4591,198.57
126.6620,-29.4591,197.54
126.9119,-29.4591,196.31
127.1617,-29.4591,194.82
127.4115,-29.4591,193.19
127.6613,-29.4591,191.54
127.9112,-29.4591,190.00
128.1610,-29.4591,188.74
128.4108,-29.4591,187.93
128.6607,-29.4591,187.85
128.9105,-29.4591,188.81
129.1603,-29.4591,191.09
129.4101,-29.4591,194.34
129.6600,-29.4591,198.15
129.9098,-29.4591,202.14
130.1596,-29.4591,206.00
130.4094,-29.4591,209.43
130.6593,-29.4591,212.13
130.9091,-29.4591,213.85
131.1589,-29.4591,214.42
131.4087,-29.4591,213.97
131.6586,-29.4591,212.72
131.9084,-29.4591,210.93
132.1582,-29.4591,208.83
132.4080,-29.4591,206.68
132.6579,-29.4591,204.66
132.9077,-29.4591,202.94
133.1575,-29.4591,201.63
133.4074,-29.4591,200.67
133.6572,-29.4591,199.97
133.9070,-29.4591,199.40
134.1568,-29.4591,198.85
134.4067,-29.4591,198.22
134.6565,-29.4591,197.45
134.9063,-29.4591,196.52
135.1561,-29.4591,195.46
135.4060,-29.4591,194.27
135.6558,-29.4591,193.02
135.9056,-29.4591,191.78
136.1554,-29.4591,190.68
136.4053,-29.4591,189.84
136.6551,-29.4591,189.35
136.9049,-29.4591,189.27
137.1548,-29.4591,189.60
137.4046,-29.4591,190.35
137.6544,-29.4591,191.47
137.9042,-29.4591,192.86
138.1541,-29.4591,194.35
138.4039,-29.4591,195.73
138.6537,-29.4591,196.73
138.9035,-29.4591,197.01
139.1534,-29.4591,196.27
139.4032,-29.4591,194.74
139.6530,-29.4591,192.68
139.9028,-29.4591,190.28
140.1527,-29.4591,187.70
140.4025,-29.4591,185.00
140.6523,-29.4591,182.25
140.9022,-29.4591,179.49
141.1520,-29.4591,176.75
141.4018,-29.4591,174.02
141.6516,-29.4591,171.30
141.9015,-29.4591,168.59
142.1513,-29.4591,165.91
142.4011,-29.4591,163.29
142.6509,-29.4591,160.83
142.9008,-29.4591,158.68
143.1506,-29.4591,156.97
143.4004,-29.4591,155.52
143.6502,-29.4591,154.13
143.9001,-29.4591,152.66
144.1499,-29.4591,151.03
144.3997,-29.4591,149.19
144.6495,-29.4591,147.11
144.8994,-29.4591,144.73
145.1492,-29.4591,142.03
145.3990,-29.4591,139.08
145.6489,-29.4591,136.01
145.8987,-29.4591,132.91
146.1485,-29.4591,129.85
146.3983,-29.4591,126.94
146.6482,-29.4591,124.21
146.8980,-29.4591,121.70
147.1478,-29.4591,119.37
147.3976,-29.4591,117.07
147.6475,-29.4591,114.62
147.8973,-29.4591,111.82
148.1471,-29.4591,108.47
148.3969,-29.4591,104.53
148.6468,-29.4591,100.17
148.8966,-29.4591,95.90
149.1464,-29.4591,92.32
149.3963,-29.4591,88.94
149.6461,-29.4591,85.36
149.8959,-29.4591,81.48
150.1457,-29.4591,77.42
150.3956,-29.4591,73.36
150.6454,-29.4591,69.46
150.8952,-29.4591,65.78
151.1450,-29.4591,62.34
151.3949,-29.4591,59.42
151.6447,-29.4591,57.26
151.8945,-29.4591,55.99
152.1443,-29.4591,55.66
152.3942,-29.4591,56.24
152.6440,-29.4591,57.72
152.8938,-29.4591,60.03
153.1437,-29.4591,63.09
153.3935,-29.4591,66.69
153.6433,-29.4591,70.58
153.8931,-29.4591,74.50
154.1430,-29.4591,78.19
154.3928,-29.4591,81.37
154.6426,-29.4591,83.72
154.8924,-29.4591,84.94
155.1423,-29.4591,84.77
155.3921,-29.4591,83.42
155.6419,-29.4591,81.17
155.8917,-29.4591,78.34
110.1735,-29.2094,110.50
110.4233,-29.2094,110.83
110.6731,-29.2094,111.08
110.9230,-29.2094,111.12
111.1728,-29.2094,110.72
111.4226,-29.2094,110.26
111.6724,-29.2094,110.03
111.9223,-29.2094,110.26
112.1721,-29.2094,111.14
112.4219,-29.2094,112.84
112.6718,-29.2094,115.53
112.9216,-29.2094,119.35
113.1714,-29.2094,124.44
113.4212,-29.2094,130.59
113.6711,-29.2094,137.56
113.9209,-29.2094,145.11
114.1707,-29.2094,152.91
114.4205,-29.2094,160.58
114.6704,-29.2094,167.59
114.9202,-29.2094,173.10
115.1700,-29.2094,175.98
115.4198,-29.2094,177.22
115.6697,-29.2094,177.51
115.9195,-29.2094,177.28
116.1693,-29.2094,176.84
116.4192,-29.2094,176.50
116.6690,-29.2094,176.69
116.9188,-29.2094,178.01
117.1686,-29.2094,181.37
117.4185,-29.2094,185.90
117.6683,-29.2094,190.99
117.9181,-29.2094,196.28
118.1679,-29.2094,201.54
118.4178,-29.2094,206.60
118.6676,-29.2094,211.34
118.9174,-29.2094,215.65
119.1672,-29.2094,219.44
119.4171,-29.2094,222.70
119.6669,-29.2094,225.44
119.9167,-29.2094,227.67
120.1666,-29.2094,229.36
120.4164,-29.2094,230.50
120.6662,-29.2094,231.05
120.9160,-29.2094,230.93
121.1659,-29.2094,230.01
121.4157,-29.2094,228.54
121.6655,-29.2094,226.71
121.9153,-29.2094,224.67
122.1652,-29.2094,222.54
122.4150,-29.2094,220.40
122.6648,-29.2094,218.28
122.9146,-29.2094,216.12
123.1645,-29.2094,213.76
123.4143,-29.2094,211.43
123.6641,-29.2094,209.27
123.9139,-29.2094,207.34
124.1638,-29.2094,205.63
124.4136,-29.2094,204.15
124.6634,-29.2094,202.89
124.9133,-29.2094,201.82
125.1631,-29.2094,200.97
125.4129,-29.2094,200.26
125.6627,-29.2094,199.63
125.9126,-29.2094,199.03
126.1624,-29.2094,198.41
126.4122,-29.2094,197.74
126.6620,-29.2094,196.96
126.9119,-29.2094,196.00
127.1617,-29.2094,194.76
127.4115,-29.2094,193.37
127.6613,-29.2094,191.93
127.9112,-29.2094,190.55
128.1610,-29.2094,189.32
128.4108,-29.2094,188.40
128.6607,-29.2094,188.02
128.9105,-29.2094,188.65
129.1603,-29.2094,190.96
129.4101,-29.2094,194.20
129.6600,-29.2094,197.83
129.9098,-29.2094,201.50
130.1596,-29.2094,204.97
130.4094,-29.2094,208.00
130.6593,-29.2094,210.40
130.9091,-29.2094,211.94
131.1589,-29.2094,212.41
131.4087,-29.2094,212.03
131.6586,-29.2094,210.98
131.9084,-29.2094,209.47
132.1582,-29.2094,207.70
132.4080,-29.2094,205.82
132.6579,-29.2094,204.00
132.9077,-29.2094,202.40
133.1575,-29.2094,201.15
133.4074,-29.2094,200.17
133.6572,-29.2094,199.36
133.9070,-29.2094,198.62
134.1568,-29.2094,197.88
134.4067,-29.2094,197.09
134.6565,-29.2094,196.20
134.9063,-29.2094,195.26
135.1561,-29.2094,194.36
135.4060,-29.2094,193.44
135.6558,-29.2094,192.53
135.9056,-29.2094,191.67
136.1554,-29.2094,190.97
136.4053,-29.2094,190.51
136.6551,-29.2094,190.34
136.9049,-29.2094,190.50
137.1548,-29.2094,190.93
137.4046,-29.2094,191.70
137.6544,-29.2094,192.81
137.9042,-29.2094,194.19
138.1541,-29.2094,195.71
138.4039,-29.2094,197.21
138.6537,-29.2094,198.39
138.9035,-29.2094,198.83
139.1534,-29.2094,197.88
139.4032,-29.2094,196.11
139.6530,-29.2094,193.86
139.9028,-29.2094,191.34
140.1527,-29.2094,188.66
140.4025,-29.2094,185.87
140.6523,-29.2094,183.01
140.9022,-29.2094,180.11
141.1520,-29.2094,177.20
141.4018,-29.2094,174.26
141.6516,-29.2094,171.28
141.9015,-29.2094,168.26
142.1513,-29.2094,165.22
142.4011,-29.2094,162.22
142.6509,-29.2094,159.37
142.9008,-29.2094,156.94
143.1506,-29.2094,155.31
143.4004,-29.2094,154.05
143.6502,-29.2094,152.87
143.9001,-29.2094,151.61
144.1499,-29.2094,150.17
144.3997,-29.2094,148.50
144.6495,-29.2094,146.54
144.8994,-29.2094,144.21
145.1492,-29.2094,141.35
145.3990,-29.2094,138.17
145.6489,-29.2094,134.79
145.8987,-29.2094,131.30
146.1485,-29.2094,127.77
146.3983,-29.2094,124.24
146.6482,-29.2094,120.75
146.8980,-29.2094,117.29
147.1478,-29.2094,113.80
147.3976,-29.2094,110.16
147.6475,-29.2094,106.24
147.8973,-29.2094,101.86
148.1471,-29.2094,96.95
148.3969,-29.2094,91.53
148.6468,-29.2094,85.96
148.8966,-29.2094,81.16
149.1464,-29.2094,78.69
149.3963,-29.2094,77.09
149.6461,-29.2094,75.52
149.8959,-29.2094,73.71
150.1457,-29.2094,71.67
150.3956,-29.2094,69.52
150.6454,-29.2094,67.32
150.8952,-29.2094,65.00
151.1450,-29.2094,62.28
151.3949,-29.2094,59.76
151.6447,-29.2094,57.80
151.8945,-29.2094,56.58
152.1443,-29.2094,56.20
152.3942,-29.2094,56.68
152.6440,-29.2094,58.00
152.8938,-29.2094,60.15
153.1437,-29.2094,63.11
153.3935,-29.2094,66.62
153.6433,-29.2094,70.45
153.8931,-29.2094,74.35
154.1430,-29.2094,78.06
154.3928,-29.2094,81.31
154.6426,-29.2094,83.78
154.8924,-29.2094,85.04
155.1423,-29.2094,84.60
155.3921,-29.2094,82.88
155.6419,-29.2094,80.22
155.8917,-29.2094,76.90
110.1735,-28.9598,109.88
110.4233,-28.9598,110.20
110.6731,-28.9598,110.51
110.9230,-28.9598,110.66
111.1728,-28.9598,110.11
111.4226,-28.9598,109.55
111.6724,-28.9598,109.27
111.9223,-28.9598,109.48
112.1721,-28.9598,110.34
112.4219,-28.9598,112.03
112.6718,-28.9598,114.67
112.9216,-28.9598,118.44
113.1714,-28.9598,123.62
113.4212,-28.9598,129.87
113.6711,-28.9598,136.94
113.9209,-28.9598,144.61
114.1707,-28.9598,152.61
114.4205,-28.9598,160.60
114.6704,-28.9598,168.12
114.9202,-28.9598,174.37
115.1700,-28.9598,176.99
115.4198,-28.9598,178.17
115.6697,-28.9598,178.58
115.9195,-28.9598,178.55
116.1693,-28.9598,178.32
116.4192,-28.9598,178.13
116.6690,-28.9598,178.31
116.9188,-28.9598,179.44
117.1686,-28.9598,183.42
117.4185,-28.9598,188.36
117.6683,-28.9598,193.67
117.9181,-28.9598,199.05
118.1679,-28.9598,204.32
118.4178,-28.9598,209.33
118.6676,-28.9598,213.97
118.9174,-28.9598,218.16
119.1672,-28.9598,221.78
119.4171,-28.9598,224.85
119.6669,-28.9598,227.38
119.9167,-28.9598,229.37
120.1666,-28.9598,230.81
120.4164,-28.9598,231.67
120.6662,-28.9598,231.94
120.9160,-28.9598,231.53
121.1659,-28.9598,230.13
121.4157,-28.9598,228.19
121.6655,-28.9598,225.92
121.9153,-28.9598,223.47
122.1652,-28.9598,220.99
122.4150,-28.9598,218.57
122.6648,-28.9598,216.26
122.9146,-28.9598,214.02
123.1645,-28.9598,211.44
123.4143,-28.9598,209.01
123.6641,-28.9598,206.84
123.9139,-28.9598,204.96
124.1638,-28.9598,203.36
124.4136,-28.9598,202.01
124.6634,-28.9598,200.86
124.9133,-28.9598,199.91
125.1631,-28.9598,199.19
125.4129,-28.9598,198.60
125.6627,-28.9598,198.07
125.9126,-28.9598,197.57
126.1624,-28.9598,197.09
126.4122,-28.9598,196.59
126.6620,-28.9598,196.05
126.9119,-28.9598,195.41
127.1617,-28.9598,194.42
127.4115,-28.9598,193.32
127.6613,-28.9598,192.20
127.9112,-28.9598,191.09
128.1610,-28.9598,190.05
128.4108,-28.9598,189.14
128.6607,-28.9598,188.56
128.9105,-28.9598,188.72
129.1603,-28.9598,191.13
129.4101,-28.9598,194.21
129.6600,-28.9598,197.47
129.9098,-28.9598,200.65
130.1596,-28.9598,203.57
130.4094,-28.9598,206.12
130.6593,-28.9598,208.16
130.9091,-28.9598,209.53
131.1589,-28.9598,209.85
131.4087,-28.9598,209.52
131.6586,-28.9598,208.70
131.9084,-28.9598,207.51
132.1582,-28.9598,206.09
132.4080,-28.9598,204.55
132.6579,-28.9598,202.99
132.9077,-28.9598,201.54
133.1575,-28.9598,200.45
133.4074,-28.9598,199.52
133.6572,-28.9598,198.66
133.9070,-28.9598,197.81
134.1568,-28.9598,196.95
134.4067,-28.9598,196.03
134.6565,-28.9598,195.06
134.9063,-28.9598,194.09
135.1561,-28.9598,193.33
135.4060,-28.9598,192.62
135.6558,-28.9598,191.97
135.9056,-28.9598,191.40
136.1554,-28.9598,190.98
136.4053,-28.9598,190.79
136.6551,-28.9598,190.85
136.9049,-28.9598,191.19
137.1548,-28.9598,191.63
137.4046,-28.9598,192.36
137.6544,-28.9598,193.39
137.9042,-28.9598,194.68
138.1541,-28.9598,196.15
138.4039,-28.9598,197.64
138.6537,-28.9598,198.94
138.9035,-28.9598,199.63
139.1534,-28.9598,198.42
139.4032,-28.9598,196.50
139.6530,-28.9598,194.23
139.9028,-28.9598,191.74
140.1527,-28.9598,189.10
140.4025,-28.9598,186.35
140.6523,-28.9598,183.49
140.9022,-28.9598,180.56
141.1520,-28.9598,177.59
141.4018,-28.9598,174.55
141.6516,-28.9598,171.41
141.9015,-28.9598,168.20
142.1513,-28.9598,164.94
142.4011,-28.9598,161.68
142.6509,-28.9598,158.54
142.9008,-28.9598,155.79
143.1506,-28.9598,154.32
143.4004,-28.9598,153.20
143.6502,-28.9598,152.12
143.9001,-28.9598,150.95
144.1499,-28.9598,149.60
144.3997,-28.9598,148.00
144.6495,-28.9598,146.10
144.8994,-28.9598,143.78
145.1492,-28.9598,140.74
145.3990,-28.9598,137.31
145.6489,-28.9598,133.64
145.8987,-28.9598,129.79
146.1485,-28.9598,125.81
146.3983,-28.9598,121.72
146.6482,-28.9598,117.54
146.8980,-28.9598,113.24
147.1478,-28.9598,108.77
147.3976,-28.9598,104.05
147.6475,-28.9598,98.97
147.8973,-28.9598,93.45
148.1471,-28.9598,87.43
148.3969,-28.9598,81.02
148.6468,-28.9598,74.54
148.8966,-28.9598,68.96
149.1464,-28.9598,67.75
149.3963,-28.9598,67.51
149.6461,-28.9598,67.37
149.8959,-28.9598,67.04
150.1457,-28.9598,66.49
150.3956,-28.9598,65.77
150.6454,-28.9598,64.93
150.8952,-28.9598,63.84
151.1450,-28.9598,61.68
151.3949,-28.9598,59.56
151.6447,-28.9598,57.88
151.8945,-28.9598,56.83
152.1443,-28.9598,56.51
152.3942,-28.9598,56.97
152.6440,-28.9598,58.21
152.8938,-28.9598,60.24
153.1437,-28.9598,63.16
153.3935,-28.9598,66.63
153.6433,-28.9598,70.42
153.8931,-28.9598,74.31
154.1430,-28.9598,78.06
154.3928,-28.9598,81.40
154.6426,-28.9598,84.05
154.8924,-28.9598,85.58
155.1423,-28.9598,84.97
155.3921,-28.9598,83.15
155.6419,-28.9598,80.43
155.8917,-28.9598,77.04
110.1735,-28.7101,109.14
110.4233,-28.7101,109.34
110.6731,-28.7101,109.49
110.9230,-28.7101,109.45
111.1728,-28.7101,109.01
111.4226,-28.7101,108.53
111.6724,-28.7101,108.30
111.9223,-28.7101,108.53
112.1721,-28.7101,109.40
112.4219,-28.7101,111.09
112.6718,-28.7101,113.75
112.9216,-28.7101,117.53
113.1714,-28.7101,122.60
113.4212,-28.7101,128.74
113.6711,-28.7101,135.72
113.9209,-28.7101,143.30
114.1707,-28.7101,151.20
114.4205,-28.7101,159.08
114.6704,-28.7101,166.41
114.9202,-28.7101,172.40
115.1700,-28.7101,175.91
115.4198,-28.7101,177.93
115.6697,-28.7101,179.10
115.9195,-28.7101,179.80
116.1693,-28.7101,180.28
116.4192,-28.7101,180.81
116.6690,-28.7101,181.74
116.9188,-28.7101,183.66
117.1686,-28.7101,187.43
117.4185,-28.7101,192.19
117.6683,-28.7101,197.33
117.9181,-28.7101,202.54
118.1679,-28.7101,207.60
118.4178,-28.7101,212.38
118.6676,-28.7101,216.78
118.9174,-28.7101,220.70
119.1672,-28.7101,224.07
119.4171,-28.7101,226.88
119.6669,-28.7101,229.13
119.9167,-28.7101,230.81
120.1666,-28.7101,231.91
120.4164,-28.7101,232.38
120.6662,-28.7101,232.21
120.9160,-28.7101,231.30
121.1659,-28.7101,229.55
121.4157,-28.7101,227.21
121.6655,-28.7101,224.51
121.9153,-28.7101,221.63
122.1652,-28.7101,218.73
122.4150,-28.7101,215.93
122.6648,-28.7101,213.28
122.9146,-28.7101,210.76
123.1645,-28.7101,208.22
123.4143,-28.7101,205.88
123.6641,-28.7101,203.85
123.9139,-28.7101,202.15
124.1638,-28.7101,200.76
124.4136,-28.7101,199.61
124.6634,-28.7101,198.67
124.9133,-28.7101,197.90
125.1631,-28.7101,197.29
125.4129,-28.7101,196.79
125.6627,-28.7101,196.33
125.9126,-28.7101,195.91
126.1624,-28.7101,195.52
126.4122,-28.7101,195.14
126.6620,-28.7101,194.77
126.9119,-28.7101,194.35
127.1617,-28.7101,193.76
127.4115,-28.7101,193.12
127.6613,-28.7101,192.46
127.9112,-28.7101,191.80
128.1610,-28.7101,191.17
128.4108,-28.7101,190.63
128.6607,-28.7101,190.36
128.9105,-28.7101,190.77
129.1603,-28.7101,192.52
129.4101,-28.7101,194.89
129.6600,-28.7101,197.41
129.9098,-28.7101,199.83
130.1596,-28.7101,202.02
130.4094,-28.7101,203.90
130.6593,-28.7101,205.40
130.9091,-28.7101,206.39
131.1589,-28.7101,206.71
131.4087,-28.7101,206.54
131.6586,-28.7101,206.01
131.9084,-28.7101,205.21
132.1582,-28.7101,204.21
132.4080,-28.7101,203.07
132.6579,-28.7101,201.88
132.9077,-28.7101,200.74
133.1575,-28.7101,199.76
133.4074,-28.7101,198.86
133.6572,-28.7101,197.97
133.9070,-28.7101,197.06
134.1568,-28.7101,196.12
134.4067,-28.7101,195.13
134.6565,-28.7101,194.14
134.9063,-28.7101,193.22
135.1561,-28.7101,192.48
135.4060,-28.7101,191.86
135.6558,-28.7101,191.35
135.9056,-28.7101,190.96
136.1554,-28.7101,190.72
136.4053,-28.7101,190.68
136.6551,-28.7101,190.83
136.9049,-28.7101,191.17
137.1548,-28.7101,191.64
137.4046,-28.7101,192.30
137.6544,-28.7101,193.20
137.9042,-28.7101,194.30
138.1541,-28.7101,195.54
138.4039,-28.7101,196.78
138.6537,-28.7101,197.79
138.9035,-28.7101,198.17
139.1534,-28.7101,197.30
139.4032,-28.7101,195.70
139.6530,-28.7101,193.70
139.9028,-28.7101,191.47
140.1527,-28.7101,189.06
140.4025,-28.7101,186.50
140.6523,-28.7101,183.80
140.9022,-28.7101,180.96
141.1520,-28.7101,178.03
141.4018,-28.7101,174.96
141.6516,-28.7101,171.78
141.9015,-28.7101,168.51
142.1513,-28.7101,165.18
142.4011,-28.7101,161.90
142.6509,-28.7101,158.81
142.9008,-28.7101,156.19
143.1506,-28.7101,154.45
143.4004,-28.7101,153.15
143.6502,-28.7101,151.97
143.9001,-28.7101,150.74
144.1499,-28.7101,149.33
144.3997,-28.7101,147.65
144.6495,-28.7101,145.63
144.8994,-28.7101,143.13
145.1492,-28.7101,140.02
145.3990,-28.7101,136.45
145.6489,-28.7101,132.56
145.8987,-28.7101,128.40
146.1485,-28.7101,124.03
146.3983,-28.7101,119.47
146.6482,-28.7101,114.70
146.8980,-28.7101,109.72
147.1478,-28.7101,104.50
147.3976,-28.7101,98.97
147.6475,-28.7101,93.11
147.8973,-28.7101,86.89
148.1471,-28.7101,80.39
148.3969,-28.7101,73.80
148.6468,-28.7101,67.64
148.8966,-28.7101,62.91
149.1464,-28.7101,61.23
149.3963,-28.7101,61.04
149.6461,-28.7101,61.38
149.8959,-28.7101,61.78
150.1457,-28.7101,62.08
150.3956,-28.7101,62.20
150.6454,-28.7101,62.07
150.8952,-28.7101,61.52
151.1450,-28.7101,60.22
151.3949,-28.7101,58.75
151.6447,-28.7101,57.51
151.8945,-28.7101,56.74
152.1443,-28.7101,56.58
152.3942,-28.7101,57.11
152.6440,-28.7101,58.39
152.8938,-28.7101,60.44
153.1437,-28.7101,63.28
153.3935,-28.7101,66.68
153.6433,-28.7101,70.44
153.8931,-28.7101,74.31
154.1430,-28.7101,78.06
154.3928,-28.7101,81.42
154.6426,-28.7101,84.07
154.8924,-28.7101,85.58
155.1423,-28.7101,85.45
155.3921,-28.7101,84.08
155.6419,-28.7101,81.79
155.8917,-28.7101,78.85
110.1735,-28.4605,108.39
110.4233,-28.4605,108.39
110.6731,-28.4605,108.33
110.9230,-28.4605,108.14
111.1728,-28.4605,107.76
111.4226,-28.4605,107.39
111.6724,-28.4605,107.24
111.9223,-28.4605,107.52
112.1721,-28.4605,108.40
112.4219,-28.4605,110.08
112.6718,-28.4605,112.71
112.9216,-28.4605,116.44
113.1714,-28.4605,121.34
113.4212,-28.4605,127.27
113.6711,-28.4605,134.02
113.9209,-28.4605,141.35
114.1707,-28.4605,148.96
114.4205,-28.4605,156.50
114.6704,-28.4605,163.53
114.9202,-28.4605,169.47
115.1700,-28.4605,173.81
115.4198,-28.4605,176.93
115.6697,-28.4605,179.23
115.9195,-28.4605,181.05
116.1693,-28.4605,182.64
116.4192,-28.4605,184.24
116.6690,-28.4605,186.16
116.9188,-28.4605,188.81
117.1686,-28.4605,192.55
117.4185,-28.4605,197.02
117.6683,-28.4605,201.82
117.9181,-28.4605,206.65
118.1679,-28.4605,211.34
118.4178,-28.4605,215.74
118.6676,-28.4605,219.76
118.9174,-28.4605,223.32
119.1672,-28.4605,226.35
119.4171,-28.4605,228.82
119.6669,-28.4605,230.73
119.9167,-28.4605,232.04
120.1666,-28.4605,232.73
120.4164,-28.4605,232.76
120.6662,-28.4605,232.10
120.9160,-28.4605,230.68
121.1659,-28.4605,228.51
121.4157,-28.4605,225.75
121.6655,-28.4605,222.60
121.9153,-28.4605,219.25
122.1652,-28.4605,215.88
122.4150,-28.4605,212.64
122.6648,-28.4605,209.62
122.9146,-28.4605,206.87
123.1645,-28.4605,204.37
123.4143,-28.4605,202.20
123.6641,-28.4605,200.42
123.9139,-28.4605,199.01
124.1638,-28.4605,197.91
124.4136,-28.4605,197.05
124.6634,-28.4605,196.36
124.9133,-28.4605,195.80
125.1631,-28.4605,195.33
125.4129,-28.4605,194.91
125.6627,-28.4605,194.50
125.9126,-28.4605,194.12
126.1624,-28.4605,193.78
126.4122,-28.4605,193.49
126.6620,-28.4605,193.26
126.9119,-28.4605,193.09
127.1617,-28.4605,192.94
127.4115,-28.4605,192.82
127.6613,-28.4605,192.75
127.9112,-28.4605,192.71
128.1610,-28.4605,192.68
128.4108,-28.4605,192.69
128.6607,-28.4605,192.85
128.9105,-28.4605,193.40
129.1603,-28.4605,194.58
129.4101,-28.4605,196.10
129.6600,-28.4605,197.67
129.9098,-28.4605,199.14
130.1596,-28.4605,200.43
130.4094,-28.4605,201.51
130.6593,-28.4605,202.38
130.9091,-28.4605,202.97
131.1589,-28.4605,203.25
131.4087,-28.4605,203.27
131.6586,-28.4605,203.09
131.9084,-28.4605,202.72
132.1582,-28.4605,202.19
132.4080,-28.4605,201.52
132.6579,-28.4605,200.75
132.9077,-28.4605,199.93
133.1575,-28.4605,199.11
133.4074,-28.4605,198.27
133.6572,-28.4605,197.38
133.9070,-28.4605,196.42
134.1568,-28.4605,195.41
134.4067,-28.4605,194.38
134.6565,-28.4605,193.37
134.9063,-28.4605,192.46
135.1561,-28.4605,191.72
135.4060,-28.4605,191.13
135.6558,-28.4605,190.69
135.9056,-28.4605,190.39
136.1554,-28.4605,190.24
136.4053,-28.4605,190.24
136.6551,-28.4605,190.40
136.9049,-28.4605,190.69
137.1548,-28.4605,191.09
137.4046,-28.4605,191.63
137.6544,-28.4605,192.32
137.9042,-28.4605,193.14
138.1541,-28.4605,194.03
138.4039,-28.4605,194.91
138.6537,-28.4605,195.56
138.9035,-28.4605,195.74
139.1534,-28.4605,195.15
139.4032,-28.4605,194.00
139.6530,-28.4605,192.47
139.9028,-28.4605,190.67
140.1527,-28.4605,188.65
140.4025,-28.4605,186.42
140.6523,-28.4605,183.98
140.9022,-28.4605,181.35
141.1520,-28.4605,178.54
141.4018,-28.4605,175.55
141.6516,-28.4605,172.42
141.9015,-28.4605,169.18
142.1513,-28.4605,165.91
142.4011,-28.4605,162.72
142.6509,-28.4605,159.75
142.9008,-28.4605,157.22
143.1506,-28.4605,155.28
143.4004,-28.4605,153.73
143.6502,-28.4605,152.35
143.9001,-28.4605,150.94
144.1499,-28.4605,149.36
144.3997,-28.4605,147.51
144.6495,-28.4605,145.29
144.8994,-28.4605,142.60
145.1492,-28.4605,139.37
145.3990,-28.4605,135.67
145.6489,-28.4605,131.58
145.8987,-28.4605,127.17
146.1485,-28.4605,122.47
146.3983,-28.4605,117.52
146.6482,-28.4605,112.30
146.8980,-28.4605,106.81
147.1478,-28.4605,101.03
147.3976,-28.4605,94.97
147.6475,-28.4605,88.65
147.8973,-28.4605,82.14
148.1471,-28.4605,75.59
148.3969,-28.4605,69.28
148.6468,-28.4605,63.70
148.8966,-28.4605,59.59
149.1464,-28.4605,57.61
149.3963,-28.4605,57.12
149.6461,-28.4605,57.40
149.8959,-28.4605,57.99
150.1457,-28.4605,58.62
150.3956,-28.4605,59.11
150.6454,-28.4605,59.34
150.8952,-28.4605,59.16
151.1450,-28.4605,58.50
151.3949,-28.4605,57.62
151.6447,-28.4605,56.84
151.8945,-28.4605,56.39
152.1443,-28.4605,56.44
152.3942,-28.4605,57.11
152.6440,-28.4605,58.47
152.8938,-28.4605,60.56
153.1437,-28.4605,63.36
153.3935,-28.4605,66.72
153.6433,-28.4605,70.46
153.8931,-28.4605,74.33
154.1430,-28.4605,78.10
154.3928,-28.4605,81.49
154.6426,-28.4605,84.20
154.8924,-28.4605,85.91
155.1423,-28.4605,86.36
155.3921,-28.4605,85.71
155.6419,-28.4605,84.21
155.8917,-28.4605,82.12
110.1735,-28.2108,107.74
110.4233,-28.2108,107.53
110.6731,-28.2108,107.28
110.9230,-28.2108,106.97
111.1728,-28.2108,106.61
111.4226,-28.2108,106.33
111.6724,-28.2108,106.26
111.9223,-28.2108,106.58
112.1721,-28.2108,107.47
112.4219,-28.2108,109.10
112.6718,-28.2108,111.64
112.9216,-28.2108,115.25
113.1714,-28.2108,119.95
113.4212,-28.2108,125.63
113.6711,-28.2108,132.10
113.9209,-28.2108,139.08
114.1707,-28.2108,146.30
114.4205,-28.2108,153.47
114.6704,-28.2108,160.26
114.9202,-28.2108,166.31
115.1700,-28.2108,171.41
115.4198,-28.2108,175.64
115.6697,-28.2108,179.23
115.9195,-28.2108,182.38
116.1693,-28.2108,185.27
116.4192,-28.2108,188.08
116.6690,-28.2108,191.04
116.9188,-28.2108,194.37
117.1686,-28.2108,198.21
117.4185,-28.2108,202.44
117.6683,-28.2108,206.83
117.9181,-28.2108,211.20
118.1679,-28.2108,215.39
118.4178,-28.2108,219.31
118.6676,-28.2108,222.87
118.9174,-28.2108,225.99
119.1672,-28.2108,228.61
119.4171,-28.2108,230.69
119.6669,-28.2108,232.21
119.9167,-28.2108,233.11
120.1666,-28.2108,233.37
120.4164,-28.2108,232.94
120.6662,-28.2108,231.78
120.9160,-28.2108,229.87
121.1659,-28.2108,227.24
121.4157,-28.2108,224.00
121.6655,-28.2108,220.35
121.9153,-28.2108,216.49
122.1652,-28.2108,212.61
122.4150,-28.2108,208.90
122.6648,-28.2108,205.51
122.9146,-28.2108,202.56
123.1645,-28.2108,200.11
123.4143,-28.2108,198.16
123.6641,-28.2108,196.71
123.9139,-28.2108,195.66
124.1638,-28.2108,194.94
124.4136,-28.2108,194.43
124.6634,-28.2108,194.04
124.9133,-28.2108,193.72
125.1631,-28.2108,193.39
125.4129,-28.2108,193.04
125.6627,-28.2108,192.67
125.9126,-28.2108,192.30
126.1624,-28.2108,191.96
126.4122,-28.2108,191.72
126.6620,-28.2108,191.63
126.9119,-28.2108,191.72
127.1617,-28.2108,192.00
127.4115,-28.2108,192.46
127.6613,-28.2108,193.06
127.9112,-28.2108,193.73
128.1610,-28.2108,194.41
128.4108,-28.2108,195.04
128.6607,-28.2108,195.65
128.9105,-28.2108,196.26
129.1603,-28.2108,196.95
129.4101,-28.2108,197.61
129.6600,-28.2108,198.16
129.9098,-28.2108,198.57
130.1596,-28.2108,198.85
130.4094,-28.2108,199.06
130.6593,-28.2108,199.25
130.9091,-28.2108,199.45
131.1589,-28.2108,199.67
131.4087,-28.2108,199.90
131.6586,-28.2108,200.10
131.9084,-28.2108,200.22
132.1582,-28.2108,200.20
132.4080,-28.2108,200.03
132.6579,-28.2108,199.69
132.9077,-28.2108,199.20
133.1575,-28.2108,198.58
133.4074,-28.2108,197.82
133.6572,-28.2108,196.94
133.9070,-28.2108,195.94
134.1568,-28.2108,194.86
134.4067,-28.2108,193.76
134.6565,-28.2108,192.71
134.9063,-28.2108,191.76
135.1561,-28.2108,191.00
135.4060,-28.2108,190.40
135.6558,-28.2108,189.98
135.9056,-28.2108,189.71
136.1554,-28.2108,189.58
136.4053,-28.2108,189.58
136.6551,-28.2108,189.69
136.9049,-28.2108,189.89
137.1548,-28.2108,190.16
137.4046,-28.2108,190.50
137.6544,-28.2108,190.92
137.9042,-28.2108,191.40
138.1541,-28.2108,191.91
138.4039,-28.2108,192.38
138.6537,-28.2108,192.72
138.9035,-28.2108,192.78
139.1534,-28.2108,192.45
139.4032,-28.2108,191.76
139.6530,-28.2108,190.78
139.9028,-28.2108,189.53
140.1527,-28.2108,188.00
140.4025,-28.2108,186.21
140.6523,-28.2108,184.13
140.9022,-28.2108,181.78
141.1520,-28.2108,179.17
141.4018,-28.2108,176.33
141.6516,-28.2108,173.31
141.9015,-28.2108,170.17
142.1513,-28.2108,167.01
142.4011,-28.2108,163.94
142.6509,-28.2108,161.09
142.9008,-28.2108,158.59
143.1506,-28.2108,156.50
143.4004,-28.2108,154.74
143.6502,-28.2108,153.13
143.9001,-28.2108,151.49
144.1499,-28.2108,149.70
144.3997,-28.2108,147.63
144.6495,-28.2108,145.19
144.8994,-28.2108,142.28
145.1492,-28.2108,138.88
145.3990,-28.2108,135.02
145.6489,-28.2108,130.74
145.8987,-28.2108,126.10
146.1485,-28.2108,121.14
146.3983,-28.2108,115.88
146.6482,-28.2108,110.32
146.8980,-28.2108,104.46
147.1478,-28.2108,98.32
147.3976,-28.2108,91.95
147.6475,-28.2108,85.43
147.8973,-28.2108,78.89
148.1471,-28.2108,72.54
148.3969,-28.2108,66.65
148.6468,-28.2108,61.63
148.8966,-28.2108,57.93
149.1464,-28.2108,55.82
149.3963,-28.2108,55.01
149.6461,-28.2108,55.05
149.8959,-28.2108,55.53
150.1457,-28.2108,56.15
150.3956,-28.2108,56.72
150.6454,-28.2108,57.09
150.8952,-28.2108,57.16
151.1450,-28.2108,56.90
151.3949,-28.2108,56.46
151.6447,-28.2108,56.07
151.8945,-28.2108,55.92
152.1443,-28.2108,56.18
152.3942,-28.2108,56.98
152.6440,-28.2108,58.42
152.8938,-28.2108,60.55
153.1437,-28.2108,63.36
153.3935,-28.2108,66.73
153.6433,-28.2108,70.47
153.8931,-28.2108,74.39
154.1430,-28.2108,78.22
154.3928,-28.2108,81.73
154.6426,-28.2108,84.64
154.8924,-28.2108,86.71
155.1423,-28.2108,87.81
155.3921,-28.2108,88.00
155.6419,-28.2108,87.48
155.8917,-28.2108,86.48
110.1735,-27.9612,107.33
110.4233,-27.9612,106.91
110.6731,-27.9612,106.50
110.9230,-27.9612,106.10
111.1728,-27.9612,105.76
111.4226,-27.9612,105.55
111.6724,-27.9612,105.56
111.9223,-27.9612,105.92
112.1721,-27.9612,106.77
112.4219,-27.9612,108.30
112.6718,-27.9612,110.70
112.9216,-27.9612,114.12
113.1714,-27.9612,118.62
113.4212,-27.9612,124.08
113.6711,-27.9612,130.25
113.9209,-27.9612,136.87
114.1707,-27.9612,143.69
114.4205,-27.9612,150.48
114.6704,-27.9612,157.07
114.9202,-27.9612,163.31
115.1700,-27.9612,169.09
115.4198,-27.9612,174.42
115.6697,-27.9612,179.32
115.9195,-27.9612,183.84
116.1693,-27.9612,188.09
116.4192,-27.9612,192.14
116.6690,-27.9612,196.11
116.9188,-27.9612,200.07
117.1686,-27.9612,204.07
117.4185,-27.9612,208.09
117.6683,-27.9612,212.07
117.9181,-27.9612,215.93
118.1679,-27.9612,219.59
118.4178,-27.9612,222.97
118.6676,-27.9612,226.01
118.9174,-27.9612,228.64
119.1672,-27.9612,230.81
119.4171,-27.9612,232.47
119.6669,-27.9612,233.57
119.9167,-27.9612,234.06
120.1666,-27.9612,233.90
120.4164,-27.9612,233.02
120.6662,-27.9612,231.39
120.9160,-27.9612,229.00
121.1659,-27.9612,225.88
121.4157,-27.9612,222.14
121.6655,-27.9612,217.97
121.9153,-27.9612,213.55
122.1652,-27.9612,209.13
122.4150,-27.9612,204.92
122.6648,-27.9612,201.15
122.9146,-27.9612,198.02
123.1645,-27.9612,195.63
123.4143,-27.9612,193.96
123.6641,-27.9612,192.89
123.9139,-27.9612,192.29
124.1638,-27.9612,192.00
124.4136,-27.9612,191.89
124.6634,-27.9612,191.84
124.9133,-27.9612,191.76
125.1631,-27.9612,191.58
125.4129,-27.9612,191.31
125.6627,-27.9612,190.94
125.9126,-27.9612,190.53
126.1624,-27.9612,190.16
126.4122,-27.9612,189.93
126.6620,-27.9612,189.92
126.9119,-27.9612,190.25
127.1617,-27.9612,190.97
127.4115,-27.9612,192.02
127.6613,-27.9612,193.33
127.9112,-27.9612,194.76
128.1610,-27.9612,196.19
128.4108,-27.9612,197.48
128.6607,-27.9612,198.51
128.9105,-27.9612,199.18
129.1603,-27.9612,199.41
129.4101,-27.9612,199.24
129.6600,-27.9612,198.75
129.9098,-27.9612,198.07
130.1596,-27.9612,197.31
130.4094,-27.9612,196.60
130.6593,-27.9612,196.10
130.9091,-27.9612,195.92
131.1589,-27.9612,196.11
131.4087,-27.9612,196.59
131.6586,-27.9612,197.23
131.9084,-27.9612,197.87
132.1582,-27.9612,198.40
132.4080,-27.9612,198.73
132.6579,-27.9612,198.83
132.9077,-27.9612,198.66
133.1575,-27.9612,198.24
133.4074,-27.9612,197.57
133.6572,-27.9612,196.69
133.9070,-27.9612,195.64
134.1568,-27.9612,194.47
134.4067,-27.9612,193.28
134.6565,-27.9612,192.13
134.9063,-27.9612,191.12
135.1561,-27.9612,190.30
135.4060,-27.9612,189.68
135.6558,-27.9612,189.25
135.9056,-27.9612,188.97
136.1554,-27.9612,188.82
136.4053,-27.9612,188.78
136.6551,-27.9612,188.80
136.9049,-27.9612,188.88
137.1548,-27.9612,188.99
137.4046,-27.9612,189.11
137.6544,-27.9612,189.23
137.9042,-27.9612,189.35
138.1541,-27.9612,189.45
138.4039,-27.9612,189.53
138.6537,-27.9612,189.58
138.9035,-27.9612,189.58
139.1534,-27.9612,189.51
139.4032,-27.9612,189.31
139.6530,-27.9612,188.92
139.9028,-27.9612,188.28
140.1527,-27.9612,187.32
140.4025,-27.9612,186.02
140.6523,-27.9612,184.36
140.9022,-27.9612,182.33
141.1520,-27.9612,179.96
141.4018,-27.9612,177.30
141.6516,-27.9612,174.41
141.9015,-27.9612,171.40
142.1513,-27.9612,168.35
142.4011,-27.9612,165.39
142.6509,-27.9612,162.62
142.9008,-27.9612,160.13
143.1506,-27.9612,157.95
143.4004,-27.9612,156.01
143.6502,-27.9612,154.19
143.9001,-27.9612,152.34
144.1499,-27.9612,150.32
144.3997,-27.9612,148.01
144.6495,-27.9612,145.32
144.8994,-27.9612,142.19
145.1492,-27.9612,138.59
145.3990,-27.9612,134.53
145.6489,-27.9612,130.04
145.8987,-27.9612,125.19
146.1485,-27.9612,120.00
146.3983,-27.9612,114.50
146.6482,-27.9612,108.70
146.8980,-27.9612,102.60
147.1478,-27.9612,96.23
147.3976,-27.9612,89.69
147.6475,-27.9612,83.13
147.8973,-27.9612,76.73
148.1471,-27.9612,70.69
148.3969,-27.9612,65.27
148.6468,-27.9612,60.74
148.8966,-27.9612,57.35
149.1464,-27.9612,55.22
149.3963,-27.9612,54.17
149.6461,-27.9612,53.93
149.8959,-27.9612,54.17
150.1457,-27.9612,54.64
150.3956,-27.9612,55.13
150.6454,-27.9612,55.50
150.8952,-27.9612,55.67
151.1450,-27.9612,55.65
151.3949,-27.9612,55.51
151.6447,-27.9612,55.40
151.8945,-27.9612,55.47
152.1443,-27.9612,55.88
152.3942,-27.9612,56.78
152.6440,-27.9612,58.27
152.8938,-27.9612,60.44
153.1437,-27.9612,63.27
153.3935,-27.9612,66.68
153.6433,-27.9612,70.49
153.8931,-27.9612,74.50
154.1430,-27.9612,78.46
154.3928,-27.9612,82.17
154.6426,-27.9612,85.38
154.8924,-27.9612,87.92
155.1423,-27.9612,89.70
155.3921,-27.9612,90.78
155.6419,-27.9612,91.29
155.8917,-27.9612,91.44
110.1735,-27.7115,107.25
110.4233,-27.7115,106.66
110.6731,-27.7115,106.12
110.9230,-27.7115,105.66
111.1728,-27.7115,105.36
111.4226,-27.7115,105.25
111.6724,-27.7115,105.35
111.9223,-27.7115,105.74
112.1721,-27.7115,106.54
112.4219,-27.7115,107.93
112.6718,-27.7115,110.11
112.9216,-27.7115,113.32
113.1714,-27.7115,117.65
113.4212,-27.7115,122.93
113.6711,-27.7115,128.85
113.9209,-27.7115,135.12
114.1707,-27.7115,141.54
114.4205,-27.7115,147.95
114.6704,-27.7115,154.33
114.9202,-27.7115,160.71
115.1700,-27.7115,167.15
115.4198,-27.7115,173.51
115.6697,-27.7115,179.66
115.9195,-27.7115,185.52
116.1693,-27.7115,191.06
116.4192,-27.7115,196.30
116.6690,-27.7115,201.21
116.9188,-27.7115,205.76
117.1686,-27.7115,209.91
117.4185,-27.7115,213.72
117.6683,-27.7115,217.29
117.9181,-27.7115,220.62
118.1679,-27.7115,223.72
118.4178,-27.7115,226.54
118.6676,-27.7115,229.05
118.9174,-27.7115,231.19
119.1672,-27.7115,232.90
119.4171,-27.7115,234.14
119.6669,-27.7115,234.83
119.9167,-27.7115,234.92
120.1666,-27.7115,234.36
120.4164,-27.7115,233.07
120.6662,-27.7115,231.02
120.9160,-27.7115,228.18
121.1659,-27.7115,224.58
121.4157,-27.7115,220.34
121.6655,-27.7115,215.62
121.9153,-27.7115,210.65
122.1652,-27.7115,205.65
122.4150,-27.7115,200.92
122.6648,-27.7115,196.74
122.9146,-27.7115,193.42
123.1645,-27.7115,191.14
123.4143,-27.7115,189.81
123.6641,-27.7115,189.19
123.9139,-27.7115,189.07
124.1638,-27.7115,189.25
124.4136,-27.7115,189.56
124.6634,-27.7115,189.87
124.9133,-27.7115,190.04
125.1631,-27.7115,190.02
125.4129,-27.7115,189.79
125.6627,-27.7115,189.41
125.9126,-27.7115,188.94
126.1624,-27.7115,188.49
126.4122,-27.7115,188.19
126.6620,-27.7115,188.20
126.9119,-27.7115,188.71
127.1617,-27.7115,189.83
127.4115,-27.7115,191.47
127.6613,-27.7115,193.46
127.9112,-27.7115,195.64
128.1610,-27.7115,197.81
128.4108,-27.7115,199.78
128.6607,-27.7115,201.28
128.9105,-27.7115,202.01
129.1603,-27.7115,201.79
129.4101,-27.7115,200.79
129.6600,-27.7115,199.29
129.9098,-27.7115,197.54
130.1596,-27.7115,195.77
130.4094,-27.7115,194.18
130.6593,-27.7115,193.00
130.9091,-27.7115,192.46
131.1589,-27.7115,192.69
131.4087,-27.7115,193.51
131.6586,-27.7115,194.65
131.9084,-27.7115,195.85
132.1582,-27.7115,196.94
132.4080,-27.7115,197.78
132.6579,-27.7115,198.29
132.9077,-27.7115,198.44
133.1575,-27.7115,198.20
133.4074,-27.7115,197.60
133.6572,-27.7115,196.69
133.9070,-27.7115,195.56
134.1568,-27.7115,194.27
134.4067,-27.7115,192.93
134.6565,-27.7115,191.65
134.9063,-27.7115,190.52
135.1561,-27.7115,189.63
135.4060,-27.7115,188.97
135.6558,-27.7115,188.51
135.9056,-27.7115,188.21
136.1554,-27.7115,188.02
136.4053,-27.7115,187.92
136.6551,-27.7115,187.85
136.9049,-27.7115,187.80
137.1548,-27.7115,187.74
137.4046,-27.7115,187.63
137.6544,-27.7115,187.47
137.9042,-27.7115,187.24
138.1541,-27.7115,186.95
138.4039,-27.7115,186.65
138.6537,-27.7115,186.42
138.9035,-27.7115,186.39
139.1534,-27.7115,186.61
139.4032,-27.7115,186.93
139.6530,-27.7115,187.17
139.9028,-27.7115,187.16
140.1527,-27.7115,186.79
140.4025,-27.7115,186.01
140.6523,-27.7115,184.77
140.9022,-27.7115,183.07
141.1520,-27.7115,180.94
141.4018,-27.7115,178.45
141.6516,-27.7115,175.69
141.9015,-27.7115,172.78
142.1513,-27.7115,169.82
142.4011,-27.7115,166.94
142.6509,-27.7115,164.23
142.9008,-27.7115,161.74
143.1506,-27.7115,159.49
143.4004,-27.7115,157.43
143.6502,-27.7115,155.44
143.9001,-27.7115,153.40
144.1499,-27.7115,151.17
144.3997,-27.7115,148.63
144.6495,-27.7115,145.70
144.8994,-27.7115,142.32
145.1492,-27.7115,138.48
145.3990,-27.7115,134.19
145.6489,-27.7115,129.47
145.8987,-27.7115,124.38
146.1485,-27.7115,118.97
146.3983,-27.7115,113.28
146.6482,-27.7115,107.31
146.8980,-27.7115,101.06
147.1478,-27.7115,94.54
147.3976,-27.7115,87.93
147.6475,-27.7115,81.42
147.8973,-27.7115,75.24
148.1471,-27.7115,69.58
148.3969,-27.7115,64.63
148.6468,-27.7115,60.56
148.8966,-27.7115,57.47
149.1464,-27.7115,55.39
149.3963,-27.7115,54.20
149.6461,-27.7115,53.73
149.8959,-27.7115,53.72
150.1457,-27.7115,53.98
150.3956,-27.7115,54.31
150.6454,-27.7115,54.60
150.8952,-27.7115,54.78
151.1450,-27.7115,54.88
151.3949,-27.7115,54.91
151.6447,-27.7115,54.97
151.8945,-27.7115,55.18
152.1443,-27.7115,55.67
152.3942,-27.7115,56.60
152.6440,-27.7115,58.09
152.8938,-27.7115,60.25
153.1437,-27.7115,63.13
153.3935,-27.7115,66.62
153.6433,-27.7115,70.53
153.8931,-27.7115,74.67
154.1430,-27.7115,78.82
154.3928,-27.7115,82.78
154.6426,-27.7115,86.36
154.8924,-27.7115,89.41
155.1423,-27.7115,91.86
155.3921,-27.7115,93.76
155.6419,-27.7115,95.26
155.8917,-27.7115,96.51
110.1735,-27.4619,107.60
110.4233,-27.4619,106.88
110.6731,-27.4619,106.23
110.9230,-27.4619,105.75
111.1728,-27.4619,105.55
111.4226,-27.4619,105.59
111.6724,-27.4619,105.82
111.9223,-27.4619,106.28
112.1721,-27.4619,107.04
112.4219,-27.4619,108.25
112.6718,-27.4619,110.17
112.9216,-27.4619,113.12
113.1714,-27.4619,117.37
113.4212,-27.4619,122.56
113.6711,-27.4619,128.29
113.9209,-27.4619,134.26
114.1707,-27.4619,140.27
114.4205,-27.4619,146.26
114.6704,-27.4619,152.34
114.9202,-27.4619,158.77
115.1700,-27.4619,165.81
115.4198,-27.4619,173.13
115.6697,-27.4619,180.41
115.9195,-27.4619,187.44
116.1693,-27.4619,194.14
116.4192,-27.4619,200.43
116.6690,-27.4619,206.21
116.9188,-27.4619,211.29
117.1686,-27.4619,215.51
117.4185,-27.4619,219.07
117.6683,-27.4619,222.20
117.9181,-27.4619,225.02
118.1679,-27.4619,227.58
118.4178,-27.4619,229.87
118.6676,-27.4619,231.86
118.9174,-27.4619,233.52
119.1672,-27.4619,234.80
119.4171,-27.4619,235.63
119.6669,-27.4619,235.95
119.9167,-27.4619,235.68
120.1666,-27.4619,234.77
120.4164,-27.4619,233.13
120.6662,-27.4619,230.73
120.9160,-27.4619,227.50
121.1659,-27.4619,223.46
121.4157,-27.4619,218.73
121.6655,-27.4619,213.50
121.9153,-27.4619,207.99
122.1652,-27.4619,202.44
122.4150,-27.4619,197.16
122.6648,-27.4619,192.52
122.9146,-27.4619,188.97
123.1645,-27.4619,186.88
123.4143,-27.4619,185.95
123.6641,-27.4619,185.83
123.9139,-27.4619,186.20
124.1638,-27.4619,186.85
124.4136,-27.4619,187.59
124.6634,-27.4619,188.25
124.9133,-27.4619,188.69
125.1631,-27.4619,188.79
125.4129,-27.4619,188.60
125.6627,-27.4619,188.18
125.9126,-27.4619,187.62
126.1624,-27.4619,187.06
126.4122,-27.4619,186.62
126.6620,-27.4619,186.56
126.9119,-27.4619,187.13
127.1617,-27.4619,188.61
127.4115,-27.4619,190.77
127.6613,-27.4619,193.38
127.9112,-27.4619,196.21
128.1610,-27.4619,199.07
128.4108,-27.4619,201.68
128.6607,-27.4619,203.69
128.9105,-27.4619,204.57
129.1603,-27.4619,203.88
129.4101,-27.4619,202.06
129.6600,-27.4619,199.61
129.9098,-27.4619,196.91
130.1596,-27.4619,194.24
130.4094,-27.4619,191.85
130.6593,-27.4619,190.04
130.9091,-27.4619,189.18
131.1589,-27.4619,189.59
131.4087,-27.4619,190.87
131.6586,-27.4619,192.57
131.9084,-27.4619,194.35
132.1582,-27.4619,195.98
132.4080,-27.4619,197.30
132.6579,-27.4619,198.21
132.9077,-27.4619,198.62
133.1575,-27.4619,198.52
133.4074,-27.4619,197.95
133.6572,-27.4619,196.98
133.9070,-27.4619,195.72
134.1568,-27.4619,194.27
134.4067,-27.4619,192.74
134.6565,-27.4619,191.27
134.9063,-27.4619,189.99
135.1561,-27.4619,189.00
135.4060,-27.4619,188.29
135.6558,-27.4619,187.80
135.9056,-27.4619,187.47
136.1554,-27.4619,187.24
136.4053,-27.4619,187.08
136.6551,-27.4619,186.93
136.9049,-27.4619,186.76
137.1548,-27.4619,186.56
137.4046,-27.4619,186.26
137.6544,-27.4619,185.86
137.9042,-27.4619,185.33
138.1541,-27.4619,184.69
138.4039,-27.4619,184.04
138.6537,-27.4619,183.54
138.9035,-27.4619,183.45
139.1534,-27.4619,184.02
139.4032,-27.4619,184.92
139.6530,-27.4619,185.79
139.9028,-27.4619,186.40
140.1527,-27.4619,186.60
140.4025,-27.4619,186.29
140.6523,-27.4619,185.46
140.9022,-27.4619,184.06
141.1520,-27.4619,182.13
141.4018,-27.4619,179.77
141.6516,-27.4619,177.09
141.9015,-27.4619,174.24
142.1513,-27.4619,171.34
142.4011,-27.4619,168.50
142.6509,-27.4619,165.81
142.9008,-27.4619,163.32
143.1506,-27.4619,161.02
143.4004,-27.4619,158.88
143.6502,-27.4619,156.78
143.9001,-27.4619,154.60
144.1499,-27.4619,152.21
144.3997,-27.4619,149.47
144.6495,-27.4619,146.30
144.8994,-27.4619,142.65
145.1492,-27.4619,138.54
145.3990,-27.4619,133.97
145.6489,-27.4619,128.95
145.8987,-27.4619,123.58
146.1485,-27.4619,117.92
146.3983,-27.4619,112.03
146.6482,-27.4619,105.95
146.8980,-27.4619,99.61
147.1478,-27.4619,92.98
147.3976,-27.4619,86.33
147.6475,-27.4619,79.93
147.8973,-27.4619,74.03
148.1471,-27.4619,68.78
148.3969,-27.4619,64.33
148.6468,-27.4619,60.73
148.8966,-27.4619,58.00
149.1464,-27.4619,56.04
149.3963,-27.4619,54.80
149.6461,-27.4619,54.18
149.8959,-27.4619,53.99
150.1457,-27.4619,54.05
150.3956,-27.4619,54.22
150.6454,-27.4619,54.39
150.8952,-27.4619,54.52
151.1450,-27.4619,54.66
151.3949,-27.4619,54.78
151.6447,-27.4619,54.92
151.8945,-27.4619,55.17
152.1443,-27.4619,55.66
152.3942,-27.4619,56.53
152.6440,-27.4619,57.95
152.8938,-27.4619,60.07
153.1437,-27.4619,62.99
153.3935,-27.4619,66.58
153.6433,-27.4619,70.62
153.8931,-27.4619,74.91
154.1430,-27.4619,79.27
154.3928,-27.4619,83.50
154.6426,-27.4619,87.45
154.8924,-27.4619,90.98
155.1423,-27.4619,94.02
155.3921,-27.4619,96.64
155.6419,-27.4619,98.99
155.8917,-27.4619,101.21
110.1735,-27.2122,108.47
110.4233,-27.2122,107.67
110.6731,-27.2122,106.95
110.9230,-27.2122,106.48
111.1728,-27.2122,106.46
111.4226,-27.2122,106.73
111.6724,-27.2122,107.17
111.9223,-27.2122,107.76
112.1721,-27.2122,108.55
112.4219,-27.2122,109.63
112.6718,-27.2122,111.26
112.9216,-27.2122,113.89
113.1714,-27.2122,118.19
113.4212,-27.2122,123.40
113.6711,-27.2122,129.00
113.9209,-27.2122,134.67
114.1707,-27.2122,140.28
114.4205,-27.2122,145.83
114.6704,-27.2122,151.49
114.9202,-27.2122,157.73
115.1700,-27.2122,165.35
115.4198,-27.2122,173.52
115.6697,-27.2122,181.71
115.9195,-27.2122,189.67
116.1693,-27.2122,197.26
116.4192,-27.2122,204.39
116.6690,-27.2122,210.91
116.9188,-27.2122,216.48
117.1686,-27.2122,220.61
117.4185,-27.2122,223.85
117.6683,-27.2122,226.56
117.9181,-27.2122,228.91
118.1679,-27.2122,230.98
118.4178,-27.2122,232.78
118.6676,-27.2122,234.31
118.9174,-27.2122,235.54
119.1672,-27.2122,236.42
119.4171,-27.2122,236.89
119.6669,-27.2122,236.88
119.9167,-27.2122,236.32
120.1666,-27.2122,235.12
120.4164,-27.2122,233.21
120.6662,-27.2122,230.52
120.9160,-27.2122,226.99
121.1659,-27.2122,222.56
121.4157,-27.2122,217.42
121.6655,-27.2122,211.75
121.9153,-27.2122,205.78
122.1652,-27.2122,199.75
122.4150,-27.2122,193.97
122.6648,-27.2122,188.84
122.9146,-27.2122,184.97
123.1645,-27.2122,183.18
123.4143,-27.2122,182.72
123.6641,-27.2122,183.07
123.9139,-27.2122,183.89
124.1638,-27.2122,184.95
124.4136,-27.2122,186.07
124.6634,-27.2122,187.07
124.9133,-27.2122,187.76
125.1631,-27.2122,187.96
125.4129,-27.2122,187.78
125.6627,-27.2122,187.33
125.9126,-27.2122,186.70
126.1624,-27.2122,186.00
126.4122,-27.2122,185.41
126.6620,-27.2122,185.15
126.9119,-27.2122,185.63
127.1617,-27.2122,187.41
127.4115,-27.2122,190.00
127.6613,-27.2122,193.04
127.9112,-27.2122,196.33
128.1610,-27.2122,199.66
128.4108,-27.2122,202.80
128.6607,-27.2122,205.34
128.9105,-27.2122,206.54
129.1603,-27.2122,205.28
129.4101,-27.2122,202.68
129.6600,-27.2122,199.47
129.9098,-27.2122,196.08
130.1596,-27.2122,192.77
130.4094,-27.2122,189.79
130.6593,-27.2122,187.46
130.9091,-27.2122,186.30
131.1589,-27.2122,187.10
131.4087,-27.2122,188.96
131.6586,-27.2122,191.24
131.9084,-27.2122,193.56
132.1582,-27.2122,195.67
132.4080,-27.2122,197.41
132.6579,-27.2122,198.65
132.9077,-27.2122,199.29
133.1575,-27.2122,199.26
133.4074,-27.2122,198.66
133.6572,-27.2122,197.60
133.9070,-27.2122,196.17
134.1568,-27.2122,194.51
134.4067,-27.2122,192.75
134.6565,-27.2122,191.03
134.9063,-27.2122,189.53
135.1561,-27.2122,188.45
135.4060,-27.2122,187.69
135.6558,-27.2122,187.15
135.9056,-27.2122,186.79
136.1554,-27.2122,186.52
136.4053,-27.2122,186.31
136.6551,-27.2122,186.10
136.9049,-27.2122,185.85
137.1548,-27.2122,185.56
137.4046,-27.2122,185.15
137.6544,-27.2122,184.58
137.9042,-27.2122,183.85
138.1541,-27.2122,182.98
138.4039,-27.2122,182.05
138.6537,-27.2122,181.26
138.9035,-27.2122,181.05
139.1534,-27.2122,182.09
139.4032,-27.2122,183.60
139.6530,-27.2122,185.07
139.9028,-27.2122,186.22
140.1527,-27.2122,186.90
140.4025,-27.2122,187.00
140.6523,-27.2122,186.49
140.9022,-27.2122,185.34
141.1520,-27.2122,183.54
141.4018,-27.2122,181.23
141.6516,-27.2122,178.58
141.9015,-27.2122,175.72
142.1513,-27.2122,172.81
142.4011,-27.2122,169.95
142.6509,-27.2122,167.26
142.9008,-27.2122,164.77
143.1506,-27.2122,162.45
143.4004,-27.2122,160.27
143.6502,-27.2122,158.13
143.9001,-27.2122,155.90
144.1499,-27.2122,153.41
144.3997,-27.2122,150.51
144.6495,-27.2122,147.11
144.8994,-27.2122,143.17
145.1492,-27.2122,138.76
145.3990,-27.2122,133.84
145.6489,-27.2122,128.44
145.8987,-27.2122,122.67
146.1485,-27.2122,116.67
146.3983,-27.2122,110.55
146.6482,-27.2122,104.35
146.8980,-27.2122,97.99
147.1478,-27.2122,91.21
147.3976,-27.2122,84.53
147.6475,-27.2122,78.30
147.8973,-27.2122,72.73
148.1471,-27.2122,67.96
148.3969,-27.2122,64.04
148.6468,-27.2122,60.98
148.8966,-27.2122,58.68
149.1464,-27.2122,56.91
149.3963,-27.2122,55.73
149.6461,-27.2122,55.07
149.8959,-27.2122,54.80
150.1457,-27.2122,54.76
150.3956,-27.2122,54.81
150.6454,-27.2122,54.85
150.8952,-27.2122,54.90
151.1450,-27.2122,55.04
151.3949,-27.2122,55.19
151.6447,-27.2122,55.34
151.8945,-27.2122,55.55
152.1443,-27.2122,55.96
152.3942,-27.2122,56.71
152.6440,-27.2122,57.98
152.8938,-27.2122,59.97
153.1437,-27.2122,62.95
153.3935,-27.2122,66.63
153.6433,-27.2122,70.79
153.8931,-27.2122,75.22
154.1430,-27.2122,79.75
154.3928,-27.2122,84.23
154.6426,-27.2122,88.51
154.8924,-27.2122,92.46
155.1423,-27.2122,95.95
155.3921,-27.2122,99.12
155.6419,-27.2122,102.11
155.8917,-27.2122,105.06
110.1735,-26.9626,109.90
110.4233,-26.9626,109.09
110.6731,-26.9626,108.39
110.9230,-26.9626,107.95
111.1728,-26.9626,108.22
111.4226,-26.9626,108.79
111.6724,-26.9626,109.51
111.9223,-26.9626,110.35
112.1721,-26.9626,111.31
112.4219,-26.9626,112.44
112.6718,-26.9626,113.92
112.9216,-26.9626,116.15
113.1714,-26.9626,120.67
113.4212,-26.9626,125.89
113.6711,-26.9626,131.28
113.9209,-26.9626,136.65
114.1707,-26.9626,141.90
114.4205,-26.9626,147.06
114.6704,-26.9626,152.30
114.9202,-26.9626,158.11
115.1700,-26.9626,166.28
115.4198,-26.9626,174.99
115.6697,-26.9626,183.70
115.9195,-26.9626,192.18
116.1693,-26.9626,200.29
116.4192,-26.9626,207.92
116.6690,-26.9626,214.91
116.9188,-26.9626,220.92
117.1686,-26.9626,224.79
117.4185,-26.9626,227.73
117.6683,-26.9626,230.10
117.9181,-26.9626,232.08
118.1679,-26.9626,233.75
118.4178,-26.9626,235.14
118.6676,-26.9626,236.28
118.9174,-26.9626,237.13
119.1672,-26.9626,237.68
119.4171,-26.9626,237.86
119.6669,-26.9626,237.59
119.9167,-26.9626,236.79
120.1666,-26.9626,235.37
120.4164,-26.9626,233.26
120.6662,-26.9626,230.38
120.9160,-26.9626,226.65
121.1659,-26.9626,221.91
121.4157,-26.9626,216.45
121.6655,-26.9626,210.47
121.9153,-26.9626,204.19
122.1652,-26.9626,197.85
122.4150,-26.9626,191.74
122.6648,-26.9626,186.24
122.9146,-26.9626,181.96
123.1645,-26.9626,180.59
123.4143,-26.9626,180.50
123.6641,-26.9626,181.17
123.9139,-26.9626,182.29
124.1638,-26.9626,183.65
124.4136,-26.9626,185.04
124.6634,-26.9626,186.31
124.9133,-26.9626,187.25
125.1631,-26.9626,187.50
125.4129,-26.9626,187.35
125.6627,-26.9626,186.91
125.9126,-26.9626,186.25
126.1624,-26.9626,185.49
126.4122,-26.9626,184.77
126.6620,-26.9626,184.31
126.9119,-26.9626,184.50
127.1617,-26.9626,186.53
127.4115,-26.9626,189.29
127.6613,-26.9626,192.46
127.9112,-26.9626,195.84
128.1610,-26.9626,199.30
128.4108,-26.9626,202.63
128.6607,-26.9626,205.50
128.9105,-26.9626,207.18
129.1603,-26.9626,205.26
129.4101,-26.9626,202.15
129.6600,-26.9626,198.60
129.9098,-26.9626,194.96
130.1596,-26.9626,191.46
130.4094,-26.9626,188.31
130.6593,-26.9626,185.75
130.9091,-26.9626,184.32
131.1589,-26.9626,185.75
131.4087,-26.9626,188.16
131.6586,-26.9626,190.91
131.9084,-26.9626,193.65
132.1582,-26.9626,196.13
132.4080,-26.9626,198.17
132.6579,-26.9626,199.65
132.9077,-26.9626,200.46
133.1575,-26.9626,200.44
133.4074,-26.9626,199.76
133.6572,-26.9626,198.54
133.9070,-26.9626,196.92
134.1568,-26.9626,195.02
134.4067,-26.9626,192.99
134.6565,-26.9626,191.00
134.9063,-26.9626,189.22
135.1561,-26.9626,188.04
135.4060,-26.9626,187.19
135.6558,-26.9626,186.59
135.9056,-26.9626,186.18
136.1554,-26.9626,185.88
136.4053,-26.9626,185.65
136.6551,-26.9626,185.41
136.9049,-26.9626,185.13
137.1548,-26.9626,184.82
137.4046,-26.9626,184.38
137.6544,-26.9626,183.76
137.9042,-26.9626,182.98
138.1541,-26.9626,182.05
138.4039,-26.9626,181.04
138.6537,-26.9626,180.12
138.9035,-26.9626,179.71
139.1534,-26.9626,181.33
139.4032,-26.9626,183.36
139.6530,-26.9626,185.27
139.9028,-26.9626,186.79
140.1527,-26.9626,187.79
140.4025,-26.9626,188.17
140.6523,-26.9626,187.88
140.9022,-26.9626,186.90
141.1520,-26.9626,185.13
141.4018,-26.9626,182.80
141.6516,-26.9626,180.09
141.9015,-26.9626,177.15
142.1513,-26.9626,174.15
142.4011,-26.9626,171.23
142.6509,-26.9626,168.49
142.9008,-26.9626,165.99
143.1506,-26.9626,163.67
143.4004,-26.9626,161.52
143.6502,-26.9626,159.43
143.9001,-26.9626,157.22
144.1499,-26.9626,154.73
144.3997,-26.9626,151.75
144.6495,-26.9626,148.16
144.8994,-26.9626,143.91
145.1492,-26.9626,139.16
145.3990,-26.9626,133.79
145.6489,-26.9626,127.86
145.8987,-26.9626,121.56
146.1485,-26.9626,115.05
146.3983,-26.9626,108.54
146.6482,-26.9626,102.13
146.8980,-26.9626,95.78
147.1478,-26.9626,88.81
147.3976,-26.9626,82.17
147.6475,-26.9626,76.21
147.8973,-26.9626,71.07
148.1471,-26.9626,66.83
148.3969,-26.9626,63.49
148.6468,-26.9626,61.02
148.8966,-26.9626,59.26
149.1464,-26.9626,57.76
149.3963,-26.9626,56.77
149.6461,-26.9626,56.23
149.8959,-26.9626,56.03
150.1457,-26.9626,56.01
150.3956,-26.9626,56.04
150.6454,-26.9626,56.02
150.8952,-26.9626,55.95
151.1450,-26.9626,56.11
151.3949,-26.9626,56.22
151.6447,-26.9626,56.29
151.8945,-26.9626,56.40
152.1443,-26.9626,56.67
152.3942,-26.9626,57.27
152.6440,-26.9626,58.34
152.8938,-26.9626,60.12
153.1437,-26.9626,63.16
153.3935,-26.9626,66.89
153.6433,-26.9626,71.10
153.8931,-26.9626,75.59
154.1430,-26.9626,80.23
154.3928,-26.9626,84.87
154.6426,-26.9626,89.38
154.8924,-26.9626,93.64
155.1423,-26.9626,97.41
155.3921,-26.9626,100.93
155.6419,-26.9626,104.33
155.8917,-26.9626,107.72
110.1735,-26.7129,111.88
110.4233,-26.7129,111.20
110.6731,-26.7129,110.70
110.9230,-26.7129,110.55
111.1728,-26.7129,110.98
111.4226,-26.7129,111.79
111.6724,-26.7129,112.84
111.9223,-26.7129,114.06
112.1721,-26.7129,115.41
112.4219,-26.7129,116.94
112.6718,-26.7129,118.82
112.9216,-26.7129,121.45
113.1714,-26.7129,125.52
113.4212,-26.7129,130.27
113.6711,-26.7129,135.25
113.9209,-26.7129,140.25
114.1707,-26.7129,145.20
114.4205,-26.7129,150.21
114.6704,-26.7129,155.50
114.9202,-26.7129,161.59
115.1700,-26.7129,169.30
115.4198,-26.7129,177.76
115.6697,-26.7129,186.41
115.9195,-26.7129,194.93
116.1693,-26.7129,203.10
116.4192,-26.7129,210.75
116.6690,-26.7129,217.63
116.9188,-26.7129,223.38
117.1686,-26.7129,227.45
117.4185,-26.7129,230.41
117.6683,-26.7129,232.65
117.9181,-26.7129,234.39
118.1679,-26.7129,235.77
118.4178,-26.7129,236.85
118.6676,-26.7129,237.67
118.9174,-26.7129,238.23
119.1672,-26.7129,238.52
119.4171,-26.7129,238.47
119.6669,-26.7129,238.01
119.9167,-26.7129,237.04
120.1666,-26.7129,235.48
120.4164,-26.7129,233.23
120.6662,-26.7129,230.19
120.9160,-26.7129,226.27
121.1659,-26.7129,221.42
121.4157,-26.7129,215.82
121.6655,-26.7129,209.69
121.9153,-26.7129,203.29
122.1652,-26.7129,196.88
122.4150,-26.7129,190.80
122.6648,-26.7129,185.49
122.9146,-26.7129,181.57
123.1645,-26.7129,179.87
123.4143,-26.7129,179.62
123.6641,-26.7129,180.29
123.9139,-26.7129,181.50
124.1638,-26.7129,182.97
124.4136,-26.7129,184.50
124.6634,-26.7129,185.87
124.9133,-26.7129,186.87
125.1631,-26.7129,187.31
125.4129,-26.7129,187.28
125.6627,-26.7129,186.91
125.9126,-26.7129,186.31
126.1624,-26.7129,185.59
126.4122,-26.7129,184.92
126.6620,-26.7129,184.55
126.9119,-26.7129,184.87
127.1617,-26.7129,186.47
127.4115,-26.7129,188.84
127.6613,-26.7129,191.65
127.9112,-26.7129,194.69
128.1610,-26.7129,197.79
128.4108,-26.7129,200.72
128.6607,-26.7129,203.06
128.9105,-26.7129,204.09
129.1603,-26.7129,202.71
129.4101,-26.7129,200.04
129.6600,-26.7129,196.84
129.9098,-26.7129,193.52
130.1596,-26.7129,190.39
130.4094,-26.7129,187.67
130.6593,-26.7129,185.70
130.9091,-26.7129,185.00
131.1589,-26.7129,186.35
131.4087,-26.7129,188.81
131.6586,-26.7129,191.73
131.9084,-26.7129,194.68
132.1582,-26.7129,197.37
132.4080,-26.7129,199.59
132.6579,-26.7129,201.18
132.9077,-26.7129,202.01
133.1575,-26.7129,201.98
133.4074,-26.7129,201.21
133.6572,-26.7129,199.81
133.9070,-26.7129,197.95
134.1568,-26.7129,195.78
134.4067,-26.7129,193.49
134.6565,-26.7129,191.26
134.9063,-26.7129,189.31
135.1561,-26.7129,187.86
135.4060,-26.7129,186.81
135.6558,-26.7129,186.09
135.9056,-26.7129,185.62
136.1554,-26.7129,185.31
136.4053,-26.7129,185.08
136.6551,-26.7129,184.88
136.9049,-26.7129,184.65
137.1548,-26.7129,184.36
137.4046,-26.7129,183.96
137.6544,-26.7129,183.43
137.9042,-26.7129,182.77
138.1541,-26.7129,182.03
138.4039,-26.7129,181.30
138.6537,-26.7129,180.81
138.9035,-26.7129,180.98
139.1534,-26.7129,182.47
139.4032,-26.7129,184.48
139.6530,-26.7129,186.49
139.9028,-26.7129,188.16
140.1527,-26.7129,189.31
140.4025,-26.7129,189.81
140.6523,-26.7129,189.59
140.9022,-26.7129,188.60
141.1520,-26.7129,186.83
141.4018,-26.7129,184.43
141.6516,-26.7129,181.59
141.9015,-26.7129,178.49
142.1513,-26.7129,175.32
142.4011,-26.7129,172.24
142.6509,-26.7129,169.39
142.9008,-26.7129,166.84
143.1506,-26.7129,164.56
143.4004,-26.7129,162.51
143.6502,-26.7129,160.56
143.9001,-26.7129,158.51
144.1499,-26.7129,156.12
144.3997,-26.7129,153.18
144.6495,-26.7129,149.51
144.8994,-26.7129,145.03
145.1492,-26.7129,139.80
145.3990,-26.7129,133.81
145.6489,-26.7129,127.18
145.8987,-26.7129,120.13
146.1485,-26.7129,112.90
146.3983,-26.7129,105.73
146.6482,-26.7129,98.78
146.8980,-26.7129,92.01
147.1478,-26.7129,85.24
147.3976,-26.7129,78.95
147.6475,-26.7129,73.45
147.8973,-26.7129,68.86
148.1471,-26.7129,65.23
148.3969,-26.7129,62.50
148.6468,-26.7129,60.57
148.8966,-26.7129,59.27
149.1464,-26.7129,58.31
149.3963,-26.7129,57.74
149.6461,-26.7129,57.53
149.8959,-26.7129,57.56
150.1457,-26.7129,57.71
150.3956,-26.7129,57.86
150.6454,-26.7129,57.92
150.8952,-26.7129,57.91
151.1450,-26.7129,57.93
151.3949,-26.7129,57.88
151.6447,-26.7129,57.78
151.8945,-26.7129,57.71
152.1443,-26.7129,57.82
152.3942,-26.7129,58.28
152.6440,-26.7129,59.27
152.8938,-26.7129,61.04
153.1437,-26.7129,63.86
153.3935,-26.7129,67.44
153.6433,-26.7129,71.56
153.8931,-26.7129,76.03
154.1430,-26.7129,80.67
154.3928,-26.7129,85.34
154.6426,-26.7129,89.91
154.8924,-26.7129,94.24
155.1423,-26.7129,98.20
155.3921,-26.7129,101.91
155.6419,-26.7129,105.47
155.8917,-26.7129,108.97
110.1735,-26.4632,114.31
110.4233,-26.4632,113.80
110.6731,-26.4632,113.55
110.9230,-26.4632,113.70
111.1728,-26.4632,114.37
111.4226,-26.4632,115.48
111.6724,-26.4632,116.94
111.9223,-26.4632,118.64
112.1721,-26.4632,120.55
112.4219,-26.4632,122.67
112.6718,-26.4632,125.10
112.9216,-26.4632,128.08
113.1714,-26.4632,131.83
113.4212,-26.4632,136.08
113.6711,-26.4632,140.56
113.9209,-26.4632,145.14
114.1707,-26.4632,149.82
114.4205,-26.4632,154.71
114.6704,-26.4632,160.05
114.9202,-26.4632,166.18
115.1700,-26.4632,173.40
115.4198,-26.4632,181.34
115.6697,-26.4632,189.58
115.9195,-26.4632,197.76
116.1693,-26.4632,205.65
116.4192,-26.4632,212.99
116.6690,-26.4632,219.53
116.9188,-26.4632,224.97
117.1686,-26.4632,229.06
117.4185,-26.4632,232.06
117.6683,-26.4632,234.24
117.9181,-26.4632,235.83
118.1679,-26.4632,236.99
118.4178,-26.4632,237.83
118.6676,-26.4632,238.41
118.9174,-26.4632,238.75
119.1672,-26.4632,238.84
119.4171,-26.4632,238.64
119.6669,-26.4632,238.07
119.9167,-26.4632,237.03
120.1666,-26.4632,235.42
120.4164,-26.4632,233.11
120.6662,-26.4632,230.01
120.9160,-26.4632,226.02
121.1659,-26.4632,221.15
121.4157,-26.4632,215.53
121.6655,-26.4632,209.38
121.9153,-26.4632,203.00
122.1652,-26.4632,196.68
122.4150,-26.4632,190.80
122.6648,-26.4632,185.79
122.9146,-26.4632,182.15
123.1645,-26.4632,180.24
123.4143,-26.4632,179.75
123.6641,-26.4632,180.27
123.9139,-26.4632,181.42
124.1638,-26.4632,182.91
124.4136,-26.4632,184.47
124.6634,-26.4632,185.88
124.9133,-26.4632,186.93
125.1631,-26.4632,187.49
125.4129,-26.4632,187.59
125.6627,-26.4632,187.33
125.9126,-26.4632,186.82
126.1624,-26.4632,186.20
126.4122,-26.4632,185.63
126.6620,-26.4632,185.34
126.9119,-26.4632,185.61
127.1617,-26.4632,186.71
127.4115,-26.4632,188.44
127.6613,-26.4632,190.58
127.9112,-26.4632,192.93
128.1610,-26.4632,195.32
128.4108,-26.4632,197.50
128.6607,-26.4632,199.12
128.9105,-26.4632,199.68
129.1603,-26.4632,198.75
129.4101,-26.4632,196.78
129.6600,-26.4632,194.33
129.9098,-26.4632,191.78
130.1596,-26.4632,189.43
130.4094,-26.4632,187.57
130.6593,-26.4632,186.48
130.9091,-26.4632,186.54
131.1589,-26.4632,188.04
131.4087,-26.4632,190.53
131.6586,-26.4632,193.50
131.9084,-26.4632,196.55
132.1582,-26.4632,199.35
132.4080,-26.4632,201.66
132.6579,-26.4632,203.27
132.9077,-26.4632,204.06
133.1575,-26.4632,203.96
133.4074,-26.4632,203.02
133.6572,-26.4632,201.39
133.9070,-26.4632,199.24
134.1568,-26.4632,196.75
134.4067,-26.4632,194.14
134.6565,-26.4632,191.63
134.9063,-26.4632,189.43
135.1561,-26.4632,187.70
135.4060,-26.4632,186.44
135.6558,-26.4632,185.57
135.9056,-26.4632,185.02
136.1554,-26.4632,184.71
136.4053,-26.4632,184.53
136.6551,-26.4632,184.40
136.9049,-26.4632,184.26
137.1548,-26.4632,184.07
137.4046,-26.4632,183.79
137.6544,-26.4632,183.44
137.9042,-26.4632,183.05
138.1541,-26.4632,182.68
138.4039,-26.4632,182.45
138.6537,-26.4632,182.53
138.9035,-26.4632,183.20
139.1534,-26.4632,184.68
139.4032,-26.4632,186.61
139.6530,-26.4632,188.56
139.9028,-26.4632,190.22
140.1527,-26.4632,191.39
140.4025,-26.4632,191.89
140.6523,-26.4632,191.64
140.9022,-26.4632,190.57
141.1520,-26.4632,188.69
141.4018,-26.4632,186.13
141.6516,-26.4632,183.07
141.9015,-26.4632,179.70
142.1513,-26.4632,176.26
142.4011,-26.4632,172.94
142.6509,-26.4632,169.91
142.9008,-26.4632,167.28
143.1506,-26.4632,165.06
143.4004,-26.4632,163.18
143.6502,-26.4632,161.47
143.9001,-26.4632,159.67
144.1499,-26.4632,157.51
144.3997,-26.4632,154.71
144.6495,-26.4632,151.03
144.8994,-26.4632,146.31
145.1492,-26.4632,140.56
145.3990,-26.4632,133.84
145.6489,-26.4632,126.34
145.8987,-26.4632,118.36
146.1485,-26.4632,110.22
146.3983,-26.4632,102.22
146.6482,-26.4632,94.58
146.8980,-26.4632,87.43
147.1478,-26.4632,80.80
147.3976,-26.4632,74.94
147.6475,-26.4632,70.02
147.8973,-26.4632,66.10
148.1471,-26.4632,63.15
148.3969,-26.4632,61.08
148.6468,-26.4632,59.77
148.8966,-26.4632,59.03
149.1464,-26.4632,58.67
149.3963,-26.4632,58.65
149.6461,-26.4632,58.89
149.8959,-26.4632,59.29
150.1457,-26.4632,59.74
150.3956,-26.4632,60.13
150.6454,-26.4632,60.36
150.8952,-26.4632,60.41
151.1450,-26.4632,60.31
151.3949,-26.4632,60.06
151.6447,-26.4632,59.72
151.8945,-26.4632,59.42
152.1443,-26.4632,59.32
152.3942,-26.4632,59.61
152.6440,-26.4632,60.50
152.8938,-26.4632,62.18
153.1437,-26.4632,64.78
153.3935,-26.4632,68.17
153.6433,-26.4632,72.14
153.8931,-26.4632,76.50
154.1430,-26.4632,81.07
154.3928,-26.4632,85.67
154.6426,-26.4632,90.17
154.8924,-26.4632,94.44
155.1423,-26.4632,98.41
155.3921,-26.4632,102.10
155.6419,-26.4632,105.58
155.8917,-26.4632,108.89
110.1735,-26.2136,117.02
110.4233,-26.2136,116.68
110.6731,-26.2136,116.66
110.9230,-26.2136,117.09
111.1728,-26.2136,118.05
111.4226,-26.2136,119.53
111.6724,-26.2136,121.45
111.9223,-26.2136,123.72
112.1721,-26.2136,126.27
112.4219,-26.2136,129.05
112.6718,-26.2136,132.04
112.9216,-26.2136,135.29
113.1714,-26.2136,138.85
113.4212,-26.2136,142.65
113.6711,-26.2136,146.62
113.9209,-26.2136,150.76
114.1707,-26.2136,155.13
114.4205,-26.2136,159.86
114.6704,-26.2136,165.11
114.9202,-26.2136,171.06
115.1700,-26.2136,177.82
115.4198,-26.2136,185.17
115.6697,-26.2136,192.81
115.9195,-26.2136,200.47
116.1693,-26.2136,207.87
116.4192,-26.2136,214.75
116.6690,-26.2136,220.87
116.9188,-26.2136,225.98
117.1686,-26.2136,229.94
117.4185,-26.2136,232.87
117.6683,-26.2136,234.97
117.9181,-26.2136,236.43
118.1679,-26.2136,237.42
118.4178,-26.2136,238.07
118.6676,-26.2136,238.45
118.9174,-26.2136,238.62
119.1672,-26.2136,238.59
119.4171,-26.2136,238.31
119.6669,-26.2136,237.71
119.9167,-26.2136,236.69
120.1666,-26.2136,235.13
120.4164,-26.2136,232.89
120.6662,-26.2136,229.84
120.9160,-26.2136,225.91
121.1659,-26.2136,221.08
121.4157,-26.2136,215.51
121.6655,-26.2136,209.43
121.9153,-26.2136,203.14
122.1652,-26.2136,196.99
122.4150,-26.2136,191.34
122.6648,-26.2136,186.60
122.9146,-26.2136,183.14
123.1645,-26.2136,181.15
123.4143,-26.2136,180.50
123.6641,-26.2136,180.87
123.9139,-26.2136,181.94
124.1638,-26.2136,183.38
124.4136,-26.2136,184.93
124.6634,-26.2136,186.35
124.9133,-26.2136,187.43
125.1631,-26.2136,188.07
125.4129,-26.2136,188.26
125.6627,-26.2136,188.09
125.9126,-26.2136,187.68
126.1624,-26.2136,187.14
126.4122,-26.2136,186.63
126.6620,-26.2136,186.32
126.9119,-26.2136,186.39
127.1617,-26.2136,186.94
127.4115,-26.2136,187.93
127.6613,-26.2136,189.23
127.9112,-26.2136,190.69
128.1610,-26.2136,192.18
128.4108,-26.2136,193.51
128.6607,-26.2136,194.43
128.9105,-26.2136,194.68
129.1603,-26.2136,194.09
129.4101,-26.2136,192.87
129.6600,-26.2136,191.34
129.9098,-26.2136,189.79
130.1596,-26.2136,188.49
130.4094,-26.2136,187.66
130.6593,-26.2136,187.55
130.9091,-26.2136,188.38
131.1589,-26.2136,190.24
131.4087,-26.2136,192.88
131.6586,-26.2136,195.94
131.9084,-26.2136,199.06
132.1582,-26.2136,201.94
132.4080,-26.2136,204.29
132.6579,-26.2136,205.90
132.9077,-26.2136,206.61
133.1575,-26.2136,206.35
133.4074,-26.2136,205.19
133.6572,-26.2136,203.24
133.9070,-26.2136,200.72
134.1568,-26.2136,197.84
134.4067,-26.2136,194.84
134.6565,-26.2136,191.97
134.9063,-26.2136,189.44
135.1561,-26.2136,187.41
135.4060,-26.2136,185.91
135.6558,-26.2136,184.90
135.9056,-26.2136,184.29
136.1554,-26.2136,183.98
136.4053,-26.2136,183.87
136.6551,-26.2136,183.85
136.9049,-26.2136,183.84
137.1548,-26.2136,183.78
137.4046,-26.2136,183.69
137.6544,-26.2136,183.59
137.9042,-26.2136,183.56
138.1541,-26.2136,183.66
138.4039,-26.2136,183.98
138.6537,-26.2136,184.65
138.9035,-26.2136,185.77
139.1534,-26.2136,187.38
139.4032,-26.2136,189.27
139.6530,-26.2136,191.16
139.9028,-26.2136,192.77
140.1527,-26.2136,193.88
140.4025,-26.2136,194.34
140.6523,-26.2136,194.00
140.9022,-26.2136,192.79
141.1520,-26.2136,190.72
141.4018,-26.2136,187.90
141.6516,-26.2136,184.51
141.9015,-26.2136,180.78
142.1513,-26.2136,176.95
142.4011,-26.2136,173.28
142.6509,-26.2136,169.99
142.9008,-26.2136,167.25
143.1506,-26.2136,165.09
143.4004,-26.2136,163.43
143.6502,-26.2136,162.03
143.9001,-26.2136,160.60
144.1499,-26.2136,158.79
144.3997,-26.2136,156.24
144.6495,-26.2136,152.61
144.8994,-26.2136,147.68
145.1492,-26.2136,141.37
145.3990,-26.2136,133.81
145.6489,-26.2136,125.31
145.8987,-26.2136,116.25
146.1485,-26.2136,107.05
146.3983,-26.2136,98.11
146.6482,-26.2136,89.76
146.8980,-26.2136,82.24
147.1478,-26.2136,75.72
147.3976,-26.2136,70.32
147.6475,-26.2136,66.05
147.8973,-26.2136,62.88
148.1471,-26.2136,60.70
148.3969,-26.2136,59.37
148.6468,-26.2136,58.74
148.8966,-26.2136,58.64
149.1464,-26.2136,58.93
149.3963,-26.2136,59.50
149.6461,-26.2136,60.27
149.8959,-26.2136,61.13
150.1457,-26.2136,61.98
150.3956,-26.2136,62.69
150.6454,-26.2136,63.14
150.8952,-26.2136,63.26
151.1450,-26.2136,63.06
151.3949,-26.2136,62.59
151.6447,-26.2136,61.97
151.8945,-26.2136,61.37
152.1443,-26.2136,61.01
152.3942,-26.2136,61.08
152.6440,-26.2136,61.80
152.8938,-26.2136,63.33
153.1437,-26.2136,65.74
153.3935,-26.2136,68.95
153.6433,-26.2136,72.77
153.8931,-26.2136,77.00
154.1430,-26.2136,81.44
154.3928,-26.2136,85.91
154.6426,-26.2136,90.26
154.8924,-26.2136,94.36
155.1423,-26.2136,98.16
155.3921,-26.2136,101.63
155.6419,-26.2136,104.81
155.8917,-26.2136,107.70
110.1735,-25.9639,119.83
110.4233,-25.9639,119.61
110.6731,-25.9639,119.78
110.9230,-25.9639,120.44
111.1728,-25.9639,121.70
111.4226,-25.9639,123.55
111.6724,-25.9639,125.95
111.9223,-25.9639,128.81
112.1721,-25.9639,132.03
112.4219,-25.9639,135.48
112.6718,-25.9639,139.03
112.9216,-25.9639,142.53
113.1714,-25.9639,145.94
113.4212,-25.9639,149.30
113.6711,-25.9639,152.75
113.9209,-25.9639,156.43
114.1707,-25.9639,160.46
114.4205,-25.9639,164.97
114.6704,-25.9639,170.03
114.9202,-25.9639,175.72
115.1700,-25.9639,182.00
115.4198,-25.9639,188.75
115.6697,-25.9639,195.76
115.9195,-25.9639,202.81
116.1693,-25.9639,209.64
116.4192,-25.9639,216.02
116.6690,-25.9639,221.70
116.9188,-25.9639,226.46
117.1686,-25.9639,230.20
117.4185,-25.9639,232.98
117.6683,-25.9639,234.93
117.9181,-25.9639,236.25
118.1679,-25.9639,237.07
118.4178,-25.9639,237.55
118.6676,-25.9639,237.77
118.9174,-25.9639,237.82
119.1672,-25.9639,237.71
119.4171,-25.9639,237.42
119.6669,-25.9639,236.87
119.9167,-25.9639,235.96
120.1666,-25.9639,234.54
120.4164,-25.9639,232.48
120.6662,-25.9639,229.62
120.9160,-25.9639,225.85
121.1659,-25.9639,221.13
121.4157,-25.9639,215.65
121.6655,-25.9639,209.66
121.9153,-25.9639,203.50
122.1652,-25.9639,197.53
122.4150,-25.9639,192.11
122.6648,-25.9639,187.58
122.9146,-25.9639,184.26
123.1645,-25.9639,182.29
123.4143,-25.9639,181.57
123.6641,-25.9639,181.86
123.9139,-25.9639,182.85
124.1638,-25.9639,184.26
124.4136,-25.9639,185.80
124.6634,-25.9639,187.22
124.9133,-25.9639,188.33
125.1631,-25.9639,188.99
125.4129,-25.9639,189.21
125.6627,-25.9639,189.08
125.9126,-25.9639,188.71
126.1624,-25.9639,188.23
126.4122,-25.9639,187.73
126.6620,-25.9639,187.32
126.9119,-25.9639,187.08
127.1617,-25.9639,187.06
127.4115,-25.9639,187.26
127.6613,-25.9639,187.63
127.9112,-25.9639,188.12
128.1610,-25.9639,188.65
128.4108,-25.9639,189.11
128.6607,-25.9639,189.40
128.9105,-25.9639,189.42
129.1603,-25.9639,189.15
129.4101,-25.9639,188.66
129.6600,-25.9639,188.10
129.9098,-25.9639,187.65
130.1596,-25.9639,187.47
130.4094,-25.9639,187.76
130.6593,-25.9639,188.65
130.9091,-25.9639,190.27
131.1589,-25.9639,192.61
131.4087,-25.9639,195.52
131.6586,-25.9639,198.74
131.9084,-25.9639,201.98
132.1582,-25.9639,204.94
132.4080,-25.9639,207.35
132.6579,-25.9639,208.96
132.9077,-25.9639,209.57
133.1575,-25.9639,209.11
133.4074,-25.9639,207.63
133.6572,-25.9639,205.29
133.9070,-25.9639,202.32
134.1568,-25.9639,198.96
134.4067,-25.9639,195.48
134.6565,-25.9639,192.15
134.9063,-25.9639,189.22
135.1561,-25.9639,186.87
135.4060,-25.9639,185.13
135.6558,-25.9639,183.95
135.9056,-25.9639,183.27
136.1554,-25.9639,182.97
136.4053,-25.9639,182.93
136.6551,-25.9639,183.04
136.9049,-25.9639,183.18
137.1548,-25.9639,183.28
137.4046,-25.9639,183.38
137.6544,-25.9639,183.57
137.9042,-25.9639,183.93
138.1541,-25.9639,184.55
138.4039,-25.9639,185.47
138.6537,-25.9639,186.72
138.9035,-25.9639,188.30
139.1534,-25.9639,190.13
139.4032,-25.9639,192.09
139.6530,-25.9639,193.95
139.9028,-25.9639,195.53
140.1527,-25.9639,196.61
140.4025,-25.9639,197.01
140.6523,-25.9639,196.58
140.9022,-25.9639,195.22
141.1520,-25.9639,192.90
141.4018,-25.9639,189.74
141.6516,-25.9639,185.93
141.9015,-25.9639,181.72
142.1513,-25.9639,177.40
142.4011,-25.9639,173.26
142.6509,-25.9639,169.61
142.9008,-25.9639,166.68
143.1506,-25.9639,164.57
143.4004,-25.9639,163.16
143.6502,-25.9639,162.16
143.9001,-25.9639,161.19
144.1499,-25.9639,159.82
144.3997,-25.9639,157.63
144.6495,-25.9639,154.16
144.8994,-25.9639,149.04
145.1492,-25.9639,142.14
145.3990,-25.9639,133.66
145.6489,-25.9639,124.05
145.8987,-25.9639,113.80
146.1485,-25.9639,103.46
146.3983,-25.9639,93.51
146.6482,-25.9639,84.41
146.8980,-25.9639,76.56
147.1478,-25.9639,70.18
147.3976,-25.9639,65.28
147.6475,-25.9639,61.75
147.8973,-25.9639,59.40
148.1471,-25.9639,58.04
148.3969,-25.9639,57.49
148.6468,-25.9639,57.59
148.8966,-25.9639,58.18
149.1464,-25.9639,59.11
149.3963,-25.9639,60.28
149.6461,-25.9639,61.61
149.8959,-25.9639,62.99
150.1457,-25.9639,64.29
150.3956,-25.9639,65.37
150.6454,-25.9639,66.09
150.8952,-25.9639,66.32
151.1450,-25.9639,66.01
151.3949,-25.9639,65.29
151.6447,-25.9639,64.34
151.8945,-25.9639,63.41
152.1443,-25.9639,62.73
152.3942,-25.9639,62.53
152.6440,-25.9639,63.02
152.8938,-25.9639,64.38
153.1437,-25.9639,66.64
153.3935,-25.9639,69.72
153.6433,-25.9639,73.42
153.8931,-25.9639,77.53
154.1430,-25.9639,81.83
154.3928,-25.9639,86.13
154.6426,-25.9639,90.26
154.8924,-25.9639,94.11
155.1423,-25.9639,97.60
155.3921,-25.9639,100.70
155.6419,-25.9639,103.40
155.8917,-25.9639,105.70
110.1735,-25.7143,122.56
110.4233,-25.7143,122.42
110.6731,-25.7143,122.69
110.9230,-25.7143,123.52
111.1728,-25.7143,125.01
111.4226,-25.7143,127.19
111.6724,-25.7143,130.02
111.9223,-25.7143,133.42
112.1721,-25.7143,137.26
112.4219,-25.7143,141.38
112.6718,-25.7143,145.48
112.9216,-25.7143,149.24
113.1714,-25.7143,152.45
113.4212,-25.7143,155.33
113.6711,-25.7143,158.23
113.9209,-25.7143,161.43
114.1707,-25.7143,165.13
114.4205,-25.7143,169.40
114.6704,-25.7143,174.27
114.9202,-25.7143,179.67
115.1700,-25.7143,185.50
115.4198,-25.7143,191.68
115.6697,-25.7143,198.08
115.9195,-25.7143,204.53
116.1693,-25.7143,210.81
116.4192,-25.7143,216.70
116.6690,-25.7143,221.97
116.9188,-25.7143,226.40
117.1686,-25.7143,229.87
117.4185,-25.7143,232.42
117.6683,-25.7143,234.19
117.9181,-25.7143,235.33
118.1679,-25.7143,235.98
118.4178,-25.7143,236.29
118.6676,-25.7143,236.37
118.9174,-25.7143,236.31
119.1672,-25.7143,236.17
119.4171,-25.7143,235.92
119.6669,-25.7143,235.47
119.9167,-25.7143,234.72
120.1666,-25.7143,233.55
120.4164,-25.7143,231.78
120.6662,-25.7143,229.23
120.9160,-25.7143,225.71
121.1659,-25.7143,221.15
121.4157,-25.7143,215.77
121.6655,-25.7143,209.89
121.9153,-25.7143,203.89
122.1652,-25.7143,198.10
122.4150,-25.7143,192.87
122.6648,-25.7143,188.52
122.9146,-25.7143,185.34
123.1645,-25.7143,183.45
123.4143,-25.7143,182.76
123.6641,-25.7143,183.03
123.9139,-25.7143,184.01
124.1638,-25.7143,185.40
124.4136,-25.7143,186.95
124.6634,-25.7143,188.39
124.9133,-25.7143,189.49
125.1631,-25.7143,190.12
125.4129,-25.7143,190.29
125.6627,-25.7143,190.14
125.9126,-25.7143,189.77
126.1624,-25.7143,189.28
126.4122,-25.7143,188.75
126.6620,-25.7143,188.20
126.9119,-25.7143,187.63
127.1617,-25.7143,187.01
127.4115,-25.7143,186.41
127.6613,-25.7143,185.86
127.9112,-25.7143,185.38
128.1610,-25.7143,184.96
128.4108,-25.7143,184.59
128.6607,-25.7143,184.29
128.9105,-25.7143,184.12
129.1603,-25.7143,184.16
129.4101,-25.7143,184.38
129.6600,-25.7143,184.79
129.9098,-25.7143,185.44
130.1596,-25.7143,186.40
130.4094,-25.7143,187.78
130.6593,-25.7143,189.66
130.9091,-25.7143,192.06
131.1589,-25.7143,194.95
131.4087,-25.7143,198.21
131.6586,-25.7143,201.66
131.9084,-25.7143,205.06
132.1582,-25.7143,208.15
132.4080,-25.7143,210.65
132.6579,-25.7143,212.29
132.9077,-25.7143,212.82
133.1575,-25.7143,212.11
133.4074,-25.7143,210.25
133.6572,-25.7143,207.46
133.9070,-25.7143,203.97
134.1568,-25.7143,200.05
134.4067,-25.7143,196.00
134.6565,-25.7143,192.12
134.9063,-25.7143,188.70
135.1561,-25.7143,185.98
135.4060,-25.7143,183.97
135.6558,-25.7143,182.61
135.9056,-25.7143,181.82
136.1554,-25.7143,181.50
136.4053,-25.7143,181.54
136.6551,-25.7143,181.79
136.9049,-25.7143,182.08
137.1548,-25.7143,182.31
137.4046,-25.7143,182.58
137.6544,-25.7143,183.04
137.9042,-25.7143,183.82
138.1541,-25.7143,184.98
138.4039,-25.7143,186.52
138.6537,-25.7143,188.39
138.9035,-25.7143,190.47
139.1534,-25.7143,192.60
139.4032,-25.7143,194.69
139.6530,-25.7143,196.62
139.9028,-25.7143,198.22
140.1527,-25.7143,199.32
140.4025,-25.7143,199.73
140.6523,-25.7143,199.26
140.9022,-25.7143,197.75
141.1520,-25.7143,195.16
141.4018,-25.7143,191.60
141.6516,-25.7143,187.31
141.9015,-25.7143,182.54
142.1513,-25.7143,177.63
142.4011,-25.7143,172.90
142.6509,-25.7143,168.75
142.9008,-25.7143,165.54
143.1506,-25.7143,163.47
143.4004,-25.7143,162.34
143.6502,-25.7143,161.75
143.9001,-25.7143,161.27
144.1499,-25.7143,160.42
144.3997,-25.7143,158.69
144.6495,-25.7143,155.50
144.8994,-25.7143,150.29
145.1492,-25.7143,142.76
145.3990,-25.7143,133.27
145.6489,-25.7143,122.47
145.8987,-25.7143,111.00
146.1485,-25.7143,99.50
146.3983,-25.7143,88.53
146.6482,-25.7143,78.68
146.8980,-25.7143,70.51
147.1478,-25.7143,64.35
147.3976,-25.7143,60.08
147.6475,-25.7143,57.37
147.8973,-25.7143,55.89
148.1471,-25.7143,55.38
148.3969,-25.7143,55.63
148.6468,-25.7143,56.45
148.8966,-25.7143,57.70
149.1464,-25.7143,59.24
149.3963,-25.7143,60.99
149.6461,-25.7143,62.85
149.8959,-25.7143,64.74
150.1457,-25.7143,66.51
150.3956,-25.7143,68.01
150.6454,-25.7143,69.05
150.8952,-25.7143,69.41
151.1450,-25.7143,68.98
151.3949,-25.7143,67.97
151.6447,-25.7143,66.66
151.8945,-25.7143,65.35
152.1443,-25.7143,64.33
152.3942,-25.7143,63.84
152.6440,-25.7143,64.09
152.8938,-25.7143,65.26
153.1437,-25.7143,67.43
153.3935,-25.7143,70.45
153.6433,-25.7143,74.10
153.8931,-25.7143,78.13
154.1430,-25.7143,82.30
154.3928,-25.7143,86.41
154.6426,-25.7143,90.29
154.8924,-25.7143,93.82
155.1423,-25.7143,96.91
155.3921,-25.7143,99.52
155.6419,-25.7143,101.62
155.8917,-25.7143,103.21
110.1735,-25.4646,125.10
110.4233,-25.4646,124.94
110.6731,-25.4646,125.22
110.9230,-25.4646,126.09
111.1728,-25.4646,127.73
111.4226,-25.4646,130.12
111.6724,-25.4646,133.24
111.9223,-25.4646,137.03
112.1721,-25.4646,141.39
112.4219,-25.4646,146.10
112.6718,-25.4646,150.77
112.9216,-25.4646,154.82
113.1714,-25.4646,157.70
113.4212,-25.4646,159.99
113.6711,-25.4646,162.32
113.9209,-25.4646,165.08
114.1707,-25.4646,168.49
114.4205,-25.4646,172.59
114.6704,-25.4646,177.33
114.9202,-25.4646,182.52
115.1700,-25.4646,187.96
115.4198,-25.4646,193.62
115.6697,-25.4646,199.46
115.9195,-25.4646,205.37
116.1693,-25.4646,211.17
116.4192,-25.4646,216.65
116.6690,-25.4646,221.57
116.9188,-25.4646,225.71
117.1686,-25.4646,228.90
117.4185,-25.4646,231.20
117.6683,-25.4646,232.75
117.9181,-25.4646,233.71
118.1679,-25.4646,234.19
118.4178,-25.4646,234.33
118.6676,-25.4646,234.26
118.9174,-25.4646,234.10
119.1672,-25.4646,233.95
119.4171,-25.4646,233.75
119.6669,-25.4646,233.43
119.9167,-25.4646,232.89
120.1666,-25.4646,232.00
120.4164,-25.4646,230.60
120.6662,-25.4646,228.47
120.9160,-25.4646,225.32
121.1659,-25.4646,220.93
121.4157,-25.4646,215.65
121.6655,-25.4646,209.91
121.9153,-25.4646,204.09
122.1652,-25.4646,198.52
122.4150,-25.4646,193.49
122.6648,-25.4646,189.31
122.9146,-25.4646,186.26
123.1645,-25.4646,184.53
123.4143,-25.4646,183.95
123.6641,-25.4646,184.28
123.9139,-25.4646,185.27
124.1638,-25.4646,186.66
124.4136,-25.4646,188.21
124.6634,-25.4646,189.68
124.9133,-25.4646,190.77
125.1631,-25.4646,191.29
125.4129,-25.4646,191.34
125.6627,-25.4646,191.08
125.9126,-25.4646,190.66
126.1624,-25.4646,190.14
126.4122,-25.4646,189.56
126.6620,-25.4646,188.88
126.9119,-25.4646,187.99
127.1617,-25.4646,186.78
127.4115,-25.4646,185.40
127.6613,-25.4646,183.98
127.9112,-25.4646,182.59
128.1610,-25.4646,181.30
128.4108,-25.4646,180.16
128.6607,-25.4646,179.29
128.9105,-25.4646,178.94
129.1603,-25.4646,179.32
129.4101,-25.4646,180.26
129.6600,-25.4646,181.59
129.9098,-25.4646,183.27
130.1596,-25.4646,185.29
130.4094,-25.4646,187.70
130.6593,-25.4646,190.50
130.9091,-25.4646,193.67
131.1589,-25.4646,197.10
131.4087,-25.4646,200.74
131.6586,-25.4646,204.45
131.9084,-25.4646,208.06
132.1582,-25.4646,211.32
132.4080,-25.4646,213.96
132.6579,-25.4646,215.69
132.9077,-25.4646,216.18
133.1575,-25.4646,215.19
133.4074,-25.4646,212.90
133.6572,-25.4646,209.60
133.9070,-25.4646,205.57
134.1568,-25.4646,201.06
134.4067,-25.4646,196.37
134.6565,-25.4646,191.84
134.9063,-25.4646,187.84
135.1561,-25.4646,184.70
135.4060,-25.4646,182.39
135.6558,-25.4646,180.79
135.9056,-25.4646,179.81
136.1554,-25.4646,179.40
136.4053,-25.4646,179.46
136.6551,-25.4646,179.83
136.9049,-25.4646,180.27
137.1548,-25.4646,180.56
137.4046,-25.4646,180.93
137.6544,-25.4646,181.64
137.9042,-25.4646,182.83
138.1541,-25.4646,184.56
138.4039,-25.4646,186.77
138.6537,-25.4646,189.33
138.9035,-25.4646,191.99
139.1534,-25.4646,194.47
139.4032,-25.4646,196.77
139.6530,-25.4646,198.84
139.9028,-25.4646,200.56
140.1527,-25.4646,201.78
140.4025,-25.4646,202.28
140.6523,-25.4646,201.85
140.9022,-25.4646,200.28
141.1520,-25.4646,197.41
141.4018,-25.4646,193.44
141.6516,-25.4646,188.64
141.9015,-25.4646,183.29
142.1513,-25.4646,177.72
142.4011,-25.4646,172.31
142.6509,-25.4646,167.51
142.9008,-25.4646,163.87
143.1506,-25.4646,161.81
143.4004,-25.4646,160.94
143.6502,-25.4646,160.73
143.9001,-25.4646,160.69
144.1499,-25.4646,160.33
144.3997,-25.4646,159.11
144.6495,-25.4646,156.35
144.8994,-25.4646,151.19
145.1492,-25.4646,142.94
145.3990,-25.4646,132.38
145.6489,-25.4646,120.41
145.8987,-25.4646,107.83
146.1485,-25.4646,95.28
146.3983,-25.4646,83.37
146.6482,-25.4646,72.79
146.8980,-25.4646,64.31
147.1478,-25.4646,58.55
147.3976,-25.4646,55.06
147.6475,-25.4646,53.24
147.8973,-25.4646,52.65
148.1471,-25.4646,52.96
148.3969,-25.4646,53.95
148.6468,-25.4646,55.43
148.8966,-25.4646,57.27
149.1464,-25.4646,59.35
149.3963,-25.4646,61.58
149.6461,-25.4646,63.91
149.8959,-25.4646,66.23
150.1457,-25.4646,68.44
150.3956,-25.4646,70.38
150.6454,-25.4646,71.79
150.8952,-25.4646,72.33
151.1450,-25.4646,71.73
151.3949,-25.4646,70.38
151.6447,-25.4646,68.69
151.8945,-25.4646,67.04
152.1443,-25.4646,65.70
152.3942,-25.4646,64.92
152.6440,-25.4646,64.94
152.8938,-25.4646,65.95
153.1437,-25.4646,68.11
153.3935,-25.4646,71.18
153.6433,-25.4646,74.86
153.8931,-25.4646,78.86
154.1430,-25.4646,82.93
154.3928,-25.4646,86.86
154.6426,-25.4646,90.47
154.8924,-25.4646,93.63
155.1423,-25.4646,96.26
155.3921,-25.4646,98.30
155.6419,-25.4646,99.73
155.8917,-25.4646,100.55
110.1735,-25.2150,127.33
110.4233,-25.2150,127.10
110.6731,-25.2150,127.26
110.9230,-25.2150,128.03
111.1728,-25.2150,129.66
111.4226,-25.2150,132.07
111.6724,-25.2150,135.25
111.9223,-25.2150,139.18
112.1721,-25.2150,143.78
112.4219,-25.2150,148.90
112.6718,-25.2150,154.10
112.9216,-25.2150,158.55
113.1714,-25.2150,160.86
113.4212,-25.2150,162.47
113.6711,-25.2150,164.27
113.9209,-25.2150,166.70
114.1707,-25.2150,169.95
114.4205,-25.2150,174.01
114.6704,-25.2150,178.76
114.9202,-25.2150,183.91
115.1700,-25.2150,189.00
115.4198,-25.2150,194.23
115.6697,-25.2150,199.62
115.9195,-25.2150,205.10
116.1693,-25.2150,210.52
116.4192,-25.2150,215.68
116.6690,-25.2150,220.37
116.9188,-25.2150,224.31
117.1686,-25.2150,227.21
117.4185,-25.2150,229.26
117.6683,-25.2150,230.62
117.9181,-25.2150,231.41
118.1679,-25.2150,231.74
118.4178,-25.2150,231.73
118.6676,-25.2150,231.51
118.9174,-25.2150,231.22
119.1672,-25.2150,231.07
119.4171,-25.2150,230.93
119.6669,-25.2150,230.71
119.9167,-25.2150,230.32
120.1666,-25.2150,229.69
120.4164,-25.2150,228.68
120.6662,-25.2150,227.06
120.9160,-25.2150,224.42
121.1659,-25.2150,220.16
121.4157,-25.2150,215.00
121.6655,-25.2150,209.48
121.9153,-25.2150,203.95
122.1652,-25.2150,198.69
122.4150,-25.2150,193.94
122.6648,-25.2150,189.95
122.9146,-25.2150,187.04
123.1645,-25.2150,185.55
123.4143,-25.2150,185.15
123.6641,-25.2150,185.54
123.9139,-25.2150,186.52
124.1638,-25.2150,187.87
124.4136,-25.2150,189.40
124.6634,-25.2150,190.88
124.9133,-25.2150,191.98
125.1631,-25.2150,192.28
125.4129,-25.2150,192.12
125.6627,-25.2150,191.72
125.9126,-25.2150,191.21
126.1624,-25.2150,190.63
126.4122,-25.2150,189.99
126.6620,-25.2150,189.22
126.9119,-25.2150,188.11
127.1617,-25.2150,186.32
127.4115,-25.2150,184.22
127.6613,-25.2150,182.04
127.9112,-25.2150,179.89
128.1610,-25.2150,177.86
128.4108,-25.2150,176.06
128.6607,-25.2150,174.68
128.9105,-25.2150,174.09
129.1603,-25.2150,174.88
129.4101,-25.2150,176.51
129.6600,-25.2150,178.68
129.9098,-25.2150,181.26
130.1596,-25.2150,184.21
130.4094,-25.2150,187.51
130.6593,-25.2150,191.15
130.9091,-25.2150,195.02
131.1589,-25.2150,198.94
131.4087,-25.2150,202.94
131.6586,-25.2150,206.92
131.9084,-25.2150,210.74
132.1582,-25.2150,214.19
132.4080,-25.2150,217.00
132.6579,-25.2150,218.88
132.9077,-25.2150,219.42
133.1575,-25.2150,218.09
133.4074,-25.2150,215.36
133.6572,-25.2150,211.58
133.9070,-25.2150,207.03
134.1568,-25.2150,201.96
134.4067,-25.2150,196.62
134.6565,-25.2150,191.37
134.9063,-25.2150,186.66
135.1561,-25.2150,183.10
135.4060,-25.2150,180.41
135.6558,-25.2150,178.43
135.9056,-25.2150,177.11
136.1554,-25.2150,176.44
136.4053,-25.2150,176.40
136.6551,-25.2150,176.84
136.9049,-25.2150,177.44
137.1548,-25.2150,177.65
137.4046,-25.2150,178.06
137.6544,-25.2150,179.00
137.9042,-25.2150,180.63
138.1541,-25.2150,182.95
138.4039,-25.2150,185.88
138.6537,-25.2150,189.20
138.9035,-25.2150,192.57
139.1534,-25.2150,195.44
139.4032,-25.2150,198.01
139.6530,-25.2150,200.32
139.9028,-25.2150,202.28
140.1527,-25.2150,203.72
140.4025,-25.2150,204.42
140.6523,-25.2150,204.16
140.9022,-25.2150,202.63
141.1520,-25.2150,199.51
141.4018,-25.2150,195.16
141.6516,-25.2150,189.90
141.9015,-25.2150,184.02
142.1513,-25.2150,177.83
142.4011,-25.2150,171.71
142.6509,-25.2150,166.13
142.9008,-25.2150,161.83
143.1506,-25.2150,159.80
143.4004,-25.2150,159.12
143.6502,-25.2150,159.09
143.9001,-25.2150,159.25
144.1499,-25.2150,159.17
144.3997,-25.2150,158.37
144.6495,-25.2150,156.12
144.8994,-25.2150,151.28
145.1492,-25.2150,142.17
145.3990,-25.2150,130.53
145.6489,-25.2150,117.62
145.8987,-25.2150,104.23
146.1485,-25.2150,90.96
146.3983,-25.2150,78.38
146.6482,-25.2150,67.17
146.8980,-25.2150,58.35
147.1478,-25.2150,53.28
147.3976,-25.2150,50.72
147.6475,-25.2150,49.79
147.8973,-25.2150,50.00
148.1471,-25.2150,51.02
148.3969,-25.2150,52.62
148.6468,-25.2150,54.65
148.8966,-25.2150,56.95
149.1464,-25.2150,59.43
149.3963,-25.2150,62.02
149.6461,-25.2150,64.67
149.8959,-25.2150,67.31
150.1457,-25.2150,69.86
150.3956,-25.2150,72.17
150.6454,-25.2150,73.97
150.8952,-25.2150,74.79
151.1450,-25.2150,73.93
151.3949,-25.2150,72.20
151.6447,-25.2150,70.20
151.8945,-25.2150,68.29
152.1443,-25.2150,66.74
152.3942,-25.2150,65.78
152.6440,-25.2150,65.60
152.8938,-25.2150,66.50
153.1437,-25.2150,68.78
153.3935,-25.2150,72.01
153.6433,-25.2150,75.78
153.8931,-25.2150,79.81
154.1430,-25.2150,83.81
154.3928,-25.2150,87.57
154.6426,-25.2150,90.91
154.8924,-25.2150,93.69
155.1423,-25.2150,95.83
155.3921,-25.2150,97.27
155.6419,-25.2150,97.98
155.8917,-25.2150,97.98
110.1735,-24.9653,129.20
110.4233,-24.9653,128.85
110.6731,-24.9653,128.82
110.9230,-24.9653,129.31
111.1728,-24.9653,130.75
111.4226,-24.9653,132.92
111.6724,-24.9653,135.82
111.9223,-24.9653,139.47
112.1721,-24.9653,143.87
112.4219,-24.9653,148.93
112.6718,-24.9653,154.34
112.9216,-24.9653,159.28
113.1714,-24.9653,160.76
113.4212,-24.9653,161.83
113.6711,-24.9653,163.39
113.9209,-24.9653,165.76
114.1707,-24.9653,169.06
114.4205,-24.9653,173.24
114.6704,-24.9653,178.13
114.9202,-24.9653,183.43
115.1700,-24.9653,188.27
115.4198,-24.9653,193.23
115.6697,-24.9653,198.34
115.9195,-24.9653,203.54
116.1693,-24.9653,208.69
116.4192,-24.9653,213.62
116.6690,-24.9653,218.15
116.9188,-24.9653,222.02
117.1686,-24.9653,224.67
117.4185,-24.9653,226.54
117.6683,-24.9653,227.78
117.9181,-24.9653,228.47
118.1679,-24.9653,228.71
118.4178,-24.9653,228.60
118.6676,-24.9653,228.24
118.9174,-24.9653,227.80
119.1672,-24.9653,227.65
119.4171,-24.9653,227.49
119.6669,-24.9653,227.27
119.9167,-24.9653,226.93
120.1666,-24.9653,226.43
120.4164,-24.9653,225.68
120.6662,-24.9653,224.50
120.9160,-24.9653,222.51
121.1659,-24.9653,218.34
121.4157,-24.9653,213.46
121.6655,-24.9653,208.36
121.9153,-24.9653,203.33
122.1652,-24.9653,198.58
122.4150,-24.9653,194.27
122.6648,-24.9653,190.59
122.9146,-24.9653,187.81
123.1645,-24.9653,186.66
123.4143,-24.9653,186.42
123.6641,-24.9653,186.81
123.9139,-24.9653,187.69
124.1638,-24.9653,188.89
124.4136,-24.9653,190.28
124.6634,-24.9653,191.68
124.9133,-24.9653,192.79
125.1631,-24.9653,192.77
125.4129,-24.9653,192.40
125.6627,-24.9653,191.87
125.9126,-24.9653,191.26
126.1624,-24.9653,190.61
126.4122,-24.9653,189.89
126.6620,-24.9653,189.02
126.9119,-24.9653,187.80
127.1617,-24.9653,185.47
127.4115,-24.9653,182.81
127.6613,-24.9653,180.07
127.9112,-24.9653,177.39
128.1610,-24.9653,174.86
128.4108,-24.9653,172.62
128.6607,-24.9653,170.85
128.9105,-24.9653,169.96
129.1603,-24.9653,171.23
129.4101,-24.9653,173.44
129.6600,-24.9653,176.24
129.9098,-24.9653,179.50
130.1596,-24.9653,183.17
130.4094,-24.9653,187.20
130.6593,-24.9653,191.52
130.9091,-24.9653,196.02
131.1589,-24.9653,200.34
131.4087,-24.9653,204.66
131.6586,-24.9653,208.90
131.9084,-24.9653,212.91
132.1582,-24.9653,216.50
132.4080,-24.9653,219.44
132.6579,-24.9653,221.45
132.9077,-24.9653,222.13
133.1575,-24.9653,220.43
133.4074,-24.9653,217.34
133.6572,-24.9653,213.21
133.9070,-24.9653,208.27
134.1568,-24.9653,202.75
134.4067,-24.9653,196.87
134.6565,-24.9653,190.93
134.9063,-24.9653,185.39
135.1561,-24.9653,181.39
135.4060,-24.9653,178.14
135.6558,-24.9653,175.53
135.9056,-24.9653,173.60
136.1554,-24.9653,172.42
136.4053,-24.9653,172.01
136.6551,-24.9653,172.33
136.9049,-24.9653,173.09
137.1548,-24.9653,173.08
137.4046,-24.9653,173.54
137.6544,-24.9653,174.80
137.9042,-24.9653,176.92
138.1541,-24.9653,179.87
138.4039,-24.9653,183.52
138.6537,-24.9653,187.64
138.9035,-24.9653,191.84
139.1534,-24.9653,195.11
139.4032,-24.9653,198.09
139.6530,-24.9653,200.81
139.9028,-24.9653,203.14
140.1527,-24.9653,204.90
140.4025,-24.9653,205.88
140.6523,-24.9653,205.86
140.9022,-24.9653,204.53
141.1520,-24.9653,201.20
141.4018,-24.9653,196.58
141.6516,-24.9653,191.01
141.9015,-24.9653,184.76
142.1513,-24.9653,178.13
142.4011,-24.9653,171.44
142.6509,-24.9653,165.14
142.9008,-24.9653,159.94
143.1506,-24.9653,157.94
143.4004,-24.9653,157.14
143.6502,-24.9653,156.89
143.9001,-24.9653,156.80
144.1499,-24.9653,156.54
144.3997,-24.9653,155.71
144.6495,-24.9653,153.74
144.8994,-24.9653,149.49
145.1492,-24.9653,139.37
145.3990,-24.9653,127.06
145.6489,-24.9653,113.77
145.8987,-24.9653,100.17
146.1485,-24.9653,86.78
146.3983,-24.9653,74.09
146.6482,-24.9653,62.67
146.8980,-24.9653,53.49
147.1478,-24.9653,49.43
147.3976,-24.9653,47.71
147.6475,-24.9653,47.46
147.8973,-24.9653,48.24
148.1471,-24.9653,49.76
148.3969,-24.9653,51.79
148.6468,-24.9653,54.18
148.8966,-24.9653,56.80
149.1464,-24.9653,59.50
149.3963,-24.9653,62.28
149.6461,-24.9653,65.07
149.8959,-24.9653,67.84
150.1457,-24.9653,70.51
150.3956,-24.9653,72.98
150.6454,-24.9653,75.04
150.8952,-24.9653,76.25
151.1450,-24.9653,75.02
151.3949,-24.9653,73.06
151.6447,-24.9653,70.94
151.8945,-24.9653,68.99
152.1443,-24.9653,67.43
152.3942,-24.9653,66.46
152.6440,-24.9653,66.26
152.8938,-24.9653,67.07
153.1437,-24.9653,69.64
153.3935,-24.9653,73.08
153.6433,-24.9653,76.98
153.8931,-24.9653,81.05
154.1430,-24.9653,85.02
154.3928,-24.9653,88.65
154.6426,-24.9653,91.74
154.8924,-24.9653,94.14
155.1423,-24.9653,95.78
155.3921,-24.9653,96.60
155.6419,-24.9653,96.57
155.8917,-24.9653,95.76
110.1735,-24.7157,130.69
110.4233,-24.7157,130.23
110.6731,-24.7157,130.01
110.9230,-24.7157,130.22
111.1728,-24.7157,131.12
111.4226,-24.7157,132.65
111.6724,-24.7157,134.84
111.9223,-24.7157,137.73
112.1721,-24.7157,141.33
112.4219,-24.7157,145.53
112.6718,-24.7157,149.97
112.9216,-24.7157,153.87
113.1714,-24.7157,155.87
113.4212,-24.7157,157.39
113.6711,-24.7157,159.30
113.9209,-24.7157,162.00
114.1707,-24.7157,165.59
114.4205,-24.7157,170.00
114.6704,-24.7157,175.03
114.9202,-24.7157,180.32
115.1700,-24.7157,185.39
115.4198,-24.7157,190.44
115.6697,-24.7157,195.52
115.9195,-24.7157,200.61
116.1693,-24.7157,205.60
116.4192,-24.7157,210.35
116.6690,-24.7157,214.69
116.9188,-24.7157,218.35
117.1686,-24.7157,221.06
117.4185,-24.7157,222.97
117.6683,-24.7157,224.24
117.9181,-24.7157,224.94
118.1679,-24.7157,225.19
118.4178,-24.7157,225.06
118.6676,-24.7157,224.68
118.9174,-24.7157,224.21
119.1672,-24.7157,223.86
119.4171,-24.7157,223.52
119.6669,-24.7157,223.15
119.9167,-24.7157,222.69
120.1666,-24.7157,222.11
120.4164,-24.7157,221.32
120.6662,-24.7157,220.13
120.9160,-24.7157,218.16
121.1659,-24.7157,214.78
121.4157,-24.7157,210.71
121.6655,-24.7157,206.41
121.9153,-24.7157,202.18
122.1652,-24.7157,198.18
122.4150,-24.7157,194.58
122.6648,-24.7157,191.54
122.9146,-24.7157,189.30
123.1645,-24.7157,188.19
123.4143,-24.7157,187.88
123.6641,-24.7157,188.11
123.9139,-24.7157,188.74
124.1638,-24.7157,189.63
124.4136,-24.7157,190.66
124.6634,-24.7157,191.67
124.9133,-24.7157,192.37
125.1631,-24.7157,192.36
125.4129,-24.7157,191.99
125.6627,-24.7157,191.43
125.9126,-24.7157,190.77
126.1624,-24.7157,190.02
126.4122,-24.7157,189.14
126.6620,-24.7157,188.00
126.9119,-24.7157,186.38
127.1617,-24.7157,183.96
127.4115,-24.7157,181.11
127.6613,-24.7157,178.11
127.9112,-24.7157,175.16
128.1610,-24.7157,172.42
128.4108,-24.7157,170.07
128.6607,-24.7157,168.39
128.9105,-24.7157,167.82
129.1603,-24.7157,168.96
129.4101,-24.7157,171.27
129.6600,-24.7157,174.37
129.9098,-24.7157,178.06
130.1596,-24.7157,182.22
130.4094,-24.7157,186.73
130.6593,-24.7157,191.51
130.9091,-24.7157,196.38
131.1589,-24.7157,201.15
131.4087,-24.7157,205.80
131.6586,-24.7157,210.28
131.9084,-24.7157,214.44
132.1582,-24.7157,218.09
132.4080,-24.7157,220.99
132.6579,-24.7157,222.84
132.9077,-24.7157,223.23
133.1575,-24.7157,221.65
133.4074,-24.7157,218.56
133.6572,-24.7157,214.32
133.9070,-24.7157,209.19
134.1568,-24.7157,203.41
134.4067,-24.7157,197.22
134.6565,-24.7157,190.92
134.9063,-24.7157,184.96
135.1561,-24.7157,179.97
135.4060,-24.7157,175.71
135.6558,-24.7157,172.10
135.9056,-24.7157,169.22
136.1554,-24.7157,167.17
136.4053,-24.7157,166.00
136.6551,-24.7157,165.67
136.9049,-24.7157,165.91
137.1548,-24.7157,166.20
137.4046,-24.7157,167.09
137.6544,-24.7157,168.87
137.9042,-24.7157,171.59
138.1541,-24.7157,175.20
138.4039,-24.7157,179.50
138.6537,-24.7157,184.22
138.9035,-24.7157,188.94
139.1534,-24.7157,193.07
139.4032,-24.7157,196.80
139.6530,-24.7157,200.14
139.9028,-24.7157,202.99
140.1527,-24.7157,205.17
140.4025,-24.7157,206.45
140.6523,-24.7157,206.57
140.9022,-24.7157,205.23
141.1520,-24.7157,202.09
141.4018,-24.7157,197.52
141.6516,-24.7157,191.88
141.9015,-24.7157,185.49
142.1513,-24.7157,178.68
142.4011,-24.7157,171.82
142.6509,-24.7157,165.41
142.9008,-24.7157,160.17
143.1506,-24.7157,157.12
143.4004,-24.7157,155.35
143.6502,-24.7157,154.21
143.9001,-24.7157,153.27
144.1499,-24.7157,152.18
144.3997,-24.7157,150.49
144.6495,-24.7157,147.55
144.8994,-24.7157,142.24
145.1492,-24.7157,132.92
145.3990,-24.7157,121.31
145.6489,-24.7157,108.64
145.8987,-24.7157,95.67
146.1485,-24.7157,82.96
146.3983,-24.7157,71.05
146.6482,-24.7157,60.59
146.8980,-24.7157,52.57
147.1478,-24.7157,48.34
147.3976,-24.7157,46.63
147.6475,-24.7157,46.53
147.8973,-24.7157,47.53
148.1471,-24.7157,49.27
148.3969,-24.7157,51.52
148.6468,-24.7157,54.07
148.8966,-24.7157,56.79
149.1464,-24.7157,59.57
149.3963,-24.7157,62.34
149.6461,-24.7157,65.08
149.8959,-24.7157,67.73
150.1457,-24.7157,70.25
150.3956,-24.7157,72.49
150.6454,-24.7157,74.25
150.8952,-24.7157,75.05
151.1450,-24.7157,74.23
151.3949,-24.7157,72.60
151.6447,-24.7157,70.75
151.8945,-24.7157,69.05
152.1443,-24.7157,67.75
152.3942,-24.7157,67.08
152.6440,-24.7157,67.22
152.8938,-24.7157,68.44
153.1437,-24.7157,71.03
153.3935,-24.7157,74.53
153.6433,-24.7157,78.51
153.8931,-24.7157,82.64
154.1430,-24.7157,86.61
154.3928,-24.7157,90.16
154.6426,-24.7157,93.04
154.8924,-24.7157,95.10
155.1423,-24.7157,96.25
155.3921,-24.7157,96.43
155.6419,-24.7157,95.67
155.8917,-24.7157,94.05
110.1735,-24.4660,131.79
110.4233,-24.4660,131.20
110.6731,-24.4660,130.72
110.9230,-24.4660,130.50
111.1728,-24.4660,130.67
111.4226,-24.4660,131.29
111.6724,-24.4660,132.42
111.9223,-24.4660,134.13
112.1721,-24.4660,136.45
112.4219,-24.4660,139.30
112.6718,-24.4660,142.43
112.9216,-24.4660,145.36
113.1714,-24.4660,147.60
113.4212,-24.4660,149.73
113.6711,-24.4660,152.29
113.9209,-24.4660,155.59
114.1707,-24.4660,159.71
114.4205,-24.4660,164.53
114.6704,-24.4660,169.84
114.9202,-24.4660,175.34
115.1700,-24.4660,180.73
115.4198,-24.4660,186.02
115.6697,-24.4660,191.23
115.9195,-24.4660,196.36
116.1693,-24.4660,201.31
116.4192,-24.4660,205.99
116.6690,-24.4660,210.23
116.9188,-24.4660,213.83
117.1686,-24.4660,216.64
117.4185,-24.4660,218.70
117.6683,-24.4660,220.10
117.9181,-24.4660,220.91
118.1679,-24.4660,221.22
118.4178,-24.4660,221.13
118.6676,-24.4660,220.75
118.9174,-24.4660,220.21
119.1672,-24.4660,219.65
119.4171,-24.4660,219.05
119.6669,-24.4660,218.40
119.9167,-24.4660,217.69
120.1666,-24.4660,216.87
120.4164,-24.4660,215.89
120.6662,-24.4660,214.59
120.9160,-24.4660,212.74
121.1659,-24.4660,210.11
121.4157,-24.4660,207.00
121.6655,-24.4660,203.73
121.9153,-24.4660,200.50
122.1652,-24.4660,197.48
122.4150,-24.4660,194.78
122.6648,-24.4660,192.51
122.9146,-24.4660,190.82
123.1645,-24.4660,189.84
123.4143,-24.4660,189.42
123.6641,-24.4660,189.40
123.9139,-24.4660,189.67
124.1638,-24.4660,190.12
124.4136,-24.4660,190.68
124.6634,-24.4660,191.19
124.9133,-24.4660,191.49
125.1631,-24.4660,191.41
125.4129,-24.4660,191.05
125.6627,-24.4660,190.51
125.9126,-24.4660,189.84
126.1624,-24.4660,189.00
126.4122,-24.4660,187.95
126.6620,-24.4660,186.56
126.9119,-24.4660,184.69
127.1617,-24.4660,182.22
127.4115,-24.4660,179.33
127.6613,-24.4660,176.27
127.9112,-24.4660,173.25
128.1610,-24.4660,170.49
128.4108,-24.4660,168.23
128.6607,-24.4660,166.75
128.9105,-24.4660,166.41
129.1603,-24.4660,167.50
129.4101,-24.4660,169.79
129.6600,-24.4660,173.00
129.9098,-24.4660,176.91
130.1596,-24.4660,181.35
130.4094,-24.4660,186.17
130.6593,-24.4660,191.24
130.9091,-24.4660,196.40
131.1589,-24.4660,201.48
131.4087,-24.4660,206.40
131.6586,-24.4660,211.06
131.9084,-24.4660,215.32
132.1582,-24.4660,218.97
132.4080,-24.4660,221.76
132.6579,-24.4660,223.41
132.9077,-24.4660,223.60
133.1575,-24.4660,222.09
133.4074,-24.4660,219.09
133.6572,-24.4660,214.87
133.9070,-24.4660,209.70
134.1568,-24.4660,203.80
134.4067,-24.4660,197.42
134.6565,-24.4660,190.83
134.9063,-24.4660,184.35
135.1561,-24.4660,178.37
135.4060,-24.4660,172.92
135.6558,-24.4660,168.07
135.9056,-24.4660,163.97
136.1554,-24.4660,160.76
136.4053,-24.4660,158.56
136.6551,-24.4660,157.39
136.9049,-24.4660,157.13
137.1548,-24.4660,157.59
137.4046,-24.4660,158.97
137.6544,-24.4660,161.37
137.9042,-24.4660,164.79
138.1541,-24.4660,169.09
138.4039,-24.4660,174.06
138.6537,-24.4660,179.40
138.9035,-24.4660,184.74
139.1534,-24.4660,189.73
139.4032,-24.4660,194.30
139.6530,-24.4660,198.38
139.9028,-24.4660,201.86
140.1527,-24.4660,204.54
140.4025,-24.4660,206.18
140.6523,-24.4660,206.51
140.9022,-24.4660,205.30
141.1520,-24.4660,202.38
141.4018,-24.4660,197.98
141.6516,-24.4660,192.42
141.9015,-24.4660,186.06
142.1513,-24.4660,179.25
142.4011,-24.4660,172.40
142.6509,-24.4660,165.97
142.9008,-24.4660,160.49
143.1506,-24.4660,156.41
143.4004,-24.4660,153.39
143.6502,-24.4660,150.96
143.9001,-24.4660,148.73
144.1499,-24.4660,146.35
144.3997,-24.4660,143.37
144.6495,-24.4660,139.23
144.8994,-24.4660,133.15
145.1492,-24.4660,124.50
145.3990,-24.4660,114.01
145.6489,-24.4660,102.55
145.8987,-24.4660,90.82
146.1485,-24.4660,79.40
146.3983,-24.4660,68.83
146.6482,-24.4660,59.74
146.8980,-24.4660,52.85
147.1478,-24.4660,48.76
147.3976,-24.4660,46.96
147.6475,-24.4660,46.80
147.8973,-24.4660,47.78
148.1471,-24.4660,49.54
148.3969,-24.4660,51.80
148.6468,-24.4660,54.34
148.8966,-24.4660,57.00
149.1464,-24.4660,59.67
149.3963,-24.4660,62.27
149.6461,-24.4660,64.75
149.8959,-24.4660,67.09
150.1457,-24.4660,69.22
150.3956,-24.4660,71.03
150.6454,-24.4660,72.32
150.8952,-24.4660,72.82
151.1450,-24.4660,72.29
151.3949,-24.4660,71.11
151.6447,-24.4660,69.73
151.8945,-24.4660,68.49
152.1443,-24.4660,67.67
152.3942,-24.4660,67.47
152.6440,-24.4660,68.11
152.8938,-24.4660,69.78
153.1437,-24.4660,72.55
153.3935,-24.4660,76.17
153.6433,-24.4660,80.28
153.8931,-24.4660,84.52
154.1430,-24.4660,88.56
154.3928,-24.4660,92.09
154.6426,-24.4660,94.84
154.8924,-24.4660,96.61
155.1423,-24.4660,97.29
155.3921,-24.4660,96.84
155.6419,-24.4660,95.35
155.8917,-24.4660,92.94
110.1735,-24.2164,132.50
110.4233,-24.2164,131.75
110.6731,-24.2164,130.95
110.9230,-24.2164,130.16
111.1728,-24.2164,129.47
111.4226,-24.2164,128.99
111.6724,-24.2164,128.80
111.9223,-24.2164,129.03
112.1721,-24.2164,129.77
112.4219,-24.2164,131.04
112.6718,-24.2164,132.78
112.9216,-24.2164,134.82
113.1714,-24.2164,137.04
113.4212,-24.2164,139.67
113.6711,-24.2164,142.94
113.9209,-24.2164,146.99
114.1707,-24.2164,151.79
114.4205,-24.2164,157.19
114.6704,-24.2164,162.97
114.9202,-24.2164,168.85
115.1700,-24.2164,174.63
115.4198,-24.2164,180.24
115.6697,-24.2164,185.69
115.9195,-24.2164,190.95
116.1693,-24.2164,195.99
116.4192,-24.2164,200.71
116.6690,-24.2164,204.98
116.9188,-24.2164,208.66
117.1686,-24.2164,211.64
117.4185,-24.2164,213.91
117.6683,-24.2164,215.51
117.9181,-24.2164,216.48
118.1679,-24.2164,216.91
118.4178,-24.2164,216.88
118.6676,-24.2164,216.49
118.9174,-24.2164,215.85
119.1672,-24.2164,215.05
119.4171,-24.2164,214.15
119.6669,-24.2164,213.15
119.9167,-24.2164,212.09
120.1666,-24.2164,210.95
120.4164,-24.2164,209.72
120.6662,-24.2164,208.34
120.9160,-24.2164,206.71
121.1659,-24.2164,204.77
121.4157,-24.2164,202.64
121.6655,-24.2164,200.48
121.9153,-24.2164,198.40
122.1652,-24.2164,196.49
122.4150,-24.2164,194.79
122.6648,-24.2164,193.36
122.9146,-24.2164,192.24
123.1645,-24.2164,191.46
123.4143,-24.2164,190.96
123.6641,-24.2164,190.66
123.9139,-24.2164,190.52
124.1638,-24.2164,190.47
124.4136,-24.2164,190.48
124.6634,-24.2164,190.49
124.9133,-24.2164,190.42
125.1631,-24.2164,190.20
125.4129,-24.2164,189.83
125.6627,-24.2164,189.32
125.9126,-24.2164,188.66
126.1624,-24.2164,187.78
126.4122,-24.2164,186.61
126.6620,-24.2164,185.07
126.9119,-24.2164,183.06
127.1617,-24.2164,180.56
127.4115,-24.2164,177.69
127.6613,-24.2164,174.66
127.9112,-24.2164,171.68
128.1610,-24.2164,168.99
128.4108,-24.2164,166.86
128.6607,-24.2164,165.56
128.9105,-24.2164,165.38
129.1603,-24.2164,166.46
129.4101,-24.2164,168.73
129.6600,-24.2164,171.98
129.9098,-24.2164,175.99
130.1596,-24.2164,180.57
130.4094,-24.2164,185.57
130.6593,-24.2164,190.81
130.9091,-24.2164,196.15
131.1589,-24.2164,201.43
131.4087,-24.2164,206.52
131.6586,-24.2164,211.30
131.9084,-24.2164,215.60
132.1582,-24.2164,219.21
132.4080,-24.2164,221.90
132.6579,-24.2164,223.39
132.9077,-24.2164,223.45
133.1575,-24.2164,221.95
133.4074,-24.2164,218.99
133.6572,-24.2164,214.82
133.9070,-24.2164,209.66
134.1568,-24.2164,203.73
134.4067,-24.2164,197.22
134.6565,-24.2164,190.34
134.9063,-24.2164,183.29
135.1561,-24.2164,176.31
135.4060,-24.2164,169.59
135.6558,-24.2164,163.36
135.9056,-24.2164,157.85
136.1554,-24.2164,153.32
136.4053,-24.2164,149.96
136.6551,-24.2164,147.90
136.9049,-24.2164,147.17
137.1548,-24.2164,147.72
137.4046,-24.2164,149.56
137.6544,-24.2164,152.64
137.9042,-24.2164,156.81
138.1541,-24.2164,161.87
138.4039,-24.2164,167.55
138.6537,-24.2164,173.56
138.9035,-24.2164,179.62
139.1534,-24.2164,185.43
139.4032,-24.2164,190.83
139.6530,-24.2164,195.70
139.9028,-24.2164,199.86
140.1527,-24.2164,203.10
140.4025,-24.2164,205.18
140.6523,-24.2164,205.84
140.9022,-24.2164,204.85
141.1520,-24.2164,202.15
141.4018,-24.2164,197.92
141.6516,-24.2164,192.48
141.9015,-24.2164,186.21
142.1513,-24.2164,179.48
142.4011,-24.2164,172.68
142.6509,-24.2164,166.16
142.9008,-24.2164,160.29
143.1506,-24.2164,155.26
143.4004,-24.2164,150.95
143.6502,-24.2164,147.09
143.9001,-24.2164,143.37
144.1499,-24.2164,139.50
144.3997,-24.2164,135.15
144.6495,-24.2164,129.90
144.8994,-24.2164,123.34
145.1492,-24.2164,115.24
145.3990,-24.2164,105.92
145.6489,-24.2164,95.93
145.8987,-24.2164,85.78
146.1485,-24.2164,75.97
146.3983,-24.2164,67.00
146.6482,-24.2164,59.36
146.8980,-24.2164,53.56
147.1478,-24.2164,49.88
147.3976,-24.2164,48.13
147.6475,-24.2164,47.89
147.8973,-24.2164,48.77
148.1471,-24.2164,50.42
148.3969,-24.2164,52.57
148.6468,-24.2164,54.97
148.8966,-24.2164,57.44
149.1464,-24.2164,59.85
149.3963,-24.2164,62.12
149.6461,-24.2164,64.20
149.8959,-24.2164,66.07
150.1457,-24.2164,67.68
150.3956,-24.2164,68.96
150.6454,-24.2164,69.80
150.8952,-24.2164,70.06
151.1450,-24.2164,69.71
151.3949,-24.2164,68.96
151.6447,-24.2164,68.10
151.8945,-24.2164,67.42
152.1443,-24.2164,67.15
152.3942,-24.2164,67.52
152.6440,-24.2164,68.71
152.8938,-24.2164,70.84
153.1437,-24.2164,73.94
153.3935,-24.2164,77.81
153.6433,-24.2164,82.14
153.8931,-24.2164,86.59
154.1430,-24.2164,90.80
154.3928,-24.2164,94.42
154.6426,-24.2164,97.12
154.8924,-24.2164,98.67
155.1423,-24.2164,98.92
155.3921,-24.2164,97.87
155.6419,-24.2164,95.64
155.8917,-24.2164,92.44
110.1735,-23.9667,132.86
110.4233,-23.9667,131.95
110.6731,-23.9667,130.78
110.9230,-23.9667,129.36
111.1728,-23.9667,127.73
111.4226,-23.9667,126.00
111.6724,-23.9667,124.34
111.9223,-23.9667,122.92
112.1721,-23.9667,121.91
112.4219,-23.9667,121.47
112.6718,-23.9667,121.76
112.9216,-23.9667,122.89
113.1714,-23.9667,124.95
113.4212,-23.9667,127.97
113.6711,-23.9667,131.93
113.9209,-23.9667,136.76
114.1707,-23.9667,142.32
114.4205,-23.9667,148.42
114.6704,-23.9667,154.80
114.9202,-23.9667,161.20
115.1700,-23.9667,167.41
115.4198,-23.9667,173.37
115.6697,-23.9667,179.09
115.9195,-23.9667,184.59
116.1693,-23.9667,189.82
116.4192,-23.9667,194.70
116.6690,-23.9667,199.14
116.9188,-23.9667,203.01
117.1686,-23.9667,206.23
117.4185,-23.9667,208.77
117.6683,-23.9667,210.61
117.9181,-23.9667,211.79
118.1679,-23.9667,212.36
118.4178,-23.9667,212.40
118.6676,-23.9667,211.98
118.9174,-23.9667,211.21
119.1672,-23.9667,210.17
119.4171,-23.9667,208.93
119.6669,-23.9667,207.56
119.9167,-23.9667,206.09
120.1666,-23.9667,204.59
120.4164,-23.9667,203.10
120.6662,-23.9667,201.65
120.9160,-23.9667,200.28
121.1659,-23.9667,199.01
121.4157,-23.9667,197.85
121.6655,-23.9667,196.84
121.9153,-23.9667,195.98
122.1652,-23.9667,195.25
122.4150,-23.9667,194.63
122.6648,-23.9667,194.08
122.9146,-23.9667,193.55
123.1645,-23.9667,193.02
123.4143,-23.9667,192.48
123.6641,-23.9667,191.91
123.9139,-23.9667,191.34
124.1638,-23.9667,190.77
124.4136,-23.9667,190.22
124.6634,-23.9667,189.73
124.9133,-23.9667,189.29
125.1631,-23.9667,188.91
125.4129,-23.9667,188.54
125.6627,-23.9667,188.08
125.9126,-23.9667,187.46
126.1624,-23.9667,186.58
126.4122,-23.9667,185.37
126.6620,-23.9667,183.75
126.9119,-23.9667,181.67
127.1617,-23.9667,179.17
127.4115,-23.9667,176.34
127.6613,-23.9667,173.37
127.9112,-23.9667,170.46
128.1610,-23.9667,167.86
128.4108,-23.9667,165.83
128.6607,-23.9667,164.65
128.9105,-23.9667,164.55
129.1603,-23.9667,165.66
129.4101,-23.9667,167.93
129.6600,-23.9667,171.19
129.9098,-23.9667,175.24
130.1596,-23.9667,179.88
130.4094,-23.9667,184.95
130.6593,-23.9667,190.27
130.9091,-23.9667,195.69
131.1589,-23.9667,201.06
131.4087,-23.9667,206.24
131.6586,-23.9667,211.06
131.9084,-23.9667,215.36
132.1582,-23.9667,218.91
132.4080,-23.9667,221.50
132.6579,-23.9667,222.86
132.9077,-23.9667,222.81
133.1575,-23.9667,221.24
133.4074,-23.9667,218.26
133.6572,-23.9667,214.07
133.9070,-23.9667,208.92
134.1568,-23.9667,202.98
134.4067,-23.9667,196.40
134.6565,-23.9667,189.25
134.9063,-23.9667,181.61
135.1561,-23.9667,173.64
135.4060,-23.9667,165.63
135.6558,-23.9667,157.94
135.9056,-23.9667,150.95
136.1554,-23.9667,145.02
136.4053,-23.9667,140.45
136.6551,-23.9667,137.49
136.9049,-23.9667,136.31
137.1548,-23.9667,136.96
137.4046,-23.9667,139.31
137.6544,-23.9667,143.12
137.9042,-23.9667,148.10
138.1541,-23.9667,153.95
138.4039,-23.9667,160.38
138.6537,-23.9667,167.10
138.9035,-23.9667,173.87
139.1534,-23.9667,180.45
139.4032,-23.9667,186.64
139.6530,-23.9667,192.26
139.9028,-23.9667,197.10
140.1527,-23.9667,200.94
140.4025,-23.9667,203.52
140.6523,-23.9667,204.57
140.9022,-23.9667,203.87
141.1520,-23.9667,201.34
141.4018,-23.9667,197.21
141.6516,-23.9667,191.85
141.9015,-23.9667,185.66
142.1513,-23.9667,179.02
142.4011,-23.9667,172.26
142.6509,-23.9667,165.63
142.9008,-23.9667,159.32
143.1506,-23.9667,153.42
143.4004,-23.9667,147.89
143.6502,-23.9667,142.61
143.9001,-23.9667,137.40
144.1499,-23.9667,132.06
144.3997,-23.9667,126.39
144.6495,-23.9667,120.20
144.8994,-23.9667,113.34
145.1492,-23.9667,105.77
145.3990,-23.9667,97.63
145.6489,-23.9667,89.18
145.8987,-23.9667,80.73
146.1485,-23.9667,72.66
146.3983,-23.9667,65.33
146.6482,-23.9667,59.14
146.8980,-23.9667,54.39
147.1478,-23.9667,51.28
147.3976,-23.9667,49.70
147.6475,-23.9667,49.45
147.8973,-23.9667,50.22
148.1471,-23.9667,51.73
148.3969,-23.9667,53.71
148.6468,-23.9667,55.90
148.8966,-23.9667,58.10
149.1464,-23.9667,60.15
149.3963,-23.9667,61.97
149.6461,-23.9667,63.54
149.8959,-23.9667,64.85
150.1457,-23.9667,65.87
150.3956,-23.9667,66.60
150.6454,-23.9667,66.99
150.8952,-23.9667,67.05
151.1450,-23.9667,66.82
151.3949,-23.9667,66.43
151.6447,-23.9667,66.06
151.8945,-23.9667,65.93
152.1443,-23.9667,66.24
152.3942,-23.9667,67.18
152.6440,-23.9667,68.91
152.8938,-23.9667,71.53
153.1437,-23.9667,75.04
153.3935,-23.9667,79.27
153.6433,-23.9667,83.94
153.8931,-23.9667,88.71
154.1430,-23.9667,93.21
154.3928,-23.9667,97.04
154.6426,-23.9667,99.83
154.8924,-23.9667,101.25
155.1423,-23.9667,101.12
155.3921,-23.9667,99.48
155.6419,-23.9667,96.53
155.8917,-23.9667,92.55
110.1735,-23.7171,132.94
110.4233,-23.7171,131.86
110.6731,-23.7171,130.34
110.9230,-23.7171,128.28
111.1728,-23.7171,125.67
111.4226,-23.7171,122.65
111.6724,-23.7171,119.45
111.9223,-23.7171,116.31
112.1721,-23.7171,113.49
112.4219,-23.7171,111.27
112.6718,-23.7171,110.03
112.9216,-23.7171,110.17
113.1714,-23.7171,111.99
113.4212,-23.7171,115.34
113.6711,-23.7171,119.93
113.9209,-23.7171,125.50
114.1707,-23.7171,131.83
114.4205,-23.7171,138.66
114.6704,-23.7171,145.71
114.9202,-23.7171,152.67
115.1700,-23.7171,159.32
115.4198,-23.7171,165.63
115.6697,-23.7171,171.67
115.9195,-23.7171,177.46
116.1693,-23.7171,182.97
116.4192,-23.7171,188.14
116.6690,-23.7171,192.86
116.9188,-23.7171,197.03
117.1686,-23.7171,200.57
117.4185,-23.7171,203.43
117.6683,-23.7171,205.56
117.9181,-23.7171,206.97
118.1679,-23.7171,207.70
118.4178,-23.7171,207.81
118.6676,-23.7171,207.36
118.9174,-23.7171,206.45
119.1672,-23.7171,205.16
119.4171,-23.7171,203.58
119.6669,-23.7171,201.80
119.9167,-23.7171,199.92
120.1666,-23.7171,198.04
120.4164,-23.7171,196.27
120.6662,-23.7171,194.75
120.9160,-23.7171,193.63
121.1659,-23.7171,193.02
121.4157,-23.7171,192.85
121.6655,-23.7171,193.00
121.9153,-23.7171,193.37
122.1652,-23.7171,193.85
122.4150,-23.7171,194.34
122.6648,-23.7171,194.70
122.9146,-23.7171,194.81
123.1645,-23.7171,194.56
123.4143,-23.7171,193.99
123.6641,-23.7171,193.18
123.9139,-23.7171,192.19
124.1638,-23.7171,191.12
124.4136,-23.7171,190.03
124.6634,-23.7171,189.03
124.9133,-23.7171,188.25
125.1631,-23.7171,187.74
125.4129,-23.7171,187.39
125.6627,-23.7171,187.02
125.9126,-23.7171,186.47
126.1624,-23.7171,185.64
126.4122,-23.7171,184.42
126.6620,-23.7171,182.78
126.9119,-23.7171,180.69
127.1617,-23.7171,178.19
127.4115,-23.7171,175.40
127.6613,-23.7171,172.48
127.9112,-23.7171,169.62
128.1610,-23.7171,167.07
128.4108,-23.7171,165.10
128.6607,-23.7171,163.96
128.9105,-23.7171,163.89
129.1603,-23.7171,165.03
129.4101,-23.7171,167.31
129.6600,-23.7171,170.58
129.9098,-23.7171,174.63
130.1596,-23.7171,179.28
130.4094,-23.7171,184.34
130.6593,-23.7171,189.65
130.9091,-23.7171,195.06
131.1589,-23.7171,200.44
131.4087,-23.7171,205.61
131.6586,-23.7171,210.40
131.9084,-23.7171,214.63
132.1582,-23.7171,218.09
132.4080,-23.7171,220.57
132.6579,-23.7171,221.83
132.9077,-23.7171,221.64
133.1575,-23.7171,219.91
133.4074,-23.7171,216.78
133.6572,-23.7171,212.49
133.9070,-23.7171,207.29
134.1568,-23.7171,201.34
134.4067,-23.7171,194.72
134.6565,-23.7171,187.39
134.9063,-23.7171,179.24
135.1561,-23.7171,170.28
135.4060,-23.7171,160.95
135.6558,-23.7171,151.80
135.9056,-23.7171,143.35
136.1554,-23.7171,136.04
136.4053,-23.7171,130.28
136.6551,-23.7171,126.44
136.9049,-23.7171,124.86
137.1548,-23.7171,125.69
137.4046,-23.7171,128.65
137.6544,-23.7171,133.28
137.9042,-23.7171,139.13
138.1541,-23.7171,145.81
138.4039,-23.7171,152.98
138.6537,-23.7171,160.38
138.9035,-23.7171,167.81
139.1534,-23.7171,175.08
139.4032,-23.7171,181.96
139.6530,-23.7171,188.23
139.9028,-23.7171,193.67
140.1527,-23.7171,198.07
140.4025,-23.7171,201.16
140.6523,-23.7171,202.64
140.9022,-23.7171,202.22
141.1520,-23.7171,199.78
141.4018,-23.7171,195.63
141.6516,-23.7171,190.25
141.9015,-23.7171,184.10
142.1513,-23.7171,177.54
142.4011,-23.7171,170.84
142.6509,-23.7171,164.13
142.9008,-23.7171,157.46
143.1506,-23.7171,150.79
143.4004,-23.7171,144.17
143.6502,-23.7171,137.60
143.9001,-23.7171,131.03
144.1499,-23.7171,124.36
144.3997,-23.7171,117.53
144.6495,-23.7171,110.54
144.8994,-23.7171,103.49
145.1492,-23.7171,96.50
145.3990,-23.7171,89.55
145.6489,-23.7171,82.64
145.8987,-23.7171,75.89
146.1485,-23.7171,69.51
146.3983,-23.7171,63.78
146.6482,-23.7171,58.96
146.8980,-23.7171,55.24
147.1478,-23.7171,52.72
147.3976,-23.7171,51.41
147.6475,-23.7171,51.20
147.8973,-23.7171,51.90
148.1471,-23.7171,53.28
148.3969,-23.7171,55.08
148.6468,-23.7171,57.04
148.8966,-23.7171,58.93
149.1464,-23.7171,60.56
149.3963,-23.7171,61.88
149.6461,-23.7171,62.88
149.8959,-23.7171,63.58
150.1457,-23.7171,64.00
150.3956,-23.7171,64.16
150.6454,-23.7171,64.12
150.8952,-23.7171,63.97
151.1450,-23.7171,63.81
151.3949,-23.7171,63.73
151.6447,-23.7171,63.81
151.8945,-23.7171,64.19
152.1443,-23.7171,65.02
152.3942,-23.7171,66.47
152.6440,-23.7171,68.69
152.8938,-23.7171,71.79
153.1437,-23.7171,75.75
153.3935,-23.7171,80.42
153.6433,-23.7171,85.53
153.8931,-23.7171,90.73
154.1430,-23.7171,95.64
154.3928,-23.7171,99.83
154.6426,-23.7171,102.85
154.8924,-23.7171,104.27
155.1423,-23.7171,103.81
155.3921,-23.7171,101.60
155.6419,-23.7171,97.94
155.8917,-23.7171,93.20
110.1735,-23.4674,132.75
110.4233,-23.4674,131.57
110.6731,-23.4674,129.75
110.9230,-23.4674,127.13
111.1728,-23.4674,123.55
111.4226,-23.4674,119.25
111.6724,-23.4674,114.56
111.9223,-23.4674,109.75
112.1721,-23.4674,105.14
112.4219,-23.4674,101.13
112.6718,-23.4674,98.26
112.9216,-23.4674,97.28
113.1714,-23.4674,98.86
113.4212,-23.4674,102.51
113.6711,-23.4674,107.64
113.9209,-23.4674,113.83
114.1707,-23.4674,120.81
114.4205,-23.4674,128.30
114.6704,-23.4674,136.01
114.9202,-23.4674,143.55
115.1700,-23.4674,150.57
115.4198,-23.4674,157.20
115.6697,-23.4674,163.57
115.9195,-23.4674,169.73
116.1693,-23.4674,175.63
116.4192,-23.4674,181.20
116.6690,-23.4674,186.31
116.9188,-23.4674,190.88
117.1686,-23.4674,194.83
117.4185,-23.4674,198.06
117.6683,-23.4674,200.51
117.9181,-23.4674,202.18
118.1679,-23.4674,203.07
118.4178,-23.4674,203.25
118.6676,-23.4674,202.77
118.9174,-23.4674,201.72
119.1672,-23.4674,200.18
119.4171,-23.4674,198.26
119.6669,-23.4674,196.09
119.9167,-23.4674,193.80
120.1666,-23.4674,191.54
120.4164,-23.4674,189.48
120.6662,-23.4674,187.84
120.9160,-23.4674,186.93
121.1659,-23.4674,186.99
121.4157,-23.4674,187.80
121.6655,-23.4674,189.10
121.9153,-23.4674,190.67
122.1652,-23.4674,192.35
122.4150,-23.4674,193.95
122.6648,-23.4674,195.26
122.9146,-23.4674,196.05
123.1645,-23.4674,196.09
123.4143,-23.4674,195.51
123.6641,-23.4674,194.49
123.9139,-23.4674,193.16
124.1638,-23.4674,191.63
124.4136,-23.4674,190.03
124.6634,-23.4674,188.55
124.9133,-23.4674,187.42
125.1631,-23.4674,186.85
125.4129,-23.4674,186.59
125.6627,-23.4674,186.35
125.9126,-23.4674,185.91
126.1624,-23.4674,185.15
126.4122,-23.4674,183.96
126.6620,-23.4674,182.31
126.9119,-23.4674,180.21
127.1617,-23.4674,177.73
127.4115,-23.4674,174.97
127.6613,-23.4674,172.06
127.9112,-23.4674,169.22
128.1610,-23.4674,166.67
128.4108,-23.4674,164.67
128.6607,-23.4674,163.49
128.9105,-23.4674,163.39
129.1603,-23.4674,164.56
129.4101,-23.4674,166.88
129.6600,-23.4674,170.16
129.9098,-23.4674,174.19
130.1596,-23.4674,178.80
130.4094,-23.4674,183.79
130.6593,-23.4674,189.01
130.9091,-23.4674,194.32
131.1589,-23.4674,199.61
131.4087,-23.4674,204.68
131.6586,-23.4674,209.35
131.9084,-23.4674,213.44
132.1582,-23.4674,216.76
132.4080,-23.4674,219.10
132.6579,-23.4674,220.22
132.9077,-23.4674,219.86
133.1575,-23.4674,217.83
133.4074,-23.4674,214.39
133.6572,-23.4674,209.87
133.9070,-23.4674,204.53
134.1568,-23.4674,198.54
134.4067,-23.4674,191.93
134.6565,-23.4674,184.54
134.9063,-23.4674,176.03
135.1561,-23.4674,166.09
135.4060,-23.4674,155.46
135.6558,-23.4674,144.94
135.9056,-23.4674,135.16
136.1554,-23.4674,126.62
136.4053,-23.4674,119.78
136.6551,-23.4674,115.12
136.9049,-23.4674,113.19
137.1548,-23.4674,114.40
137.4046,-23.4674,118.14
137.6544,-23.4674,123.70
137.9042,-23.4674,130.46
138.1541,-23.4674,137.95
138.4039,-23.4674,145.82
138.6537,-23.4674,153.80
138.9035,-23.4674,161.76
139.1534,-23.4674,169.59
139.4032,-23.4674,177.01
139.6530,-23.4674,183.76
139.9028,-23.4674,189.64
140.1527,-23.4674,194.45
140.4025,-23.4674,197.97
140.6523,-23.4674,199.87
140.9022,-23.4674,199.72
141.1520,-23.4674,197.20
141.4018,-23.4674,192.86
141.6516,-23.4674,187.35
141.9015,-23.4674,181.19
142.1513,-23.4674,174.72
142.4011,-23.4674,168.15
142.6509,-23.4674,161.49
142.9008,-23.4674,154.61
143.1506,-23.4674,147.32
143.4004,-23.4674,139.79
143.6502,-23.4674,132.17
143.9001,-23.4674,124.49
144.1499,-23.4674,116.74
144.3997,-23.4674,108.95
144.6495,-23.4674,101.28
144.8994,-23.4674,94.10
145.1492,-23.4674,87.80
145.3990,-23.4674,82.06
145.6489,-23.4674,76.64
145.8987,-23.4674,71.47
146.1485,-23.4674,66.65
146.3983,-23.4674,62.38
146.6482,-23.4674,58.80
146.8980,-23.4674,56.03
147.1478,-23.4674,54.09
147.3976,-23.4674,53.06
147.6475,-23.4674,52.93
147.8973,-23.4674,53.59
148.1471,-23.4674,54.86
148.3969,-23.4674,56.52
148.6468,-23.4674,58.29
148.8966,-23.4674,59.90
149.1464,-23.4674,61.09
149.3963,-23.4674,61.87
149.6461,-23.4674,62.29
149.8959,-23.4674,62.40
150.1457,-23.4674,62.24
150.3956,-23.4674,61.86
150.6454,-23.4674,61.37
150.8952,-23.4674,60.97
151.1450,-23.4674,60.89
151.3949,-23.4674,61.07
151.6447,-23.4674,61.53
151.8945,-23.4674,62.33
152.1443,-23.4674,63.59
152.3942,-23.4674,65.47
152.6440,-23.4674,68.10
152.8938,-23.4674,71.62
153.1437,-23.4674,76.04
153.3935,-23.4674,81.19
153.6433,-23.4674,86.78
153.8931,-23.4674,92.46
154.1430,-23.4674,97.87
154.3928,-23.4674,102.55
154.6426,-23.4674,105.98
154.8924,-23.4674,107.56
155.1423,-23.4674,106.81
155.3921,-23.4674,104.06
155.6419,-23.4674,99.77
155.8917,-23.4674,94.34
110.1735,-23.2178,132.33
110.4233,-23.2178,131.07
110.6731,-23.2178,129.06
110.9230,-23.2178,126.01
111.1728,-23.2178,121.52
111.4226,-23.2178,116.06
111.6724,-23.2178,110.04
111.9223,-23.2178,103.77
112.1721,-23.2178,97.58
112.4219,-23.2178,91.88
112.6718,-23.2178,87.32
112.9216,-23.2178,84.99
113.1714,-23.2178,86.46
113.4212,-23.2178,90.36
113.6711,-23.2178,95.81
113.9209,-23.2178,102.34
114.1707,-23.2178,109.68
114.4205,-23.2178,117.63
114.6704,-23.2178,125.89
114.9202,-23.2178,134.00
115.1700,-23.2178,141.27
115.4198,-23.2178,148.17
115.6697,-23.2178,154.92
115.9195,-23.2178,161.56
116.1693,-23.2178,167.98
116.4192,-23.2178,174.08
116.6690,-23.2178,179.70
116.9188,-23.2178,184.75
117.1686,-23.2178,189.18
117.4185,-23.2178,192.83
117.6683,-23.2178,195.63
117.9181,-23.2178,197.55
118.1679,-23.2178,198.61
118.4178,-23.2178,198.86
118.6676,-23.2178,198.36
118.9174,-23.2178,197.17
119.1672,-23.2178,195.38
119.4171,-23.2178,193.15
119.6669,-23.2178,190.61
119.9167,-23.2178,187.95
120.1666,-23.2178,185.34
120.4164,-23.2178,182.99
120.6662,-23.2178,181.20
120.9160,-23.2178,180.40
121.1659,-23.2178,181.17
121.4157,-23.2178,182.94
121.6655,-23.2178,185.32
121.9153,-23.2178,188.01
122.1652,-23.2178,190.80
122.4150,-23.2178,193.46
122.6648,-23.2178,195.74
122.9146,-23.2178,197.26
123.1645,-23.2178,197.56
123.4143,-23.2178,197.00
123.6641,-23.2178,195.86
123.9139,-23.2178,194.30
124.1638,-23.2178,192.44
124.4136,-23.2178,190.43
124.6634,-23.2178,188.49
124.9133,-23.2178,186.99
125.1631,-23.2178,186.49
125.4129,-23.2178,186.40
125.6627,-23.2178,186.31
125.9126,-23.2178,185.97
126.1624,-23.2178,185.26
126.4122,-23.2178,184.09
126.6620,-23.2178,182.45
126.9119,-23.2178,180.34
127.1617,-23.2178,177.86
127.4115,-23.2178,175.09
127.6613,-23.2178,172.18
127.9112,-23.2178,169.31
128.1610,-23.2178,166.71
128.4108,-23.2178,164.63
128.6607,-23.2178,163.32
128.9105,-23.2178,163.11
129.1603,-23.2178,164.32
129.4101,-23.2178,166.69
129.6600,-23.2178,169.97
129.9098,-23.2178,173.97
130.1596,-23.2178,178.48
130.4094,-23.2178,183.35
130.6593,-23.2178,188.40
130.9091,-23.2178,193.53
131.1589,-23.2178,198.64
131.4087,-23.2178,203.51
131.6586,-23.2178,207.95
131.9084,-23.2178,211.79
132.1582,-23.2178,214.86
132.4080,-23.2178,216.98
132.6579,-23.2178,217.92
132.9077,-23.2178,217.34
133.1575,-23.2178,214.82
133.4074,-23.2178,210.90
133.6572,-23.2178,205.99
133.9070,-23.2178,200.38
134.1568,-23.2178,194.26
134.4067,-23.2178,187.64
134.6565,-23.2178,180.34
134.9063,-23.2178,171.73
135.1561,-23.2178,160.77
135.4060,-23.2178,148.95
135.6558,-23.2178,137.31
135.9056,-23.2178,126.53
136.1554,-23.2178,117.10
136.4053,-23.2178,109.45
136.6551,-23.2178,104.10
136.9049,-23.2178,101.83
137.1548,-23.2178,103.73
137.4046,-23.2178,108.45
137.6544,-23.2178,114.99
137.9042,-23.2178,122.66
138.1541,-23.2178,130.92
138.4039,-23.2178,139.39
138.6537,-23.2178,147.81
138.9035,-23.2178,156.09
139.1534,-23.2178,164.32
139.4032,-23.2178,172.05
139.6530,-23.2178,179.00
139.9028,-23.2178,185.02
140.1527,-23.2178,189.98
140.4025,-23.2178,193.72
140.6523,-23.2178,195.94
140.9022,-23.2178,196.06
141.1520,-23.2178,193.18
141.4018,-23.2178,188.47
141.6516,-23.2178,182.78
141.9015,-23.2178,176.61
142.1513,-23.2178,170.28
142.4011,-23.2178,163.91
142.6509,-23.2178,157.48
142.9008,-23.2178,150.66
143.1506,-23.2178,142.91
143.4004,-23.2178,134.73
143.6502,-23.2178,126.39
143.9001,-23.2178,117.99
144.1499,-23.2178,109.53
144.3997,-23.2178,101.08
144.6495,-23.2178,92.89
144.8994,-23.2178,85.55
145.1492,-23.2178,80.11
145.3990,-23.2178,75.60
145.6489,-23.2178,71.52
145.8987,-23.2178,67.70
146.1485,-23.2178,64.21
146.3983,-23.2178,61.16
146.6482,-23.2178,58.66
146.8980,-23.2178,56.74
147.1478,-23.2178,55.28
147.3976,-23.2178,54.49
147.6475,-23.2178,54.45
147.8973,-23.2178,55.10
148.1471,-23.2178,56.30
148.3969,-23.2178,57.85
148.6468,-23.2178,59.49
148.8966,-23.2178,60.89
149.1464,-23.2178,61.63
149.3963,-23.2178,61.90
149.6461,-23.2178,61.81
149.8959,-23.2178,61.41
150.1457,-23.2178,60.74
150.3956,-23.2178,59.87
150.6454,-23.2178,58.95
150.8952,-23.2178,58.26
151.1450,-23.2178,58.26
151.3949,-23.2178,58.67
151.6447,-23.2178,59.41
151.8945,-23.2178,60.52
152.1443,-23.2178,62.09
152.3942,-23.2178,64.27
152.6440,-23.2178,67.21
152.8938,-23.2178,71.04
153.1437,-23.2178,75.91
153.3935,-23.2178,81.51
153.6433,-23.2178,87.57
153.8931,-23.2178,93.73
154.1430,-23.2178,99.65
154.3928,-23.2178,104.88
154.6426,-23.2178,108.87
154.8924,-23.2178,110.84
155.1423,-23.2178,109.80
155.3921,-23.2178,106.58
155.6419,-23.2178,101.80
155.8917,-23.2178,95.90
110.1735,-22.9681,131.66
110.4233,-22.9681,130.31
110.6731,-22.9681,128.16
110.9230,-22.9681,124.88
111.1728,-22.9681,119.56
111.4226,-22.9681,113.20
111.6724,-22.9681,106.19
111.9223,-22.9681,98.83
112.1721,-22.9681,91.47
112.4219,-22.9681,84.49
112.6718,-22.9681,78.49
112.9216,-22.9681,74.57
113.1714,-22.9681,76.08
113.4212,-22.9681,79.90
113.6711,-22.9681,85.19
113.9209,-22.9681,91.56
114.1707,-22.9681,98.82
114.4205,-22.9681,106.81
114.6704,-22.9681,115.34
114.9202,-22.9681,123.96
115.1700,-22.9681,131.32
115.4198,-22.9681,138.55
115.6697,-22.9681,145.82
115.9195,-22.9681,153.10
116.1693,-22.9681,160.21
116.4192,-22.9681,166.99
116.6690,-22.9681,173.24
116.9188,-22.9681,178.84
117.1686,-22.9681,183.81
117.4185,-22.9681,187.91
117.6683,-22.9681,191.06
117.9181,-22.9681,193.23
118.1679,-22.9681,194.45
118.4178,-22.9681,194.76
118.6676,-22.9681,194.22
118.9174,-22.9681,192.92
119.1672,-22.9681,190.90
119.4171,-22.9681,188.38
119.6669,-22.9681,185.53
119.9167,-22.9681,182.56
120.1666,-22.9681,179.69
120.4164,-22.9681,177.15
120.6662,-22.9681,175.24
120.9160,-22.9681,174.42
121.1659,-22.9681,175.94
121.4157,-22.9681,178.57
121.6655,-22.9681,181.84
121.9153,-22.9681,185.48
122.1652,-22.9681,189.21
122.4150,-22.9681,192.79
122.6648,-22.9681,195.94
122.9146,-22.9681,198.26
123.1645,-22.9681,198.78
123.4143,-22.9681,198.35
123.6641,-22.9681,197.25
123.9139,-22.9681,195.65
124.1638,-22.9681,193.66
124.4136,-22.9681,191.45
124.6634,-22.9681,189.21
124.9133,-22.9681,187.33
125.1631,-22.9681,187.04
125.4129,-22.9681,187.09
125.6627,-22.9681,187.07
125.9126,-22.9681,186.78
126.1624,-22.9681,186.09
126.4122,-22.9681,184.92
126.6620,-22.9681,183.26
126.9119,-22.9681,181.13
127.1617,-22.9681,178.63
127.4115,-22.9681,175.83
127.6613,-22.9681,172.87
127.9112,-22.9681,169.94
128.1610,-22.9681,167.27
128.4108,-22.9681,165.08
128.6607,-22.9681,163.62
128.9105,-22.9681,163.21
129.1603,-22.9681,164.48
129.4101,-22.9681,166.85
129.6600,-22.9681,170.09
129.9098,-22.9681,174.00
130.1596,-22.9681,178.40
130.4094,-22.9681,183.09
130.6593,-22.9681,187.92
130.9091,-22.9681,192.77
131.1589,-22.9681,197.62
131.4087,-22.9681,202.18
131.6586,-22.9681,206.25
131.9084,-22.9681,209.69
132.1582,-22.9681,212.34
132.4080,-22.9681,214.06
132.6579,-22.9681,214.67
132.9077,-22.9681,213.84
133.1575,-22.9681,210.62
133.4074,-22.9681,206.09
133.6572,-22.9681,200.68
133.9070,-22.9681,194.65
134.1568,-22.9681,188.19
134.4067,-22.9681,181.37
134.6565,-22.9681,174.07
134.9063,-22.9681,165.69
135.1561,-22.9681,153.71
135.4060,-22.9681,141.09
135.6558,-22.9681,128.88
135.9056,-22.9681,117.67
136.1554,-22.9681,107.90
136.4053,-22.9681,99.96
136.6551,-22.9681,94.32
136.9049,-22.9681,91.76
137.1548,-22.9681,94.68
137.4046,-22.9681,100.39
137.6544,-22.9681,107.81
137.9042,-22.9681,116.28
138.1541,-22.9681,125.22
138.4039,-22.9681,134.21
138.6537,-22.9681,142.93
138.9035,-22.9681,151.28
139.1534,-22.9681,159.69
139.4032,-22.9681,167.38
139.6530,-22.9681,174.13
139.9028,-22.9681,179.85
140.1527,-22.9681,184.49
140.4025,-22.9681,188.00
140.6523,-22.9681,190.20
140.9022,-22.9681,190.57
141.1520,-22.9681,187.03
141.4018,-22.9681,181.95
141.6516,-22.9681,176.17
141.9015,-22.9681,170.09
142.1513,-22.9681,163.95
142.4011,-22.9681,157.86
142.6509,-22.9681,151.77
142.9008,-22.9681,145.34
143.1506,-22.9681,137.32
143.4004,-22.9681,128.89
143.6502,-22.9681,120.34
143.9001,-22.9681,111.73
144.1499,-22.9681,103.09
144.3997,-22.9681,94.47
144.6495,-22.9681,86.09
144.8994,-22.9681,78.57
145.1492,-22.9681,74.17
145.3990,-22.9681,70.70
145.6489,-22.9681,67.62
145.8987,-22.9681,64.80
146.1485,-22.9681,62.27
146.3983,-22.9681,60.13
146.6482,-22.9681,58.47
146.8980,-22.9681,57.27
147.1478,-22.9681,56.14
147.3976,-22.9681,55.57
147.6475,-22.9681,55.64
147.8973,-22.9681,56.30
148.1471,-22.9681,57.45
148.3969,-22.9681,58.89
148.6468,-22.9681,60.42
148.8966,-22.9681,61.71
149.1464,-22.9681,62.03
149.3963,-22.9681,61.90
149.6461,-22.9681,61.43
149.8959,-22.9681,60.66
150.1457,-22.9681,59.64
150.3956,-22.9681,58.42
150.6454,-22.9681,57.15
150.8952,-22.9681,56.12
151.1450,-22.9681,56.23
151.3949,-22.9681,56.77
151.6447,-22.9681,57.64
151.8945,-22.9681,58.90
152.1443,-22.9681,60.65
152.3942,-22.9681,63.02
152.6440,-22.9681,66.15
152.8938,-22.9681,70.17
153.1437,-22.9681,75.42
153.3935,-22.9681,81.40
153.6433,-22.9681,87.83
153.8931,-22.9681,94.37
154.1430,-22.9681,100.69
154.3928,-22.9681,106.36
154.6426,-22.9681,110.89
154.8924,-22.9681,113.50
155.1423,-22.9681,112.16
155.3921,-22.9681,108.73
155.6419,-22.9681,103.82
155.8917,-22.9681,97.79
110.1735,-22.7184,130.75
110.4233,-22.7184,129.23
110.6731,-22.7184,126.75
110.9230,-22.7184,122.97
111.1728,-22.7184,117.46
111.4226,-22.7184,110.72
111.6724,-22.7184,103.20
111.9223,-22.7184,95.26
112.1721,-22.7184,87.29
112.4219,-22.7184,79.79
112.6718,-22.7184,73.48
112.9216,-22.7184,69.50
113.1714,-22.7184,69.48
113.4212,-22.7184,72.06
113.6711,-22.7184,76.35
113.9209,-22.7184,81.91
114.1707,-22.7184,88.51
114.4205,-22.7184,95.97
114.6704,-22.7184,104.09
114.9202,-22.7184,112.46
115.1700,-22.7184,120.41
115.4198,-22.7184,128.35
115.6697,-22.7184,136.43
115.9195,-22.7184,144.56
116.1693,-22.7184,152.54
116.4192,-22.7184,160.16
116.6690,-22.7184,167.19
116.9188,-22.7184,173.49
117.1686,-22.7184,178.97
117.4185,-22.7184,183.48
117.6683,-22.7184,186.94
117.9181,-22.7184,189.34
118.1679,-22.7184,190.68
118.4178,-22.7184,191.03
118.6676,-22.7184,190.45
118.9174,-22.7184,189.01
119.1672,-22.7184,186.81
119.4171,-22.7184,184.06
119.6669,-22.7184,180.96
119.9167,-22.7184,177.76
120.1666,-22.7184,174.75
120.4164,-22.7184,172.22
120.6662,-22.7184,170.56
120.9160,-22.7184,170.25
121.1659,-22.7184,171.91
121.4157,-22.7184,174.92
121.6655,-22.7184,178.79
121.9153,-22.7184,183.13
122.1652,-22.7184,187.59
122.4150,-22.7184,191.85
122.6648,-22.7184,195.53
122.9146,-22.7184,198.22
123.1645,-22.7184,199.38
123.4143,-22.7184,199.41
123.6641,-22.7184,198.62
123.9139,-22.7184,197.20
124.1638,-22.7184,195.36
124.4136,-22.7184,193.29
124.6634,-22.7184,191.24
124.9133,-22.7184,189.63
125.1631,-22.7184,189.04
125.4129,-22.7184,188.87
125.6627,-22.7184,188.72
125.9126,-22.7184,188.36
126.1624,-22.7184,187.63
126.4122,-22.7184,186.45
126.6620,-22.7184,184.78
126.9119,-22.7184,182.62
127.1617,-22.7184,180.06
127.4115,-22.7184,177.19
127.6613,-22.7184,174.14
127.9112,-22.7184,171.12
128.1610,-22.7184,168.36
128.4108,-22.7184,166.11
128.6607,-22.7184,164.64
128.9105,-22.7184,164.26
129.1603,-22.7184,165.30
129.4101,-22.7184,167.49
129.6600,-22.7184,170.58
129.9098,-22.7184,174.34
130.1596,-22.7184,178.58
130.4094,-22.7184,183.08
130.6593,-22.7184,187.69
130.9091,-22.7184,192.26
131.1589,-22.7184,196.70
131.4087,-22.7184,200.79
131.6586,-22.7184,204.34
131.9084,-22.7184,207.20
132.1582,-22.7184,209.23
132.4080,-22.7184,210.27
132.6579,-22.7184,210.11
132.9077,-22.7184,208.45
133.1575,-22.7184,204.86
133.4074,-22.7184,199.89
133.6572,-22.7184,193.96
133.9070,-22.7184,187.37
134.1568,-22.7184,180.29
134.4067,-22.7184,172.78
134.6565,-22.7184,164.67
134.9063,-22.7184,155.38
135.1561,-22.7184,143.88
135.4060,-22.7184,131.64
135.6558,-22.7184,119.73
135.9056,-22.7184,108.82
136.1554,-22.7184,99.42
136.4053,-22.7184,92.01
136.6551,-22.7184,87.16
136.9049,-22.7184,85.69
137.1548,-22.7184,88.66
137.4046,-22.7184,94.68
137.6544,-22.7184,102.64
137.9042,-22.7184,111.70
138.1541,-22.7184,121.23
138.4039,-22.7184,130.69
138.6537,-22.7184,139.74
138.9035,-22.7184,148.23
139.1534,-22.7184,156.23
139.4032,-22.7184,163.33
139.6530,-22.7184,169.34
139.9028,-22.7184,174.21
140.1527,-22.7184,177.94
140.4025,-22.7184,180.49
140.6523,-22.7184,181.70
140.9022,-22.7184,181.08
141.1520,-22.7184,177.76
141.4018,-22.7184,172.94
141.6516,-22.7184,167.39
141.9015,-22.7184,161.57
142.1513,-22.7184,155.71
142.4011,-22.7184,149.85
142.6509,-22.7184,143.91
142.9008,-22.7184,137.52
143.1506,-22.7184,130.10
143.4004,-22.7184,122.18
143.6502,-22.7184,114.05
143.9001,-22.7184,105.85
144.1499,-22.7184,97.66
144.3997,-22.7184,89.60
144.6495,-22.7184,81.98
144.8994,-22.7184,75.45
145.1492,-22.7184,71.05
145.3990,-22.7184,67.81
145.6489,-22.7184,65.15
145.8987,-22.7184,62.85
146.1485,-22.7184,60.88
146.3983,-22.7184,59.27
146.6482,-22.7184,58.05
146.8980,-22.7184,57.17
147.1478,-22.7184,56.47
147.3976,-22.7184,56.19
147.6475,-22.7184,56.41
147.8973,-22.7184,57.12
148.1471,-22.7184,58.20
148.3969,-22.7184,59.49
148.6468,-22.7184,60.78
148.8966,-22.7184,61.75
149.1464,-22.7184,62.01
149.3963,-22.7184,61.77
149.6461,-22.7184,61.14
149.8959,-22.7184,60.20
150.1457,-22.7184,59.03
150.3956,-22.7184,57.70
150.6454,-22.7184,56.40
150.8952,-22.7184,55.42
151.1450,-22.7184,55.23
151.3949,-22.7184,55.57
151.6447,-22.7184,56.34
151.8945,-22.7184,57.56
152.1443,-22.7184,59.34
152.3942,-22.7184,61.81
152.6440,-22.7184,65.11
152.8938,-22.7184,69.38
153.1437,-22.7184,74.73
153.3935,-22.7184,80.89
153.6433,-22.7184,87.53
153.8931,-22.7184,94.30
154.1430,-22.7184,100.81
154.3928,-22.7184,106.61
154.6426,-22.7184,111.13
154.8924,-22.7184,113.58
155.1423,-22.7184,112.96
155.3921,-22.7184,110.09
155.6419,-22.7184,105.61
155.8917,-22.7184,99.93
110.1735,-22.4688,129.75
110.4233,-22.4688,128.09
110.6731,-22.4688,125.37
110.9230,-22.4688,121.31
111.1728,-22.4688,115.73
111.4226,-22.4688,108.92
111.6724,-22.4688,101.25
111.9223,-22.4688,93.12
112.1721,-22.4688,84.98
112.4219,-22.4688,77.39
112.6718,-22.4688,71.04
112.9216,-22.4688,66.81
113.1714,-22.4688,65.46
113.4212,-22.4688,66.51
113.6711,-22.4688,69.37
113.9209,-22.4688,73.65
114.1707,-22.4688,79.10
114.4205,-22.4688,85.61
114.6704,-22.4688,92.99
114.9202,-22.4688,101.02
115.1700,-22.4688,109.38
115.4198,-22.4688,118.09
115.6697,-22.4688,127.11
115.9195,-22.4688,136.25
116.1693,-22.4688,145.25
116.4192,-22.4688,153.81
116.6690,-22.4688,161.70
116.9188,-22.4688,168.72
117.1686,-22.4688,174.72
117.4185,-22.4688,179.62
117.6683,-22.4688,183.35
117.9181,-22.4688,185.93
118.1679,-22.4688,187.38
118.4178,-22.4688,187.77
118.6676,-22.4688,187.14
118.9174,-22.4688,185.58
119.1672,-22.4688,183.22
119.4171,-22.4688,180.26
119.6669,-22.4688,176.94
119.9167,-22.4688,173.57
120.1666,-22.4688,170.47
120.4164,-22.4688,168.01
120.6662,-22.4688,166.61
120.9160,-22.4688,166.68
121.1659,-22.4688,168.51
121.4157,-22.4688,171.81
121.6655,-22.4688,176.12
121.9153,-22.4688,181.00
122.1652,-22.4688,186.04
122.4150,-22.4688,190.83
122.6648,-22.4688,194.96
122.9146,-22.4688,198.04
123.1645,-22.4688,199.78
123.4143,-22.4688,200.34
123.6641,-22.4688,199.96
123.9139,-22.4688,198.90
124.1638,-22.4688,197.37
124.4136,-22.4688,195.63
124.6634,-22.4688,193.92
124.9133,-22.4688,192.56
125.1631,-22.4688,191.81
125.4129,-22.4688,191.41
125.6627,-22.4688,191.08
125.9126,-22.4688,190.60
126.1624,-22.4688,189.82
126.4122,-22.4688,188.61
126.6620,-22.4688,186.91
126.9119,-22.4688,184.72
127.1617,-22.4688,182.09
127.4115,-22.4688,179.11
127.6613,-22.4688,175.95
127.9112,-22.4688,172.80
128.1610,-22.4688,169.93
128.4108,-22.4688,167.59
128.6607,-22.4688,166.08
128.9105,-22.4688,165.65
129.1603,-22.4688,166.49
129.4101,-22.4688,168.47
129.6600,-22.4688,171.37
129.9098,-22.4688,174.97
130.1596,-22.4688,179.03
130.4094,-22.4688,183.33
130.6593,-22.4688,187.68
130.9091,-22.4688,191.91
131.1589,-22.4688,195.88
131.4087,-22.4688,199.40
131.6586,-22.4688,202.31
131.9084,-22.4688,204.47
132.1582,-22.4688,205.72
132.4080,-22.4688,205.92
132.6579,-22.4688,204.87
132.9077,-22.4688,202.36
133.1575,-22.4688,198.23
133.4074,-22.4688,192.75
133.6572,-22.4688,186.23
133.9070,-22.4688,178.94
134.1568,-22.4688,171.07
134.4067,-22.4688,162.70
134.6565,-22.4688,153.72
134.9063,-22.4688,143.86
135.1561,-22.4688,132.84
135.4060,-22.4688,121.41
135.6558,-22.4688,110.36
135.9056,-22.4688,100.31
136.1554,-22.4688,91.82
136.4053,-22.4688,85.43
136.6551,-22.4688,81.73
136.9049,-22.4688,81.36
137.1548,-22.4688,84.70
137.4046,-22.4688,91.05
137.6544,-22.4688,99.46
137.9042,-22.4688,109.04
138.1541,-22.4688,119.07
138.4039,-22.4688,128.93
138.6537,-22.4688,138.17
138.9035,-22.4688,146.53
139.1534,-22.4688,153.87
139.4032,-22.4688,160.00
139.6530,-22.4688,164.82
139.9028,-22.4688,168.34
140.1527,-22.4688,170.64
140.4025,-22.4688,171.75
140.6523,-22.4688,171.59
140.9022,-22.4688,169.94
141.1520,-22.4688,166.55
141.4018,-22.4688,162.00
141.6516,-22.4688,156.82
141.9015,-22.4688,151.38
142.1513,-22.4688,145.87
142.4011,-22.4688,140.33
142.6509,-22.4688,134.65
142.9008,-22.4688,128.62
143.1506,-22.4688,121.99
143.4004,-22.4688,114.96
143.6502,-22.4688,107.72
143.9001,-22.4688,100.41
144.1499,-22.4688,93.15
144.3997,-22.4688,86.10
144.6495,-22.4688,79.54
144.8994,-22.4688,73.93
145.1492,-22.4688,69.70
145.3990,-22.4688,66.49
145.6489,-22.4688,63.93
145.8987,-22.4688,61.80
146.1485,-22.4688,60.04
146.3983,-22.4688,58.64
146.6482,-22.4688,57.61
146.8980,-22.4688,56.91
147.1478,-22.4688,56.51
147.3976,-22.4688,56.46
147.6475,-22.4688,56.83
147.8973,-22.4688,57.58
148.1471,-22.4688,58.61
148.3969,-22.4688,59.76
148.6468,-22.4688,60.84
148.8966,-22.4688,61.60
149.1464,-22.4688,61.85
149.3963,-22.4688,61.61
149.6461,-22.4688,60.98
149.8959,-22.4688,60.04
150.1457,-22.4688,58.87
150.3956,-22.4688,57.57
150.6454,-22.4688,56.32
150.8952,-22.4688,55.34
151.1450,-22.4688,54.89
151.3949,-22.4688,54.94
151.6447,-22.4688,55.45
151.8945,-22.4688,56.49
152.1443,-22.4688,58.16
152.3942,-22.4688,60.60
152.6440,-22.4688,63.94
152.8938,-22.4688,68.31
153.1437,-22.4688,73.72
153.3935,-22.4688,79.96
153.6433,-22.4688,86.70
153.8931,-22.4688,93.58
154.1430,-22.4688,100.16
154.3928,-22.4688,105.97
154.6426,-22.4688,110.44
154.8924,-22.4688,112.94
155.1423,-22.4688,113.00
155.3921,-22.4688,110.93
155.6419,-22.4688,107.19
155.8917,-22.4688,102.20
110.1735,-22.2191,128.82
110.4233,-22.2191,127.14
110.6731,-22.2191,124.35
110.9230,-22.2191,120.23
111.1728,-22.2191,114.71
111.4226,-22.2191,107.98
111.6724,-22.2191,100.37
111.9223,-22.2191,92.31
112.1721,-22.2191,84.25
112.4219,-22.2191,76.72
112.6718,-22.2191,70.34
112.9216,-22.2191,65.72
113.1714,-22.2191,63.28
113.4212,-22.2191,62.87
113.6711,-22.2191,64.17
113.9209,-22.2191,66.92
114.1707,-22.2191,70.95
114.4205,-22.2191,76.20
114.6704,-22.2191,82.66
114.9202,-22.2191,90.26
115.1700,-22.2191,98.86
115.4198,-22.2191,108.30
115.6697,-22.2191,118.31
115.9195,-22.2191,128.54
116.1693,-22.2191,138.62
116.4192,-22.2191,148.19
116.6690,-22.2191,156.95
116.9188,-22.2191,164.66
117.1686,-22.2191,171.16
117.4185,-22.2191,176.38
117.6683,-22.2191,180.33
117.9181,-22.2191,183.04
118.1679,-22.2191,184.58
118.4178,-22.2191,184.99
118.6676,-22.2191,184.33
118.9174,-22.2191,182.68
119.1672,-22.2191,180.17
119.4171,-22.2191,177.01
119.6669,-22.2191,173.49
119.9167,-22.2191,169.93
120.1666,-22.2191,166.73
120.4164,-22.2191,164.29
120.6662,-22.2191,163.04
120.9160,-22.2191,163.35
121.1659,-22.2191,165.41
121.4157,-22.2191,169.00
121.6655,-22.2191,173.72
121.9153,-22.2191,179.10
122.1652,-22.2191,184.66
122.4150,-22.2191,189.93
122.6648,-22.2191,194.49
122.9146,-22.2191,197.99
123.1645,-22.2191,200.20
123.4143,-22.2191,201.22
123.6641,-22.2191,201.27
123.9139,-22.2191,200.59
124.1638,-22.2191,199.45
124.4136,-22.2191,198.10
124.6634,-22.2191,196.75
124.9133,-22.2191,195.63
125.1631,-22.2191,194.85
125.4129,-22.2191,194.31
125.6627,-22.2191,193.84
125.9126,-22.2191,193.28
126.1624,-22.2191,192.45
126.4122,-22.2191,191.24
126.6620,-22.2191,189.55
126.9119,-22.2191,187.34
127.1617,-22.2191,184.63
127.4115,-22.2191,181.53
127.6613,-22.2191,178.21
127.9112,-22.2191,174.89
128.1610,-22.2191,171.85
128.4108,-22.2191,169.37
128.6607,-22.2191,167.74
128.9105,-22.2191,167.19
129.1603,-22.2191,167.85
129.4101,-22.2191,169.65
129.6600,-22.2191,172.39
129.9098,-22.2191,175.83
130.1596,-22.2191,179.72
130.4094,-22.2191,183.81
130.6593,-22.2191,187.87
130.9091,-22.2191,191.72
131.1589,-22.2191,195.17
131.4087,-22.2191,198.07
131.6586,-22.2191,200.28
131.9084,-22.2191,201.65
132.1582,-22.2191,202.07
132.4080,-22.2191,201.38
132.6579,-22.2191,199.45
132.9077,-22.2191,196.11
133.1575,-22.2191,191.33
133.4074,-22.2191,185.24
133.6572,-22.2191,178.06
133.9070,-22.2191,170.02
134.1568,-22.2191,161.32
134.4067,-22.2191,152.10
134.6565,-22.2191,142.43
134.9063,-22.2191,132.31
135.1561,-22.2191,121.81
135.4060,-22.2191,111.34
135.6558,-22.2191,101.43
135.9056,-22.2191,92.57
136.1554,-22.2191,85.27
136.4053,-22.2191,80.08
136.6551,-22.2191,77.57
136.9049,-22.2191,78.24
137.1548,-22.2191,82.27
137.4046,-22.2191,89.16
137.6544,-22.2191,98.11
137.9042,-22.2191,108.23
138.1541,-22.2191,118.73
138.4039,-22.2191,128.91
138.6537,-22.2191,138.19
138.9035,-22.2191,146.18
139.1534,-22.2191,152.64
139.4032,-22.2191,157.48
139.6530,-22.2191,160.73
139.9028,-22.2191,162.53
140.1527,-22.2191,163.03
140.4025,-22.2191,162.40
140.6523,-22.2191,160.71
140.9022,-22.2191,157.99
141.1520,-22.2191,154.28
141.4018,-22.2191,149.86
141.6516,-22.2191,145.04
141.9015,-22.2191,140.04
142.1513,-22.2191,134.97
142.4011,-22.2191,129.86
142.6509,-22.2191,124.65
142.9008,-22.2191,119.23
143.1506,-22.2191,113.52
143.4004,-22.2191,107.58
143.6502,-22.2191,101.51
143.9001,-22.2191,95.41
144.1499,-22.2191,89.38
144.3997,-22.2191,83.55
144.6495,-22.2191,78.12
144.8994,-22.2191,73.35
145.1492,-22.2191,69.43
145.3990,-22.2191,66.25
145.6489,-22.2191,63.63
145.8987,-22.2191,61.46
146.1485,-22.2191,59.68
146.3983,-22.2191,58.28
146.6482,-22.2191,57.27
146.8980,-22.2191,56.65
147.1478,-22.2191,56.39
147.3976,-22.2191,56.51
147.6475,-22.2191,57.00
147.8973,-22.2191,57.79
148.1471,-22.2191,58.79
148.3969,-22.2191,59.85
148.6468,-22.2191,60.80
148.8966,-22.2191,61.46
149.1464,-22.2191,61.71
149.3963,-22.2191,61.54
149.6461,-22.2191,60.99
149.8959,-22.2191,60.14
150.1457,-22.2191,59.07
150.3956,-22.2191,57.87
150.6454,-22.2191,56.68
150.8952,-22.2191,55.67
151.1450,-22.2191,54.98
151.3949,-22.2191,54.70
151.6447,-22.2191,54.88
151.8945,-22.2191,55.61
152.1443,-22.2191,57.04
152.3942,-22.2191,59.31
152.6440,-22.2191,62.57
152.8938,-22.2191,66.91
153.1437,-22.2191,72.32
153.3935,-22.2191,78.59
153.6433,-22.2191,85.41
153.8931,-22.2191,92.36
154.1430,-22.2191,99.00
154.3928,-22.2191,104.83
154.6426,-22.2191,109.36
154.8924,-22.2191,112.10
155.1423,-22.2191,112.77
155.3921,-22.2191,111.50
155.6419,-22.2191,108.61
155.8917,-22.2191,104.48
110.1735,-21.9695,128.07
110.4233,-21.9695,126.52
110.6731,-21.9695,123.83
110.9230,-21.9695,119.84
111.1728,-21.9695,114.47
111.4226,-21.9695,107.92
111.6724,-21.9695,100.52
111.9223,-21.9695,92.65
112.1721,-21.9695,84.79
112.4219,-21.9695,77.41
112.6718,-21.9695,70.99
112.9216,-21.9695,65.98
113.1714,-21.9695,62.63
113.4212,-21.9695,60.93
113.6711,-21.9695,60.74
113.9209,-21.9695,61.90
114.1707,-21.9695,64.36
114.4205,-21.9695,68.20
114.6704,-21.9695,73.56
114.9202,-21.9695,80.62
115.1700,-21.9695,89.37
115.4198,-21.9695,99.50
115.6697,-21.9695,110.50
115.9195,-21.9695,121.82
116.1693,-21.9695,132.97
116.4192,-21.9695,143.53
116.6690,-21.9695,153.11
116.9188,-21.9695,161.44
117.1686,-21.9695,168.33
117.4185,-21.9695,173.78
117.6683,-21.9695,177.86
117.9181,-21.9695,180.65
118.1679,-21.9695,182.23
118.4178,-21.9695,182.68
118.6676,-21.9695,182.02
118.9174,-21.9695,180.31
119.1672,-21.9695,177.66
119.4171,-21.9695,174.31
119.6669,-21.9695,170.57
119.9167,-21.9695,166.81
120.1666,-21.9695,163.44
120.4164,-21.9695,160.92
120.6662,-21.9695,159.69
120.9160,-21.9695,160.14
121.1659,-21.9695,162.45
121.4157,-21.9695,166.40
121.6655,-21.9695,171.56
121.9153,-21.9695,177.43
122.1652,-21.9695,183.48
122.4150,-21.9695,189.23
122.6648,-21.9695,194.23
122.9146,-21.9695,198.12
123.1645,-21.9695,200.70
123.4143,-21.9695,202.06
123.6641,-21.9695,202.44
123.9139,-21.9695,202.11
124.1638,-21.9695,201.34
124.4136,-21.9695,200.37
124.6634,-21.9695,199.38
124.9133,-21.9695,198.50
125.1631,-21.9695,197.78
125.4129,-21.9695,197.21
125.6627,-21.9695,196.69
125.9126,-21.9695,196.10
126.1624,-21.9695,195.30
126.4122,-21.9695,194.15
126.6620,-21.9695,192.53
126.9119,-21.9695,190.34
127.1617,-21.9695,187.57
127.4115,-21.9695,184.33
127.6613,-21.9695,180.82
127.9112,-21.9695,177.29
128.1610,-21.9695,174.02
128.4108,-21.9695,171.32
128.6607,-21.9695,169.49
128.9105,-21.9695,168.77
129.1603,-21.9695,169.29
129.4101,-21.9695,170.96
129.6600,-21.9695,173.59
129.9098,-21.9695,176.90
130.1596,-21.9695,180.63
130.4094,-21.9695,184.51
130.6593,-21.9695,188.29
130.9091,-21.9695,191.74
131.1589,-21.9695,194.66
131.4087,-21.9695,196.90
131.6586,-21.9695,198.37
131.9084,-21.9695,198.95
132.1582,-21.9695,198.53
132.4080,-21.9695,196.99
132.6579,-21.9695,194.21
132.9077,-21.9695,190.11
133.1575,-21.9695,184.66
133.4074,-21.9695,177.93
133.6572,-21.9695,170.09
133.9070,-21.9695,161.32
134.1568,-21.9695,151.84
134.4067,-21.9695,141.88
134.6565,-21.9695,131.68
134.9063,-21.9695,121.51
135.1561,-21.9695,111.62
135.4060,-21.9695,102.24
135.6558,-21.9695,93.63
135.9056,-21.9695,86.10
136.1554,-21.9695,80.07
136.4053,-21.9695,76.06
136.6551,-21.9695,74.64
136.9049,-21.9695,76.30
137.1548,-21.9695,81.16
137.4046,-21.9695,88.81
137.6544,-21.9695,98.44
137.9042,-21.9695,109.18
138.1541,-21.9695,120.15
138.4039,-21.9695,130.59
138.6537,-21.9695,139.80
138.9035,-21.9695,147.24
139.1534,-21.9695,152.61
139.4032,-21.9695,155.89
139.6530,-21.9695,157.28
139.9028,-21.9695,157.05
140.1527,-21.9695,155.50
140.4025,-21.9695,152.93
140.6523,-21.9695,149.60
140.9022,-21.9695,145.75
141.1520,-21.9695,141.57
141.4018,-21.9695,137.20
141.6516,-21.9695,132.72
141.9015,-21.9695,128.17
142.1513,-21.9695,123.60
142.4011,-21.9695,119.01
142.6509,-21.9695,114.40
142.9008,-21.9695,109.75
143.1506,-21.9695,105.06
143.4004,-21.9695,100.33
143.6502,-21.9695,95.58
143.9001,-21.9695,90.84
144.1499,-21.9695,86.17
144.3997,-21.9695,81.64
144.6495,-21.9695,77.34
144.8994,-21.9695,73.38
145.1492,-21.9695,69.83
145.3990,-21.9695,66.69
145.6489,-21.9695,63.97
145.8987,-21.9695,61.63
146.1485,-21.9695,59.68
146.3983,-21.9695,58.14
146.6482,-21.9695,57.05
146.8980,-21.9695,56.40
147.1478,-21.9695,56.21
147.3976,-21.9695,56.43
147.6475,-21.9695,57.02
147.8973,-21.9695,57.86
148.1471,-21.9695,58.86
148.3969,-21.9695,59.87
148.6468,-21.9695,60.76
148.8966,-21.9695,61.40
149.1464,-21.9695,61.69
149.3963,-21.9695,61.60
149.6461,-21.9695,61.18
149.8959,-21.9695,60.47
150.1457,-21.9695,59.54
150.3956,-21.9695,58.47
150.6454,-21.9695,57.34
150.8952,-21.9695,56.27
151.1450,-21.9695,55.36
151.3949,-21.9695,54.73
151.6447,-21.9695,54.52
151.8945,-21.9695,54.87
152.1443,-21.9695,55.95
152.3942,-21.9695,57.92
152.6440,-21.9695,60.97
152.8938,-21.9695,65.19
153.1437,-21.9695,70.56
153.3935,-21.9695,76.88
153.6433,-21.9695,83.77
153.8931,-21.9695,90.81
154.1430,-21.9695,97.55
154.3928,-21.9695,103.49
154.6426,-21.9695,108.19
154.8924,-21.9695,111.25
155.1423,-21.9695,112.48
155.3921,-21.9695,111.94
155.6419,-21.9695,109.87
155.8917,-21.9695,106.59
110.1735,-21.7198,127.54
110.4233,-21.7198,126.25
110.6731,-21.7198,123.85
110.9230,-21.7198,120.12
111.1728,-21.7198,114.99
111.4226,-21.7198,108.68
111.6724,-21.7198,101.54
111.9223,-21.7198,93.96
112.1721,-21.7198,86.38
112.4219,-21.7198,79.19
112.6718,-21.7198,72.78
112.9216,-21.7198,67.47
113.1714,-21.7198,63.42
113.4212,-21.7198,60.67
113.6711,-21.7198,59.16
113.9209,-21.7198,58.83
114.1707,-21.7198,59.72
114.4205,-21.7198,62.02
114.6704,-21.7198,66.12
114.9202,-21.7198,72.48
115.1700,-21.7198,81.36
115.4198,-21.7198,92.19
115.6697,-21.7198,104.16
115.9195,-21.7198,116.50
116.1693,-21.7198,128.63
116.4192,-21.7198,140.04
116.6690,-21.7198,150.33
116.9188,-21.7198,159.15
117.1686,-21.7198,166.28
117.4185,-21.7198,171.79
117.6683,-21.7198,175.85
117.9181,-21.7198,178.63
118.1679,-21.7198,180.24
118.4178,-21.7198,180.74
118.6676,-21.7198,180.13
118.9174,-21.7198,178.41
119.1672,-21.7198,175.66
119.4171,-21.7198,172.12
119.6669,-21.7198,168.17
119.9167,-21.7198,164.19
120.1666,-21.7198,160.60
120.4164,-21.7198,157.89
120.6662,-21.7198,156.54
120.9160,-21.7198,157.03
121.1659,-21.7198,159.61
121.4157,-21.7198,163.99
121.6655,-21.7198,169.64
121.9153,-21.7198,176.00
122.1652,-21.7198,182.53
122.4150,-21.7198,188.75
122.6648,-21.7198,194.16
122.9146,-21.7198,198.39
123.1645,-21.7198,201.20
123.4143,-21.7198,202.73
123.6641,-21.7198,203.29
123.9139,-21.7198,203.21
124.1638,-21.7198,202.75
124.4136,-21.7198,202.14
124.6634,-21.7198,201.50
124.9133,-21.7198,200.89
125.1631,-21.7198,200.30
125.4129,-21.7198,199.77
125.6627,-21.7198,199.28
125.9126,-21.7198,198.77
126.1624,-21.7198,198.11
126.4122,-21.7198,197.13
126.6620,-21.7198,195.67
126.9119,-21.7198,193.57
127.1617,-21.7198,190.77
127.4115,-21.7198,187.39
127.6613,-21.7198,183.68
127.9112,-21.7198,179.91
128.1610,-21.7198,176.37
128.4108,-21.7198,173.39
128.6607,-21.7198,171.28
128.9105,-21.7198,170.35
129.1603,-21.7198,170.75
129.4101,-21.7198,172.36
129.6600,-21.7198,174.92
129.9098,-21.7198,178.15
130.1596,-21.7198,181.75
130.4094,-21.7198,185.44
130.6593,-21.7198,188.94
130.9091,-21.7198,191.99
131.1589,-21.7198,194.37
131.4087,-21.7198,195.96
131.6586,-21.7198,196.69
131.9084,-21.7198,196.50
132.1582,-21.7198,195.29
132.4080,-21.7198,192.98
132.6579,-21.7198,189.48
132.9077,-21.7198,184.71
133.1575,-21.7198,178.66
133.4074,-21.7198,171.37
133.6572,-21.7198,162.94
133.9070,-21.7198,153.54
134.1568,-21.7198,143.40
134.4067,-21.7198,132.81
134.6565,-21.7198,122.23
134.9063,-21.7198,112.15
135.1561,-21.7198,103.03
135.4060,-21.7198,94.88
135.6558,-21.7198,87.67
135.9056,-21.7198,81.50
136.1554,-21.7198,76.69
136.4053,-21.7198,73.71
136.6551,-21.7198,73.17
136.9049,-21.7198,75.66
137.1548,-21.7198,81.44
137.4046,-21.7198,89.98
137.6544,-21.7198,100.41
137.9042,-21.7198,111.79
138.1541,-21.7198,123.23
138.4039,-21.7198,133.88
138.6537,-21.7198,142.96
138.9035,-21.7198,149.75
139.1534,-21.7198,153.81
139.4032,-21.7198,155.29
139.6530,-21.7198,154.59
139.9028,-21.7198,152.15
140.1527,-21.7198,148.40
140.4025,-21.7198,143.76
140.6523,-21.7198,138.70
140.9022,-21.7198,133.66
141.1520,-21.7198,128.98
141.4018,-21.7198,124.64
141.6516,-21.7198,120.48
141.9015,-21.7198,116.41
142.1513,-21.7198,112.36
142.4011,-21.7198,108.33
142.6509,-21.7198,104.36
142.9008,-21.7198,100.52
143.1506,-21.7198,96.90
143.4004,-21.7198,93.42
143.6502,-21.7198,90.04
143.9001,-21.7198,86.70
144.1499,-21.7198,83.42
144.3997,-21.7198,80.19
144.6495,-21.7198,77.00
144.8994,-21.7198,73.82
145.1492,-21.7198,70.63
145.3990,-21.7198,67.53
145.6489,-21.7198,64.66
145.8987,-21.7198,62.10
146.1485,-21.7198,59.92
146.3983,-21.7198,58.17
146.6482,-21.7198,56.91
146.8980,-21.7198,56.18
147.1478,-21.7198,56.01
147.3976,-21.7198,56.31
147.6475,-21.7198,56.98
147.8973,-21.7198,57.89
148.1471,-21.7198,58.91
148.3969,-21.7198,59.92
148.6468,-21.7198,60.80
148.8966,-21.7198,61.45
149.1464,-21.7198,61.80
149.3963,-21.7198,61.82
149.6461,-21.7198,61.53
149.8959,-21.7198,60.98
150.1457,-21.7198,60.21
150.3956,-21.7198,59.27
150.6454,-21.7198,58.21
150.8952,-21.7198,57.08
151.1450,-21.7198,55.94
151.3949,-21.7198,54.95
151.6447,-21.7198,54.32
151.8945,-21.7198,54.22
152.1443,-21.7198,54.87
152.3942,-21.7198,56.45
152.6440,-21.7198,59.18
152.8938,-21.7198,63.20
153.1437,-21.7198,68.54
153.3935,-21.7198,74.92
153.6433,-21.7198,81.93
153.8931,-21.7198,89.12
154.1430,-21.7198,96.00
154.3928,-21.7198,102.12
154.6426,-21.7198,107.06
154.8924,-21.7198,110.47
155.1423,-21.7198,112.17
155.3921,-21.7198,112.23
155.6419,-21.7198,110.86
155.8917,-21.7198,108.35
110.1735,-21.4702,127.20
110.4233,-21.4702,126.28
110.6731,-21.4702,124.29
110.9230,-21.4702,120.96
111.1728,-21.4702,116.11
111.4226,-21.4702,110.07
111.6724,-21.4702,103.23
111.9223,-21.4702,96.01
112.1721,-21.4702,88.77
112.4219,-21.4702,81.87
112.6718,-21.4702,75.59
112.9216,-21.4702,70.15
113.1714,-21.4702,65.66
113.4212,-21.4702,62.15
113.6711,-21.4702,59.62
113.9209,-21.4702,58.04
114.1707,-21.4702,57.49
114.4205,-21.4702,58.25
114.6704,-21.4702,60.90
114.9202,-21.4702,66.36
115.1700,-21.4702,75.43
115.4198,-21.4702,87.00
115.6697,-21.4702,99.83
115.9195,-21.4702,113.00
116.1693,-21.4702,125.85
116.4192,-21.4702,137.88
116.6690,-21.4702,148.68
116.9188,-21.4702,157.79
117.1686,-21.4702,164.90
117.4185,-21.4702,170.25
117.6683,-21.4702,174.15
117.9181,-21.4702,176.83
118.1679,-21.4702,178.43
118.4178,-21.4702,179.00
118.6676,-21.4702,178.52
118.9174,-21.4702,176.89
119.1672,-21.4702,174.06
119.4171,-21.4702,170.38
119.6669,-21.4702,166.25
119.9167,-21.4702,162.09
120.1666,-21.4702,158.29
120.4164,-21.4702,155.32
120.6662,-21.4702,153.72
120.9160,-21.4702,154.13
121.1659,-21.4702,157.03
121.4157,-21.4702,161.90
121.6655,-21.4702,168.04
121.9153,-21.4702,174.84
122.1652,-21.4702,181.79
122.4150,-21.4702,188.40
122.6648,-21.4702,194.19
122.9146,-21.4702,198.67
123.1645,-21.4702,201.51
123.4143,-21.4702,203.01
123.6641,-21.4702,203.59
123.9139,-21.4702,203.63
124.1638,-21.4702,203.40
124.4136,-21.4702,203.11
124.6634,-21.4702,202.83
124.9133,-21.4702,202.53
125.1631,-21.4702,202.10
125.4129,-21.4702,201.68
125.6627,-21.4702,201.32
125.9126,-21.4702,201.00
126.1624,-21.4702,200.59
126.4122,-21.4702,199.91
126.6620,-21.4702,198.76
126.9119,-21.4702,196.87
127.1617,-21.4702,194.07
127.4115,-21.4702,190.57
127.6613,-21.4702,186.68
127.9112,-21.4702,182.67
128.1610,-21.4702,178.86
128.4108,-21.4702,175.56
128.6607,-21.4702,173.12
128.9105,-21.4702,171.93
129.1603,-21.4702,172.26
129.4101,-21.4702,173.87
129.6600,-21.4702,176.42
129.9098,-21.4702,179.58
130.1596,-21.4702,183.06
130.4094,-21.4702,186.57
130.6593,-21.4702,189.82
130.9091,-21.4702,192.49
131.1589,-21.4702,194.32
131.4087,-21.4702,195.26
131.6586,-21.4702,195.30
131.9084,-21.4702,194.41
132.1582,-21.4702,192.52
132.4080,-21.4702,189.56
132.6579,-21.4702,185.47
132.9077,-21.4702,180.18
133.1575,-21.4702,173.70
133.4074,-21.4702,166.01
133.6572,-21.4702,157.19
133.9070,-21.4702,147.37
134.1568,-21.4702,136.75
134.4067,-21.4702,125.70
134.6565,-21.4702,114.80
134.9063,-21.4702,104.88
135.1561,-21.4702,96.75
135.4060,-21.4702,90.03
135.6558,-21.4702,84.30
135.9056,-21.4702,79.47
136.1554,-21.4702,75.74
136.4053,-21.4702,73.56
136.6551,-21.4702,73.58
136.9049,-21.4702,76.64
137.1548,-21.4702,83.35
137.4046,-21.4702,92.85
137.6544,-21.4702,104.07
137.9042,-21.4702,116.02
138.1541,-21.4702,127.81
138.4039,-21.4702,138.60
138.6537,-21.4702,147.51
138.9035,-21.4702,153.60
139.1534,-21.4702,156.14
139.4032,-21.4702,155.60
139.6530,-21.4702,152.69
139.9028,-21.4702,147.98
140.1527,-21.4702,142.01
140.4025,-21.4702,135.29
140.6523,-21.4702,128.43
140.9022,-21.4702,122.13
141.1520,-21.4702,117.03
141.4018,-21.4702,112.79
141.6516,-21.4702,109.00
141.9015,-21.4702,105.39
142.1513,-21.4702,101.85
142.4011,-21.4702,98.34
142.6509,-21.4702,94.96
142.9008,-21.4702,91.89
143.1506,-21.4702,89.32
143.4004,-21.4702,87.09
143.6502,-21.4702,85.01
143.9001,-21.4702,83.01
144.1499,-21.4702,81.03
144.3997,-21.4702,79.04
144.6495,-21.4702,76.92
144.8994,-21.4702,74.51
145.1492,-21.4702,71.61
145.3990,-21.4702,68.50
145.6489,-21.4702,65.47
145.8987,-21.4702,62.69
146.1485,-21.4702,60.27
146.3983,-21.4702,58.29
146.6482,-21.4702,56.83
146.8980,-21.4702,55.99
147.1478,-21.4702,55.84
147.3976,-21.4702,56.23
147.6475,-21.4702,56.98
147.8973,-21.4702,57.96
148.1471,-21.4702,59.02
148.3969,-21.4702,60.05
148.6468,-21.4702,60.95
148.8966,-21.4702,61.63
149.1464,-21.4702,62.04
149.3963,-21.4702,62.16
149.6461,-21.4702,61.99
149.8959,-21.4702,61.59
150.1457,-21.4702,60.97
150.3956,-21.4702,60.17
150.6454,-21.4702,59.20
150.8952,-21.4702,58.03
151.1450,-21.4702,56.65
151.3949,-21.4702,55.29
151.6447,-21.4702,54.22
151.8945,-21.4702,53.67
152.1443,-21.4702,53.85
152.3942,-21.4702,54.98
152.6440,-21.4702,57.30
152.8938,-21.4702,61.06
153.1437,-21.4702,66.39
153.3935,-21.4702,72.90
153.6433,-21.4702,80.08
153.8931,-21.4702,87.43
154.1430,-21.4702,94.49
154.3928,-21.4702,100.83
154.6426,-21.4702,106.03
154.8924,-21.4702,109.76
155.1423,-21.4702,111.80
155.3921,-21.4702,112.29
155.6419,-21.4702,111.44
155.8917,-21.4702,109.54
110.1735,-21.2205,126.94
110.4233,-21.2205,126.45
110.6731,-21.2205,124.97
110.9230,-21.2205,122.16
111.1728,-21.2205,117.58
111.4226,-21.2205,111.81
111.6724,-21.2205,105.35
111.9223,-21.2205,98.56
112.1721,-21.2205,91.78
112.4219,-21.2205,85.29
112.6718,-21.2205,79.31
112.9216,-21.2205,73.98
113.1714,-21.2205,69.34
113.4212,-21.2205,65.46
113.6711,-21.2205,62.31
113.9209,-21.2205,59.89
114.1707,-21.2205,58.26
114.4205,-21.2205,57.66
114.6704,-21.2205,58.77
114.9202,-21.2205,62.97
115.1700,-21.2205,72.45
115.4198,-21.2205,84.74
115.6697,-21.2205,98.14
115.9195,-21.2205,111.69
116.1693,-21.2205,124.80
116.4192,-21.2205,137.04
116.6690,-21.2205,148.03
116.9188,-21.2205,157.23
117.1686,-21.2205,163.97
117.4185,-21.2205,168.90
117.6683,-21.2205,172.48
117.9181,-21.2205,174.98
118.1679,-21.2205,176.55
118.4178,-21.2205,177.22
118.6676,-21.2205,176.95
118.9174,-21.2205,175.56
119.1672,-21.2205,172.68
119.4171,-21.2205,168.93
119.6669,-21.2205,164.77
119.9167,-21.2205,160.57
120.1666,-21.2205,156.68
120.4164,-21.2205,153.50
120.6662,-21.2205,151.57
120.9160,-21.2205,151.71
121.1659,-21.2205,155.06
121.4157,-21.2205,160.43
121.6655,-21.2205,166.95
121.9153,-21.2205,174.01
122.1652,-21.2205,181.17
122.4150,-21.2205,187.99
122.6648,-21.2205,194.04
122.9146,-21.2205,198.73
123.1645,-21.2205,201.33
123.4143,-21.2205,202.57
123.6641,-21.2205,203.02
123.9139,-21.2205,203.07
124.1638,-21.2205,203.00
124.4136,-21.2205,202.98
124.6634,-21.2205,203.07
124.9133,-21.2205,203.15
125.1631,-21.2205,202.89
125.4129,-21.2205,202.62
125.6627,-21.2205,202.50
125.9126,-21.2205,202.48
126.1624,-21.2205,202.45
126.4122,-21.2205,202.22
126.6620,-21.2205,201.52
126.9119,-21.2205,200.02
127.1617,-21.2205,197.26
127.4115,-21.2205,193.69
127.6613,-21.2205,189.68
127.9112,-21.2205,185.53
128.1610,-21.2205,181.51
128.4108,-21.2205,177.92
128.6607,-21.2205,175.12
128.9105,-21.2205,173.60
129.1603,-21.2205,173.95
129.4101,-21.2205,175.61
129.6600,-21.2205,178.13
129.9098,-21.2205,181.20
130.1596,-21.2205,184.52
130.4094,-21.2205,187.84
130.6593,-21.2205,190.85
130.9091,-21.2205,193.21
131.1589,-21.2205,194.48
131.4087,-21.2205,194.80
131.6586,-21.2205,194.22
131.9084,-21.2205,192.74
132.1582,-21.2205,190.30
132.4080,-21.2205,186.86
132.6579,-21.2205,182.36
132.9077,-21.2205,176.76
133.1575,-21.2205,170.06
133.4074,-21.2205,162.24
133.6572,-21.2205,153.31
133.9070,-21.2205,143.38
134.1568,-21.2205,132.61
134.4067,-21.2205,121.36
134.6565,-21.2205,110.25
134.9063,-21.2205,100.44
135.1561,-21.2205,93.66
135.4060,-21.2205,88.53
135.6558,-21.2205,84.29
135.9056,-21.2205,80.72
136.1554,-21.2205,77.93
136.4053,-21.2205,76.32
136.6551,-21.2205,76.56
136.9049,-21.2205,79.74
137.1548,-21.2205,87.40
137.4046,-21.2205,97.79
137.6544,-21.2205,109.58
137.9042,-21.2205,121.81
138.1541,-21.2205,133.66
138.4039,-21.2205,144.36
138.6537,-21.2205,153.03
138.9035,-21.2205,158.50
139.1534,-21.2205,159.23
139.4032,-21.2205,156.56
139.6530,-21.2205,151.48
139.9028,-21.2205,144.66
140.1527,-21.2205,136.64
140.4025,-21.2205,127.97
140.6523,-21.2205,119.33
140.9022,-21.2205,111.69
141.1520,-21.2205,106.38
141.4018,-21.2205,102.36
141.6516,-21.2205,98.93
141.9015,-21.2205,95.74
142.1513,-21.2205,92.63
142.4011,-21.2205,89.58
142.6509,-21.2205,86.68
142.9008,-21.2205,84.21
143.1506,-21.2205,82.66
143.4004,-21.2205,81.56
143.6502,-21.2205,80.64
143.9001,-21.2205,79.77
144.1499,-21.2205,78.91
144.3997,-21.2205,77.99
144.6495,-21.2205,76.87
144.8994,-21.2205,75.22
145.1492,-21.2205,72.49
145.3990,-21.2205,69.33
145.6489,-21.2205,66.17
145.8987,-21.2205,63.23
146.1485,-21.2205,60.63
146.3983,-21.2205,58.46
146.6482,-21.2205,56.82
146.8980,-21.2205,55.84
147.1478,-21.2205,55.75
147.3976,-21.2205,56.25
147.6475,-21.2205,57.10
147.8973,-21.2205,58.15
148.1471,-21.2205,59.25
148.3969,-21.2205,60.31
148.6468,-21.2205,61.23
148.8966,-21.2205,61.94
149.1464,-21.2205,62.39
149.3963,-21.2205,62.58
149.6461,-21.2205,62.52
149.8959,-21.2205,62.22
150.1457,-21.2205,61.72
150.3956,-21.2205,61.05
150.6454,-21.2205,60.18
150.8952,-21.2205,59.03
151.1450,-21.2205,57.38
151.3949,-21.2205,55.66
151.6447,-21.2205,54.20
151.8945,-21.2205,53.24
152.1443,-21.2205,53.00
152.3942,-21.2205,53.69
152.6440,-21.2205,55.55
152.8938,-21.2205,58.96
153.1437,-21.2205,64.38
153.3935,-21.2205,71.07
153.6433,-21.2205,78.42
153.8931,-21.2205,85.92
154.1430,-21.2205,93.14
154.3928,-21.2205,99.65
154.6426,-21.2205,105.09
154.8924,-21.2205,109.08
155.1423,-21.2205,111.29
155.3921,-21.2205,111.98
155.6419,-21.2205,111.43
155.8917,-21.2205,109.90
110.1735,-20.9709,126.64
110.4233,-20.9709,126.49
110.6731,-20.9709,125.49
110.9230,-20.9709,123.31
111.1728,-20.9709,118.96
111.4226,-20.9709,113.56
111.6724,-20.9709,107.59
111.9223,-20.9709,101.37
112.1721,-20.9709,95.18
112.4219,-20.9709,89.25
112.6718,-20.9709,83.78
112.9216,-20.9709,78.84
113.1714,-20.9709,74.41
113.4212,-20.9709,70.59
113.6711,-20.9709,67.36
113.9209,-20.9709,64.69
114.1707,-20.9709,62.62
114.4205,-20.9709,61.30
114.6704,-20.9709,61.24
114.9202,-20.9709,63.81
115.1700,-20.9709,73.95
115.4198,-20.9709,86.45
115.6697,-20.9709,99.68
115.9195,-20.9709,112.85
116.1693,-20.9709,125.50
116.4192,-20.9709,137.32
116.6690,-20.9709,147.98
116.9188,-20.9709,157.01
117.1686,-20.9709,162.99
117.4185,-20.9709,167.35
117.6683,-20.9709,170.55
117.9181,-20.9709,172.83
118.1679,-20.9709,174.31
118.4178,-20.9709,175.06
118.6676,-20.9709,175.03
118.9174,-20.9709,174.04
119.1672,-20.9709,171.18
119.4171,-20.9709,167.57
119.6669,-20.9709,163.64
119.9167,-20.9709,159.69
120.1666,-20.9709,156.01
120.4164,-20.9709,152.90
120.6662,-20.9709,150.79
120.9160,-20.9709,150.48
121.1659,-20.9709,154.39
121.4157,-20.9709,160.04
121.6655,-20.9709,166.59
121.9153,-20.9709,173.55
122.1652,-20.9709,180.54
122.4150,-20.9709,187.24
122.6648,-20.9709,193.26
122.9146,-20.9709,198.07
123.1645,-20.9709,200.13
123.4143,-20.9709,201.01
123.6641,-20.9709,201.28
123.9139,-20.9709,201.29
124.1638,-20.9709,201.28
124.4136,-20.9709,201.45
124.6634,-20.9709,201.86
124.9133,-20.9709,202.39
125.1631,-20.9709,202.28
125.4129,-20.9709,202.29
125.6627,-20.9709,202.54
125.9126,-20.9709,202.98
126.1624,-20.9709,203.45
126.4122,-20.9709,203.74
126.6620,-20.9709,203.60
126.9119,-20.9709,202.66
127.1617,-20.9709,200.00
127.4115,-20.9709,196.51
127.6613,-20.9709,192.57
127.9112,-20.9709,188.44
128.1610,-20.9709,184.37
128.4108,-20.9709,180.65
128.6607,-20.9709,177.58
128.9105,-20.9709,175.65
129.1603,-20.9709,176.12
129.4101,-20.9709,177.77
129.6600,-20.9709,180.17
129.9098,-20.9709,183.03
130.1596,-20.9709,186.10
130.4094,-20.9709,189.14
130.6593,-20.9709,191.88
130.9091,-20.9709,193.97
131.1589,-20.9709,194.68
131.4087,-20.9709,194.47
131.6586,-20.9709,193.41
131.9084,-20.9709,191.49
132.1582,-20.9709,188.69
132.4080,-20.9709,184.95
132.6579,-20.9709,180.26
132.9077,-20.9709,174.57
133.1575,-20.9709,167.94
133.4074,-20.9709,160.29
133.6572,-20.9709,151.63
133.9070,-20.9709,142.02
134.1568,-20.9709,131.62
134.4067,-20.9709,120.69
134.6565,-20.9709,109.77
134.9063,-20.9709,99.99
135.1561,-20.9709,94.92
135.4060,-20.9709,91.30
135.6558,-20.9709,88.33
135.9056,-20.9709,85.82
136.1554,-20.9709,83.89
136.4053,-20.9709,82.83
136.6551,-20.9709,83.17
136.9049,-20.9709,85.96
137.1548,-20.9709,94.55
137.4046,-20.9709,105.39
137.6544,-20.9709,117.17
137.9042,-20.9709,129.08
138.1541,-20.9709,140.43
138.4039,-20.9709,150.53
138.6537,-20.9709,158.63
138.9035,-20.9709,163.57
139.1534,-20.9709,162.25
139.4032,-20.9709,157.63
139.6530,-20.9709,150.75
139.9028,-20.9709,142.21
140.1527,-20.9709,132.56
140.4025,-20.9709,122.36
140.6523,-20.9709,112.25
140.9022,-20.9709,103.22
141.1520,-20.9709,97.98
141.4018,-20.9709,94.10
141.6516,-20.9709,90.87
141.9015,-20.9709,87.97
142.1513,-20.9709,85.22
142.4011,-20.9709,82.56
142.6509,-20.9709,80.05
142.9008,-20.9709,77.97
143.1506,-20.9709,77.34
143.4004,-20.9709,77.13
143.6502,-20.9709,77.05
143.9001,-20.9709,77.00
144.1499,-20.9709,76.93
144.3997,-20.9709,76.78
144.6495,-20.9709,76.43
144.8994,-20.9709,75.54
145.1492,-20.9709,72.83
145.3990,-20.9709,69.68
145.6489,-20.9709,66.53
145.8987,-20.9709,63.58
146.1485,-20.9709,60.95
146.3983,-20.9709,58.72
146.6482,-20.9709,56.97
146.8980,-20.9709,55.86
147.1478,-20.9709,55.91
147.3976,-20.9709,56.50
147.6475,-20.9709,57.41
147.8973,-20.9709,58.49
148.1471,-20.9709,59.62
148.3969,-20.9709,60.69
148.6468,-20.9709,61.63
148.8966,-20.9709,62.35
149.1464,-20.9709,62.84
149.3963,-20.9709,63.07
149.6461,-20.9709,63.04
149.8959,-20.9709,62.80
150.1457,-20.9709,62.35
150.3956,-20.9709,61.74
150.6454,-20.9709,60.95
150.8952,-20.9709,59.87
151.1450,-20.9709,57.95
151.3949,-20.9709,55.96
151.6447,-20.9709,54.23
151.8945,-20.9709,53.00
152.1443,-20.9709,52.47
152.3942,-20.9709,52.84
152.6440,-20.9709,54.33
152.8938,-20.9709,57.32
153.1437,-20.9709,62.92
153.3935,-20.9709,69.74
153.6433,-20.9709,77.17
153.8931,-20.9709,84.73
154.1430,-20.9709,92.00
154.3928,-20.9709,98.59
154.6426,-20.9709,104.15
154.8924,-20.9709,108.32
155.1423,-20.9709,110.47
155.3921,-20.9709,111.17
155.6419,-20.9709,110.68
155.8917,-20.9709,109.26
110.1735,-20.7212,126.17
110.4233,-20.7212,126.17
110.6731,-20.7212,125.32
110.9230,-20.7212,123.29
111.1728,-20.7212,119.66
111.4226,-20.7212,115.00
111.6724,-20.7212,109.75
111.9223,-20.7212,104.25
112.1721,-20.7212,98.80
112.4219,-20.7212,93.58
112.6718,-20.7212,88.78
112.9216,-20.7212,84.47
113.1714,-20.7212,80.66
113.4212,-20.7212,77.39
113.6711,-20.7212,74.66
113.9209,-20.7212,72.44
114.1707,-20.7212,70.80
114.4205,-20.7212,69.95
114.6704,-20.7212,70.51
114.9202,-20.7212,73.84
115.1700,-20.7212,82.14
115.4198,-20.7212,92.96
115.6697,-20.7212,104.70
115.9195,-20.7212,116.49
116.1693,-20.7212,127.82
116.4192,-20.7212,138.36
116.6690,-20.7212,147.79
116.9188,-20.7212,155.62
117.1686,-20.7212,161.20
117.4185,-20.7212,165.22
117.6683,-20.7212,168.13
117.9181,-20.7212,170.19
118.1679,-20.7212,171.54
118.4178,-20.7212,172.24
118.6676,-20.7212,172.22
118.9174,-20.7212,171.27
119.1672,-20.7212,169.03
119.4171,-20.7212,166.05
119.6669,-20.7212,162.76
119.9167,-20.7212,159.45
120.1666,-20.7212,156.39
120.4164,-20.7212,153.91
120.6662,-20.7212,152.47
120.9160,-20.7212,152.83
121.1659,-20.7212,156.11
121.4157,-20.7212,161.14
121.6655,-20.7212,167.10
121.9153,-20.7212,173.45
122.1652,-20.7212,179.80
122.4150,-20.7212,185.82
122.6648,-20.7212,191.11
122.9146,-20.7212,195.14
123.1645,-20.7212,197.19
123.4143,-20.7212,198.02
123.6641,-20.7212,198.22
123.9139,-20.7212,198.16
124.1638,-20.7212,198.13
124.4136,-20.7212,198.32
124.6634,-20.7212,198.78
124.9133,-20.7212,199.41
125.1631,-20.7212,199.87
125.4129,-20.7212,200.47
125.6627,-20.7212,201.33
125.9126,-20.7212,202.38
126.1624,-20.7212,203.43
126.4122,-20.7212,204.25
126.6620,-20.7212,204.53
126.9119,-20.7212,203.88
127.1617,-20.7212,201.83
127.4115,-20.7212,198.82
127.6613,-20.7212,195.23
127.9112,-20.7212,191.34
128.1610,-20.7212,187.46
128.4108,-20.7212,183.89
128.6607,-20.7212,180.99
128.9105,-20.7212,179.25
129.1603,-20.7212,179.28
129.4101,-20.7212,180.53
129.6600,-20.7212,182.56
129.9098,-20.7212,185.05
130.1596,-20.7212,187.74
130.4094,-20.7212,190.35
130.6593,-20.7212,192.62
130.9091,-20.7212,194.19
131.1589,-20.7212,194.65
131.4087,-20.7212,194.16
131.6586,-20.7212,192.82
131.9084,-20.7212,190.66
132.1582,-20.7212,187.67
132.4080,-20.7212,183.85
132.6579,-20.7212,179.19
132.9077,-20.7212,173.70
133.1575,-20.7212,167.39
133.4074,-20.7212,160.23
133.6572,-20.7212,152.22
133.9070,-20.7212,143.44
134.1568,-20.7212,134.04
134.4067,-20.7212,124.33
134.6565,-20.7212,114.92
134.9063,-20.7212,106.92
135.1561,-20.7212,102.06
135.4060,-20.7212,98.91
135.6558,-20.7212,96.63
135.9056,-20.7212,94.93
136.1554,-20.7212,93.84
136.4053,-20.7212,93.64
136.6551,-20.7212,94.88
136.9049,-20.7212,98.57
137.1548,-20.7212,106.22
137.4046,-20.7212,116.08
137.6544,-20.7212,126.86
137.9042,-20.7212,137.68
138.1541,-20.7212,147.79
138.4039,-20.7212,156.46
138.6537,-20.7212,162.84
138.9035,-20.7212,165.78
139.1534,-20.7212,163.79
139.4032,-20.7212,158.27
139.6530,-20.7212,150.29
139.9028,-20.7212,140.64
140.1527,-20.7212,129.97
140.4025,-20.7212,118.96
140.6523,-20.7212,108.39
140.9022,-20.7212,99.31
141.1520,-20.7212,93.08
141.4018,-20.7212,88.64
141.6516,-20.7212,85.21
141.9015,-20.7212,82.38
142.1513,-20.7212,79.90
142.4011,-20.7212,77.66
142.6509,-20.7212,75.72
142.9008,-20.7212,74.33
143.1506,-20.7212,73.94
143.4004,-20.7212,74.05
143.6502,-20.7212,74.37
143.9001,-20.7212,74.73
144.1499,-20.7212,75.03
144.3997,-20.7212,75.19
144.6495,-20.7212,75.00
144.8994,-20.7212,74.13
145.1492,-20.7212,72.00
145.3990,-20.7212,69.27
145.6489,-20.7212,66.41
145.8987,-20.7212,63.66
146.1485,-20.7212,61.18
146.3983,-20.7212,59.08
146.6482,-20.7212,57.49
146.8980,-20.7212,56.56
147.1478,-20.7212,56.51
147.3976,-20.7212,57.05
147.6475,-20.7212,57.93
147.8973,-20.7212,59.00
148.1471,-20.7212,60.13
148.3969,-20.7212,61.21
148.6468,-20.7212,62.14
148.8966,-20.7212,62.87
149.1464,-20.7212,63.35
149.3963,-20.7212,63.56
149.6461,-20.7212,63.53
149.8959,-20.7212,63.27
150.1457,-20.7212,62.79
150.3956,-20.7212,62.11
150.6454,-20.7212,61.19
150.8952,-20.7212,59.91
151.1450,-20.7212,58.07
151.3949,-20.7212,56.08
151.6447,-20.7212,54.29
151.8945,-20.7212,52.97
152.1443,-20.7212,52.35
152.3942,-20.7212,52.68
152.6440,-20.7212,54.23
152.8938,-20.7212,57.39
153.1437,-20.7212,62.62
153.3935,-20.7212,69.20
153.6433,-20.7212,76.49
153.8931,-20.7212,83.95
154.1430,-20.7212,91.14
154.3928,-20.7212,97.64
154.6426,-20.7212,103.05
154.8924,-20.7212,107.01
155.1423,-20.7212,109.17
155.3921,-20.7212,109.81
155.6419,-20.7212,109.19
155.8917,-20.7212,107.56
110.1735,-20.4716,125.55
110.4233,-20.4716,125.59
110.6731,-20.4716,124.83
110.9230,-20.4716,123.03
111.1728,-20.4716,120.05
111.4226,-20.4716,116.17
111.6724,-20.4716,111.74
111.9223,-20.4716,107.09
112.1721,-20.4716,102.48
112.4219,-20.4716,98.12
112.6718,-20.4716,94.18
112.9216,-20.4716,90.75
113.1714,-20.4716,87.86
113.4212,-20.4716,85.55
113.6711,-20.4716,83.81
113.9209,-20.4716,82.64
114.1707,-20.4716,82.09
114.4205,-20.4716,82.36
114.6704,-20.4716,83.95
114.9202,-20.4716,87.70
115.1700,-20.4716,94.41
115.4198,-20.4716,103.06
115.6697,-20.4716,112.57
115.9195,-20.4716,122.20
116.1693,-20.4716,131.51
116.4192,-20.4716,140.17
116.6690,-20.4716,147.87
116.9188,-20.4716,154.28
117.1686,-20.4716,159.12
117.4185,-20.4716,162.67
117.6683,-20.4716,165.24
117.9181,-20.4716,167.07
118.1679,-20.4716,168.27
118.4178,-20.4716,168.89
118.6676,-20.4716,168.89
118.9174,-20.4716,168.16
119.1672,-20.4716,166.59
119.4171,-20.4716,164.46
119.6669,-20.4716,162.08
119.9167,-20.4716,159.71
120.1666,-20.4716,157.60
120.4164,-20.4716,156.04
120.6662,-20.4716,155.44
120.9160,-20.4716,156.31
121.1659,-20.4716,159.07
121.4157,-20.4716,163.25
121.6655,-20.4716,168.25
121.9153,-20.4716,173.61
122.1652,-20.4716,178.96
122.4150,-20.4716,183.96
122.6648,-20.4716,188.25
122.9146,-20.4716,191.42
123.1645,-20.4716,193.19
123.4143,-20.4716,193.90
123.6641,-20.4716,193.99
123.9139,-20.4716,193.81
124.1638,-20.4716,193.67
124.4136,-20.4716,193.78
124.6634,-20.4716,194.24
124.9133,-20.4716,195.02
125.1631,-20.4716,196.03
125.4129,-20.4716,197.34
125.6627,-20.4716,198.95
125.9126,-20.4716,200.74
126.1624,-20.4716,202.49
126.4122,-20.4716,203.92
126.6620,-20.4716,204.70
126.9119,-20.4716,204.52
127.1617,-20.4716,203.13
127.4115,-20.4716,200.74
127.6613,-20.4716,197.65
127.9112,-20.4716,194.18
128.1610,-20.4716,190.64
128.4108,-20.4716,187.37
128.6607,-20.4716,184.74
128.9105,-20.4716,183.12
129.1603,-20.4716,182.82
129.4101,-20.4716,183.61
129.6600,-20.4716,185.16
129.9098,-20.4716,187.18
130.1596,-20.4716,189.40
130.4094,-20.4716,191.53
130.6593,-20.4716,193.30
130.9091,-20.4716,194.42
131.1589,-20.4716,194.64
131.4087,-20.4716,193.97
131.6586,-20.4716,192.48
131.9084,-20.4716,190.21
132.1582,-20.4716,187.21
132.4080,-20.4716,183.49
132.6579,-20.4716,179.07
132.9077,-20.4716,173.99
133.1575,-20.4716,168.26
133.4074,-20.4716,161.89
133.6572,-20.4716,154.90
133.9070,-20.4716,147.37
134.1568,-20.4716,139.44
134.4067,-20.4716,131.43
134.6565,-20.4716,123.88
134.9063,-20.4716,117.56
135.1561,-20.4716,113.23
135.4060,-20.4716,110.41
135.6558,-20.4716,108.57
135.9056,-20.4716,107.49
136.1554,-20.4716,107.15
136.4053,-20.4716,107.79
136.6551,-20.4716,109.83
136.9049,-20.4716,113.93
137.1548,-20.4716,120.59
137.4046,-20.4716,129.00
137.6544,-20.4716,138.20
137.9042,-20.4716,147.35
138.1541,-20.4716,155.69
138.4039,-20.4716,162.47
138.6537,-20.4716,166.86
138.9035,-20.4716,167.97
139.1534,-20.4716,165.12
139.4032,-20.4716,158.93
139.6530,-20.4716,150.27
139.9028,-20.4716,139.94
140.1527,-20.4716,128.69
140.4025,-20.4716,117.31
140.6523,-20.4716,106.59
140.9022,-20.4716,97.45
141.1520,-20.4716,90.56
141.4018,-20.4716,85.53
141.6516,-20.4716,81.81
141.9015,-20.4716,78.94
142.1513,-20.4716,76.64
142.4011,-20.4716,74.75
142.6509,-20.4716,73.27
142.9008,-20.4716,72.32
143.1506,-20.4716,72.03
143.4004,-20.4716,72.19
143.6502,-20.4716,72.55
143.9001,-20.4716,72.97
144.1499,-20.4716,73.31
144.3997,-20.4716,73.44
144.6495,-20.4716,73.19
144.8994,-20.4716,72.30
145.1492,-20.4716,70.58
145.3990,-20.4716,68.32
145.6489,-20.4716,65.86
145.8987,-20.4716,63.45
146.1485,-20.4716,61.26
146.3983,-20.4716,59.43
146.6482,-20.4716,58.09
146.8980,-20.4716,57.34
147.1478,-20.4716,57.28
147.3976,-20.4716,57.76
147.6475,-20.4716,58.59
147.8973,-20.4716,59.63
148.1471,-20.4716,60.74
148.3969,-20.4716,61.81
148.6468,-20.4716,62.73
148.8966,-20.4716,63.44
149.1464,-20.4716,63.88
149.3963,-20.4716,64.06
149.6461,-20.4716,63.97
149.8959,-20.4716,63.63
150.1457,-20.4716,63.07
150.3956,-20.4716,62.27
150.6454,-20.4716,61.21
150.8952,-20.4716,59.81
151.1450,-20.4716,58.05
151.3949,-20.4716,56.17
151.6447,-20.4716,54.45
151.8945,-20.4716,53.18
152.1443,-20.4716,52.62
152.3942,-20.4716,53.04
152.6440,-20.4716,54.74
152.8938,-20.4716,58.01
153.1437,-20.4716,63.00
153.3935,-20.4716,69.30
153.6433,-20.4716,76.36
153.8931,-20.4716,83.65
154.1430,-20.4716,90.67
154.3928,-20.4716,96.96
154.6426,-20.4716,102.11
154.8924,-20.4716,105.78
155.1423,-20.4716,107.75
155.3921,-20.4716,108.12
155.6419,-20.4716,107.14
155.8917,-20.4716,105.04
110.1735,-20.2219,124.84
110.4233,-20.2219,124.90
110.6731,-20.2219,124.25
110.9230,-20.2219,122.74
111.1728,-20.2219,120.33
111.4226,-20.2219,117.19
111.6724,-20.2219,113.58
111.9223,-20.2219,109.81
112.1721,-20.2219,106.10
112.4219,-20.2219,102.69
112.6718,-20.2219,99.74
112.9216,-20.2219,97.37
113.1714,-20.2219,95.64
113.4212,-20.2219,94.59
113.6711,-20.2219,94.20
113.9209,-20.2219,94.46
114.1707,-20.2219,95.37
114.4205,-20.2219,97.02
114.6704,-20.2219,99.61
114.9202,-20.2219,103.49
115.1700,-20.2219,108.86
115.4198,-20.2219,115.30
115.6697,-20.2219,122.27
115.9195,-20.2219,129.33
116.1693,-20.2219,136.19
116.4192,-20.2219,142.59
116.6690,-20.2219,148.31
116.9188,-20.2219,153.15
117.1686,-20.2219,156.97
117.4185,-20.2219,159.87
117.6683,-20.2219,162.02
117.9181,-20.2219,163.57
118.1679,-20.2219,164.61
118.4178,-20.2219,165.18
118.6676,-20.2219,165.29
118.9174,-20.2219,164.92
119.1672,-20.2219,164.06
119.4171,-20.2219,162.86
119.6669,-20.2219,161.53
119.9167,-20.2219,160.27
120.1666,-20.2219,159.26
120.4164,-20.2219,158.73
120.6662,-20.2219,158.93
120.9160,-20.2219,160.13
121.1659,-20.2219,162.50
121.4157,-20.2219,165.81
121.6655,-20.2219,169.72
121.9153,-20.2219,173.90
122.1652,-20.2219,178.05
122.4150,-20.2219,181.87
122.6648,-20.2219,185.06
122.9146,-20.2219,187.37
123.1645,-20.2219,188.64
123.4143,-20.2219,189.05
123.6641,-20.2219,188.91
123.9139,-20.2219,188.53
124.1638,-20.2219,188.19
124.4136,-20.2219,188.15
124.6634,-20.2219,188.58
124.9133,-20.2219,189.56
125.1631,-20.2219,191.10
125.4129,-20.2219,193.15
125.6627,-20.2219,195.61
125.9126,-20.2219,198.25
126.1624,-20.2219,200.82
126.4122,-20.2219,202.98
126.6620,-20.2219,204.42
126.9119,-20.2219,204.86
127.1617,-20.2219,204.14
127.4115,-20.2219,202.38
127.6613,-20.2219,199.85
127.9112,-20.2219,196.85
128.1610,-20.2219,193.73
128.4108,-20.2219,190.80
128.6607,-20.2219,188.41
128.9105,-20.2219,186.85
129.1603,-20.2219,186.31
129.4101,-20.2219,186.69
129.6600,-20.2219,187.78
129.9098,-20.2219,189.31
130.1596,-20.2219,191.04
130.4094,-20.2219,192.69
130.6593,-20.2219,194.02
130.9091,-20.2219,194.76
131.1589,-20.2219,194.75
131.4087,-20.2219,193.94
131.6586,-20.2219,192.39
131.9084,-20.2219,190.14
132.1582,-20.2219,187.24
132.4080,-20.2219,183.76
132.6579,-20.2219,179.74
132.9077,-20.2219,175.25
133.1575,-20.2219,170.32
133.4074,-20.2219,164.98
133.6572,-20.2219,159.27
133.9070,-20.2219,153.24
134.1568,-20.2219,147.05
134.4067,-20.2219,140.93
134.6565,-20.2219,135.24
134.9063,-20.2219,130.45
135.1561,-20.2219,126.90
135.4060,-20.2219,124.50
135.6558,-20.2219,123.06
135.9056,-20.2219,122.47
136.1554,-20.2219,122.74
136.4053,-20.2219,124.03
136.6551,-20.2219,126.56
136.9049,-20.2219,130.62
137.1548,-20.2219,136.29
137.4046,-20.2219,143.14
137.6544,-20.2219,150.50
137.9042,-20.2219,157.70
138.1541,-20.2219,164.04
138.4039,-20.2219,168.82
138.6537,-20.2219,171.30
138.9035,-20.2219,170.79
139.1534,-20.2219,166.94
139.4032,-20.2219,160.07
139.6530,-20.2219,150.86
139.9028,-20.2219,140.07
140.1527,-20.2219,128.48
140.4025,-20.2219,116.89
140.6523,-20.2219,106.11
140.9022,-20.2219,96.87
141.1520,-20.2219,89.62
141.4018,-20.2219,84.24
141.6516,-20.2219,80.30
141.9015,-20.2219,77.41
142.1513,-20.2219,75.25
142.4011,-20.2219,73.60
142.6509,-20.2219,72.40
142.9008,-20.2219,71.64
143.1506,-20.2219,71.34
143.4004,-20.2219,71.35
143.6502,-20.2219,71.54
143.9001,-20.2219,71.75
144.1499,-20.2219,71.88
144.3997,-20.2219,71.80
144.6495,-20.2219,71.37
144.8994,-20.2219,70.45
145.1492,-20.2219,68.97
145.3990,-20.2219,67.09
145.6489,-20.2219,65.03
145.8987,-20.2219,63.00
146.1485,-20.2219,61.16
146.3983,-20.2219,59.65
146.6482,-20.2219,58.58
146.8980,-20.2219,58.02
147.1478,-20.2219,58.01
147.3976,-20.2219,58.47
147.6475,-20.2219,59.28
147.8973,-20.2219,60.29
148.1471,-20.2219,61.39
148.3969,-20.2219,62.44
148.6468,-20.2219,63.35
148.8966,-20.2219,64.03
149.1464,-20.2219,64.42
149.3963,-20.2219,64.51
149.6461,-20.2219,64.33
149.8959,-20.2219,63.90
150.1457,-20.2219,63.24
150.3956,-20.2219,62.34
150.6454,-20.2219,61.20
150.8952,-20.2219,59.77
151.1450,-20.2219,58.10
151.3949,-20.2219,56.35
151.6447,-20.2219,54.78
151.8945,-20.2219,53.63
152.1443,-20.2219,53.19
152.3942,-20.2219,53.73
152.6440,-20.2219,55.55
152.8938,-20.2219,58.87
153.1437,-20.2219,63.74
153.3935,-20.2219,69.85
153.6433,-20.2219,76.73
153.8931,-20.2219,83.84
154.1430,-20.2219,90.67
154.3928,-20.2219,96.73
154.6426,-20.2219,101.59
154.8924,-20.2219,104.91
155.1423,-20.2219,106.51
155.3921,-20.2219,106.43
155.6419,-20.2219,104.87
155.8917,-20.2219,102.09
110.1735,-19.9723,124.09
110.4233,-19.9723,124.17
110.6731,-19.9723,123.66
110.9230,-19.9723,122.46
111.1728,-19.9723,120.55
111.4226,-19.9723,118.07
111.6724,-19.9723,115.25
111.9223,-19.9723,112.32
112.1721,-19.9723,109.53
112.4219,-19.9723,107.10
112.6718,-19.9723,105.20
112.9216,-19.9723,103.99
113.1714,-19.9723,103.55
113.4212,-19.9723,103.91
113.6711,-19.9723,105.06
113.9209,-19.9723,106.95
114.1707,-19.9723,109.50
114.4205,-19.9723,112.60
114.6704,-19.9723,116.16
114.9202,-19.9723,120.04
115.1700,-19.9723,124.16
115.4198,-19.9723,128.42
115.6697,-19.9723,132.75
115.9195,-19.9723,137.07
116.1693,-19.9723,141.28
116.4192,-19.9723,145.28
116.6690,-19.9723,148.93
116.9188,-19.9723,152.12
117.1686,-19.9723,154.78
117.4185,-19.9723,156.91
117.6683,-19.9723,158.57
117.9181,-19.9723,159.82
118.1679,-19.9723,160.70
118.4178,-19.9723,161.27
118.6676,-19.9723,161.56
118.9174,-19.9723,161.61
119.1672,-19.9723,161.47
119.4171,-19.9723,161.24
119.6669,-19.9723,161.02
119.9167,-19.9723,160.91
120.1666,-19.9723,161.05
120.4164,-19.9723,161.53
120.6662,-19.9723,162.47
120.9160,-19.9723,163.93
121.1659,-19.9723,165.93
121.4157,-19.9723,168.40
121.6655,-19.9723,171.19
121.9153,-19.9723,174.14
122.1652,-19.9723,177.03
122.4150,-19.9723,179.65
122.6648,-19.9723,181.76
122.9146,-19.9723,183.18
123.1645,-19.9723,183.83
123.4143,-19.9723,183.81
123.6641,-19.9723,183.33
123.9139,-19.9723,182.65
124.1638,-19.9723,182.04
124.4136,-19.9723,181.79
124.6634,-19.9723,182.15
124.9133,-19.9723,183.32
125.1631,-19.9723,185.38
125.4129,-19.9723,188.21
125.6627,-19.9723,191.57
125.9126,-19.9723,195.16
126.1624,-19.9723,198.64
126.4122,-19.9723,201.65
126.6620,-19.9723,203.87
126.9119,-19.9723,205.02
127.1617,-19.9723,204.97
127.4115,-19.9723,203.81
127.6613,-19.9723,201.82
127.9112,-19.9723,199.29
128.1610,-19.9723,196.56
128.4108,-19.9723,193.95
128.6607,-19.9723,191.76
128.9105,-19.9723,190.24
129.1603,-19.9723,189.52
129.4101,-19.9723,189.56
129.6600,-19.9723,190.23
129.9098,-19.9723,191.31
130.1596,-19.9723,192.59
130.4094,-19.9723,193.82
130.6593,-19.9723,194.76
130.9091,-19.9723,195.20
131.1589,-19.9723,194.99
131.4087,-19.9723,194.09
131.6586,-19.9723,192.52
131.9084,-19.9723,190.36
132.1582,-19.9723,187.67
132.4080,-19.9723,184.53
132.6579,-19.9723,181.02
132.9077,-19.9723,177.23
133.1575,-19.9723,173.24
133.4074,-19.9723,169.08
133.6572,-19.9723,164.78
133.9070,-19.9723,160.40
134.1568,-19.9723,156.03
134.4067,-19.9723,151.81
134.6565,-19.9723,147.93
134.9063,-19.9723,144.56
135.1561,-19.9723,141.87
135.4060,-19.9723,139.95
135.6558,-19.9723,138.87
135.9056,-19.9723,138.68
136.1554,-19.9723,139.43
136.4053,-19.9723,141.17
136.6551,-19.9723,143.93
136.9049,-19.9723,147.69
137.1548,-19.9723,152.34
137.4046,-19.9723,157.59
137.6544,-19.9723,163.07
137.9042,-19.9723,168.27
138.1541,-19.9723,172.62
138.4039,-19.9723,175.50
138.6537,-19.9723,176.26
138.9035,-19.9723,174.33
139.1534,-19.9723,169.46
139.4032,-19.9723,161.88
139.6530,-19.9723,152.15
139.9028,-19.9723,140.98
140.1527,-19.9723,129.13
140.4025,-19.9723,117.38
140.6523,-19.9723,106.52
140.9022,-19.9723,97.21
141.1520,-19.9723,89.85
141.4018,-19.9723,84.35
141.6516,-19.9723,80.37
141.9015,-19.9723,77.52
142.1513,-19.9723,75.47
142.4011,-19.9723,73.97
142.6509,-19.9723,72.89
142.9008,-19.9723,72.14
143.1506,-19.9723,71.68
143.4004,-19.9723,71.42
143.6502,-19.9723,71.25
143.9001,-19.9723,71.09
144.1499,-19.9723,70.84
144.3997,-19.9723,70.42
144.6495,-19.9723,69.74
144.8994,-19.9723,68.72
145.1492,-19.9723,67.36
145.3990,-19.9723,65.75
145.6489,-19.9723,64.03
145.8987,-19.9723,62.36
146.1485,-19.9723,60.87
146.3983,-19.9723,59.68
146.6482,-19.9723,58.87
146.8980,-19.9723,58.51
147.1478,-19.9723,58.59
147.3976,-19.9723,59.07
147.6475,-19.9723,59.87
147.8973,-19.9723,60.88
148.1471,-19.9723,61.97
148.3969,-19.9723,63.04
148.6468,-19.9723,63.94
148.8966,-19.9723,64.59
149.1464,-19.9723,64.91
149.3963,-19.9723,64.91
149.6461,-19.9723,64.62
149.8959,-19.9723,64.09
150.1457,-19.9723,63.35
150.3956,-19.9723,62.40
150.6454,-19.9723,61.24
150.8952,-19.9723,59.87
151.1450,-19.9723,58.32
151.3949,-19.9723,56.75
151.6447,-19.9723,55.35
151.8945,-19.9723,54.35
152.1443,-19.9723,54.04
152.3942,-19.9723,54.67
152.6440,-19.9723,56.55
152.8938,-19.9723,59.89
153.1437,-19.9723,64.72
153.3935,-19.9723,70.76
153.6433,-19.9723,77.54
153.8931,-19.9723,84.54
154.1430,-19.9723,91.22
154.3928,-19.9723,97.08
154.6426,-19.9723,101.66
154.8924,-19.9723,104.61
155.1423,-19.9723,105.72
155.3921,-19.9723,105.04
155.6419,-19.9723,102.75
155.8917,-19.9723,99.14
110.1735,-19.7226,123.28
110.4233,-19.7226,123.42
110.6731,-19.7226,123.07
110.9230,-19.7226,122.16
111.1728,-19.7226,120.70
111.4226,-19.7226,118.81
111.6724,-19.7226,116.69
111.9223,-19.7226,114.56
112.1721,-19.7226,112.64
112.4219,-19.7226,111.14
112.6718,-19.7226,110.28
112.9216,-19.7226,110.22
113.1714,-19.7226,111.08
113.4212,-19.7226,112.88
113.6711,-19.7226,115.60
113.9209,-19.7226,119.15
114.1707,-19.7226,123.36
114.4205,-19.7226,127.95
114.6704,-19.7226,132.48
114.9202,-19.7226,136.39
115.1700,-19.7226,139.26
115.4198,-19.7226,141.33
115.6697,-19.7226,143.02
115.9195,-19.7226,144.59
116.1693,-19.7226,146.17
116.4192,-19.7226,147.78
116.6690,-19.7226,149.39
116.9188,-19.7226,150.96
117.1686,-19.7226,152.46
117.4185,-19.7226,153.81
117.6683,-19.7226,154.98
117.9181,-19.7226,155.93
118.1679,-19.7226,156.68
118.4178,-19.7226,157.27
118.6676,-19.7226,157.75
118.9174,-19.7226,158.25
119.1672,-19.7226,158.84
119.4171,-19.7226,159.56
119.6669,-19.7226,160.41
119.9167,-19.7226,161.44
120.1666,-19.7226,162.67
120.4164,-19.7226,164.13
120.6662,-19.7226,165.76
120.9160,-19.7226,167.44
121.1659,-19.7226,169.07
121.4157,-19.7226,170.71
121.6655,-19.7226,172.40
121.9153,-19.7226,174.15
122.1652,-19.7226,175.83
122.4150,-19.7226,177.30
122.6648,-19.7226,178.39
122.9146,-19.7226,178.97
123.1645,-19.7226,178.98
123.4143,-19.7226,178.47
123.6641,-19.7226,177.59
123.9139,-19.7226,176.55
124.1638,-19.7226,175.60
124.4136,-19.7226,175.06
124.6634,-19.7226,175.27
124.9133,-19.7226,176.57
125.1631,-19.7226,179.17
125.4129,-19.7226,182.82
125.6627,-19.7226,187.14
125.9126,-19.7226,191.71
126.1624,-19.7226,196.15
126.4122,-19.7226,200.08
126.6620,-19.7226,203.16
126.9119,-19.7226,205.06
127.1617,-19.7226,205.63
127.4115,-19.7226,205.01
127.6613,-19.7226,203.49
127.9112,-19.7226,201.39
128.1610,-19.7226,199.02
128.4108,-19.7226,196.69
128.6607,-19.7226,194.65
128.9105,-19.7226,193.15
129.1603,-19.7226,192.29
129.4101,-19.7226,192.07
129.6600,-19.7226,192.38
129.9098,-19.7226,193.06
130.1596,-19.7226,193.94
130.4094,-19.7226,194.81
130.6593,-19.7226,195.46
130.9091,-19.7226,195.67
131.1589,-19.7226,195.30
131.4087,-19.7226,194.32
131.6586,-19.7226,192.80
131.9084,-19.7226,190.79
132.1582,-19.7226,188.38
132.4080,-19.7226,185.64
132.6579,-19.7226,182.69
132.9077,-19.7226,179.67
133.1575,-19.7226,176.68
133.4074,-19.7226,173.76
133.6572,-19.7226,170.90
133.9070,-19.7226,168.15
134.1568,-19.7226,165.56
134.4067,-19.7226,163.19
134.6565,-19.7226,161.02
134.9063,-19.7226,159.00
135.1561,-19.7226,157.10
135.4060,-19.7226,155.60
135.6558,-19.7226,154.81
135.9056,-19.7226,154.93
136.1554,-19.7226,156.04
136.4053,-19.7226,158.11
136.6551,-19.7226,160.97
136.9049,-19.7226,164.34
137.1548,-19.7226,167.91
137.4046,-19.7226,171.58
137.6544,-19.7226,175.20
137.9042,-19.7226,178.49
138.1541,-19.7226,181.01
138.4039,-19.7226,182.22
138.6537,-19.7226,181.54
138.9035,-19.7226,178.43
139.1534,-19.7226,172.60
139.4032,-19.7226,164.31
139.6530,-19.7226,154.08
139.9028,-19.7226,142.58
140.1527,-19.7226,130.50
140.4025,-19.7226,118.61
140.6523,-19.7226,107.64
140.9022,-19.7226,98.30
141.1520,-19.7226,91.02
141.4018,-19.7226,85.64
141.6516,-19.7226,81.80
141.9015,-19.7226,79.07
142.1513,-19.7226,77.11
142.4011,-19.7226,75.67
142.6509,-19.7226,74.57
142.9008,-19.7226,73.69
143.1506,-19.7226,72.94
143.4004,-19.7226,72.26
143.6502,-19.7226,71.61
143.9001,-19.7226,70.95
144.1499,-19.7226,70.22
144.3997,-19.7226,69.37
144.6495,-19.7226,68.36
144.8994,-19.7226,67.18
145.1492,-19.7226,65.83
145.3990,-19.7226,64.39
145.6489,-19.7226,62.93
145.8987,-19.7226,61.57
146.1485,-19.7226,60.39
146.3983,-19.7226,59.49
146.6482,-19.7226,58.93
146.8980,-19.7226,58.74
147.1478,-19.7226,58.93
147.3976,-19.7226,59.45
147.6475,-19.7226,60.27
147.8973,-19.7226,61.29
148.1471,-19.7226,62.41
148.3969,-19.7226,63.50
148.6468,-19.7226,64.43
148.8966,-19.7226,65.06
149.1464,-19.7226,65.31
149.3963,-19.7226,65.19
149.6461,-19.7226,64.79
149.8959,-19.7226,64.18
150.1457,-19.7226,63.40
150.3956,-19.7226,62.46
150.6454,-19.7226,61.38
150.8952,-19.7226,60.14
151.1450,-19.7226,58.77
151.3949,-19.7226,57.41
151.6447,-19.7226,56.22
151.8945,-19.7226,55.41
152.1443,-19.7226,55.21
152.3942,-19.7226,55.90
152.6440,-19.7226,57.77
152.8938,-19.7226,61.09
153.1437,-19.7226,65.95
153.3935,-19.7226,72.03
153.6433,-19.7226,78.81
153.8931,-19.7226,85.76
154.1430,-19.7226,92.34
154.3928,-19.7226,98.05
154.6426,-19.7226,102.42
154.8924,-19.7226,105.01
155.1423,-19.7226,105.58
155.3921,-19.7226,104.19
155.6419,-19.7226,101.11
155.8917,-19.7226,96.62
110.1735,-19.4730,122.41
110.4233,-19.4730,122.61
110.6731,-19.4730,122.43
110.9230,-19.4730,121.81
111.1728,-19.4730,120.73
111.4226,-19.4730,119.34
111.6724,-19.4730,117.83
111.9223,-19.4730,116.41
112.1721,-19.4730,115.28
112.4219,-19.4730,114.64
112.6718,-19.4730,114.71
112.9216,-19.4730,115.69
113.1714,-19.4730,117.75
113.4212,-19.4730,120.88
113.6711,-19.4730,125.04
113.9209,-19.4730,130.10
114.1707,-19.4730,135.86
114.4205,-19.4730,141.90
114.6704,-19.4730,147.51
114.9202,-19.4730,151.59
115.1700,-19.4730,153.09
115.4198,-19.4730,152.93
115.6697,-19.4730,152.05
115.9195,-19.4730,151.04
116.1693,-19.4730,150.19
116.4192,-19.4730,149.62
116.6690,-19.4730,149.35
116.9188,-19.4730,149.43
117.1686,-19.4730,149.89
117.4185,-19.4730,150.56
117.6683,-19.4730,151.29
117.9181,-19.4730,152.01
118.1679,-19.4730,152.66
118.4178,-19.4730,153.28
118.6676,-19.4730,153.96
118.9174,-19.4730,154.86
119.1672,-19.4730,156.16
119.4171,-19.4730,157.77
119.6669,-19.4730,159.61
119.9167,-19.4730,161.66
120.1666,-19.4730,163.88
120.4164,-19.4730,166.22
120.6662,-19.4730,168.51
120.9160,-19.4730,170.43
121.1659,-19.4730,171.64
121.4157,-19.4730,172.43
121.6655,-19.4730,173.09
121.9153,-19.4730,173.73
122.1652,-19.4730,174.32
122.4150,-19.4730,174.78
122.6648,-19.4730,174.98
122.9146,-19.4730,174.82
123.1645,-19.4730,174.24
123.4143,-19.4730,173.27
123.6641,-19.4730,172.00
123.9139,-19.4730,170.61
124.1638,-19.4730,169.32
124.4136,-19.4730,168.43
124.6634,-19.4730,168.37
124.9133,-19.4730,169.70
125.1631,-19.4730,172.87
125.4129,-19.4730,177.38
125.6627,-19.4730,182.63
125.9126,-19.4730,188.14
126.1624,-19.4730,193.50
126.4122,-19.4730,198.34
126.6620,-19.4730,202.29
126.9119,-19.4730,204.96
127.1617,-19.4730,206.06
127.4115,-19.4730,205.88
127.6613,-19.4730,204.76
127.9112,-19.4730,203.03
128.1610,-19.4730,201.00
128.4108,-19.4730,198.92
128.6607,-19.4730,197.02
128.9105,-19.4730,195.51
129.1603,-19.4730,194.56
129.4101,-19.4730,194.12
129.6600,-19.4730,194.12
129.9098,-19.4730,194.44
130.1596,-19.4730,194.97
130.4094,-19.4730,195.54
130.6593,-19.4730,195.97
130.9091,-19.4730,196.04
131.1589,-19.4730,195.54
131.4087,-19.4730,194.53
131.6586,-19.4730,193.11
131.9084,-19.4730,191.33
132.1582,-19.4730,189.26
132.4080,-19.4730,186.98
132.6579,-19.4730,184.60
132.9077,-19.4730,182.32
133.1575,-19.4730,180.33
133.4074,-19.4730,178.59
133.6572,-19.4730,177.08
133.9070,-19.4730,175.82
134.1568,-19.4730,174.85
134.4067,-19.4730,174.16
134.6565,-19.4730,173.62
134.9063,-19.4730,172.86
135.1561,-19.4730,171.56
135.4060,-19.4730,170.32
135.6558,-19.4730,169.70
135.9056,-19.4730,170.04
136.1554,-19.4730,171.44
136.4053,-19.4730,173.79
136.6551,-19.4730,176.76
136.9049,-19.4730,179.78
137.1548,-19.4730,182.24
137.4046,-19.4730,184.33
137.6544,-19.4730,186.19
137.9042,-19.4730,187.73
138.1541,-19.4730,188.66
138.4039,-19.4730,188.51
138.6537,-19.4730,186.74
138.9035,-19.4730,182.75
139.1534,-19.4730,176.09
139.4032,-19.4730,167.14
139.6530,-19.4730,156.50
139.9028,-19.4730,144.77
140.1527,-19.4730,132.56
140.4025,-19.4730,120.55
140.6523,-19.4730,109.47
140.9022,-19.4730,100.11
141.1520,-19.4730,93.11
141.4018,-19.4730,88.08
141.6516,-19.4730,84.50
141.9015,-19.4730,81.92
142.1513,-19.4730,80.01
142.4011,-19.4730,78.54
142.6509,-19.4730,77.31
142.9008,-19.4730,76.17
143.1506,-19.4730,74.99
143.4004,-19.4730,73.78
143.6502,-19.4730,72.55
143.9001,-19.4730,71.29
144.1499,-19.4730,70.00
144.3997,-19.4730,68.65
144.6495,-19.4730,67.25
144.8994,-19.4730,65.82
145.1492,-19.4730,64.42
145.3990,-19.4730,63.06
145.6489,-19.4730,61.79
145.8987,-19.4730,60.65
146.1485,-19.4730,59.72
146.3983,-19.4730,59.07
146.6482,-19.4730,58.73
146.8980,-19.4730,58.70
147.1478,-19.4730,58.98
147.3976,-19.4730,59.54
147.6475,-19.4730,60.38
147.8973,-19.4730,61.43
148.1471,-19.4730,62.59
148.3969,-19.4730,63.74
148.6468,-19.4730,64.73
148.8966,-19.4730,65.38
149.1464,-19.4730,65.53
149.3963,-19.4730,65.29
149.6461,-19.4730,64.78
149.8959,-19.4730,64.11
150.1457,-19.4730,63.35
150.3956,-19.4730,62.51
150.6454,-19.4730,61.59
150.8952,-19.4730,60.58
151.1450,-19.4730,59.47
151.3949,-19.4730,58.38
151.6447,-19.4730,57.47
151.8945,-19.4730,56.89
152.1443,-19.4730,56.83
152.3942,-19.4730,57.54
152.6440,-19.4730,59.33
152.8938,-19.4730,62.58
153.1437,-19.4730,67.56
153.3935,-19.4730,73.77
153.6433,-19.4730,80.61
153.8931,-19.4730,87.53
154.1430,-19.4730,94.03
154.3928,-19.4730,99.63
154.6426,-19.4730,103.84
154.8924,-19.4730,106.16
155.1423,-19.4730,106.15
155.3921,-19.4730,104.06
155.6419,-19.4730,100.20
155.8917,-19.4730,94.91
110.1735,-19.2233,121.42
110.4233,-19.2233,121.68
110.6731,-19.2233,121.66
110.9230,-19.2233,121.31
111.1728,-19.2233,120.55
111.4226,-19.2233,119.59
111.6724,-19.2233,118.61
111.9223,-19.2233,117.80
112.1721,-19.2233,117.35
112.4219,-19.2233,117.45
112.6718,-19.2233,118.29
112.9216,-19.2233,120.12
113.1714,-19.2233,123.19
113.4212,-19.2233,127.40
113.6711,-19.2233,132.68
113.9209,-19.2233,138.92
114.1707,-19.2233,145.89
114.4205,-19.2233,153.17
114.6704,-19.2233,159.92
114.9202,-19.2233,164.49
115.1700,-19.2233,164.37
115.4198,-19.2233,161.97
115.6697,-19.2233,158.80
115.9195,-19.2233,155.62
116.1693,-19.2233,152.76
116.4192,-19.2233,150.37
116.6690,-19.2233,148.53
116.9188,-19.2233,147.34
117.1686,-19.2233,146.99
117.4185,-19.2233,147.15
117.6683,-19.2233,147.58
117.9181,-19.2233,148.14
118.1679,-19.2233,148.77
118.4178,-19.2233,149.46
118.6676,-19.2233,150.29
118.9174,-19.2233,151.51
119.1672,-19.2233,153.48
119.4171,-19.2233,155.89
119.6669,-19.2233,158.56
119.9167,-19.2233,161.41
120.1666,-19.2233,164.41
120.4164,-19.2233,167.49
120.6662,-19.2233,170.39
120.9160,-19.2233,172.61
121.1659,-19.2233,173.28
121.4157,-19.2233,173.24
121.6655,-19.2233,172.98
121.9153,-19.2233,172.69
122.1652,-19.2233,172.39
122.4150,-19.2233,172.04
122.6648,-19.2233,171.53
122.9146,-19.2233,170.78
123.1645,-19.2233,169.73
123.4143,-19.2233,168.40
123.6641,-19.2233,166.86
123.9139,-19.2233,165.22
124.1638,-19.2233,163.65
124.4136,-19.2233,162.44
124.6634,-19.2233,162.02
124.9133,-19.2233,163.17
125.1631,-19.2233,167.00
125.4129,-19.2233,172.35
125.6627,-19.2233,178.41
125.9126,-19.2233,184.68
126.1624,-19.2233,190.78
126.4122,-19.2233,196.40
126.6620,-19.2233,201.16
126.9119,-19.2233,204.59
127.1617,-19.2233,206.08
127.4115,-19.2233,206.22
127.6613,-19.2233,205.47
127.9112,-19.2233,204.12
128.1610,-19.2233,202.44
128.4108,-19.2233,200.61
128.6607,-19.2233,198.84
128.9105,-19.2233,197.33
129.1603,-19.2233,196.31
129.4101,-19.2233,195.68
129.6600,-19.2233,195.38
129.9098,-19.2233,195.35
130.1596,-19.2233,195.53
130.4094,-19.2233,195.83
130.6593,-19.2233,196.11
130.9091,-19.2233,196.12
131.1589,-19.2233,195.52
131.4087,-19.2233,194.54
131.6586,-19.2233,193.30
131.9084,-19.2233,191.86
132.1582,-19.2233,190.23
132.4080,-19.2233,188.45
132.6579,-19.2233,186.63
132.9077,-19.2233,185.00
133.1575,-19.2233,183.95
133.4074,-19.2233,183.26
133.6572,-19.2233,182.86
133.9070,-19.2233,182.79
134.1568,-19.2233,183.11
134.4067,-19.2233,183.82
134.6565,-19.2233,184.73
134.9063,-19.2233,185.21
135.1561,-19.2233,184.17
135.4060,-19.2233,182.97
135.6558,-19.2233,182.43
135.9056,-19.2233,182.93
136.1554,-19.2233,184.57
136.4053,-19.2233,187.18
136.6551,-19.2233,190.34
136.9049,-19.2233,193.20
137.1548,-19.2233,194.46
137.4046,-19.2233,195.01
137.6544,-19.2233,195.29
137.9042,-19.2233,195.33
138.1541,-19.2233,194.95
138.4039,-19.2233,193.76
138.6537,-19.2233,191.28
138.9035,-19.2233,186.80
139.1534,-19.2233,179.44
139.4032,-19.2233,170.01
139.6530,-19.2233,159.18
139.9028,-19.2233,147.45
140.1527,-19.2233,135.34
140.4025,-19.2233,123.37
140.6523,-19.2233,112.21
140.9022,-19.2233,102.79
141.1520,-19.2233,96.32
141.4018,-19.2233,91.79
141.6516,-19.2233,88.50
141.9015,-19.2233,86.02
142.1513,-19.2233,84.06
142.4011,-19.2233,82.42
142.6509,-19.2233,80.94
142.9008,-19.2233,79.42
143.1506,-19.2233,77.68
143.4004,-19.2233,75.83
143.6502,-19.2233,73.93
143.9001,-19.2233,72.03
144.1499,-19.2233,70.13
144.3997,-19.2233,68.24
144.6495,-19.2233,66.40
144.8994,-19.2233,64.66
145.1492,-19.2233,63.15
145.3990,-19.2233,61.80
145.6489,-19.2233,60.62
145.8987,-19.2233,59.63
146.1485,-19.2233,58.88
146.3983,-19.2233,58.41
146.6482,-19.2233,58.24
146.8980,-19.2233,58.35
147.1478,-19.2233,58.68
147.3976,-19.2233,59.28
147.6475,-19.2233,60.13
147.8973,-19.2233,61.20
148.1471,-19.2233,62.40
148.3969,-19.2233,63.62
148.6468,-19.2233,64.71
148.8966,-19.2233,65.43
149.1464,-19.2233,65.46
149.3963,-19.2233,65.08
149.6461,-19.2233,64.50
149.8959,-19.2233,63.83
150.1457,-19.2233,63.14
150.3956,-19.2233,62.47
150.6454,-19.2233,61.82
150.8952,-19.2233,61.16
151.1450,-19.2233,60.39
151.3949,-19.2233,59.68
151.6447,-19.2233,59.15
151.8945,-19.2233,58.92
152.1443,-19.2233,59.11
152.3942,-19.2233,59.89
152.6440,-19.2233,61.55
152.8938,-19.2233,64.61
153.1437,-19.2233,69.81
153.3935,-19.2233,76.21
153.6433,-19.2233,83.06
153.8931,-19.2233,89.86
154.1430,-19.2233,96.19
154.3928,-19.2233,101.65
154.6426,-19.2233,105.78
154.8924,-19.2233,107.95
155.1423,-19.2233,107.36
155.3921,-19.2233,104.63
155.6419,-19.2233,100.18
155.8917,-19.2233,94.32
110.1735,-18.9736,120.28
110.4233,-18.9736,120.56
110.6731,-18.9736,120.68
110.9230,-18.9736,120.57
111.1728,-18.9736,120.06
111.4226,-18.9736,119.45
111.6724,-18.9736,118.93
111.9223,-18.9736,118.66
112.1721,-18.9736,118.79
112.4219,-18.9736,119.50
112.6718,-18.9736,120.95
112.9216,-18.9736,123.37
113.1714,-18.9736,127.18
113.4212,-18.9736,132.10
113.6711,-18.9736,138.04
113.9209,-18.9736,144.88
114.1707,-18.9736,152.44
114.4205,-18.9736,160.31
114.6704,-18.9736,167.78
114.9202,-18.9736,173.21
115.1700,-18.9736,171.18
115.4198,-18.9736,167.03
115.6697,-18.9736,162.30
115.9195,-18.9736,157.66
116.1693,-18.9736,153.43
116.4192,-18.9736,149.78
116.6690,-18.9736,146.80
116.9188,-18.9736,144.65
117.1686,-18.9736,143.81
117.4185,-18.9736,143.64
117.6683,-18.9736,143.90
117.9181,-18.9736,144.42
118.1679,-18.9736,145.13
118.4178,-18.9736,145.98
118.6676,-18.9736,147.01
118.9174,-18.9736,148.43
119.1672,-18.9736,151.02
119.4171,-18.9736,154.02
119.6669,-18.9736,157.23
119.9167,-18.9736,160.59
120.1666,-18.9736,164.04
120.4164,-18.9736,167.52
120.6662,-18.9736,170.82
120.9160,-18.9736,173.42
121.1659,-18.9736,173.43
121.4157,-18.9736,172.72
121.6655,-18.9736,171.81
121.9153,-18.9736,170.87
122.1652,-18.9736,169.95
122.4150,-18.9736,169.02
122.6648,-18.9736,168.01
122.9146,-18.9736,166.88
123.1645,-18.9736,165.54
123.4143,-18.9736,164.03
123.6641,-18.9736,162.39
123.9139,-18.9736,160.69
124.1638,-18.9736,159.08
124.4136,-18.9736,157.77
124.6634,-18.9736,157.11
124.9133,-18.9736,157.86
125.1631,-18.9736,162.42
125.4129,-18.9736,168.34
125.6627,-18.9736,174.85
125.9126,-18.9736,181.51
126.1624,-18.9736,188.01
126.4122,-18.9736,194.09
126.6620,-18.9736,199.44
126.9119,-18.9736,203.60
127.1617,-18.9736,205.29
127.4115,-18.9736,205.76
127.6613,-18.9736,205.43
127.9112,-18.9736,204.54
128.1610,-18.9736,203.27
128.4108,-18.9736,201.77
128.6607,-18.9736,200.17
128.9105,-18.9736,198.66
129.1603,-18.9736,197.61
129.4101,-18.9736,196.78
129.6600,-18.9736,196.14
129.9098,-18.9736,195.71
130.1596,-18.9736,195.49
130.4094,-18.9736,195.47
130.6593,-18.9736,195.58
130.9091,-18.9736,195.62
131.1589,-18.9736,194.95
131.4087,-18.9736,194.11
131.6586,-18.9736,193.22
131.9084,-18.9736,192.26
132.1582,-18.9736,191.21
132.4080,-18.9736,190.04
132.6579,-18.9736,188.81
132.9077,-18.9736,187.71
133.1575,-18.9736,187.49
133.4074,-18.9736,187.57
133.6572,-18.9736,187.89
133.9070,-18.9736,188.54
134.1568,-18.9736,189.62
134.4067,-18.9736,191.19
134.6565,-18.9736,193.11
134.9063,-18.9736,194.78
135.1561,-18.9736,193.61
135.4060,-18.9736,192.42
135.6558,-18.9736,192.03
135.9056,-18.9736,192.73
136.1554,-18.9736,194.54
136.4053,-18.9736,197.29
136.6551,-18.9736,200.58
136.9049,-18.9736,203.53
137.1548,-18.9736,203.52
137.4046,-18.9736,202.79
137.6544,-18.9736,201.84
137.9042,-18.9736,200.71
138.1541,-18.9736,199.28
138.4039,-18.9736,197.29
138.6537,-18.9736,194.35
138.9035,-18.9736,189.82
139.1534,-18.9736,181.94
139.4032,-18.9736,172.41
139.6530,-18.9736,161.81
139.9028,-18.9736,150.52
140.1527,-18.9736,138.91
140.4025,-18.9736,127.38
140.6523,-18.9736,116.43
140.9022,-18.9736,106.90
141.1520,-18.9736,101.20
141.4018,-18.9736,97.10
141.6516,-18.9736,93.92
141.9015,-18.9736,91.32
142.1513,-18.9736,89.11
142.4011,-18.9736,87.12
142.6509,-18.9736,85.21
142.9008,-18.9736,83.22
143.1506,-18.9736,80.79
143.4004,-18.9736,78.23
143.6502,-18.9736,75.63
143.9001,-18.9736,73.06
144.1499,-18.9736,70.53
144.3997,-18.9736,68.10
144.6495,-18.9736,65.79
144.8994,-18.9736,63.70
145.1492,-18.9736,62.03
145.3990,-18.9736,60.62
145.6489,-18.9736,59.45
145.8987,-18.9736,58.52
146.1485,-18.9736,57.87
146.3983,-18.9736,57.51
146.6482,-18.9736,57.45
146.8980,-18.9736,57.66
147.1478,-18.9736,58.01
147.3976,-18.9736,58.60
147.6475,-18.9736,59.46
147.8973,-18.9736,60.52
148.1471,-18.9736,61.73
148.3969,-18.9736,62.99
148.6468,-18.9736,64.16
148.8966,-18.9736,65.02
149.1464,-18.9736,64.90
149.3963,-18.9736,64.45
149.6461,-18.9736,63.86
149.8959,-18.9736,63.25
150.1457,-18.9736,62.70
150.3956,-18.9736,62.27
150.6454,-18.9736,61.97
150.8952,-18.9736,61.78
151.1450,-18.9736,61.45
151.3949,-18.9736,61.26
151.6447,-18.9736,61.30
151.8945,-18.9736,61.63
152.1443,-18.9736,62.27
152.3942,-18.9736,63.33
152.6440,-18.9736,64.98
152.8938,-18.9736,67.71
153.1437,-18.9736,73.25
153.3935,-18.9736,79.67
153.6433,-18.9736,86.30
153.8931,-18.9736,92.74
154.1430,-18.9736,98.69
154.3928,-18.9736,103.82
154.6426,-18.9736,107.77
154.8924,-18.9736,109.96
155.1423,-18.9736,108.81
155.3921,-18.9736,105.72
155.6419,-18.9736,101.07
155.8917,-18.9736,95.09
110.1735,-18.7240,118.95
110.4233,-18.7240,119.20
110.6731,-18.7240,119.33
110.9230,-18.7240,119.32
111.1728,-18.7240,119.11
111.4226,-18.7240,118.87
111.6724,-18.7240,118.77
111.9223,-18.7240,118.96
112.1721,-18.7240,119.59
112.4219,-18.7240,120.80
112.6718,-18.7240,122.75
112.9216,-18.7240,125.65
113.1714,-18.7240,129.72
113.4212,-18.7240,134.84
113.6711,-18.7240,140.87
113.9209,-18.7240,147.66
114.1707,-18.7240,154.92
114.4205,-18.7240,162.18
114.6704,-18.7240,168.52
114.9202,-18.7240,172.28
115.1700,-18.7240,170.95
115.4198,-18.7240,166.98
115.6697,-18.7240,161.99
115.9195,-18.7240,156.84
116.1693,-18.7240,152.01
116.4192,-18.7240,147.76
116.6690,-18.7240,144.30
116.9188,-18.7240,141.80
117.1686,-18.7240,140.51
117.4185,-18.7240,140.09
117.6683,-18.7240,140.28
117.9181,-18.7240,140.90
118.1679,-18.7240,141.82
118.4178,-18.7240,143.00
118.6676,-18.7240,144.47
118.9174,-18.7240,146.40
119.1672,-18.7240,149.13
119.4171,-18.7240,152.30
119.6669,-18.7240,155.68
119.9167,-18.7240,159.15
120.1666,-18.7240,162.64
120.4164,-18.7240,166.00
120.6662,-18.7240,168.97
120.9160,-18.7240,171.00
121.1659,-18.7240,171.24
121.4157,-18.7240,170.55
121.6655,-18.7240,169.46
121.9153,-18.7240,168.24
122.1652,-18.7240,166.99
122.4150,-18.7240,165.72
122.6648,-18.7240,164.44
122.9146,-18.7240,163.12
123.1645,-18.7240,161.70
123.4143,-18.7240,160.22
123.6641,-18.7240,158.71
123.9139,-18.7240,157.24
124.1638,-18.7240,155.92
124.4136,-18.7240,154.98
124.6634,-18.7240,154.85
124.9133,-18.7240,156.26
125.1631,-18.7240,160.32
125.4129,-18.7240,165.89
125.6627,-18.7240,172.18
125.9126,-18.7240,178.71
126.1624,-18.7240,185.15
126.4122,-18.7240,191.20
126.6620,-18.7240,196.54
126.9119,-18.7240,200.70
127.1617,-18.7240,203.07
127.4115,-18.7240,204.20
127.6613,-18.7240,204.51
127.9112,-18.7240,204.22
128.1610,-18.7240,203.50
128.4108,-18.7240,202.44
128.6607,-18.7240,201.16
128.9105,-18.7240,199.81
129.1603,-18.7240,198.60
129.4101,-18.7240,197.45
129.6600,-18.7240,196.39
129.9098,-18.7240,195.46
130.1596,-18.7240,194.74
130.4094,-18.7240,194.26
130.6593,-18.7240,194.01
130.9091,-18.7240,193.83
131.1589,-18.7240,193.43
131.4087,-18.7240,193.03
131.6586,-18.7240,192.71
131.9084,-18.7240,192.44
132.1582,-18.7240,192.15
132.4080,-18.7240,191.77
132.6579,-18.7240,191.33
132.9077,-18.7240,190.99
133.1575,-18.7240,191.09
133.4074,-18.7240,191.43
133.6572,-18.7240,191.95
133.9070,-18.7240,192.75
134.1568,-18.7240,193.91
134.4067,-18.7240,195.46
134.6565,-18.7240,197.21
134.9063,-18.7240,198.53
135.1561,-18.7240,198.31
135.4060,-18.7240,197.85
135.6558,-18.7240,197.96
135.9056,-18.7240,198.95
136.1554,-18.7240,200.85
136.4053,-18.7240,203.41
136.6551,-18.7240,206.15
136.9049,-18.7240,208.15
137.1548,-18.7240,208.14
137.4046,-18.7240,207.06
137.6544,-18.7240,205.46
137.9042,-18.7240,203.55
138.1541,-18.7240,201.31
138.4039,-18.7240,198.55
138.6537,-18.7240,194.95
138.9035,-18.7240,189.91
139.1534,-18.7240,182.62
139.4032,-18.7240,173.84
139.6530,-18.7240,164.13
139.9028,-18.7240,153.85
140.1527,-18.7240,143.32
140.4025,-18.7240,132.89
140.6523,-18.7240,123.05
140.9022,-18.7240,114.59
141.1520,-18.7240,108.67
141.4018,-18.7240,104.26
141.6516,-18.7240,100.73
141.9015,-18.7240,97.70
142.1513,-18.7240,94.97
142.4011,-18.7240,92.38
142.6509,-18.7240,89.80
142.9008,-18.7240,87.07
143.1506,-18.7240,84.01
143.4004,-18.7240,80.78
143.6502,-18.7240,77.50
143.9001,-18.7240,74.26
144.1499,-18.7240,71.13
144.3997,-18.7240,68.18
144.6495,-18.7240,65.46
144.8994,-18.7240,63.07
145.1492,-18.7240,61.12
145.3990,-18.7240,59.54
145.6489,-18.7240,58.29
145.8987,-18.7240,57.34
146.1485,-18.7240,56.70
146.3983,-18.7240,56.35
146.6482,-18.7240,56.30
146.8980,-18.7240,56.51
147.1478,-18.7240,56.89
147.3976,-18.7240,57.51
147.6475,-18.7240,58.35
147.8973,-18.7240,59.39
148.1471,-18.7240,60.55
148.3969,-18.7240,61.75
148.6468,-18.7240,62.82
148.8966,-18.7240,63.53
149.1464,-18.7240,63.59
149.3963,-18.7240,63.28
149.6461,-18.7240,62.82
149.8959,-18.7240,62.36
150.1457,-18.7240,62.01
150.3956,-18.7240,61.84
150.6454,-18.7240,61.88
150.8952,-18.7240,62.13
151.1450,-18.7240,62.49
151.3949,-18.7240,63.06
151.6447,-18.7240,63.91
151.8945,-18.7240,65.03
152.1443,-18.7240,66.43
152.3942,-18.7240,68.18
152.6440,-18.7240,70.45
152.8938,-18.7240,73.70
153.1437,-18.7240,78.67
153.3935,-18.7240,84.44
153.6433,-18.7240,90.38
153.8931,-18.7240,96.10
154.1430,-18.7240,101.33
154.3928,-18.7240,105.77
154.6426,-18.7240,109.06
154.8924,-18.7240,110.66
155.1423,-18.7240,109.79
155.3921,-18.7240,107.03
155.6419,-18.7240,102.79
155.8917,-18.7240,97.29
110.1735,-18.4743,117.48
110.4233,-18.4743,117.64
110.6731,-18.4743,117.75
110.9230,-18.4743,117.80
111.1728,-18.4743,117.81
111.4226,-18.4743,117.88
111.6724,-18.4743,118.14
111.9223,-18.4743,118.71
112.1721,-18.4743,119.72
112.4219,-18.4743,121.29
112.6718,-18.4743,123.56
112.9216,-18.4743,126.66
113.1714,-18.4743,130.71
113.4212,-18.4743,135.62
113.6711,-18.4743,141.27
113.9209,-18.4743,147.44
114.1707,-18.4743,153.80
114.4205,-18.4743,159.81
114.6704,-18.4743,164.64
114.9202,-18.4743,167.11
115.1700,-18.4743,166.19
115.4198,-18.4743,162.87
115.6697,-18.4743,158.33
115.9195,-18.4743,153.38
116.1693,-18.4743,148.57
116.4192,-18.4743,144.28
116.6690,-18.4743,140.76
116.9188,-18.4743,138.23
117.1686,-18.4743,136.82
117.4185,-18.4743,136.37
117.6683,-18.4743,136.66
117.9181,-18.4743,137.52
118.1679,-18.4743,138.79
118.4178,-18.4743,140.40
118.6676,-18.4743,142.33
118.9174,-18.4743,144.66
119.1672,-18.4743,147.49
119.4171,-18.4743,150.63
119.6669,-18.4743,153.92
119.9167,-18.4743,157.21
120.1666,-18.4743,160.41
120.4164,-18.4743,163.35
120.6662,-18.4743,165.79
120.9160,-18.4743,167.36
121.1659,-18.4743,167.71
121.4157,-18.4743,167.20
121.6655,-18.4743,166.19
121.9153,-18.4743,164.95
122.1652,-18.4743,163.61
122.4150,-18.4743,162.24
122.6648,-18.4743,160.88
122.9146,-18.4743,159.56
123.1645,-18.4743,158.26
123.4143,-18.4743,157.01
123.6641,-18.4743,155.84
123.9139,-18.4743,154.80
124.1638,-18.4743,154.01
124.4136,-18.4743,153.69
124.6634,-18.4743,154.19
124.9133,-18.4743,156.03
125.1631,-18.4743,159.65
125.4129,-18.4743,164.57
125.6627,-18.4743,170.25
125.9126,-18.4743,176.24
126.1624,-18.4743,182.22
126.4122,-18.4743,187.90
126.6620,-18.4743,192.97
126.9119,-18.4743,197.07
127.1617,-18.4743,199.93
127.4115,-18.4743,201.73
127.6613,-18.4743,202.75
127.9112,-18.4743,203.16
128.1610,-18.4743,203.08
128.4108,-18.4743,202.57
128.6607,-18.4743,201.70
128.9105,-18.4743,200.53
129.1603,-18.4743,199.18
129.4101,-18.4743,197.69
129.6600,-18.4743,196.13
129.9098,-18.4743,194.62
130.1596,-18.4743,193.30
130.4094,-18.4743,192.28
130.6593,-18.4743,191.61
130.9091,-18.4743,191.27
131.1589,-18.4743,191.15
131.4087,-18.4743,191.31
131.6586,-18.4743,191.73
131.9084,-18.4743,192.32
132.1582,-18.4743,192.93
132.4080,-18.4743,193.46
132.6579,-18.4743,193.82
132.9077,-18.4743,194.08
133.1575,-18.4743,194.36
133.4074,-18.4743,194.62
133.6572,-18.4743,194.91
133.9070,-18.4743,195.34
134.1568,-18.4743,196.03
134.4067,-18.4743,197.01
134.6565,-18.4743,198.14
134.9063,-18.4743,199.06
135.1561,-18.4743,199.40
135.4060,-18.4743,199.67
135.6558,-18.4743,200.37
135.9056,-18.4743,201.73
136.1554,-18.4743,203.71
136.4053,-18.4743,206.02
136.6551,-18.4743,208.19
136.9049,-18.4743,209.55
137.1548,-18.4743,209.48
137.4046,-18.4743,208.29
137.6544,-18.4743,206.38
137.9042,-18.4743,203.97
138.1541,-18.4743,201.14
138.4039,-18.4743,197.80
138.6537,-18.4743,193.73
138.9035,-18.4743,188.59
139.1534,-18.4743,182.06
139.4032,-18.4743,174.44
139.6530,-18.4743,166.08
139.9028,-18.4743,157.27
140.1527,-18.4743,148.27
140.4025,-18.4743,139.35
140.6523,-18.4743,130.91
140.9022,-18.4743,123.46
141.1520,-18.4743,117.50
141.4018,-18.4743,112.67
141.6516,-18.4743,108.55
141.9015,-18.4743,104.84
142.1513,-18.4743,101.38
142.4011,-18.4743,98.02
142.6509,-18.4743,94.63
142.9008,-18.4743,91.08
143.1506,-18.4743,87.31
143.4004,-18.4743,83.37
143.6502,-18.4743,79.41
143.9001,-18.4743,75.51
144.1499,-18.4743,71.80
144.3997,-18.4743,68.33
144.6495,-18.4743,65.22
144.8994,-18.4743,62.51
145.1492,-18.4743,60.29
145.3990,-18.4743,58.51
145.6489,-18.4743,57.12
145.8987,-18.4743,56.09
146.1485,-18.4743,55.39
146.3983,-18.4743,55.01
146.6482,-18.4743,54.91
146.8980,-18.4743,55.07
147.1478,-18.4743,55.45
147.3976,-18.4743,56.05
147.6475,-18.4743,56.86
147.8973,-18.4743,57.85
148.1471,-18.4743,58.94
148.3969,-18.4743,60.04
148.6468,-18.4743,61.00
148.8966,-18.4743,61.65
149.1464,-18.4743,61.85
149.3963,-18.4743,61.74
149.6461,-18.4743,61.48
149.8959,-18.4743,61.23
150.1457,-18.4743,61.11
150.3956,-18.4743,61.23
150.6454,-18.4743,61.67
150.8952,-18.4743,62.46
151.1450,-18.4743,63.58
151.3949,-18.4743,65.06
151.6447,-18.4743,66.89
151.8945,-18.4743,69.02
152.1443,-18.4743,71.41
152.3942,-18.4743,74.07
152.6440,-18.4743,77.09
152.8938,-18.4743,80.72
153.1437,-18.4743,85.19
153.3935,-18.4743,90.11
153.6433,-18.4743,95.08
153.8931,-18.4743,99.80
154.1430,-18.4743,104.06
154.3928,-18.4743,107.61
154.6426,-18.4743,110.17
154.8924,-18.4743,111.34
155.1423,-18.4743,110.79
155.3921,-18.4743,108.70
155.6419,-18.4743,105.30
155.8917,-18.4743,100.77
110.1735,-18.2247,115.92
110.4233,-18.2247,115.97
110.6731,-18.2247,116.02
110.9230,-18.2247,116.11
111.1728,-18.2247,116.26
111.4226,-18.2247,116.56
111.6724,-18.2247,117.10
111.9223,-18.2247,117.95
112.1721,-18.2247,119.22
112.4219,-18.2247,120.99
112.6718,-18.2247,123.37
112.9216,-18.2247,126.44
113.1714,-18.2247,130.23
113.4212,-18.2247,134.66
113.6711,-18.2247,139.60
113.9209,-18.2247,144.80
114.1707,-18.2247,149.94
114.4205,-18.2247,154.54
114.6704,-18.2247,157.97
114.9202,-18.2247,159.50
115.1700,-18.2247,158.72
115.4198,-18.2247,156.05
115.6697,-18.2247,152.19
115.9195,-18.2247,147.82
116.1693,-18.2247,143.43
116.4192,-18.2247,139.45
116.6690,-18.2247,136.18
116.9188,-18.2247,133.87
117.1686,-18.2247,132.63
117.4185,-18.2247,132.39
117.6683,-18.2247,132.97
117.9181,-18.2247,134.21
118.1679,-18.2247,135.92
118.4178,-18.2247,138.01
118.6676,-18.2247,140.39
118.9174,-18.2247,143.04
119.1672,-18.2247,145.93
119.4171,-18.2247,148.96
119.6669,-18.2247,151.99
119.9167,-18.2247,154.94
120.1666,-18.2247,157.68
120.4164,-18.2247,160.08
120.6662,-18.2247,161.99
120.9160,-18.2247,163.18
121.1659,-18.2247,163.54
121.4157,-18.2247,163.20
121.6655,-18.2247,162.38
121.9153,-18.2247,161.27
122.1652,-18.2247,160.00
122.4150,-18.2247,158.69
122.6648,-18.2247,157.42
122.9146,-18.2247,156.25
123.1645,-18.2247,155.22
123.4143,-18.2247,154.36
123.6641,-18.2247,153.68
123.9139,-18.2247,153.22
124.1638,-18.2247,153.07
124.4136,-18.2247,153.40
124.6634,-18.2247,154.44
124.9133,-18.2247,156.48
125.1631,-18.2247,159.70
125.4129,-18.2247,163.90
125.6627,-18.2247,168.76
125.9126,-18.2247,173.96
126.1624,-18.2247,179.23
126.4122,-18.2247,184.33
126.6620,-18.2247,189.00
126.9119,-18.2247,192.99
127.1617,-18.2247,196.15
127.4115,-18.2247,198.52
127.6613,-18.2247,200.23
127.9112,-18.2247,201.39
128.1610,-18.2247,202.03
128.4108,-18.2247,202.15
128.6607,-18.2247,201.74
128.9105,-18.2247,200.79
129.1603,-18.2247,199.34
129.4101,-18.2247,197.49
129.6600,-18.2247,195.38
129.9098,-18.2247,193.23
130.1596,-18.2247,191.23
130.4094,-18.2247,189.60
130.6593,-18.2247,188.51
130.9091,-18.2247,188.05
131.1589,-18.2247,188.22
131.4087,-18.2247,189.00
131.6586,-18.2247,190.27
131.9084,-18.2247,191.82
132.1582,-18.2247,193.44
132.4080,-18.2247,194.91
132.6579,-18.2247,196.06
132.9077,-18.2247,196.79
133.1575,-18.2247,197.10
133.4074,-18.2247,197.04
133.6572,-18.2247,196.76
133.9070,-18.2247,196.45
134.1568,-18.2247,196.28
134.4067,-18.2247,196.36
134.6565,-18.2247,196.71
134.9063,-18.2247,197.21
135.1561,-18.2247,197.77
135.4060,-18.2247,198.58
135.6558,-18.2247,199.84
135.9056,-18.2247,201.58
136.1554,-18.2247,203.68
136.4053,-18.2247,205.85
136.6551,-18.2247,207.67
136.9049,-18.2247,208.66
137.1548,-18.2247,208.48
137.4046,-18.2247,207.22
137.6544,-18.2247,205.11
137.9042,-18.2247,202.38
138.1541,-18.2247,199.14
138.4039,-18.2247,195.43
138.6537,-18.2247,191.18
138.9035,-18.2247,186.29
139.1534,-18.2247,180.65
139.4032,-18.2247,174.39
139.6530,-18.2247,167.66
139.9028,-18.2247,160.62
140.1527,-18.2247,153.41
140.4025,-18.2247,146.19
140.6523,-18.2247,139.20
140.9022,-18.2247,132.68
141.1520,-18.2247,126.85
141.4018,-18.2247,121.62
141.6516,-18.2247,116.82
141.9015,-18.2247,112.32
142.1513,-18.2247,108.01
142.4011,-18.2247,103.78
142.6509,-18.2247,99.52
142.9008,-18.2247,95.13
143.1506,-18.2247,90.57
143.4004,-18.2247,85.89
143.6502,-18.2247,81.22
143.9001,-18.2247,76.67
144.1499,-18.2247,72.38
144.3997,-18.2247,68.44
144.6495,-18.2247,64.93
144.8994,-18.2247,61.92
145.1492,-18.2247,59.44
145.3990,-18.2247,57.46
145.6489,-18.2247,55.92
145.8987,-18.2247,54.79
146.1485,-18.2247,54.00
146.3983,-18.2247,53.53
146.6482,-18.2247,53.35
146.8980,-18.2247,53.44
147.1478,-18.2247,53.76
147.3976,-18.2247,54.32
147.6475,-18.2247,55.08
147.8973,-18.2247,56.01
148.1471,-18.2247,57.03
148.3969,-18.2247,58.05
148.6468,-18.2247,58.95
148.8966,-18.2247,59.61
149.1464,-18.2247,59.95
149.3963,-18.2247,60.04
149.6461,-18.2247,60.00
149.8959,-18.2247,59.98
150.1457,-18.2247,60.11
150.3956,-18.2247,60.55
150.6454,-18.2247,61.41
150.8952,-18.2247,62.80
151.1450,-18.2247,64.74
151.3949,-18.2247,67.21
151.6447,-18.2247,70.14
151.8945,-18.2247,73.41
152.1443,-18.2247,76.90
152.3942,-18.2247,80.54
152.6440,-18.2247,84.28
152.8938,-18.2247,88.15
153.1437,-18.2247,92.18
153.3935,-18.2247,96.21
153.6433,-18.2247,100.07
153.8931,-18.2247,103.64
154.1430,-18.2247,106.79
154.3928,-18.2247,109.39
154.6426,-18.2247,111.27
154.8924,-18.2247,112.20
155.1423,-18.2247,112.02
155.3921,-18.2247,110.74
155.6419,-18.2247,108.45
155.8917,-18.2247,105.22
110.1735,-17.9750,114.37
110.4233,-17.9750,114.27
110.6731,-17.9750,114.23
110.9230,-17.9750,114.30
111.1728,-17.9750,114.55
111.4226,-17.9750,115.01
111.6724,-17.9750,115.74
111.9223,-17.9750,116.78
112.1721,-17.9750,118.19
112.4219,-17.9750,120.03
112.6718,-17.9750,122.34
112.9216,-17.9750,125.19
113.1714,-17.9750,128.53
113.4212,-17.9750,132.31
113.6711,-17.9750,136.35
113.9209,-17.9750,140.43
114.1707,-17.9750,144.26
114.4205,-17.9750,147.48
114.6704,-17.9750,149.67
114.9202,-17.9750,150.48
115.1700,-17.9750,149.74
115.4198,-17.9750,147.61
115.6697,-17.9750,144.50
115.9195,-17.9750,140.85
116.1693,-17.9750,137.09
116.4192,-17.9750,133.61
116.6690,-17.9750,130.76
116.9188,-17.9750,128.84
117.1686,-17.9750,127.98
117.4185,-17.9750,128.15
117.6683,-17.9750,129.18
117.9181,-17.9750,130.91
118.1679,-17.9750,133.15
118.4178,-17.9750,135.74
118.6676,-17.9750,138.55
118.9174,-17.9750,141.47
119.1672,-17.9750,144.41
119.4171,-17.9750,147.28
119.6669,-17.9750,150.00
119.9167,-17.9750,152.52
120.1666,-17.9750,154.75
120.4164,-17.9750,156.60
120.6662,-17.9750,158.00
120.9160,-17.9750,158.87
121.1659,-17.9750,159.20
121.4157,-17.9750,159.03
121.6655,-17.9750,158.43
121.9153,-17.9750,157.52
122.1652,-17.9750,156.41
122.4150,-17.9750,155.24
122.6648,-17.9750,154.13
122.9146,-17.9750,153.22
123.1645,-17.9750,152.56
123.4143,-17.9750,152.20
123.6641,-17.9750,152.11
123.9139,-17.9750,152.30
124.1638,-17.9750,152.81
124.4136,-17.9750,153.73
124.6634,-17.9750,155.18
124.9133,-17.9750,157.26
125.1631,-17.9750,160.06
125.4129,-17.9750,163.50
125.6627,-17.9750,167.43
125.9126,-17.9750,171.69
126.1624,-17.9750,176.10
126.4122,-17.9750,180.49
126.6620,-17.9750,184.67
126.9119,-17.9750,188.48
127.1617,-17.9750,191.81
127.4115,-17.9750,194.64
127.6613,-17.9750,197.00
127.9112,-17.9750,198.91
128.1610,-17.9750,200.32
128.4108,-17.9750,201.15
128.6607,-17.9750,201.28
128.9105,-17.9750,200.60
129.1603,-17.9750,199.09
129.4101,-17.9750,196.88
129.6600,-17.9750,194.20
129.9098,-17.9750,191.35
130.1596,-17.9750,188.63
130.4094,-17.9750,186.35
130.6593,-17.9750,184.79
130.9091,-17.9750,184.21
131.1589,-17.9750,184.70
131.4087,-17.9750,186.15
131.6586,-17.9750,188.32
131.9084,-17.9750,190.91
132.1582,-17.9750,193.60
132.4080,-17.9750,196.05
132.6579,-17.9750,197.95
132.9077,-17.9750,199.06
133.1575,-17.9750,199.25
133.4074,-17.9750,198.68
133.6572,-17.9750,197.58
133.9070,-17.9750,196.26
134.1568,-17.9750,194.99
134.4067,-17.9750,194.00
134.6565,-17.9750,193.45
134.9063,-17.9750,193.45
135.1561,-17.9750,194.07
135.4060,-17.9750,195.28
135.6558,-17.9750,197.03
135.9056,-17.9750,199.18
136.1554,-17.9750,201.49
136.4053,-17.9750,203.65
136.6551,-17.9750,205.31
136.9049,-17.9750,206.11
137.1548,-17.9750,205.83
137.4046,-17.9750,204.49
137.6544,-17.9750,202.24
137.9042,-17.9750,199.28
138.1541,-17.9750,195.77
138.4039,-17.9750,191.86
138.6537,-17.9750,187.65
138.9035,-17.9750,183.21
139.1534,-17.9750,178.59
139.4032,-17.9750,173.81
139.6530,-17.9750,168.85
139.9028,-17.9750,163.72
140.1527,-17.9750,158.43
140.4025,-17.9750,152.99
140.6523,-17.9750,147.44
140.9022,-17.9750,141.80
141.1520,-17.9750,136.14
141.4018,-17.9750,130.52
141.6516,-17.9750,125.01
141.9015,-17.9750,119.65
142.1513,-17.9750,114.43
142.4011,-17.9750,109.31
142.6509,-17.9750,104.19
142.9008,-17.9750,98.97
143.1506,-17.9750,93.59
143.4004,-17.9750,88.15
143.6502,-17.9750,82.77
143.9001,-17.9750,77.60
144.1499,-17.9750,72.77
144.3997,-17.9750,68.37
144.6495,-17.9750,64.50
144.8994,-17.9750,61.20
145.1492,-17.9750,58.51
145.3990,-17.9750,56.37
145.6489,-17.9750,54.71
145.8987,-17.9750,53.47
146.1485,-17.9750,52.57
146.3983,-17.9750,51.99
146.6482,-17.9750,51.70
146.8980,-17.9750,51.69
147.1478,-17.9750,51.93
147.3976,-17.9750,52.41
147.6475,-17.9750,53.11
147.8973,-17.9750,53.97
148.1471,-17.9750,54.95
148.3969,-17.9750,55.94
148.6468,-17.9750,56.84
148.8966,-17.9750,57.57
149.1464,-17.9750,58.06
149.3963,-17.9750,58.36
149.6461,-17.9750,58.55
149.8959,-17.9750,58.77
150.1457,-17.9750,59.16
150.3956,-17.9750,59.90
150.6454,-17.9750,61.17
150.8952,-17.9750,63.15
151.1450,-17.9750,65.93
151.3949,-17.9750,69.44
151.6447,-17.9750,73.51
151.8945,-17.9750,77.95
152.1443,-17.9750,82.58
152.3942,-17.9750,87.19
152.6440,-17.9750,91.61
152.8938,-17.9750,95.65
153.1437,-17.9750,99.22
153.3935,-17.9750,102.32
153.6433,-17.9750,105.01
153.8931,-17.9750,107.35
154.1430,-17.9750,109.37
154.3928,-17.9750,111.04
154.6426,-17.9750,112.32
154.8924,-17.9750,113.12
155.1423,-17.9750,113.38
155.3921,-17.9750,113.03
155.6419,-17.9750,112.00
155.8917,-17.9750,110.26
110.1735,-17.7254,112.90
110.4233,-17.7254,112.62
110.6731,-17.7254,112.45
110.9230,-17.7254,112.47
111.1728,-17.7254,112.76
111.4226,-17.7254,113.34
111.6724,-17.7254,114.19
111.9223,-17.7254,115.33
112.1721,-17.7254,116.78
112.4219,-17.7254,118.56
112.6718,-17.7254,120.69
112.9216,-17.7254,123.17
113.1714,-17.7254,125.99
113.4212,-17.7254,129.01
113.6711,-17.7254,132.10
113.9209,-17.7254,135.03
114.1707,-17.7254,137.58
114.4205,-17.7254,139.51
114.6704,-17.7254,140.62
114.9202,-17.7254,140.81
115.1700,-17.7254,140.09
115.4198,-17.7254,138.47
115.6697,-17.7254,136.09
115.9195,-17.7254,133.19
116.1693,-17.7254,130.11
116.4192,-17.7254,127.19
116.6690,-17.7254,124.83
116.9188,-17.7254,123.37
117.1686,-17.7254,123.02
117.4185,-17.7254,123.73
117.6683,-17.7254,125.33
117.9181,-17.7254,127.62
118.1679,-17.7254,130.41
118.4178,-17.7254,133.53
118.6676,-17.7254,136.78
118.9174,-17.7254,139.97
119.1672,-17.7254,142.94
119.4171,-17.7254,145.64
119.6669,-17.7254,148.06
119.9167,-17.7254,150.16
120.1666,-17.7254,151.90
120.4164,-17.7254,153.23
120.6662,-17.7254,154.16
120.9160,-17.7254,154.76
121.1659,-17.7254,155.08
121.4157,-17.7254,155.07
121.6655,-17.7254,154.71
121.9153,-17.7254,154.01
122.1652,-17.7254,153.08
122.4150,-17.7254,152.06
122.6648,-17.7254,151.15
122.9146,-17.7254,150.51
123.1645,-17.7254,150.29
123.4143,-17.7254,150.47
123.6641,-17.7254,151.01
123.9139,-17.7254,151.86
124.1638,-17.7254,153.00
124.4136,-17.7254,154.44
124.6634,-17.7254,156.18
124.9133,-17.7254,158.20
125.1631,-17.7254,160.50
125.4129,-17.7254,163.10
125.6627,-17.7254,166.03
125.9126,-17.7254,169.25
126.1624,-17.7254,172.70
126.4122,-17.7254,176.29
126.6620,-17.7254,179.92
126.9119,-17.7254,183.48
127.1617,-17.7254,186.87
127.4115,-17.7254,190.07
127.6613,-17.7254,193.02
127.9112,-17.7254,195.68
128.1610,-17.7254,197.92
128.4108,-17.7254,199.55
128.6607,-17.7254,200.34
128.9105,-17.7254,200.03
129.1603,-17.7254,198.48
129.4101,-17.7254,195.90
129.6600,-17.7254,192.65
129.9098,-17.7254,189.09
130.1596,-17.7254,185.62
130.4094,-17.7254,182.64
130.6593,-17.7254,180.57
130.9091,-17.7254,179.82
131.1589,-17.7254,180.64
131.4087,-17.7254,182.81
131.6586,-17.7254,185.93
131.9084,-17.7254,189.58
132.1582,-17.7254,193.33
132.4080,-17.7254,196.77
132.6579,-17.7254,199.44
132.9077,-17.7254,200.87
133.1575,-17.7254,200.83
133.4074,-17.7254,199.55
133.6572,-17.7254,197.47
133.9070,-17.7254,195.00
134.1568,-17.7254,192.51
134.4067,-17.7254,190.34
134.6565,-17.7254,188.82
134.9063,-17.7254,188.26
135.1561,-17.7254,188.86
135.4060,-17.7254,190.44
135.6558,-17.7254,192.67
135.9056,-17.7254,195.24
136.1554,-17.7254,197.81
136.4053,-17.7254,200.09
136.6551,-17.7254,201.73
136.9049,-17.7254,202.47
137.1548,-17.7254,202.12
137.4046,-17.7254,200.70
137.6544,-17.7254,198.33
137.9042,-17.7254,195.20
138.1541,-17.7254,191.52
138.4039,-17.7254,187.50
138.6537,-17.7254,183.41
138.9035,-17.7254,179.51
139.1534,-17.7254,176.00
139.4032,-17.7254,172.78
139.6530,-17.7254,169.65
139.9028,-17.7254,166.46
140.1527,-17.7254,163.09
140.4025,-17.7254,159.41
140.6523,-17.7254,155.27
140.9022,-17.7254,150.47
141.1520,-17.7254,144.92
141.4018,-17.7254,138.85
141.6516,-17.7254,132.57
141.9015,-17.7254,126.32
142.1513,-17.7254,120.19
142.4011,-17.7254,114.22
142.6509,-17.7254,108.29
142.9008,-17.7254,102.29
143.1506,-17.7254,96.13
143.4004,-17.7254,89.92
143.6502,-17.7254,83.87
143.9001,-17.7254,78.12
144.1499,-17.7254,72.82
144.3997,-17.7254,68.04
144.6495,-17.7254,63.86
144.8994,-17.7254,60.34
145.1492,-17.7254,57.50
145.3990,-17.7254,55.26
145.6489,-17.7254,53.52
145.8987,-17.7254,52.18
146.1485,-17.7254,51.17
146.3983,-17.7254,50.47
146.6482,-17.7254,50.05
146.8980,-17.7254,49.90
147.1478,-17.7254,50.03
147.3976,-17.7254,50.42
147.6475,-17.7254,51.04
147.8973,-17.7254,51.85
148.1471,-17.7254,52.80
148.3969,-17.7254,53.81
148.6468,-17.7254,54.80
148.8966,-17.7254,55.66
149.1464,-17.7254,56.34
149.3963,-17.7254,56.87
149.6461,-17.7254,57.31
149.8959,-17.7254,57.79
150.1457,-17.7254,58.42
150.3956,-17.7254,59.42
150.6454,-17.7254,61.04
150.8952,-17.7254,63.56
151.1450,-17.7254,67.16
151.3949,-17.7254,71.69
151.6447,-17.7254,76.87
151.8945,-17.7254,82.44
152.1443,-17.7254,88.13
152.3942,-17.7254,93.68
152.6440,-17.7254,98.73
152.8938,-17.7254,102.91
153.1437,-17.7254,105.94
153.3935,-17.7254,108.04
153.6433,-17.7254,109.53
153.8931,-17.7254,110.66
154.1430,-17.7254,111.58
154.3928,-17.7254,112.38
154.6426,-17.7254,113.13
154.8924,-17.7254,113.90
155.1423,-17.7254,114.68
155.3921,-17.7254,115.33
155.6419,-17.7254,115.65
155.8917,-17.7254,115.47
110.1735,-17.4757,111.61
110.4233,-17.4757,111.13
110.6731,-17.4757,110.79
110.9230,-17.4757,110.71
111.1728,-17.4757,111.02
111.4226,-17.4757,111.66
111.6724,-17.4757,112.59
111.9223,-17.4757,113.76
112.1721,-17.4757,115.16
112.4219,-17.4757,116.80
112.6718,-17.4757,118.65
112.9216,-17.4757,120.72
113.1714,-17.4757,122.96
113.4212,-17.4757,125.24
113.6711,-17.4757,127.40
113.9209,-17.4757,129.26
114.1707,-17.4757,130.64
114.4205,-17.4757,131.40
114.6704,-17.4757,131.52
114.9202,-17.4757,131.15
115.1700,-17.4757,130.51
115.4198,-17.4757,129.41
115.6697,-17.4757,127.73
115.9195,-17.4757,125.55
116.1693,-17.4757,123.11
116.4192,-17.4757,120.73
116.6690,-17.4757,118.80
116.9188,-17.4757,117.77
117.1686,-17.4757,118.00
117.4185,-17.4757,119.33
117.6683,-17.4757,121.53
117.9181,-17.4757,124.39
118.1679,-17.4757,127.71
118.4178,-17.4757,131.34
118.6676,-17.4757,135.03
118.9174,-17.4757,138.52
119.1672,-17.4757,141.51
119.4171,-17.4757,144.06
119.6669,-17.4757,146.24
119.9167,-17.4757,148.02
120.1666,-17.4757,149.37
120.4164,-17.4757,150.27
120.6662,-17.4757,150.79
120.9160,-17.4757,151.13
121.1659,-17.4757,151.51
121.4157,-17.4757,151.71
121.6655,-17.4757,151.57
121.9153,-17.4757,151.06
122.1652,-17.4757,150.26
122.4150,-17.4757,149.36
122.6648,-17.4757,148.57
122.9146,-17.4757,148.18
123.1645,-17.4757,148.39
123.4143,-17.4757,149.14
123.6641,-17.4757,150.30
123.9139,-17.4757,151.76
124.1638,-17.4757,153.46
124.4136,-17.4757,155.33
124.6634,-17.4757,157.27
124.9133,-17.4757,159.15
125.1631,-17.4757,160.84
125.4129,-17.4757,162.51
125.6627,-17.4757,164.35
125.9126,-17.4757,166.46
126.1624,-17.4757,168.87
126.4122,-17.4757,171.61
126.6620,-17.4757,174.62
126.9119,-17.4757,177.86
127.1617,-17.4757,181.25
127.4115,-17.4757,184.73
127.6613,-17.4757,188.23
127.9112,-17.4757,191.62
128.1610,-17.4757,194.72
128.4108,-17.4757,197.25
128.6607,-17.4757,198.84
128.9105,-17.4757,199.04
129.1603,-17.4757,197.49
129.4101,-17.4757,194.57
129.6600,-17.4757,190.78
129.9098,-17.4757,186.58
130.1596,-17.4757,182.40
130.4094,-17.4757,178.70
130.6593,-17.4757,176.03
130.9091,-17.4757,175.03
131.1589,-17.4757,176.22
131.4087,-17.4757,179.14
131.6586,-17.4757,183.18
131.9084,-17.4757,187.81
132.1582,-17.4757,192.56
132.4080,-17.4757,196.95
132.6579,-17.4757,200.40
132.9077,-17.4757,202.20
133.1575,-17.4757,201.76
133.4074,-17.4757,199.64
133.6572,-17.4757,196.50
133.9070,-17.4757,192.88
134.1568,-17.4757,189.20
134.4067,-17.4757,185.85
134.6565,-17.4757,183.30
134.9063,-17.4757,182.11
135.1561,-17.4757,182.76
135.4060,-17.4757,184.75
135.6558,-17.4757,187.47
135.9056,-17.4757,190.45
136.1554,-17.4757,193.33
136.4053,-17.4757,195.78
136.6551,-17.4757,197.50
136.9049,-17.4757,198.24
137.1548,-17.4757,197.85
137.4046,-17.4757,196.37
137.6544,-17.4757,193.91
137.9042,-17.4757,190.67
138.1541,-17.4757,186.86
138.4039,-17.4757,182.78
138.6537,-17.4757,178.80
138.9035,-17.4757,175.42
139.1534,-17.4757,173.08
139.4032,-17.4757,171.43
139.6530,-17.4757,170.08
139.9028,-17.4757,168.73
140.1527,-17.4757,167.16
140.4025,-17.4757,165.15
140.6523,-17.4757,162.37
140.9022,-17.4757,158.37
141.1520,-17.4757,152.76
141.4018,-17.4757,146.10
141.6516,-17.4757,138.98
141.9015,-17.4757,131.80
142.1513,-17.4757,124.80
142.4011,-17.4757,118.04
142.6509,-17.4757,111.43
142.9008,-17.4757,104.78
143.1506,-17.4757,97.86
143.4004,-17.4757,90.95
143.6502,-17.4757,84.30
143.9001,-17.4757,78.09
144.1499,-17.4757,72.44
144.3997,-17.4757,67.38
144.6495,-17.4757,62.99
144.8994,-17.4757,59.33
145.1492,-17.4757,56.44
145.3990,-17.4757,54.19
145.6489,-17.4757,52.41
145.8987,-17.4757,51.00
146.1485,-17.4757,49.88
146.3983,-17.4757,49.04
146.6482,-17.4757,48.45
146.8980,-17.4757,48.15
147.1478,-17.4757,48.15
147.3976,-17.4757,48.43
147.6475,-17.4757,48.97
147.8973,-17.4757,49.73
148.1471,-17.4757,50.68
148.3969,-17.4757,51.76
148.6468,-17.4757,52.88
148.8966,-17.4757,53.95
149.1464,-17.4757,54.88
149.3963,-17.4757,55.69
149.6461,-17.4757,56.45
149.8959,-17.4757,57.23
150.1457,-17.4757,58.13
150.3956,-17.4757,59.36
150.6454,-17.4757,61.21
150.8952,-17.4757,64.12
151.1450,-17.4757,68.50
151.3949,-17.4757,73.98
151.6447,-17.4757,80.13
151.8945,-17.4757,86.64
152.1443,-17.4757,93.23
152.3942,-17.4757,99.59
152.6440,-17.4757,105.25
152.8938,-17.4757,109.56
153.1437,-17.4757,111.92
153.3935,-17.4757,112.93
153.6433,-17.4757,113.22
153.8931,-17.4757,113.22
154.1430,-17.4757,113.16
154.3928,-17.4757,113.22
154.6426,-17.4757,113.53
154.8924,-17.4757,114.31
155.1423,-17.4757,115.70
155.3921,-17.4757,117.41
155.6419,-17.4757,119.07
155.8917,-17.4757,120.42
110.1735,-17.2261,110.59
110.4233,-17.2261,109.91
110.6731,-17.2261,109.37
110.9230,-17.2261,109.14
111.1728,-17.2261,109.46
111.4226,-17.2261,110.16
111.6724,-17.2261,111.11
111.9223,-17.2261,112.25
112.1721,-17.2261,113.54
112.4219,-17.2261,114.97
112.6718,-17.2261,116.52
112.9216,-17.2261,118.15
113.1714,-17.2261,119.83
113.4212,-17.2261,121.43
113.6711,-17.2261,122.77
113.9209,-17.2261,123.70
114.1707,-17.2261,124.09
114.4205,-17.2261,123.85
114.6704,-17.2261,123.08
114.9202,-17.2261,122.13
115.1700,-17.2261,121.71
115.4198,-17.2261,121.15
115.6697,-17.2261,120.11
115.9195,-17.2261,118.58
116.1693,-17.2261,116.71
116.4192,-17.2261,114.77
116.6690,-17.2261,113.17
116.9188,-17.2261,112.43
117.1686,-17.2261,113.28
117.4185,-17.2261,115.22
117.6683,-17.2261,117.95
117.9181,-17.2261,121.26
118.1679,-17.2261,125.02
118.4178,-17.2261,129.08
118.6676,-17.2261,133.21
118.9174,-17.2261,137.05
119.1672,-17.2261,140.05
119.4171,-17.2261,142.52
119.6669,-17.2261,144.59
119.9167,-17.2261,146.24
120.1666,-17.2261,147.40
120.4164,-17.2261,148.04
120.6662,-17.2261,148.23
120.9160,-17.2261,148.31
121.1659,-17.2261,148.87
121.4157,-17.2261,149.32
121.6655,-17.2261,149.36
121.9153,-17.2261,148.95
122.1652,-17.2261,148.20
122.4150,-17.2261,147.31
122.6648,-17.2261,146.56
122.9146,-17.2261,146.29
123.1645,-17.2261,146.94
123.4143,-17.2261,148.22
123.6641,-17.2261,149.92
123.9139,-17.2261,151.90
124.1638,-17.2261,154.04
124.4136,-17.2261,156.22
124.6634,-17.2261,158.28
124.9133,-17.2261,159.98
125.1631,-17.2261,160.91
125.4129,-17.2261,161.54
125.6627,-17.2261,162.22
125.9126,-17.2261,163.15
126.1624,-17.2261,164.48
126.4122,-17.2261,166.29
126.6620,-17.2261,168.64
126.9119,-17.2261,171.50
127.1617,-17.2261,174.81
127.4115,-17.2261,178.52
127.6613,-17.2261,182.52
127.9112,-17.2261,186.63
128.1610,-17.2261,190.59
128.4108,-17.2261,194.07
128.6607,-17.2261,196.62
128.9105,-17.2261,197.56
129.1603,-17.2261,196.00
129.4101,-17.2261,192.81
129.6600,-17.2261,188.63
129.9098,-17.2261,183.97
130.1596,-17.2261,179.23
130.4094,-17.2261,174.90
130.6593,-17.2261,171.57
130.9091,-17.2261,170.14
131.1589,-17.2261,171.81
131.4087,-17.2261,175.46
131.6586,-17.2261,180.25
131.9084,-17.2261,185.62
132.1582,-17.2261,191.14
132.4080,-17.2261,196.32
132.6579,-17.2261,200.54
132.9077,-17.2261,202.82
133.1575,-17.2261,201.80
133.4074,-17.2261,198.78
133.6572,-17.2261,194.69
133.9070,-17.2261,190.11
134.1568,-17.2261,185.44
134.4067,-17.2261,181.08
134.6565,-17.2261,177.53
134.9063,-17.2261,175.62
135.1561,-17.2261,176.51
135.4060,-17.2261,178.97
135.6558,-17.2261,182.15
135.9056,-17.2261,185.49
136.1554,-17.2261,188.62
136.4053,-17.2261,191.23
136.6551,-17.2261,193.06
136.9049,-17.2261,193.86
137.1548,-17.2261,193.44
137.4046,-17.2261,191.92
137.6544,-17.2261,189.42
137.9042,-17.2261,186.14
138.1541,-17.2261,182.30
138.4039,-17.2261,178.20
138.6537,-17.2261,174.29
138.9035,-17.2261,171.27
139.1534,-17.2261,170.15
139.4032,-17.2261,170.02
139.6530,-17.2261,170.25
139.9028,-17.2261,170.46
140.1527,-17.2261,170.41
140.4025,-17.2261,169.82
140.6523,-17.2261,168.29
140.9022,-17.2261,165.09
141.1520,-17.2261,159.13
141.4018,-17.2261,151.69
141.6516,-17.2261,143.68
141.9015,-17.2261,135.61
142.1513,-17.2261,127.77
142.4011,-17.2261,120.30
142.6509,-17.2261,113.16
142.9008,-17.2261,106.04
143.1506,-17.2261,98.42
143.4004,-17.2261,90.90
143.6502,-17.2261,83.83
143.9001,-17.2261,77.36
144.1499,-17.2261,71.56
144.3997,-17.2261,66.41
144.6495,-17.2261,61.94
144.8994,-17.2261,58.23
145.1492,-17.2261,55.43
145.3990,-17.2261,53.25
145.6489,-17.2261,51.48
145.8987,-17.2261,50.01
146.1485,-17.2261,48.78
146.3983,-17.2261,47.78
146.6482,-17.2261,47.01
146.8980,-17.2261,46.52
147.1478,-17.2261,46.37
147.3976,-17.2261,46.53
147.6475,-17.2261,46.97
147.8973,-17.2261,47.67
148.1471,-17.2261,48.63
148.3969,-17.2261,49.81
148.6468,-17.2261,51.14
148.8966,-17.2261,52.50
149.1464,-17.2261,53.74
149.3963,-17.2261,54.93
149.6461,-17.2261,56.11
149.8959,-17.2261,57.31
150.1457,-17.2261,58.57
150.3956,-17.2261,60.03
150.6454,-17.2261,62.00
150.8952,-17.2261,65.08
151.1450,-17.2261,70.19
151.3949,-17.2261,76.45
151.6447,-17.2261,83.28
151.8945,-17.2261,90.37
152.1443,-17.2261,97.49
152.3942,-17.2261,104.37
152.6440,-17.2261,110.55
152.8938,-17.2261,115.08
153.1437,-17.2261,116.53
153.3935,-17.2261,116.39
153.6433,-17.2261,115.62
153.8931,-17.2261,114.71
154.1430,-17.2261,113.94
154.3928,-17.2261,113.45
154.6426,-17.2261,113.43
154.8924,-17.2261,114.23
155.1423,-17.2261,116.35
155.3921,-17.2261,119.11
155.6419,-17.2261,122.00
155.8917,-17.2261,124.69
110.1735,-16.9764,109.95
110.4233,-16.9764,109.11
110.6731,-16.9764,108.38
110.9230,-16.9764,107.95
111.1728,-16.9764,108.30
111.4226,-16.9764,109.00
111.6724,-16.9764,109.90
111.9223,-16.9764,110.95
112.1721,-16.9764,112.10
112.4219,-16.9764,113.30
112.6718,-16.9764,114.53
112.9216,-16.9764,115.73
113.1714,-16.9764,116.94
113.4212,-16.9764,117.95
113.6711,-16.9764,118.63
113.9209,-16.9764,118.84
114.1707,-16.9764,118.50
114.4205,-16.9764,117.55
114.6704,-16.9764,116.10
114.9202,-16.9764,114.55
115.1700,-16.9764,114.51
115.4198,-16.9764,114.40
115.6697,-16.9764,113.85
115.9195,-16.9764,112.83
116.1693,-16.9764,111.44
116.4192,-16.9764,109.92
116.6690,-16.9764,108.58
116.9188,-16.9764,107.94
117.1686,-16.9764,109.38
117.4185,-16.9764,111.76
117.6683,-16.9764,114.79
117.9181,-16.9764,118.33
118.1679,-16.9764,122.31
118.4178,-16.9764,126.60
118.6676,-16.9764,131.06
118.9174,-16.9764,135.31
119.1672,-16.9764,138.31
119.4171,-16.9764,140.87
119.6669,-16.9764,143.09
119.9167,-16.9764,144.91
120.1666,-16.9764,146.21
120.4164,-16.9764,146.90
120.6662,-16.9764,147.00
120.9160,-16.9764,146.80
121.1659,-16.9764,147.68
121.4157,-16.9764,148.29
121.6655,-16.9764,148.36
121.9153,-16.9764,147.90
122.1652,-16.9764,147.08
122.4150,-16.9764,146.12
122.6648,-16.9764,145.31
122.9146,-16.9764,145.01
123.1645,-16.9764,146.07
123.4143,-16.9764,147.76
123.6641,-16.9764,149.87
123.9139,-16.9764,152.20
124.1638,-16.9764,154.60
124.4136,-16.9764,156.91
124.6634,-16.9764,158.95
124.9133,-16.9764,160.42
125.1631,-16.9764,160.44
125.4129,-16.9764,159.99
125.6627,-16.9764,159.50
125.9126,-16.9764,159.23
126.1624,-16.9764,159.41
126.4122,-16.9764,160.25
126.6620,-16.9764,161.85
126.9119,-16.9764,164.29
127.1617,-16.9764,167.46
127.4115,-16.9764,171.35
127.6613,-16.9764,175.81
127.9112,-16.9764,180.59
128.1610,-16.9764,185.36
128.4108,-16.9764,189.74
128.6607,-16.9764,193.25
128.9105,-16.9764,195.18
129.1603,-16.9764,193.63
129.4101,-16.9764,190.41
129.6600,-16.9764,186.19
129.9098,-16.9764,181.39
130.1596,-16.9764,176.44
130.4094,-16.9764,171.78
130.6593,-16.9764,167.97
130.9091,-16.9764,165.91
131.1589,-16.9764,168.15
131.4087,-16.9764,172.25
131.6586,-16.9764,177.38
131.9084,-16.9764,183.06
132.1582,-16.9764,188.89
132.4080,-16.9764,194.44
132.6579,-16.9764,199.16
132.9077,-16.9764,202.07
133.1575,-16.9764,200.27
133.4074,-16.9764,196.60
133.6572,-16.9764,191.97
133.9070,-16.9764,186.88
134.1568,-16.9764,181.68
134.4067,-16.9764,176.74
134.6565,-16.9764,172.50
134.9063,-16.9764,169.79
135.1561,-16.9764,171.17
135.4060,-16.9764,174.00
135.6558,-16.9764,177.42
135.9056,-16.9764,180.92
136.1554,-16.9764,184.16
136.4053,-16.9764,186.85
136.6551,-16.9764,188.74
136.9049,-16.9764,189.62
137.1548,-16.9764,189.18
137.4046,-16.9764,187.66
137.6544,-16.9764,185.22
137.9042,-16.9764,182.03
138.1541,-16.9764,178.32
138.4039,-16.9764,174.38
138.6537,-16.9764,170.61
138.9035,-16.9764,167.73
139.1534,-16.9764,167.86
139.4032,-16.9764,168.95
139.6530,-16.9764,170.32
139.9028,-16.9764,171.63
140.1527,-16.9764,172.60
140.4025,-16.9764,172.94
140.6523,-16.9764,172.28
140.9022,-16.9764,169.87
141.1520,-16.9764,163.21
141.4018,-16.9764,155.01
141.6516,-16.9764,146.20
141.9015,-16.9764,137.31
142.1513,-16.9764,128.68
142.4011,-16.9764,120.52
142.6509,-16.9764,112.89
142.9008,-16.9764,105.54
143.1506,-16.9764,97.29
143.4004,-16.9764,89.41
143.6502,-16.9764,82.23
143.9001,-16.9764,75.82
144.1499,-16.9764,70.16
144.3997,-16.9764,65.19
144.6495,-16.9764,60.86
144.8994,-16.9764,57.21
145.1492,-16.9764,54.65
145.3990,-16.9764,52.59
145.6489,-16.9764,50.84
145.8987,-16.9764,49.31
146.1485,-16.9764,47.96
146.3983,-16.9764,46.78
146.6482,-16.9764,45.81
146.8980,-16.9764,45.10
147.1478,-16.9764,44.79
147.3976,-16.9764,44.78
147.6475,-16.9764,45.09
147.8973,-16.9764,45.72
148.1471,-16.9764,46.68
148.3969,-16.9764,47.96
148.6468,-16.9764,49.53
148.8966,-16.9764,51.28
149.1464,-16.9764,52.91
149.3963,-16.9764,54.62
149.6461,-16.9764,56.40
149.8959,-16.9764,58.21
150.1457,-16.9764,60.03
150.3956,-16.9764,61.91
150.6454,-16.9764,64.05
150.8952,-16.9764,67.02
151.1450,-16.9764,72.80
151.3949,-16.9764,79.44
151.6447,-16.9764,86.40
151.8945,-16.9764,93.46
152.1443,-16.9764,100.48
152.3942,-16.9764,107.31
152.6440,-16.9764,113.59
152.8938,-16.9764,118.45
153.1437,-16.9764,118.72
153.3935,-16.9764,117.65
153.6433,-16.9764,116.23
153.8931,-16.9764,114.86
154.1430,-16.9764,113.78
154.3928,-16.9764,113.11
154.6426,-16.9764,113.01
154.8924,-16.9764,113.83
155.1423,-16.9764,116.77
155.3921,-16.9764,120.43
155.6419,-16.9764,124.26
155.8917,-16.9764,127.95
110.1735,-16.7268,109.77
110.4233,-16.7268,108.85
110.6731,-16.7268,108.08
110.9230,-16.7268,107.66
111.1728,-16.7268,107.81
111.4226,-16.7268,108.34
111.6724,-16.7268,109.10
111.9223,-16.7268,110.00
112.1721,-16.7268,110.97
112.4219,-16.7268,111.96
112.6718,-16.7268,112.91
112.9216,-16.7268,113.78
113.1714,-16.7268,114.55
113.4212,-16.7268,115.08
113.6711,-16.7268,115.26
113.9209,-16.7268,114.99
114.1707,-16.7268,114.24
114.4205,-16.7268,113.04
114.6704,-16.7268,111.56
114.9202,-16.7268,110.25
115.1700,-16.7268,109.87
115.4198,-16.7268,109.69
115.6697,-16.7268,109.32
115.9195,-16.7268,108.63
116.1693,-16.7268,107.67
116.4192,-16.7268,106.62
116.6690,-16.7268,105.80
116.9188,-16.7268,105.70
117.1686,-16.7268,107.02
117.4185,-16.7268,109.28
117.6683,-16.7268,112.21
117.9181,-16.7268,115.66
118.1679,-16.7268,119.54
118.4178,-16.7268,123.76
118.6676,-16.7268,128.15
118.9174,-16.7268,132.36
119.1672,-16.7268,135.86
119.4171,-16.7268,138.95
119.6669,-16.7268,141.71
119.9167,-16.7268,144.07
120.1666,-16.7268,145.91
120.4164,-16.7268,147.13
120.6662,-16.7268,147.75
120.9160,-16.7268,148.04
121.1659,-16.7268,148.63
121.4157,-16.7268,148.93
121.6655,-16.7268,148.70
121.9153,-16.7268,147.97
122.1652,-16.7268,146.94
122.4150,-16.7268,145.87
122.6648,-16.7268,145.10
122.9146,-16.7268,145.01
123.1645,-16.7268,146.03
123.4143,-16.7268,147.83
123.6641,-16.7268,150.11
123.9139,-16.7268,152.61
124.1638,-16.7268,155.08
124.4136,-16.7268,157.27
124.6634,-16.7268,158.91
124.9133,-16.7268,159.64
125.1631,-16.7268,159.07
125.4129,-16.7268,157.74
125.6627,-16.7268,156.13
125.9126,-16.7268,154.64
126.1624,-16.7268,153.63
126.4122,-16.7268,153.40
126.6620,-16.7268,154.18
126.9119,-16.7268,156.09
127.1617,-16.7268,159.13
127.4115,-16.7268,163.21
127.6613,-16.7268,168.12
127.9112,-16.7268,173.52
128.1610,-16.7268,178.99
128.4108,-16.7268,184.03
128.6607,-16.7268,188.05
128.9105,-16.7268,190.26
129.1603,-16.7268,189.71
129.4101,-16.7268,187.22
129.6600,-16.7268,183.47
129.9098,-16.7268,179.00
130.1596,-16.7268,174.29
130.4094,-16.7268,169.87
130.6593,-16.7268,166.41
130.9091,-16.7268,164.84
131.1589,-16.7268,166.42
131.4087,-16.7268,170.01
131.6586,-16.7268,174.80
131.9084,-16.7268,180.19
132.1582,-16.7268,185.73
132.4080,-16.7268,190.91
132.6579,-16.7268,195.09
132.9077,-16.7268,197.26
133.1575,-16.7268,196.06
133.4074,-16.7268,192.78
133.6572,-16.7268,188.36
133.9070,-16.7268,183.38
134.1568,-16.7268,178.28
134.4067,-16.7268,173.50
134.6565,-16.7268,169.60
134.9063,-16.7268,167.42
135.1561,-16.7268,168.16
135.4060,-16.7268,170.58
135.6558,-16.7268,173.76
135.9056,-16.7268,177.13
136.1554,-16.7268,180.28
136.4053,-16.7268,182.90
136.6551,-16.7268,184.73
136.9049,-16.7268,185.56
137.1548,-16.7268,185.21
137.4046,-16.7268,183.81
137.6544,-16.7268,181.53
137.9042,-16.7268,178.58
138.1541,-16.7268,175.22
138.4039,-16.7268,171.80
138.6537,-16.7268,168.79
138.9035,-16.7268,166.92
139.1534,-16.7268,167.19
139.4032,-16.7268,168.61
139.6530,-16.7268,170.47
139.9028,-16.7268,172.27
140.1527,-16.7268,173.62
140.4025,-16.7268,174.12
140.6523,-16.7268,173.25
140.9022,-16.7268,170.21
141.1520,-16.7268,163.88
141.4018,-16.7268,155.59
141.6516,-16.7268,146.33
141.9015,-16.7268,136.76
142.1513,-16.7268,127.34
142.4011,-16.7268,118.37
142.6509,-16.7268,109.96
142.9008,-16.7268,101.93
143.1506,-16.7268,93.81
143.4004,-16.7268,86.20
143.6502,-16.7268,79.38
143.9001,-16.7268,73.44
144.1499,-16.7268,68.29
144.3997,-16.7268,63.85
144.6495,-16.7268,60.03
144.8994,-16.7268,56.83
145.1492,-16.7268,54.38
145.3990,-16.7268,52.36
145.6489,-16.7268,50.58
145.8987,-16.7268,48.95
146.1485,-16.7268,47.46
146.3983,-16.7268,46.11
146.6482,-16.7268,44.95
146.8980,-16.7268,44.05
147.1478,-16.7268,43.50
147.3976,-16.7268,43.28
147.6475,-16.7268,43.42
147.8973,-16.7268,43.93
148.1471,-16.7268,44.85
148.3969,-16.7268,46.19
148.6468,-16.7268,47.95
148.8966,-16.7268,50.03
149.1464,-16.7268,52.29
149.3963,-16.7268,54.74
149.6461,-16.7268,57.35
149.8959,-16.7268,60.02
150.1457,-16.7268,62.70
150.3956,-16.7268,65.40
150.6454,-16.7268,68.31
150.8952,-16.7268,71.96
151.1450,-16.7268,77.25
151.3949,-16.7268,83.29
151.6447,-16.7268,89.57
151.8945,-16.7268,95.83
152.1443,-16.7268,101.96
152.3942,-16.7268,107.77
152.6440,-16.7268,112.87
152.8938,-16.7268,116.39
153.1437,-16.7268,116.95
153.3935,-16.7268,116.08
153.6433,-16.7268,114.76
153.8931,-16.7268,113.52
154.1430,-16.7268,112.65
154.3928,-16.7268,112.32
154.6426,-16.7268,112.75
154.8924,-16.7268,114.28
155.1423,-16.7268,117.42
155.3921,-16.7268,121.44
155.6419,-16.7268,125.78
155.8917,-16.7268,130.00
110.1735,-16.4771,110.01
110.4233,-16.4771,109.05
110.6731,-16.4771,108.28
110.9230,-16.4771,107.82
111.1728,-16.4771,107.81
111.4226,-16.4771,108.15
111.6724,-16.4771,108.73
111.9223,-16.4771,109.46
112.1721,-16.4771,110.25
112.4219,-16.4771,111.03
112.6718,-16.4771,111.74
112.9216,-16.4771,112.34
113.1714,-16.4771,112.76
113.4212,-16.4771,112.94
113.6711,-16.4771,112.78
113.9209,-16.4771,112.24
114.1707,-16.4771,111.33
114.4205,-16.4771,110.11
114.6704,-16.4771,108.79
114.9202,-16.4771,107.69
115.1700,-16.4771,107.12
115.4198,-16.4771,106.81
115.6697,-16.4771,106.48
115.9195,-16.4771,106.00
116.1693,-16.4771,105.38
116.4192,-16.4771,104.76
116.6690,-16.4771,104.38
116.9188,-16.4771,104.59
117.1686,-16.4771,105.72
117.4185,-16.4771,107.64
117.6683,-16.4771,110.19
117.9181,-16.4771,113.27
118.1679,-16.4771,116.80
118.4178,-16.4771,120.71
118.6676,-16.4771,124.89
118.9174,-16.4771,129.10
119.1672,-16.4771,133.09
119.4171,-16.4771,136.87
119.6669,-16.4771,140.43
119.9167,-16.4771,143.66
120.1666,-16.4771,146.38
120.4164,-16.4771,148.45
120.6662,-16.4771,149.82
120.9160,-16.4771,150.61
121.1659,-16.4771,151.02
121.4157,-16.4771,150.89
121.6655,-16.4771,150.17
121.9153,-16.4771,148.99
122.1652,-16.4771,147.59
122.4150,-16.4771,146.29
122.6648,-16.4771,145.46
122.9146,-16.4771,145.41
123.1645,-16.4771,146.38
123.4143,-16.4771,148.19
123.6641,-16.4771,150.54
123.9139,-16.4771,153.11
124.1638,-16.4771,155.54
124.4136,-16.4771,157.51
124.6634,-16.4771,158.65
124.9133,-16.4771,158.65
125.1631,-16.4771,157.34
125.4129,-16.4771,155.07
125.6627,-16.4771,152.29
125.9126,-16.4771,149.50
126.1624,-16.4771,147.20
126.4122,-16.4771,145.80
126.6620,-16.4771,145.66
126.9119,-16.4771,147.01
127.1617,-16.4771,149.89
127.4115,-16.4771,154.18
127.6613,-16.4771,159.56
127.9112,-16.4771,165.61
128.1610,-16.4771,171.78
128.4108,-16.4771,177.47
128.6607,-16.4771,182.03
128.9105,-16.4771,184.78
129.1603,-16.4771,185.22
129.4101,-16.4771,183.68
129.6600,-16.4771,180.72
129.9098,-16.4771,176.87
130.1596,-16.4771,172.70
130.4094,-16.4771,168.80
130.6593,-16.4771,165.84
130.9091,-16.4771,164.57
131.1589,-16.4771,165.57
131.4087,-16.4771,168.41
131.6586,-16.4771,172.45
131.9084,-16.4771,177.13
132.1582,-16.4771,181.95
132.4080,-16.4771,186.37
132.6579,-16.4771,189.76
132.9077,-16.4771,191.37
133.1575,-16.4771,190.61
133.4074,-16.4771,188.00
133.6572,-16.4771,184.21
133.9070,-16.4771,179.81
134.1568,-16.4771,175.28
134.4067,-16.4771,171.10
134.6565,-16.4771,167.84
134.9063,-16.4771,166.15
135.1561,-16.4771,166.52
135.4060,-16.4771,168.42
135.6558,-16.4771,171.18
135.9056,-16.4771,174.23
136.1554,-16.4771,177.16
136.4053,-16.4771,179.60
136.6551,-16.4771,181.31
136.9049,-16.4771,182.07
137.1548,-16.4771,181.78
137.4046,-16.4771,180.52
137.6544,-16.4771,178.47
137.9042,-16.4771,175.84
138.1541,-16.4771,172.95
138.4039,-16.4771,170.17
138.6537,-16.4771,167.94
138.9035,-16.4771,166.83
139.1534,-16.4771,167.24
139.4032,-16.4771,168.70
139.6530,-16.4771,170.63
139.9028,-16.4771,172.48
140.1527,-16.4771,173.75
140.4025,-16.4771,173.95
140.6523,-16.4771,172.52
140.9022,-16.4771,168.84
141.1520,-16.4771,162.48
141.4018,-16.4771,154.06
141.6516,-16.4771,144.41
141.9015,-16.4771,134.20
142.1513,-16.4771,123.98
142.4011,-16.4771,114.17
142.6509,-16.4771,104.99
142.9008,-16.4771,96.49
143.1506,-16.4771,88.59
143.4004,-16.4771,81.52
143.6502,-16.4771,75.43
143.9001,-16.4771,70.29
144.1499,-16.4771,65.99
144.3997,-16.4771,62.37
144.6495,-16.4771,59.28
144.8994,-16.4771,56.66
145.1492,-16.4771,54.45
145.3990,-16.4771,52.50
145.6489,-16.4771,50.69
145.8987,-16.4771,48.95
146.1485,-16.4771,47.30
146.3983,-16.4771,45.77
146.6482,-16.4771,44.41
146.8980,-16.4771,43.30
147.1478,-16.4771,42.50
147.3976,-16.4771,42.05
147.6475,-16.4771,41.98
147.8973,-16.4771,42.34
148.1471,-16.4771,43.19
148.3969,-16.4771,44.57
148.6468,-16.4771,46.52
148.8966,-16.4771,49.01
149.1464,-16.4771,51.96
149.3963,-16.4771,55.31
149.6461,-16.4771,58.93
149.8959,-16.4771,62.69
150.1457,-16.4771,66.44
150.3956,-16.4771,70.15
150.6454,-16.4771,73.89
150.8952,-16.4771,77.96
151.1450,-16.4771,82.66
151.3949,-16.4771,87.67
151.6447,-16.4771,92.68
151.8945,-16.4771,97.53
152.1443,-16.4771,102.13
152.3942,-16.4771,106.32
152.6440,-16.4771,109.82
152.8938,-16.4771,112.11
153.1437,-16.4771,112.70
153.3935,-16.4771,112.26
153.6433,-16.4771,111.46
153.8931,-16.4771,110.78
154.1430,-16.4771,110.50
154.3928,-16.4771,110.85
154.6426,-16.4771,112.02
154.8924,-16.4771,114.24
155.1423,-16.4771,117.67
155.3921,-16.4771,121.89
155.6419,-16.4771,126.44
155.8917,-16.4771,130.85
110.1735,-16.2275,110.62
110.4233,-16.2275,109.64
110.6731,-16.2275,108.83
110.9230,-16.2275,108.31
111.1728,-16.2275,108.17
111.4226,-16.2275,108.34
111.6724,-16.2275,108.76
111.9223,-16.2275,109.33
112.1721,-16.2275,109.94
112.4219,-16.2275,110.55
112.6718,-16.2275,111.06
112.9216,-16.2275,111.43
113.1714,-16.2275,111.61
113.4212,-16.2275,111.54
113.6711,-16.2275,111.18
113.9209,-16.2275,110.51
114.1707,-16.2275,109.58
114.4205,-16.2275,108.46
114.6704,-16.2275,107.32
114.9202,-16.2275,106.38
115.1700,-16.2275,105.76
115.4198,-16.2275,105.37
115.6697,-16.2275,105.07
115.9195,-16.2275,104.74
116.1693,-16.2275,104.38
116.4192,-16.2275,104.08
116.6690,-16.2275,103.98
116.9188,-16.2275,104.29
117.1686,-16.2275,105.18
117.4185,-16.2275,106.65
117.6683,-16.2275,108.66
117.9181,-16.2275,111.17
118.1679,-16.2275,114.16
118.4178,-16.2275,117.62
118.6676,-16.2275,121.52
118.9174,-16.2275,125.75
119.1672,-16.2275,130.18
119.4171,-16.2275,134.72
119.6669,-16.2275,139.24
119.9167,-16.2275,143.54
120.1666,-16.2275,147.37
120.4164,-16.2275,150.49
120.6662,-16.2275,152.73
120.9160,-16.2275,153.99
121.1659,-16.2275,154.32
121.4157,-16.2275,153.74
121.6655,-16.2275,152.42
121.9153,-16.2275,150.63
122.1652,-16.2275,148.71
122.4150,-16.2275,147.04
122.6648,-16.2275,145.99
122.9146,-16.2275,145.87
123.1645,-16.2275,146.79
123.4143,-16.2275,148.62
123.6641,-16.2275,151.06
123.9139,-16.2275,153.69
124.1638,-16.2275,156.09
124.4136,-16.2275,157.85
124.6634,-16.2275,158.53
124.9133,-16.2275,157.84
125.1631,-16.2275,155.67
125.4129,-16.2275,152.29
125.6627,-16.2275,148.21
125.9126,-16.2275,144.00
126.1624,-16.2275,140.26
126.4122,-16.2275,137.57
126.6620,-16.2275,136.42
126.9119,-16.2275,137.16
127.1617,-16.2275,139.89
127.4115,-16.2275,144.44
127.6613,-16.2275,150.39
127.9112,-16.2275,157.18
128.1610,-16.2275,164.16
128.4108,-16.2275,170.64
128.6607,-16.2275,175.93
128.9105,-16.2275,179.45
129.1603,-16.2275,180.84
129.4101,-16.2275,180.27
129.6600,-16.2275,178.16
129.9098,-16.2275,175.06
130.1596,-16.2275,171.53
130.4094,-16.2275,168.18
130.6593,-16.2275,165.63
130.9091,-16.2275,164.45
131.1589,-16.2275,165.00
131.4087,-16.2275,167.07
131.6586,-16.2275,170.24
131.9084,-16.2275,174.03
132.1582,-16.2275,177.94
132.4080,-16.2275,181.49
132.6579,-16.2275,184.13
132.9077,-16.2275,185.37
133.1575,-16.2275,184.91
133.4074,-16.2275,182.97
133.6572,-16.2275,179.98
133.9070,-16.2275,176.39
134.1568,-16.2275,172.66
134.4067,-16.2275,169.25
134.6565,-16.2275,166.67
134.9063,-16.2275,165.37
135.1561,-16.2275,165.61
135.4060,-16.2275,167.14
135.6558,-16.2275,169.48
135.9056,-16.2275,172.18
136.1554,-16.2275,174.82
136.4053,-16.2275,177.05
136.6551,-16.2275,178.61
136.9049,-16.2275,179.29
137.1548,-16.2275,179.03
137.4046,-16.2275,177.88
137.6544,-16.2275,176.03
137.9042,-16.2275,173.73
138.1541,-16.2275,171.29
138.4039,-16.2275,169.08
138.6537,-16.2275,167.48
138.9035,-16.2275,166.89
139.1534,-16.2275,167.45
139.4032,-16.2275,168.90
139.6530,-16.2275,170.73
139.9028,-16.2275,172.39
140.1527,-16.2275,173.35
140.4025,-16.2275,173.07
140.6523,-16.2275,171.01
140.9022,-16.2275,166.72
141.1520,-16.2275,160.00
141.4018,-16.2275,151.23
141.6516,-16.2275,141.04
141.9015,-16.2275,130.11
142.1513,-16.2275,119.05
142.4011,-16.2275,108.39
142.6509,-16.2275,98.52
142.9008,-16.2275,89.72
143.1506,-16.2275,82.10
143.4004,-16.2275,75.75
143.6502,-16.2275,70.62
143.9001,-16.2275,66.56
144.1499,-16.2275,63.36
144.3997,-16.2275,60.77
144.6495,-16.2275,58.58
144.8994,-16.2275,56.62
145.1492,-16.2275,54.78
145.3990,-16.2275,52.95
145.6489,-16.2275,51.11
145.8987,-16.2275,49.26
146.1485,-16.2275,47.44
146.3983,-16.2275,45.72
146.6482,-16.2275,44.16
146.8980,-16.2275,42.83
147.1478,-16.2275,41.80
147.3976,-16.2275,41.12
147.6475,-16.2275,40.84
147.8973,-16.2275,41.03
148.1471,-16.2275,41.77
148.3969,-16.2275,43.17
148.6468,-16.2275,45.31
148.8966,-16.2275,48.25
149.1464,-16.2275,51.95
149.3963,-16.2275,56.28
149.6461,-16.2275,61.05
149.8959,-16.2275,66.02
150.1457,-16.2275,70.97
150.3956,-16.2275,75.72
150.6454,-16.2275,80.21
150.8952,-16.2275,84.45
151.1450,-16.2275,88.49
151.3949,-16.2275,92.25
151.6447,-16.2275,95.65
151.8945,-16.2275,98.68
152.1443,-16.2275,101.34
152.3942,-16.2275,103.63
152.6440,-16.2275,105.44
152.8938,-16.2275,106.59
153.1437,-16.2275,106.99
153.3935,-16.2275,106.92
153.6433,-16.2275,106.78
153.8931,-16.2275,106.86
154.1430,-16.2275,107.40
154.3928,-16.2275,108.56
154.6426,-16.2275,110.52
154.8924,-16.2275,113.39
155.1423,-16.2275,117.18
155.3921,-16.2275,121.59
155.6419,-16.2275,126.24
155.8917,-16.2275,130.68
110.1735,-15.9778,111.56
110.4233,-15.9778,110.53
110.6731,-15.9778,109.67
110.9230,-15.9778,109.08
111.1728,-15.9778,108.83
111.4226,-15.9778,108.88
111.6724,-15.9778,109.16
111.9223,-15.9778,109.58
112.1721,-15.9778,110.06
112.4219,-15.9778,110.51
112.6718,-15.9778,110.87
112.9216,-15.9778,111.07
113.1714,-15.9778,111.07
113.4212,-15.9778,110.84
113.6711,-15.9778,110.37
113.9209,-15.9778,109.67
114.1707,-15.9778,108.78
114.4205,-15.9778,107.79
114.6704,-15.9778,106.83
114.9202,-15.9778,106.02
115.1700,-15.9778,105.43
115.4198,-15.9778,105.05
115.6697,-15.9778,104.78
115.9195,-15.9778,104.58
116.1693,-15.9778,104.42
116.4192,-15.9778,104.32
116.6690,-15.9778,104.37
116.9188,-15.9778,104.65
117.1686,-15.9778,105.23
117.4185,-15.9778,106.19
117.6683,-15.9778,107.55
117.9181,-15.9778,109.37
118.1679,-15.9778,111.69
118.4178,-15.9778,114.59
118.6676,-15.9778,118.12
118.9174,-15.9778,122.34
119.1672,-15.9778,127.19
119.4171,-15.9778,132.51
119.6669,-15.9778,138.06
119.9167,-15.9778,143.53
120.1666,-15.9778,148.60
120.4164,-15.9778,152.90
120.6662,-15.9778,156.08
120.9160,-15.9778,157.85
121.1659,-15.9778,158.10
121.4157,-15.9778,157.03
121.6655,-15.9778,155.01
121.9153,-15.9778,152.50
122.1652,-15.9778,149.93
122.4150,-15.9778,147.76
122.6648,-15.9778,146.39
122.9146,-15.9778,146.10
123.1645,-15.9778,147.02
123.4143,-15.9778,148.96
123.6641,-15.9778,151.55
123.9139,-15.9778,154.33
124.1638,-15.9778,156.80
124.4136,-15.9778,158.45
124.6634,-15.9778,158.79
124.9133,-15.9778,157.45
125.1631,-15.9778,154.32
125.4129,-15.9778,149.71
125.6627,-15.9778,144.16
125.9126,-15.9778,138.37
126.1624,-15.9778,133.06
126.4122,-15.9778,128.92
126.6620,-15.9778,126.63
126.9119,-15.9778,126.70
127.1617,-15.9778,129.33
127.4115,-15.9778,134.26
127.6613,-15.9778,140.93
127.9112,-15.9778,148.61
128.1610,-15.9778,156.56
128.4108,-15.9778,164.00
128.6607,-15.9778,170.23
128.9105,-15.9778,174.66
129.1603,-15.9778,176.99
129.4101,-15.9778,177.30
129.6600,-15.9778,176.00
129.9098,-15.9778,173.60
130.1596,-15.9778,170.66
130.4094,-15.9778,167.77
130.6593,-15.9778,165.50
130.9091,-15.9778,164.31
131.1589,-15.9778,164.45
131.4087,-15.9778,165.84
131.6586,-15.9778,168.17
131.9084,-15.9778,171.05
132.1582,-15.9778,174.05
132.4080,-15.9778,176.75
132.6579,-15.9778,178.75
132.9077,-15.9778,179.73
133.1575,-15.9778,179.52
133.4074,-15.9778,178.21
133.6572,-15.9778,176.03
133.9070,-15.9778,173.32
134.1568,-15.9778,170.44
134.4067,-15.9778,167.82
134.6565,-15.9778,165.86
134.9063,-15.9778,164.92
135.1561,-15.9778,165.17
135.4060,-15.9778,166.47
135.6558,-15.9778,168.49
135.9056,-15.9778,170.85
136.1554,-15.9778,173.21
136.4053,-15.9778,175.22
136.6551,-15.9778,176.62
136.9049,-15.9778,177.22
137.1548,-15.9778,176.93
137.4046,-15.9778,175.84
137.6544,-15.9778,174.14
137.9042,-15.9778,172.10
138.1541,-15.9778,170.03
138.4039,-15.9778,168.25
138.6537,-15.9778,167.11
138.9035,-15.9778,166.87
139.1534,-15.9778,167.60
139.4032,-15.9778,169.04
139.6530,-15.9778,170.74
139.9028,-15.9778,172.16
140.1527,-15.9778,172.76
140.4025,-15.9778,171.97
140.6523,-15.9778,169.32
140.9022,-15.9778,164.40
141.1520,-15.9778,157.12
141.4018,-15.9778,147.76
141.6516,-15.9778,136.87
141.9015,-15.9778,125.10
142.1513,-15.9778,113.11
142.4011,-15.9778,101.54
142.6509,-15.9778,91.00
142.9008,-15.9778,81.97
143.1506,-15.9778,74.73
143.4004,-15.9778,69.23
143.6502,-15.9778,65.26
143.9001,-15.9778,62.48
144.1499,-15.9778,60.56
144.3997,-15.9778,59.16
144.6495,-15.9778,57.98
144.8994,-15.9778,56.76
145.1492,-15.9778,55.32
145.3990,-15.9778,53.65
145.6489,-15.9778,51.78
145.8987,-15.9778,49.81
146.1485,-15.9778,47.83
146.3983,-15.9778,45.92
146.6482,-15.9778,44.17
146.8980,-15.9778,42.65
147.1478,-15.9778,41.42
147.3976,-15.9778,40.53
147.6475,-15.9778,40.06
147.8973,-15.9778,40.08
148.1471,-15.9778,40.70
148.3969,-15.9778,42.07
148.6468,-15.9778,44.37
148.8966,-15.9778,47.74
149.1464,-15.9778,52.22
149.3963,-15.9778,57.60
149.6461,-15.9778,63.59
149.8959,-15.9778,69.83
150.1457,-15.9778,76.00
150.3956,-15.9778,81.79
150.6454,-15.9778,86.93
150.8952,-15.9778,91.19
151.1450,-15.9778,94.48
151.3949,-15.9778,96.83
151.6447,-15.9778,98.42
151.8945,-15.9778,99.39
152.1443,-15.9778,99.93
152.3942,-15.9778,100.19
152.6440,-15.9778,100.27
152.8938,-15.9778,100.31
153.1437,-15.9778,100.41
153.3935,-15.9778,100.66
153.6433,-15.9778,101.19
153.8931,-15.9778,102.10
154.1430,-15.9778,103.50
154.3928,-15.9778,105.52
154.6426,-15.9778,108.24
154.8924,-15.9778,111.72
155.1423,-15.9778,115.90
155.3921,-15.9778,120.53
155.6419,-15.9778,125.28
155.8917,-15.9778,129.72
110.1735,-15.7282,112.79
110.4233,-15.7282,111.68
110.6731,-15.7282,110.75
110.9230,-15.7282,110.08
111.1728,-15.7282,109.74
111.4226,-15.7282,109.70
111.6724,-15.7282,109.89
111.9223,-15.7282,110.21
112.1721,-15.7282,110.57
112.4219,-15.7282,110.91
112.6718,-15.7282,111.14
112.9216,-15.7282,111.22
113.1714,-15.7282,111.09
113.4212,-15.7282,110.76
113.6711,-15.7282,110.22
113.9209,-15.7282,109.53
114.1707,-15.7282,108.72
114.4205,-15.7282,107.87
114.6704,-15.7282,107.07
114.9202,-15.7282,106.39
115.1700,-15.7282,105.87
115.4198,-15.7282,105.52
115.6697,-15.7282,105.31
115.9195,-15.7282,105.21
116.1693,-15.7282,105.20
116.4192,-15.7282,105.26
116.6690,-15.7282,105.39
116.9188,-15.7282,105.55
117.1686,-15.7282,105.78
117.4185,-15.7282,106.16
117.6683,-15.7282,106.82
117.9181,-15.7282,107.88
118.1679,-15.7282,109.45
118.4178,-15.7282,111.69
118.6676,-15.7282,114.76
118.9174,-15.7282,118.87
119.1672,-15.7282,124.09
119.4171,-15.7282,130.18
119.6669,-15.7282,136.75
119.9167,-15.7282,143.42
120.1666,-15.7282,149.76
120.4164,-15.7282,155.31
120.6662,-15.7282,159.52
120.9160,-15.7282,161.84
121.1659,-15.7282,161.97
121.4157,-15.7282,160.31
121.6655,-15.7282,157.51
121.9153,-15.7282,154.19
122.1652,-15.7282,150.92
122.4150,-15.7282,148.18
122.6648,-15.7282,146.41
122.9146,-15.7282,145.94
123.1645,-15.7282,146.93
123.4143,-15.7282,149.09
123.6641,-15.7282,151.97
123.9139,-15.7282,155.02
124.1638,-15.7282,157.69
124.4136,-15.7282,159.38
124.6634,-15.7282,159.53
124.9133,-15.7282,157.64
125.1631,-15.7282,153.50
125.4129,-15.7282,147.51
125.6627,-15.7282,140.38
125.9126,-15.7282,132.89
126.1624,-15.7282,125.86
126.4122,-15.7282,120.14
126.6620,-15.7282,116.56
126.9119,-15.7282,115.89
127.1617,-15.7282,118.52
127.4115,-15.7282,124.01
127.6613,-15.7282,131.56
127.9112,-15.7282,140.30
128.1610,-15.7282,149.36
128.4108,-15.7282,157.93
128.6607,-15.7282,165.25
128.9105,-15.7282,170.69
129.1603,-15.7282,173.88
129.4101,-15.7282,174.96
129.6600,-15.7282,174.33
129.9098,-15.7282,172.51
130.1596,-15.7282,170.06
130.4094,-15.7282,167.51
130.6593,-15.7282,165.39
130.9091,-15.7282,164.11
131.1589,-15.7282,163.90
131.4087,-15.7282,164.72
131.6586,-15.7282,166.31
131.9084,-15.7282,168.37
132.1582,-15.7282,170.53
132.4080,-15.7282,172.48
132.6579,-15.7282,173.94
132.9077,-15.7282,174.73
133.1575,-15.7282,174.77
133.4074,-15.7282,174.05
133.6572,-15.7282,172.66
133.9070,-15.7282,170.80
134.1568,-15.7282,168.75
134.4067,-15.7282,166.83
134.6565,-15.7282,165.41
134.9063,-15.7282,164.77
135.1561,-15.7282,165.10
135.4060,-15.7282,166.27
135.6558,-15.7282,168.05
135.9056,-15.7282,170.13
136.1554,-15.7282,172.21
136.4053,-15.7282,174.02
136.6551,-15.7282,175.28
136.9049,-15.7282,175.78
137.1548,-15.7282,175.41
137.4046,-15.7282,174.30
137.6544,-15.7282,172.68
137.9042,-15.7282,170.82
138.1541,-15.7282,169.01
138.4039,-15.7282,167.54
138.6537,-15.7282,166.70
138.9035,-15.7282,166.71
139.1534,-15.7282,167.60
139.4032,-15.7282,169.09
139.6530,-15.7282,170.72
139.9028,-15.7282,171.94
140.1527,-15.7282,172.21
140.4025,-15.7282,170.99
140.6523,-15.7282,167.81
140.9022,-15.7282,162.30
141.1520,-15.7282,154.34
141.4018,-15.7282,144.22
141.6516,-15.7282,132.47
141.9015,-15.7282,119.74
142.1513,-15.7282,106.73
142.4011,-15.7282,94.18
142.6509,-15.7282,82.90
142.9008,-15.7282,73.64
143.1506,-15.7282,66.87
143.4004,-15.7282,62.38
143.6502,-15.7282,59.70
143.9001,-15.7282,58.32
144.1499,-15.7282,57.78
144.3997,-15.7282,57.65
144.6495,-15.7282,57.55
144.8994,-15.7282,57.11
145.1492,-15.7282,56.08
145.3990,-15.7282,54.53
145.6489,-15.7282,52.62
145.8987,-15.7282,50.52
146.1485,-15.7282,48.38
146.3983,-15.7282,46.31
146.6482,-15.7282,44.41
146.8980,-15.7282,42.74
147.1478,-15.7282,41.37
147.3976,-15.7282,40.35
147.6475,-15.7282,39.73
147.8973,-15.7282,39.61
148.1471,-15.7282,40.10
148.3969,-15.7282,41.40
148.6468,-15.7282,43.77
148.8966,-15.7282,47.51
149.1464,-15.7282,52.76
149.3963,-15.7282,59.22
149.6461,-15.7282,66.42
149.8959,-15.7282,73.91
150.1457,-15.7282,81.26
150.3956,-15.7282,88.04
150.6454,-15.7282,93.79
150.8952,-15.7282,98.02
151.1450,-15.7282,100.43
151.3949,-15.7282,101.27
151.6447,-15.7282,100.92
151.8945,-15.7282,99.78
152.1443,-15.7282,98.15
152.3942,-15.7282,96.35
152.6440,-15.7282,94.71
152.8938,-15.7282,93.63
153.1437,-15.7282,93.42
153.3935,-15.7282,93.98
153.6433,-15.7282,95.17
153.8931,-15.7282,96.87
154.1430,-15.7282,99.10
154.3928,-15.7282,101.89
154.6426,-15.7282,105.30
154.8924,-15.7282,109.34
155.1423,-15.7282,113.91
155.3921,-15.7282,118.80
155.6419,-15.7282,123.69
155.8917,-15.7282,128.18
110.1735,-15.4785,114.26
110.4233,-15.4785,113.08
110.6731,-15.4785,112.05
110.9230,-15.4785,111.29
111.1728,-15.4785,110.90
111.4226,-15.4785,110.81
111.6724,-15.4785,110.93
111.9223,-15.4785,111.17
112.1721,-15.4785,111.44
112.4219,-15.4785,111.69
112.6718,-15.4785,111.83
112.9216,-15.4785,111.81
113.1714,-15.4785,111.59
113.4212,-15.4785,111.17
113.6711,-15.4785,110.60
113.9209,-15.4785,109.93
114.1707,-15.4785,109.20
114.4205,-15.4785,108.48
114.6704,-15.4785,107.83
114.9202,-15.4785,107.27
115.1700,-15.4785,106.82
115.4198,-15.4785,106.52
115.6697,-15.4785,106.37
115.9195,-15.4785,106.37
116.1693,-15.4785,106.48
116.4192,-15.4785,106.66
116.6690,-15.4785,106.83
116.9188,-15.4785,106.89
117.1686,-15.4785,106.71
117.4185,-15.4785,106.50
117.6683,-15.4785,106.45
117.9181,-15.4785,106.74
118.1679,-15.4785,107.53
118.4178,-15.4785,109.03
118.6676,-15.4785,111.51
118.9174,-15.4785,115.37
119.1672,-15.4785,120.92
119.4171,-15.4785,127.71
119.6669,-15.4785,135.21
119.9167,-15.4785,142.94
120.1666,-15.4785,150.47
120.4164,-15.4785,157.25
120.6662,-15.4785,162.58
120.9160,-15.4785,165.56
121.1659,-15.4785,165.42
121.4157,-15.4785,163.03
121.6655,-15.4785,159.40
121.9153,-15.4785,155.31
122.1652,-15.4785,151.37
122.4150,-15.4785,148.09
122.6648,-15.4785,145.91
122.9146,-15.4785,145.28
123.1645,-15.4785,146.46
123.4143,-15.4785,148.99
123.6641,-15.4785,152.28
123.9139,-15.4785,155.71
124.1638,-15.4785,158.69
124.4136,-15.4785,160.59
124.6634,-15.4785,160.75
124.9133,-15.4785,158.47
125.1631,-15.4785,153.26
125.4129,-15.4785,145.81
125.6627,-15.4785,137.03
125.9126,-15.4785,127.83
126.1624,-15.4785,119.07
126.4122,-15.4785,111.67
126.6620,-15.4785,106.65
126.9119,-15.4785,105.12
127.1617,-15.4785,107.92
127.4115,-15.4785,114.18
127.6613,-15.4785,122.76
127.9112,-15.4785,132.63
128.1610,-15.4785,142.88
128.4108,-15.4785,152.66
128.6607,-15.4785,161.17
128.9105,-15.4785,167.66
129.1603,-15.4785,171.60
129.4101,-15.4785,173.27
129.6600,-15.4785,173.17
129.9098,-15.4785,171.82
130.1596,-15.4785,169.73
130.4094,-15.4785,167.42
130.6593,-15.4785,165.34
130.9091,-15.4785,163.92
131.1589,-15.4785,163.44
131.4087,-15.4785,163.80
131.6586,-15.4785,164.79
131.9084,-15.4785,166.15
132.1582,-15.4785,167.61
132.4080,-15.4785,168.92
132.6579,-15.4785,169.93
132.9077,-15.4785,170.58
133.1575,-15.4785,170.90
133.4074,-15.4785,170.76
133.6572,-15.4785,170.11
133.9070,-15.4785,169.03
134.1568,-15.4785,167.72
134.4067,-15.4785,166.41
134.6565,-15.4785,165.41
134.9063,-15.4785,165.00
135.1561,-15.4785,165.41
135.4060,-15.4785,166.51
135.6558,-15.4785,168.07
135.9056,-15.4785,169.88
136.1554,-15.4785,171.69
136.4053,-15.4785,173.28
136.6551,-15.4785,174.42
136.9049,-15.4785,174.83
137.1548,-15.4785,174.31
137.4046,-15.4785,173.10
137.6544,-15.4785,171.49
137.9042,-15.4785,169.75
138.1541,-15.4785,168.13
138.4039,-15.4785,166.88
138.6537,-15.4785,166.23
138.9035,-15.4785,166.40
139.1534,-15.4785,167.50
139.4032,-15.4785,169.13
139.6530,-15.4785,170.76
139.9028,-15.4785,171.84
140.1527,-15.4785,171.86
140.4025,-15.4785,170.31
140.6523,-15.4785,166.71
140.9022,-15.4785,160.67
141.1520,-15.4785,151.99
141.4018,-15.4785,141.02
141.6516,-15.4785,128.34
141.9015,-15.4785,114.61
142.1513,-15.4785,100.53
142.4011,-15.4785,86.94
142.6509,-15.4785,74.78
142.9008,-15.4785,65.17
143.1506,-15.4785,59.02
143.4004,-15.4785,55.70
143.6502,-15.4785,54.38
143.9001,-15.4785,54.40
144.1499,-15.4785,55.21
144.3997,-15.4785,56.35
144.6495,-15.4785,57.34
144.8994,-15.4785,57.69
145.1492,-15.4785,56.99
145.3990,-15.4785,55.48
145.6489,-15.4785,53.49
145.8987,-15.4785,51.26
146.1485,-15.4785,48.98
146.3983,-15.4785,46.81
146.6482,-15.4785,44.83
146.8980,-15.4785,43.10
147.1478,-15.4785,41.69
147.3976,-15.4785,40.62
147.6475,-15.4785,39.96
147.8973,-15.4785,39.77
148.1471,-15.4785,40.17
148.3969,-15.4785,41.35
148.6468,-15.4785,43.68
148.8966,-15.4785,47.64
149.1464,-15.4785,53.66
149.3963,-15.4785,61.17
149.6461,-15.4785,69.49
149.8959,-15.4785,78.07
150.1457,-15.4785,86.45
150.3956,-15.4785,94.12
150.6454,-15.4785,100.47
150.8952,-15.4785,104.69
151.1450,-15.4785,106.10
151.3949,-15.4785,105.32
151.6447,-15.4785,103.07
151.8945,-15.4785,99.91
152.1443,-15.4785,96.24
152.3942,-15.4785,92.47
152.6440,-15.4785,89.12
152.8938,-15.4785,86.90
153.1437,-15.4785,86.48
153.3935,-15.4785,87.40
153.6433,-15.4785,89.19
153.8931,-15.4785,91.58
154.1430,-15.4785,94.49
154.3928,-15.4785,97.92
154.6426,-15.4785,101.90
154.8924,-15.4785,106.41
155.1423,-15.4785,111.36
155.3921,-15.4785,116.53
155.6419,-15.4785,121.62
155.8917,-15.4785,126.26
110.1735,-15.2288,115.96
110.4233,-15.2288,114.71
110.6731,-15.2288,113.58
110.9230,-15.2288,112.71
111.1728,-15.2288,112.30
111.4226,-15.2288,112.19
111.6724,-15.2288,112.27
111.9223,-15.2288,112.43
112.1721,-15.2288,112.62
112.4219,-15.2288,112.78
112.6718,-15.2288,112.85
112.9216,-15.2288,112.76
113.1714,-15.2288,112.44
113.4212,-15.2288,111.96
113.6711,-15.2288,111.36
113.9209,-15.2288,110.70
114.1707,-15.2288,110.05
114.4205,-15.2288,109.43
114.6704,-15.2288,108.91
114.9202,-15.2288,108.47
115.1700,-15.2288,108.08
115.4198,-15.2288,107.81
115.6697,-15.2288,107.72
115.9195,-15.2288,107.79
116.1693,-15.2288,107.99
116.4192,-15.2288,108.26
116.6690,-15.2288,108.50
116.9188,-15.2288,108.48
117.1686,-15.2288,107.88
117.4185,-15.2288,107.09
117.6683,-15.2288,106.40
117.9181,-15.2288,106.01
118.1679,-15.2288,106.08
118.4178,-15.2288,106.84
118.6676,-15.2288,108.62
118.9174,-15.2288,111.99
119.1672,-15.2288,117.84
119.4171,-15.2288,125.19
119.6669,-15.2288,133.35
119.9167,-15.2288,141.84
120.1666,-15.2288,150.24
120.4164,-15.2288,158.05
120.6662,-15.2288,164.53
120.9160,-15.2288,168.36
121.1659,-15.2288,167.68
121.4157,-15.2288,164.47
121.6655,-15.2288,160.12
121.9153,-15.2288,155.47
122.1652,-15.2288,151.10
122.4150,-15.2288,147.44
122.6648,-15.2288,144.95
122.9146,-15.2288,144.15
123.1645,-15.2288,145.73
123.4143,-15.2288,148.78
123.6641,-15.2288,152.54
123.9139,-15.2288,156.36
124.1638,-15.2288,159.67
124.4136,-15.2288,161.85
124.6634,-15.2288,162.21
124.9133,-15.2288,159.79
125.1631,-15.2288,153.44
125.4129,-15.2288,144.53
125.6627,-15.2288,134.23
125.9126,-15.2288,123.48
126.1624,-15.2288,113.16
126.4122,-15.2288,104.17
126.6620,-15.2288,97.63
126.9119,-15.2288,95.03
127.1617,-15.2288,98.30
127.4115,-15.2288,105.49
127.6613,-15.2288,115.10
127.9112,-15.2288,126.02
128.1610,-15.2288,137.35
128.4108,-15.2288,148.28
128.6607,-15.2288,157.99
128.9105,-15.2288,165.58
129.1603,-15.2288,170.06
129.4101,-15.2288,172.15
129.6600,-15.2288,172.46
129.9098,-15.2288,171.49
130.1596,-15.2288,169.71
130.4094,-15.2288,167.56
130.6593,-15.2288,165.47
130.9091,-15.2288,163.88
131.1589,-15.2288,163.22
131.4087,-15.2288,163.25
131.6586,-15.2288,163.78
131.9084,-15.2288,164.59
132.1582,-15.2288,165.48
132.4080,-15.2288,166.28
132.6579,-15.2288,166.91
132.9077,-15.2288,167.43
133.1575,-15.2288,168.10
133.4074,-15.2288,168.54
133.6572,-15.2288,168.58
133.9070,-15.2288,168.22
134.1568,-15.2288,167.55
134.4067,-15.2288,166.74
134.6565,-15.2288,166.04
134.9063,-15.2288,165.74
135.1561,-15.2288,166.23
135.4060,-15.2288,167.23
135.6558,-15.2288,168.53
135.9056,-15.2288,169.99
136.1554,-15.2288,171.45
136.4053,-15.2288,172.78
136.6551,-15.2288,173.77
136.9049,-15.2288,174.12
137.1548,-15.2288,173.36
137.4046,-15.2288,171.99
137.6544,-15.2288,170.39
137.9042,-15.2288,168.79
138.1541,-15.2288,167.37
138.4039,-15.2288,166.31
138.6537,-15.2288,165.79
138.9035,-15.2288,166.06
139.1534,-15.2288,167.45
139.4032,-15.2288,169.28
139.6530,-15.2288,170.96
139.9028,-15.2288,171.96
140.1527,-15.2288,171.78
140.4025,-15.2288,169.97
140.6523,-15.2288,166.08
140.9022,-15.2288,159.65
141.1520,-15.2288,150.20
141.4018,-15.2288,138.39
141.6516,-15.2288,124.84
141.9015,-15.2288,110.20
142.1513,-15.2288,95.18
142.4011,-15.2288,80.58
142.6509,-15.2288,67.44
142.9008,-15.2288,57.23
143.1506,-15.2288,51.93
143.4004,-15.2288,49.85
143.6502,-15.2288,49.80
143.9001,-15.2288,51.03
144.1499,-15.2288,53.01
144.3997,-15.2288,55.26
144.6495,-15.2288,57.27
144.8994,-15.2288,58.42
145.1492,-15.2288,57.87
145.3990,-15.2288,56.31
145.6489,-15.2288,54.21
145.8987,-15.2288,51.88
146.1485,-15.2288,49.54
146.3983,-15.2288,47.33
146.6482,-15.2288,45.35
146.8980,-15.2288,43.69
147.1478,-15.2288,42.35
147.3976,-15.2288,41.39
147.6475,-15.2288,40.84
147.8973,-15.2288,40.74
148.1471,-15.2288,41.17
148.3969,-15.2288,42.28
148.6468,-15.2288,44.44
148.8966,-15.2288,48.37
149.1464,-15.2288,55.19
149.3963,-15.2288,63.63
149.6461,-15.2288,72.79
149.8959,-15.2288,82.12
150.1457,-15.2288,91.18
150.3956,-15.2288,99.50
150.6454,-15.2288,106.40
150.8952,-15.2288,110.77
151.1450,-15.2288,110.97
151.3949,-15.2288,108.57
151.6447,-15.2288,104.65
151.8945,-15.2288,99.81
152.1443,-15.2288,94.45
152.3942,-15.2288,89.01
152.6440,-15.2288,84.05
152.8938,-15.2288,80.60
153.1437,-15.2288,80.21
153.3935,-15.2288,81.55
153.6433,-15.2288,83.81
153.8931,-15.2288,86.66
154.1430,-15.2288,90.01
154.3928,-15.2288,93.86
154.6426,-15.2288,98.23
154.8924,-15.2288,103.10
155.1423,-15.2288,108.39
155.3921,-15.2288,113.87
155.6419,-15.2288,119.23
155.8917,-15.2288,124.12
110.1735,-14.9792,117.88
110.4233,-14.9792,116.60
110.6731,-14.9792,115.39
110.9230,-14.9792,114.41
111.1728,-14.9792,114.02
111.4226,-14.9792,113.88
111.6724,-14.9792,113.88
111.9223,-14.9792,113.96
112.1721,-14.9792,114.05
112.4219,-14.9792,114.12
112.6718,-14.9792,114.11
112.9216,-14.9792,113.96
113.1714,-14.9792,113.53
113.4212,-14.9792,112.98
113.6711,-14.9792,112.35
113.9209,-14.9792,111.71
114.1707,-14.9792,111.09
114.4205,-14.9792,110.55
114.6704,-14.9792,110.11
114.9202,-14.9792,109.78
115.1700,-14.9792,109.42
115.4198,-14.9792,109.18
115.6697,-14.9792,109.12
115.9195,-14.9792,109.23
116.1693,-14.9792,109.47
116.4192,-14.9792,109.78
116.6690,-14.9792,110.05
116.9188,-14.9792,110.05
117.1686,-14.9792,109.02
117.4185,-14.9792,107.78
117.6683,-14.9792,106.62
117.9181,-14.9792,105.74
118.1679,-14.9792,105.29
118.4178,-14.9792,105.48
118.6676,-14.9792,106.60
118.9174,-14.9792,109.25
119.1672,-14.9792,115.34
119.4171,-14.9792,122.89
119.6669,-14.9792,131.21
119.9167,-14.9792,139.89
120.1666,-14.9792,148.57
120.4164,-14.9792,156.84
120.6662,-14.9792,164.07
120.9160,-14.9792,168.98
121.1659,-14.9792,167.45
121.4157,-14.9792,163.71
121.6655,-14.9792,159.13
121.9153,-14.9792,154.41
122.1652,-14.9792,150.04
122.4150,-14.9792,146.40
122.6648,-14.9792,143.86
122.9146,-14.9792,142.95
123.1645,-14.9792,145.16
123.4143,-14.9792,148.71
123.6641,-14.9792,152.84
123.9139,-14.9792,156.95
124.1638,-14.9792,160.45
124.4136,-14.9792,162.77
124.6634,-14.9792,163.27
124.9133,-14.9792,161.03
125.1631,-14.9792,153.47
125.4129,-14.9792,143.39
125.6627,-14.9792,131.97
125.9126,-14.9792,120.11
126.1624,-14.9792,108.68
126.4122,-14.9792,98.56
126.6620,-14.9792,90.78
126.9119,-14.9792,86.88
127.1617,-14.9792,90.94
127.4115,-14.9792,98.88
127.6613,-14.9792,109.17
127.9112,-14.9792,120.80
128.1610,-14.9792,132.91
128.4108,-14.9792,144.71
128.6607,-14.9792,155.40
128.9105,-14.9792,164.09
129.1603,-14.9792,168.88
129.4101,-14.9792,171.36
129.6600,-14.9792,172.09
129.9098,-14.9792,171.52
130.1596,-14.9792,170.05
130.4094,-14.9792,168.08
130.6593,-14.9792,166.00
130.9091,-14.9792,164.22
131.1589,-14.9792,163.47
131.4087,-14.9792,163.27
131.6586,-14.9792,163.43
131.9084,-14.9792,163.81
132.1582,-14.9792,164.28
132.4080,-14.9792,164.74
132.6579,-14.9792,165.12
132.9077,-14.9792,165.52
133.1575,-14.9792,166.60
133.4074,-14.9792,167.58
133.6572,-14.9792,168.23
133.9070,-14.9792,168.50
134.1568,-14.9792,168.40
134.4067,-14.9792,168.04
134.6565,-14.9792,167.56
134.9063,-14.9792,167.23
135.1561,-14.9792,167.75
135.4060,-14.9792,168.54
135.6558,-14.9792,169.43
135.9056,-14.9792,170.37
136.1554,-14.9792,171.31
136.4053,-14.9792,172.20
136.6551,-14.9792,172.93
136.9049,-14.9792,173.24
137.1548,-14.9792,172.14
137.4046,-14.9792,170.68
137.6544,-14.9792,169.19
137.9042,-14.9792,167.84
138.1541,-14.9792,166.74
138.4039,-14.9792,165.97
138.6537,-14.9792,165.64
138.9035,-14.9792,165.95
139.1534,-14.9792,167.72
139.4032,-14.9792,169.75
139.6530,-14.9792,171.45
139.9028,-14.9792,172.33
140.1527,-14.9792,171.95
140.4025,-14.9792,169.89
140.6523,-14.9792,165.75
140.9022,-14.9792,159.07
141.1520,-14.9792,148.90
141.4018,-14.9792,136.39
141.6516,-14.9792,122.20
141.9015,-14.9792,106.94
142.1513,-14.9792,91.31
142.4011,-14.9792,76.06
142.6509,-14.9792,62.16
142.9008,-14.9792,51.07
143.1506,-14.9792,46.84
143.4004,-14.9792,45.72
143.6502,-14.9792,46.51
143.9001,-14.9792,48.52
144.1499,-14.9792,51.25
144.3997,-14.9792,54.24
144.6495,-14.9792,57.02
144.8994,-14.9792,58.93
145.1492,-14.9792,58.32
145.3990,-14.9792,56.70
145.6489,-14.9792,54.58
145.8987,-14.9792,52.25
146.1485,-14.9792,49.92
146.3983,-14.9792,47.76
146.6482,-14.9792,45.90
146.8980,-14.9792,44.42
147.1478,-14.9792,43.31
147.3976,-14.9792,42.65
147.6475,-14.9792,42.44
147.8973,-14.9792,42.69
148.1471,-14.9792,43.40
148.3969,-14.9792,44.68
148.6468,-14.9792,46.78
148.8966,-14.9792,50.40
149.1464,-14.9792,58.01
149.3963,-14.9792,66.97
149.6461,-14.9792,76.42
149.8959,-14.9792,85.89
150.1457,-14.9792,95.01
150.3956,-14.9792,103.40
150.6454,-14.9792,110.50
150.8952,-14.9792,115.20
151.1450,-14.9792,114.00
151.3949,-14.9792,110.36
151.6447,-14.9792,105.34
151.8945,-14.9792,99.47
152.1443,-14.9792,93.10
152.3942,-14.9792,86.59
152.6440,-14.9792,80.47
152.8938,-14.9792,75.74
153.1437,-14.9792,75.66
153.3935,-14.9792,77.19
153.6433,-14.9792,79.55
153.8931,-14.9792,82.48
154.1430,-14.9792,85.93
154.3928,-14.9792,89.91
154.6426,-14.9792,94.46
154.8924,-14.9792,99.55
155.1423,-14.9792,105.12
155.3921,-14.9792,110.91
155.6419,-14.9792,116.62
155.8917,-14.9792,121.86
110.1735,-14.7295,119.98
110.4233,-14.7295,118.75
110.6731,-14.7295,117.60
110.9230,-14.7295,116.67
111.1728,-14.7295,116.14
111.4226,-14.7295,115.88
111.6724,-14.7295,115.75
111.9223,-14.7295,115.70
112.1721,-14.7295,115.67
112.4219,-14.7295,115.61
112.6718,-14.7295,115.47
112.9216,-14.7295,115.19
113.1714,-14.7295,114.72
113.4212,-14.7295,114.12
113.6711,-14.7295,113.47
113.9209,-14.7295,112.81
114.1707,-14.7295,112.20
114.4205,-14.7295,111.68
114.6704,-14.7295,111.26
114.9202,-14.7295,110.93
115.1700,-14.7295,110.64
115.4198,-14.7295,110.46
115.6697,-14.7295,110.44
115.9195,-14.7295,110.55
116.1693,-14.7295,110.76
116.4192,-14.7295,110.97
116.6690,-14.7295,111.05
116.9188,-14.7295,110.75
117.1686,-14.7295,109.73
117.4185,-14.7295,108.39
117.6683,-14.7295,107.05
117.9181,-14.7295,105.94
118.1679,-14.7295,105.26
118.4178,-14.7295,105.27
118.6676,-14.7295,106.33
118.9174,-14.7295,109.05
119.1672,-14.7295,114.30
119.4171,-14.7295,121.14
119.6669,-14.7295,128.88
119.9167,-14.7295,137.03
120.1666,-14.7295,145.19
120.4164,-14.7295,152.87
120.6662,-14.7295,159.33
120.9160,-14.7295,163.28
121.1659,-14.7295,162.85
121.4157,-14.7295,160.01
121.6655,-14.7295,156.12
121.9153,-14.7295,152.02
122.1652,-14.7295,148.24
122.4150,-14.7295,145.22
122.6648,-14.7295,143.38
122.9146,-14.7295,143.25
123.1645,-14.7295,145.46
123.4143,-14.7295,149.09
123.6641,-14.7295,153.33
123.9139,-14.7295,157.49
124.1638,-14.7295,160.92
124.4136,-14.7295,162.97
124.6634,-14.7295,162.89
124.9133,-14.7295,159.73
125.1631,-14.7295,152.31
125.4129,-14.7295,142.07
125.6627,-14.7295,130.25
125.9126,-14.7295,117.90
126.1624,-14.7295,106.01
126.4122,-14.7295,95.65
126.6620,-14.7295,88.02
126.9119,-14.7295,84.74
127.1617,-14.7295,87.77
127.4115,-14.7295,95.17
127.6613,-14.7295,105.37
127.9112,-14.7295,117.18
128.1610,-14.7295,129.62
128.4108,-14.7295,141.78
128.6607,-14.7295,152.78
128.9105,-14.7295,161.66
129.1603,-14.7295,167.39
129.4101,-14.7295,170.64
129.6600,-14.7295,171.98
129.9098,-14.7295,171.89
130.1596,-14.7295,170.80
130.4094,-14.7295,169.10
130.6593,-14.7295,167.21
130.9091,-14.7295,165.54
131.1589,-14.7295,164.52
131.4087,-14.7295,163.99
131.6586,-14.7295,163.81
131.9084,-14.7295,163.87
132.1582,-14.7295,164.09
132.4080,-14.7295,164.41
132.6579,-14.7295,164.85
132.9077,-14.7295,165.53
133.1575,-14.7295,166.72
133.4074,-14.7295,168.00
133.6572,-14.7295,169.11
133.9070,-14.7295,169.92
134.1568,-14.7295,170.36
134.4067,-14.7295,170.47
134.6565,-14.7295,170.32
134.9063,-14.7295,170.16
135.1561,-14.7295,170.31
135.4060,-14.7295,170.55
135.6558,-14.7295,170.77
135.9056,-14.7295,170.95
136.1554,-14.7295,171.11
136.4053,-14.7295,171.26
136.6551,-14.7295,171.33
136.9049,-14.7295,171.08
137.1548,-14.7295,170.10
137.4046,-14.7295,168.89
137.6544,-14.7295,167.76
137.9042,-14.7295,166.85
138.1541,-14.7295,166.25
138.4039,-14.7295,166.01
138.6537,-14.7295,166.21
138.9035,-14.7295,167.04
139.1534,-14.7295,168.77
139.4032,-14.7295,170.71
139.6530,-14.7295,172.27
139.9028,-14.7295,172.95
140.1527,-14.7295,172.31
140.4025,-14.7295,169.89
140.6523,-14.7295,165.28
140.9022,-14.7295,158.02
141.1520,-14.7295,147.69
141.4018,-14.7295,134.94
141.6516,-14.7295,120.48
141.9015,-14.7295,105.00
142.1513,-14.7295,89.25
142.4011,-14.7295,74.13
142.6509,-14.7295,60.72
142.9008,-14.7295,50.54
143.1506,-14.7295,45.56
143.4004,-14.7295,44.07
143.6502,-14.7295,44.83
143.9001,-14.7295,47.00
144.1499,-14.7295,49.95
144.3997,-14.7295,53.12
144.6495,-14.7295,55.95
144.8994,-14.7295,57.74
145.1492,-14.7295,57.66
145.3990,-14.7295,56.40
145.6489,-14.7295,54.48
145.8987,-14.7295,52.27
146.1485,-14.7295,50.04
146.3983,-14.7295,48.02
146.6482,-14.7295,46.36
146.8980,-14.7295,45.17
147.1478,-14.7295,44.48
147.3976,-14.7295,44.34
147.6475,-14.7295,44.73
147.8973,-14.7295,45.62
148.1471,-14.7295,47.00
148.3969,-14.7295,48.98
148.6468,-14.7295,51.82
148.8966,-14.7295,56.20
149.1464,-14.7295,63.20
149.3963,-14.7295,71.56
149.6461,-14.7295,80.41
149.8959,-14.7295,89.22
150.1457,-14.7295,97.61
150.3956,-14.7295,105.13
150.6454,-14.7295,111.12
150.8952,-14.7295,114.47
151.1450,-14.7295,113.57
151.3949,-14.7295,110.02
151.6447,-14.7295,104.90
151.8945,-14.7295,98.87
152.1443,-14.7295,92.35
152.3942,-14.7295,85.80
152.6440,-14.7295,79.83
152.8938,-14.7295,75.48
153.1437,-14.7295,74.30
153.3935,-14.7295,74.99
153.6433,-14.7295,76.74
153.8931,-14.7295,79.23
154.1430,-14.7295,82.36
154.3928,-14.7295,86.17
154.6426,-14.7295,90.67
154.8924,-14.7295,95.85
155.1423,-14.7295,101.62
155.3921,-14.7295,107.73
155.6419,-14.7295,113.83
155.8917,-14.7295,119.53
110.1735,-14.4799,122.17
110.4233,-14.4799,121.04
110.6731,-14.4799,119.97
110.9230,-14.4799,119.09
111.1728,-14.4799,118.47
111.4226,-14.4799,118.06
111.6724,-14.4799,117.79
111.9223,-14.4799,117.59
112.1721,-14.4799,117.41
112.4219,-14.4799,117.20
112.6718,-14.4799,116.92
112.9216,-14.4799,116.52
113.1714,-14.4799,115.98
113.4212,-14.4799,115.34
113.6711,-14.4799,114.64
113.9209,-14.4799,113.95
114.1707,-14.4799,113.31
114.4205,-14.4799,112.76
114.6704,-14.4799,112.32
114.9202,-14.4799,111.98
115.1700,-14.4799,111.73
115.4198,-14.4799,111.60
115.6697,-14.4799,111.59
115.9195,-14.4799,111.69
116.1693,-14.4799,111.83
116.4192,-14.4799,111.91
116.6690,-14.4799,111.80
116.9188,-14.4799,111.31
117.1686,-14.4799,110.32
117.4185,-14.4799,109.02
117.6683,-14.4799,107.67
117.9181,-14.4799,106.53
118.1679,-14.4799,105.83
118.4178,-14.4799,105.84
118.6676,-14.4799,106.92
118.9174,-14.4799,109.48
119.1672,-14.4799,113.87
119.4171,-14.4799,119.67
119.6669,-14.4799,126.34
119.9167,-14.4799,133.42
120.1666,-14.4799,140.47
120.4164,-14.4799,146.99
120.6662,-14.4799,152.31
120.9160,-14.4799,155.52
121.1659,-14.4799,155.89
121.4157,-14.4799,154.24
121.6655,-14.4799,151.53
121.9153,-14.4799,148.53
122.1652,-14.4799,145.79
122.4150,-14.4799,143.76
122.6648,-14.4799,142.89
122.9146,-14.4799,143.56
123.1645,-14.4799,146.01
123.4143,-14.4799,149.72
123.6641,-14.4799,153.98
123.9139,-14.4799,158.10
124.1638,-14.4799,161.35
124.4136,-14.4799,163.02
124.6634,-14.4799,162.35
124.9133,-14.4799,158.59
125.1631,-14.4799,151.27
125.4129,-14.4799,141.15
125.6627,-14.4799,129.32
125.9126,-14.4799,116.88
126.1624,-14.4799,104.97
126.4122,-14.4799,94.78
126.6620,-14.4799,87.57
126.9119,-14.4799,84.67
127.1617,-14.4799,87.00
127.4115,-14.4799,93.69
127.6613,-14.4799,103.47
127.9112,-14.4799,115.14
128.1610,-14.4799,127.60
128.4108,-14.4799,139.85
128.6607,-14.4799,150.93
128.9105,-14.4799,159.98
129.1603,-14.4799,166.38
129.4101,-14.4799,170.33
129.6600,-14.4799,172.28
129.9098,-14.4799,172.68
130.1596,-14.4799,171.96
130.4094,-14.4799,170.57
130.6593,-14.4799,168.89
130.9091,-14.4799,167.31
131.1589,-14.4799,166.10
131.4087,-14.4799,165.31
131.6586,-14.4799,164.85
131.9084,-14.4799,164.69
132.1582,-14.4799,164.77
132.4080,-14.4799,165.09
132.6579,-14.4799,165.68
132.9077,-14.4799,166.63
133.1575,-14.4799,167.99
133.4074,-14.4799,169.56
133.6572,-14.4799,171.08
133.9070,-14.4799,172.38
134.1568,-14.4799,173.33
134.4067,-14.4799,173.88
134.6565,-14.4799,174.04
134.9063,-14.4799,173.90
135.1561,-14.4799,173.62
135.4060,-14.4799,173.15
135.6558,-14.4799,172.49
135.9056,-14.4799,171.70
136.1554,-14.4799,170.87
136.4053,-14.4799,170.08
136.6551,-14.4799,169.33
136.9049,-14.4799,168.54
137.1548,-14.4799,167.61
137.4046,-14.4799,166.73
137.6544,-14.4799,166.09
137.9042,-14.4799,165.77
138.1541,-14.4799,165.81
138.4039,-14.4799,166.22
138.6537,-14.4799,167.05
138.9035,-14.4799,168.35
139.1534,-14.4799,170.12
139.4032,-14.4799,171.93
139.6530,-14.4799,173.31
139.9028,-14.4799,173.76
140.1527,-14.4799,172.84
140.4025,-14.4799,170.09
140.6523,-14.4799,165.07
140.9022,-14.4799,157.41
141.1520,-14.4799,146.96
141.4018,-14.4799,134.15
141.6516,-14.4799,119.65
141.9015,-14.4799,104.22
142.1513,-14.4799,88.70
142.4011,-14.4799,74.05
142.6509,-14.4799,61.34
142.9008,-14.4799,51.78
143.1506,-14.4799,46.29
143.4004,-14.4799,44.18
143.6502,-14.4799,44.50
143.9001,-14.4799,46.41
144.1499,-14.4799,49.18
144.3997,-14.4799,52.18
144.6495,-14.4799,54.79
144.8994,-14.4799,56.43
145.1492,-14.4799,56.64
145.3990,-14.4799,55.70
145.6489,-14.4799,54.02
145.8987,-14.4799,51.99
146.1485,-14.4799,49.91
146.3983,-14.4799,48.08
146.6482,-14.4799,46.69
146.8980,-14.4799,45.90
147.1478,-14.4799,45.78
147.3976,-14.4799,46.34
147.6475,-14.4799,47.54
147.8973,-14.4799,49.34
148.1471,-14.4799,51.67
148.3969,-14.4799,54.59
148.6468,-14.4799,58.30
148.8966,-14.4799,63.15
149.1464,-14.4799,69.52
149.3963,-14.4799,76.84
149.6461,-14.4799,84.51
149.8959,-14.4799,92.06
150.1457,-14.4799,99.10
150.3956,-14.4799,105.19
150.6454,-14.4799,109.73
150.8952,-14.4799,111.96
151.1450,-14.4799,111.19
151.3949,-14.4799,108.12
151.6447,-14.4799,103.51
151.8945,-14.4799,97.97
152.1443,-14.4799,92.00
152.3942,-14.4799,86.04
152.6440,-14.4799,80.68
152.8938,-14.4799,76.67
153.1437,-14.4799,74.70
153.3935,-14.4799,74.34
153.6433,-14.4799,75.12
153.8931,-14.4799,76.78
154.1430,-14.4799,79.26
154.3928,-14.4799,82.59
154.6426,-14.4799,86.82
154.8924,-14.4799,91.94
155.1423,-14.4799,97.85
155.3921,-14.4799,104.30
155.6419,-14.4799,110.88
155.8917,-14.4799,117.14
110.1735,-14.2302,124.34
110.4233,-14.2302,123.32
110.6731,-14.2302,122.35
110.9230,-14.2302,121.50
111.1728,-14.2302,120.82
111.4226,-14.2302,120.30
111.6724,-14.2302,119.89
111.9223,-14.2302,119.54
112.1721,-14.2302,119.21
112.4219,-14.2302,118.86
112.6718,-14.2302,118.44
112.9216,-14.2302,117.93
113.1714,-14.2302,117.30
113.4212,-14.2302,116.58
113.6711,-14.2302,115.82
113.9209,-14.2302,115.06
114.1707,-14.2302,114.37
114.4205,-14.2302,113.77
114.6704,-14.2302,113.28
114.9202,-14.2302,112.92
115.1700,-14.2302,112.68
115.4198,-14.2302,112.56
115.6697,-14.2302,112.56
115.9195,-14.2302,112.64
116.1693,-14.2302,112.72
116.4192,-14.2302,112.71
116.6690,-14.2302,112.48
116.9188,-14.2302,111.91
117.1686,-14.2302,110.94
117.4185,-14.2302,109.72
117.6683,-14.2302,108.45
117.9181,-14.2302,107.38
118.1679,-14.2302,106.75
118.4178,-14.2302,106.80
118.6676,-14.2302,107.82
118.9174,-14.2302,110.05
119.1672,-14.2302,113.61
119.4171,-14.2302,118.27
119.6669,-14.2302,123.66
119.9167,-14.2302,129.39
120.1666,-14.2302,135.05
120.4164,-14.2302,140.22
120.6662,-14.2302,144.40
120.9160,-14.2302,147.09
121.1659,-14.2302,147.98
121.4157,-14.2302,147.45
121.6655,-14.2302,146.06
121.9153,-14.2302,144.36
122.1652,-14.2302,142.86
122.4150,-14.2302,141.98
122.6648,-14.2302,142.13
122.9146,-14.2302,143.61
123.1645,-14.2302,146.50
123.4143,-14.2302,150.43
123.6641,-14.2302,154.80
123.9139,-14.2302,158.93
124.1638,-14.2302,162.08
124.4136,-14.2302,163.51
124.6634,-14.2302,162.49
124.9133,-14.2302,158.44
125.1631,-14.2302,151.15
125.4129,-14.2302,141.15
125.6627,-14.2302,129.41
125.9126,-14.2302,117.03
126.1624,-14.2302,105.21
126.4122,-14.2302,95.21
126.6620,-14.2302,88.28
126.9119,-14.2302,85.52
127.1617,-14.2302,87.47
127.4115,-14.2302,93.67
127.6613,-14.2302,103.08
127.9112,-14.2302,114.55
128.1610,-14.2302,126.94
128.4108,-14.2302,139.18
128.6607,-14.2302,150.30
128.9105,-14.2302,159.51
129.1603,-14.2302,166.32
129.4101,-14.2302,170.75
129.6600,-14.2302,173.15
129.9098,-14.2302,173.92
130.1596,-14.2302,173.52
130.4094,-14.2302,172.38
130.6593,-14.2302,170.87
130.9091,-14.2302,169.35
131.1589,-14.2302,168.04
131.4087,-14.2302,167.06
131.6586,-14.2302,166.42
131.9084,-14.2302,166.11
132.1582,-14.2302,166.12
132.4080,-14.2302,166.49
132.6579,-14.2302,167.24
132.9077,-14.2302,168.43
133.1575,-14.2302,170.05
133.4074,-14.2302,171.93
133.6572,-14.2302,173.87
133.9070,-14.2302,175.66
134.1568,-14.2302,177.10
134.4067,-14.2302,178.07
134.6565,-14.2302,178.47
134.9063,-14.2302,178.26
135.1561,-14.2302,177.49
135.4060,-14.2302,176.21
135.6558,-14.2302,174.52
135.9056,-14.2302,172.60
136.1554,-14.2302,170.63
136.4053,-14.2302,168.77
136.6551,-14.2302,167.15
136.9049,-14.2302,165.85
137.1548,-14.2302,164.89
137.4046,-14.2302,164.35
137.6544,-14.2302,164.25
137.9042,-14.2302,164.60
138.1541,-14.2302,165.34
138.4039,-14.2302,166.44
138.6537,-14.2302,167.86
138.9035,-14.2302,169.56
139.1534,-14.2302,171.43
139.4032,-14.2302,173.16
139.6530,-14.2302,174.36
139.9028,-14.2302,174.62
140.1527,-14.2302,173.49
140.4025,-14.2302,170.51
140.6523,-14.2302,165.25
140.9022,-14.2302,157.37
141.1520,-14.2302,146.83
141.4018,-14.2302,133.99
141.6516,-14.2302,119.53
141.9015,-14.2302,104.25
142.1513,-14.2302,89.06
142.4011,-14.2302,74.90
142.6509,-14.2302,62.77
142.9008,-14.2302,53.57
143.1506,-14.2302,47.83
143.4004,-14.2302,45.22
143.6502,-14.2302,45.04
143.9001,-14.2302,46.53
144.1499,-14.2302,48.96
144.3997,-14.2302,51.65
144.6495,-14.2302,53.98
144.8994,-14.2302,55.44
145.1492,-14.2302,55.72
145.3990,-14.2302,54.94
145.6489,-14.2302,53.41
145.8987,-14.2302,51.49
146.1485,-14.2302,49.56
146.3983,-14.2302,47.91
146.6482,-14.2302,46.83
146.8980,-14.2302,46.51
147.1478,-14.2302,47.05
147.3976,-14.2302,48.46
147.6475,-14.2302,50.65
147.8973,-14.2302,53.52
148.1471,-14.2302,56.95
148.3969,-14.2302,60.88
148.6468,-14.2302,65.34
148.8966,-14.2302,70.41
149.1464,-14.2302,76.14
149.3963,-14.2302,82.26
149.6461,-14.2302,88.43
149.8959,-14.2302,94.35
150.1457,-14.2302,99.71
150.3956,-14.2302,104.15
150.6454,-14.2302,107.25
150.8952,-14.2302,108.55
151.1450,-14.2302,107.77
151.3949,-14.2302,105.22
151.6447,-14.2302,101.38
151.8945,-14.2302,96.74
152.1443,-14.2302,91.71
152.3942,-14.2302,86.68
152.6440,-14.2302,82.07
152.8938,-14.2302,78.36
153.1437,-14.2302,75.87
153.3935,-14.2302,74.55
153.6433,-14.2302,74.23
153.8931,-14.2302,74.85
154.1430,-14.2302,76.43
154.3928,-14.2302,79.05
154.6426,-14.2302,82.81
154.8924,-14.2302,87.74
155.1423,-14.2302,93.75
155.3921,-14.2302,100.55
155.6419,-14.2302,107.70
155.8917,-14.2302,114.64
110.1735,-13.9806,126.37
110.4233,-13.9806,125.47
110.6731,-13.9806,124.60
110.9230,-13.9806,123.80
111.1728,-13.9806,123.09
111.4226,-13.9806,122.47
111.6724,-13.9806,121.94
111.9223,-13.9806,121.46
112.1721,-13.9806,121.00
112.4219,-13.9806,120.52
112.6718,-13.9806,119.98
112.9216,-13.9806,119.36
113.1714,-13.9806,118.62
113.4212,-13.9806,117.81
113.6711,-13.9806,116.96
113.9209,-13.9806,116.12
114.1707,-13.9806,115.35
114.4205,-13.9806,114.67
114.6704,-13.9806,114.13
114.9202,-13.9806,113.72
115.1700,-13.9806,113.47
115.4198,-13.9806,113.36
115.6697,-13.9806,113.36
115.9195,-13.9806,113.42
116.1693,-13.9806,113.48
116.4192,-13.9806,113.43
116.6690,-13.9806,113.16
116.9188,-13.9806,112.56
117.1686,-13.9806,111.64
117.4185,-13.9806,110.50
117.6683,-13.9806,109.33
117.9181,-13.9806,108.36
118.1679,-13.9806,107.81
118.4178,-13.9806,107.89
118.6676,-13.9806,108.78
118.9174,-13.9806,110.61
119.1672,-13.9806,113.37
119.4171,-13.9806,116.92
119.6669,-13.9806,121.01
119.9167,-13.9806,125.32
120.1666,-13.9806,129.53
120.4164,-13.9806,133.35
120.6662,-13.9806,136.50
120.9160,-13.9806,138.76
121.1659,-13.9806,140.06
121.4157,-13.9806,140.53
121.6655,-13.9806,140.41
121.9153,-13.9806,140.04
122.1652,-13.9806,139.79
122.4150,-13.9806,140.04
122.6648,-13.9806,141.17
122.9146,-13.9806,143.43
123.1645,-13.9806,146.87
123.4143,-13.9806,151.18
123.6641,-13.9806,155.82
123.9139,-13.9806,160.12
124.1638,-13.9806,163.36
124.4136,-13.9806,164.79
124.6634,-13.9806,163.72
124.9133,-13.9806,159.61
125.1631,-13.9806,152.34
125.4129,-13.9806,142.39
125.6627,-13.9806,130.66
125.9126,-13.9806,118.29
126.1624,-13.9806,106.48
126.4122,-13.9806,96.51
126.6620,-13.9806,89.62
126.9119,-13.9806,86.83
127.1617,-13.9806,88.62
127.4115,-13.9806,94.61
127.6613,-13.9806,103.86
127.9112,-13.9806,115.25
128.1610,-13.9806,127.61
128.4108,-13.9806,139.88
128.6607,-13.9806,151.08
128.9105,-13.9806,160.41
129.1603,-13.9806,167.40
129.4101,-13.9806,172.05
129.6600,-13.9806,174.66
129.9098,-13.9806,175.65
130.1596,-13.9806,175.44
130.4094,-13.9806,174.45
130.6593,-13.9806,173.06
130.9091,-13.9806,171.56
131.1589,-13.9806,170.21
131.4087,-13.9806,169.11
131.6586,-13.9806,168.35
131.9084,-13.9806,167.94
132.1582,-13.9806,167.93
132.4080,-13.9806,168.36
132.6579,-13.9806,169.26
132.9077,-13.9806,170.68
133.1575,-13.9806,172.59
133.4074,-13.9806,174.83
133.6572,-13.9806,177.21
133.9070,-13.9806,179.49
134.1568,-13.9806,181.44
134.4067,-13.9806,182.82
134.6565,-13.9806,183.43
134.9063,-13.9806,183.10
135.1561,-13.9806,181.79
135.4060,-13.9806,179.61
135.6558,-13.9806,176.81
135.9056,-13.9806,173.66
136.1554,-13.9806,170.44
136.4053,-13.9806,167.44
136.6551,-13.9806,164.91
136.9049,-13.9806,163.08
137.1548,-13.9806,162.07
137.4046,-13.9806,161.86
137.6544,-13.9806,162.34
137.9042,-13.9806,163.36
138.1541,-13.9806,164.80
138.4039,-13.9806,166.55
138.6537,-13.9806,168.50
138.9035,-13.9806,170.53
139.1534,-13.9806,172.49
139.4032,-13.9806,174.14
139.6530,-13.9806,175.20
139.9028,-13.9806,175.31
140.1527,-13.9806,174.06
140.4025,-13.9806,171.01
140.6523,-13.9806,165.69
140.9022,-13.9806,157.76
141.1520,-13.9806,147.13
141.4018,-13.9806,134.23
141.6516,-13.9806,119.78
141.9015,-13.9806,104.65
142.1513,-13.9806,89.75
142.4011,-13.9806,75.99
142.6509,-13.9806,64.27
142.9008,-13.9806,55.31
143.1506,-13.9806,49.48
143.4004,-13.9806,46.58
143.6502,-13.9806,46.03
143.9001,-13.9806,47.15
144.1499,-13.9806,49.24
144.3997,-13.9806,51.61
144.6495,-13.9806,53.67
144.8994,-13.9806,54.92
145.1492,-13.9806,55.11
145.3990,-13.9806,54.31
145.6489,-13.9806,52.78
145.8987,-13.9806,50.90
146.1485,-13.9806,49.02
146.3983,-13.9806,47.52
146.6482,-13.9806,46.73
146.8980,-13.9806,46.89
147.1478,-13.9806,48.16
147.3976,-13.9806,50.51
147.6475,-13.9806,53.78
147.8973,-13.9806,57.81
148.1471,-13.9806,62.38
148.3969,-13.9806,67.31
148.6468,-13.9806,72.42
148.8966,-13.9806,77.56
149.1464,-13.9806,82.58
149.3963,-13.9806,87.40
149.6461,-13.9806,91.92
149.8959,-13.9806,96.02
150.1457,-13.9806,99.56
150.3956,-13.9806,102.32
150.6454,-13.9806,104.05
150.8952,-13.9806,104.54
151.1450,-13.9806,103.69
151.3949,-13.9806,101.63
151.6447,-13.9806,98.65
151.8945,-13.9806,95.08
152.1443,-13.9806,91.19
152.3942,-13.9806,87.25
152.6440,-13.9806,83.48
152.8938,-13.9806,80.10
153.1437,-13.9806,77.25
153.3935,-13.9806,75.07
153.6433,-13.9806,73.65
153.8931,-13.9806,73.12
154.1430,-13.9806,73.64
154.3928,-13.9806,75.37
154.6426,-13.9806,78.50
154.8924,-13.9806,83.13
155.1423,-13.9806,89.22
155.3921,-13.9806,96.42
155.6419,-13.9806,104.20
155.8917,-13.9806,111.94
110.1735,-13.7309,128.15
110.4233,-13.7309,127.38
110.6731,-13.7309,126.62
110.9230,-13.7309,125.88
111.1728,-13.7309,125.16
111.4226,-13.7309,124.48
111.6724,-13.7309,123.86
111.9223,-13.7309,123.27
112.1721,-13.7309,122.71
112.4219,-13.7309,122.13
112.6718,-13.7309,121.49
112.9216,-13.7309,120.76
113.1714,-13.7309,119.92
113.4212,-13.7309,119.00
113.6711,-13.7309,118.04
113.9209,-13.7309,117.10
114.1707,-13.7309,116.22
114.4205,-13.7309,115.46
114.6704,-13.7309,114.83
114.9202,-13.7309,114.38
115.1700,-13.7309,114.09
115.4198,-13.7309,113.97
115.6697,-13.7309,113.97
115.9195,-13.7309,114.05
116.1693,-13.7309,114.11
116.4192,-13.7309,114.08
116.6690,-13.7309,113.82
116.9188,-13.7309,113.27
117.1686,-13.7309,112.38
117.4185,-13.7309,111.29
117.6683,-13.7309,110.20
117.9181,-13.7309,109.33
118.1679,-13.7309,108.86
118.4178,-13.7309,108.96
118.6676,-13.7309,109.72
118.9174,-13.7309,111.15
119.1672,-13.7309,113.20
119.4171,-13.7309,115.75
119.6669,-13.7309,118.63
119.9167,-13.7309,121.61
120.1666,-13.7309,124.48
120.4164,-13.7309,127.04
120.6662,-13.7309,129.23
120.9160,-13.7309,131.11
121.1659,-13.7309,132.80
121.4157,-13.7309,134.19
121.6655,-13.7309,135.27
121.9153,-13.7309,136.13
122.1652,-13.7309,137.03
122.4150,-13.7309,138.28
122.6648,-13.7309,140.23
122.9146,-13.7309,143.19
123.1645,-13.7309,147.25
123.4143,-13.7309,152.07
123.6641,-13.7309,157.13
123.9139,-13.7309,161.77
124.1638,-13.7309,165.30
124.4136,-13.7309,167.00
124.6634,-13.7309,166.16
124.9133,-13.7309,162.21
125.1631,-13.7309,154.96
125.4129,-13.7309,144.94
125.6627,-13.7309,133.13
125.9126,-13.7309,120.64
126.1624,-13.7309,108.68
126.4122,-13.7309,98.51
126.6620,-13.7309,91.40
126.9119,-13.7309,88.46
127.1617,-13.7309,90.26
127.4115,-13.7309,96.34
127.6613,-13.7309,105.68
127.9112,-13.7309,117.13
128.1610,-13.7309,129.58
128.4108,-13.7309,141.94
128.6607,-13.7309,153.24
128.9105,-13.7309,162.64
129.1603,-13.7309,169.61
129.4101,-13.7309,174.21
129.6600,-13.7309,176.79
129.9098,-13.7309,177.78
130.1596,-13.7309,177.62
130.4094,-13.7309,176.70
130.6593,-13.7309,175.35
130.9091,-13.7309,173.88
131.1589,-13.7309,172.49
131.4087,-13.7309,171.33
131.6586,-13.7309,170.50
131.9084,-13.7309,170.04
132.1582,-13.7309,170.03
132.4080,-13.7309,170.50
132.6579,-13.7309,171.53
132.9077,-13.7309,173.16
133.1575,-13.7309,175.36
133.4074,-13.7309,177.99
133.6572,-13.7309,180.83
133.9070,-13.7309,183.60
134.1568,-13.7309,186.05
134.4067,-13.7309,187.87
134.6565,-13.7309,188.72
134.9063,-13.7309,188.29
135.1561,-13.7309,186.39
135.4060,-13.7309,183.25
135.6558,-13.7309,179.27
135.9056,-13.7309,174.84
136.1554,-13.7309,170.34
136.4053,-13.7309,166.16
136.6551,-13.7309,162.68
136.9049,-13.7309,160.30
137.1548,-13.7309,159.26
137.4046,-13.7309,159.41
137.6544,-13.7309,160.46
137.9042,-13.7309,162.14
138.1541,-13.7309,164.22
138.4039,-13.7309,166.53
138.6537,-13.7309,168.90
138.9035,-13.7309,171.16
139.1534,-13.7309,173.13
139.4032,-13.7309,174.66
139.6530,-13.7309,175.54
139.9028,-13.7309,175.52
140.1527,-13.7309,174.24
140.4025,-13.7309,171.28
140.6523,-13.7309,166.11
140.9022,-13.7309,158.25
141.1520,-13.7309,147.53
141.4018,-13.7309,134.49
141.6516,-13.7309,119.98
141.9015,-13.7309,104.95
142.1513,-13.7309,90.28
142.4011,-13.7309,76.83
142.6509,-13.7309,65.40
142.9008,-13.7309,56.64
143.1506,-13.7309,50.88
143.4004,-13.7309,47.90
143.6502,-13.7309,47.18
143.9001,-13.7309,48.06
144.1499,-13.7309,49.88
144.3997,-13.7309,52.01
144.6495,-13.7309,53.85
144.8994,-13.7309,54.91
145.1492,-13.7309,54.89
145.3990,-13.7309,53.90
145.6489,-13.7309,52.23
145.8987,-13.7309,50.26
146.1485,-13.7309,48.36
146.3983,-13.7309,46.92
146.6482,-13.7309,46.34
146.8980,-13.7309,46.95
147.1478,-13.7309,48.97
147.3976,-13.7309,52.29
147.6475,-13.7309,56.68
147.8973,-13.7309,61.87
148.1471,-13.7309,67.57
148.3969,-13.7309,73.46
148.6468,-13.7309,79.18
148.8966,-13.7309,84.30
149.1464,-13.7309,88.53
149.3963,-13.7309,91.94
149.6461,-13.7309,94.72
149.8959,-13.7309,96.95
150.1457,-13.7309,98.66
150.3956,-13.7309,99.79
150.6454,-13.7309,100.25
150.8952,-13.7309,100.00
151.1450,-13.7309,99.05
151.3949,-13.7309,97.46
151.6447,-13.7309,95.35
151.8945,-13.7309,92.88
152.1443,-13.7309,90.21
152.3942,-13.7309,87.44
152.6440,-13.7309,84.59
152.8938,-13.7309,81.61
153.1437,-13.7309,78.49
153.3935,-13.7309,75.50
153.6433,-13.7309,73.01
153.8931,-13.7309,71.32
154.1430,-13.7309,70.70
154.3928,-13.7309,71.43
154.6426,-13.7309,73.78
154.8924,-13.7309,78.02
155.1423,-13.7309,84.17
155.3921,-13.7309,91.81
155.6419,-13.7309,100.29
155.8917,-13.7309,108.89
110.1735,-13.4813,129.57
110.4233,-13.4813,128.94
110.6731,-13.4813,128.31
110.9230,-13.4813,127.67
111.1728,-13.4813,126.96
111.4226,-13.4813,126.24
111.6724,-13.4813,125.55
111.9223,-13.4813,124.90
112.1721,-13.4813,124.27
112.4219,-13.4813,123.62
112.6718,-13.4813,122.92
112.9216,-13.4813,122.11
113.1714,-13.4813,121.16
113.4212,-13.4813,120.11
113.6711,-13.4813,119.03
113.9209,-13.4813,117.97
114.1707,-13.4813,116.99
114.4205,-13.4813,116.12
114.6704,-13.4813,115.40
114.9202,-13.4813,114.87
115.1700,-13.4813,114.55
115.4198,-13.4813,114.42
115.6697,-13.4813,114.42
115.9195,-13.4813,114.50
116.1693,-13.4813,114.60
116.4192,-13.4813,114.62
116.6690,-13.4813,114.44
116.9188,-13.4813,113.96
117.1686,-13.4813,113.09
117.4185,-13.4813,112.02
117.6683,-13.4813,110.97
117.9181,-13.4813,110.17
118.1679,-13.4813,109.77
118.4178,-13.4813,109.90
118.6676,-13.4813,110.58
118.9174,-13.4813,111.72
119.1672,-13.4813,113.17
119.4171,-13.4813,114.89
119.6669,-13.4813,116.78
119.9167,-13.4813,118.67
120.1666,-13.4813,120.40
120.4164,-13.4813,121.86
120.6662,-13.4813,123.17
120.9160,-13.4813,124.68
121.1659,-13.4813,126.81
121.4157,-13.4813,129.14
121.6655,-13.4813,131.31
121.9153,-13.4813,133.25
122.1652,-13.4813,135.08
122.4150,-13.4813,137.11
122.6648,-13.4813,139.68
122.9146,-13.4813,143.18
123.1645,-13.4813,147.84
123.4143,-13.4813,153.24
123.6641,-13.4813,158.80
123.9139,-13.4813,163.89
124.1638,-13.4813,167.87
124.4136,-13.4813,170.06
124.6634,-13.4813,169.74
124.9133,-13.4813,166.16
125.1631,-13.4813,158.90
125.4129,-13.4813,148.73
125.6627,-13.4813,136.75
125.9126,-13.4813,124.09
126.1624,-13.4813,111.89
126.4122,-13.4813,101.35
126.6620,-13.4813,93.77
126.9119,-13.4813,90.50
127.1617,-13.4813,92.51
127.4115,-13.4813,98.94
127.6613,-13.4813,108.55
127.9112,-13.4813,120.16
128.1610,-13.4813,132.71
128.4108,-13.4813,145.19
128.6607,-13.4813,156.61
128.9105,-13.4813,166.04
129.1603,-13.4813,172.75
129.4101,-13.4813,177.02
129.6600,-13.4813,179.35
129.9098,-13.4813,180.19
130.1596,-13.4813,179.96
130.4094,-13.4813,179.02
130.6593,-13.4813,177.68
130.9091,-13.4813,176.20
131.1589,-13.4813,174.80
131.4087,-13.4813,173.62
131.6586,-13.4813,172.76
131.9084,-13.4813,172.29
132.1582,-13.4813,172.27
132.4080,-13.4813,172.78
132.6579,-13.4813,173.88
132.9077,-13.4813,175.67
133.1575,-13.4813,178.17
133.4074,-13.4813,181.18
133.6572,-13.4813,184.44
133.9070,-13.4813,187.69
134.1568,-13.4813,190.62
134.4067,-13.4813,192.90
134.6565,-13.4813,194.08
134.9063,-13.4813,193.62
135.1561,-13.4813,191.08
135.4060,-13.4813,186.94
135.6558,-13.4813,181.79
135.9056,-13.4813,176.14
136.1554,-13.4813,170.42
136.4053,-13.4813,165.07
136.6551,-13.4813,160.60
136.9049,-13.4813,157.62
137.1548,-13.4813,156.63
137.4046,-13.4813,157.20
137.6544,-13.4813,158.81
137.9042,-13.4813,161.06
138.1541,-13.4813,163.66
138.4039,-13.4813,166.39
138.6537,-13.4813,169.03
138.9035,-13.4813,171.38
139.1534,-13.4813,173.22
139.4032,-13.4813,174.48
139.6530,-13.4813,175.09
139.9028,-13.4813,174.88
140.1527,-13.4813,173.59
140.4025,-13.4813,170.81
140.6523,-13.4813,165.99
140.9022,-13.4813,158.40
141.1520,-13.4813,147.51
141.4018,-13.4813,134.23
141.6516,-13.4813,119.63
141.9015,-13.4813,104.70
142.1513,-13.4813,90.28
142.4011,-13.4813,77.12
142.6509,-13.4813,65.93
142.9008,-13.4813,57.37
143.1506,-13.4813,51.86
143.4004,-13.4813,49.04
143.6502,-13.4813,48.32
143.9001,-13.4813,49.09
144.1499,-13.4813,50.75
144.3997,-13.4813,52.72
144.6495,-13.4813,54.42
144.8994,-13.4813,55.31
145.1492,-13.4813,54.99
145.3990,-13.4813,53.68
145.6489,-13.4813,51.76
145.8987,-13.4813,49.62
146.1485,-13.4813,47.62
146.3983,-13.4813,46.17
146.6482,-13.4813,45.69
146.8980,-13.4813,46.64
147.1478,-13.4813,49.40
147.3976,-13.4813,53.70
147.6475,-13.4813,59.15
147.8973,-13.4813,65.41
148.1471,-13.4813,72.14
148.3969,-13.4813,78.93
148.6468,-13.4813,85.24
148.8966,-13.4813,90.36
149.1464,-13.4813,93.66
149.3963,-13.4813,95.57
149.6461,-13.4813,96.58
149.8959,-13.4813,97.00
150.1457,-13.4813,96.98
150.3956,-13.4813,96.57
150.6454,-13.4813,95.85
150.8952,-13.4813,94.90
151.1450,-13.4813,93.89
151.3949,-13.4813,92.74
151.6447,-13.4813,91.43
151.8945,-13.4813,90.02
152.1443,-13.4813,88.53
152.3942,-13.4813,86.96
152.6440,-13.4813,85.12
152.8938,-13.4813,82.67
153.1437,-13.4813,79.28
153.3935,-13.4813,75.52
153.6433,-13.4813,72.02
153.8931,-13.4813,69.24
154.1430,-13.4813,67.52
154.3928,-13.4813,67.20
154.6426,-13.4813,68.67
154.8924,-13.4813,72.38
155.1423,-13.4813,78.63
155.3921,-13.4813,86.74
155.6419,-13.4813,95.90
155.8917,-13.4813,105.32
110.1735,-13.2316,130.51
110.4233,-13.2316,130.05
110.6731,-13.2316,129.59
110.9230,-13.2316,129.08
111.1728,-13.2316,128.40
111.4226,-13.2316,127.67
111.6724,-13.2316,126.95
111.9223,-13.2316,126.27
112.1721,-13.2316,125.61
112.4219,-13.2316,124.93
112.6718,-13.2316,124.19
112.9216,-13.2316,123.34
113.1714,-13.2316,122.28
113.4212,-13.2316,121.12
113.6711,-13.2316,119.92
113.9209,-13.2316,118.74
114.1707,-13.2316,117.63
114.4205,-13.2316,116.65
114.6704,-13.2316,115.83
114.9202,-13.2316,115.22
115.1700,-13.2316,114.85
115.4198,-13.2316,114.69
115.6697,-13.2316,114.69
115.9195,-13.2316,114.78
116.1693,-13.2316,114.91
116.4192,-13.2316,115.00
116.6690,-13.2316,114.93
116.9188,-13.2316,114.55
117.1686,-13.2316,113.65
117.4185,-13.2316,112.56
117.6683,-13.2316,111.53
117.9181,-13.2316,110.78
118.1679,-13.2316,110.44
118.4178,-13.2316,110.63
118.6676,-13.2316,111.32
118.9174,-13.2316,112.34
119.1672,-13.2316,113.36
119.4171,-13.2316,114.50
119.6669,-13.2316,115.72
119.9167,-13.2316,116.88
120.1666,-13.2316,117.82
120.4164,-13.2316,118.47
120.6662,-13.2316,119.01
120.9160,-13.2316,120.08
121.1659,-13.2316,122.83
121.4157,-13.2316,126.09
121.6655,-13.2316,129.19
121.9153,-13.2316,131.96
122.1652,-13.2316,134.49
122.4150,-13.2316,137.03
122.6648,-13.2316,139.94
122.9146,-13.2316,143.72
123.1645,-13.2316,148.95
123.4143,-13.2316,154.91
123.6641,-13.2316,160.94
123.9139,-13.2316,166.45
124.1638,-13.2316,170.89
124.4136,-13.2316,173.65
124.6634,-13.2316,174.04
124.9133,-13.2316,171.13
125.1631,-13.2316,163.77
125.4129,-13.2316,153.44
125.6627,-13.2316,141.39
125.9126,-13.2316,128.69
126.1624,-13.2316,116.35
126.4122,-13.2316,105.45
126.6620,-13.2316,97.24
126.9119,-13.2316,93.36
127.1617,-13.2316,95.87
127.4115,-13.2316,102.82
127.6613,-13.2316,112.69
127.9112,-13.2316,124.36
128.1610,-13.2316,136.86
128.4108,-13.2316,149.31
128.6607,-13.2316,160.81
128.9105,-13.2316,170.26
129.1603,-13.2316,176.41
129.4101,-13.2316,180.12
129.6600,-13.2316,182.05
129.9098,-13.2316,182.65
130.1596,-13.2316,182.30
130.4094,-13.2316,181.30
130.6593,-13.2316,179.95
130.9091,-13.2316,178.47
131.1589,-13.2316,177.08
131.4087,-13.2316,175.91
131.6586,-13.2316,175.05
131.9084,-13.2316,174.59
132.1582,-13.2316,174.58
132.4080,-13.2316,175.11
132.6579,-13.2316,176.24
132.9077,-13.2316,178.11
133.1575,-13.2316,180.88
133.4074,-13.2316,184.21
133.6572,-13.2316,187.82
133.9070,-13.2316,191.44
134.1568,-13.2316,194.77
134.4067,-13.2316,197.47
134.6565,-13.2316,199.05
134.9063,-13.2316,198.75
135.1561,-13.2316,195.49
135.4060,-13.2316,190.37
135.6558,-13.2316,184.21
135.9056,-13.2316,177.54
136.1554,-13.2316,170.80
136.4053,-13.2316,164.43
136.6551,-13.2316,158.99
136.9049,-13.2316,155.31
137.1548,-13.2316,154.53
137.4046,-13.2316,155.57
137.6544,-13.2316,157.64
137.9042,-13.2316,160.30
138.1541,-13.2316,163.22
138.4039,-13.2316,166.15
138.6537,-13.2316,168.87
138.9035,-13.2316,171.13
139.1534,-13.2316,172.59
139.4032,-13.2316,173.38
139.6530,-13.2316,173.52
139.9028,-13.2316,172.95
140.1527,-13.2316,171.51
140.4025,-13.2316,168.89
140.6523,-13.2316,164.55
140.9022,-13.2316,157.50
141.1520,-13.2316,146.29
141.4018,-13.2316,132.71
141.6516,-13.2316,118.14
141.9015,-13.2316,103.50
142.1513,-13.2316,89.50
142.4011,-13.2316,76.75
142.6509,-13.2316,65.87
142.9008,-13.2316,57.52
143.1506,-13.2316,52.50
143.4004,-13.2316,50.02
143.6502,-13.2316,49.41
143.9001,-13.2316,50.13
144.1499,-13.2316,51.66
144.3997,-13.2316,53.51
144.6495,-13.2316,55.14
144.8994,-13.2316,55.95
145.1492,-13.2316,55.21
145.3990,-13.2316,53.51
145.6489,-13.2316,51.31
145.8987,-13.2316,48.99
146.1485,-13.2316,46.90
146.3983,-13.2316,45.40
146.6482,-13.2316,44.92
146.8980,-13.2316,46.05
147.1478,-13.2316,49.55
147.3976,-13.2316,54.73
147.6475,-13.2316,61.08
147.8973,-13.2316,68.19
148.1471,-13.2316,75.71
148.3969,-13.2316,83.22
148.6468,-13.2316,90.10
148.8966,-13.2316,95.34
149.1464,-13.2316,97.51
149.3963,-13.2316,97.85
149.6461,-13.2316,97.20
149.8959,-13.2316,95.99
150.1457,-13.2316,94.44
150.3956,-13.2316,92.68
150.6454,-13.2316,90.88
150.8952,-13.2316,89.27
151.1450,-13.2316,88.23
151.3949,-13.2316,87.47
151.6447,-13.2316,86.86
151.8945,-13.2316,86.35
152.1443,-13.2316,85.91
152.3942,-13.2316,85.44
152.6440,-13.2316,84.68
152.8938,-13.2316,82.96
153.1437,-13.2316,79.22
153.3935,-13.2316,74.75
153.6433,-13.2316,70.42
153.8931,-13.2316,66.75
154.1430,-13.2316,64.12
154.3928,-13.2316,62.86
154.6426,-13.2316,63.39
154.8924,-13.2316,66.39
155.1423,-13.2316,72.80
155.3921,-13.2316,81.36
155.6419,-13.2316,91.03
155.8917,-13.2316,101.03
110.1735,-12.9820,130.91
110.4233,-12.9820,130.61
110.6731,-12.9820,130.33
110.9230,-12.9820,130.01
111.1728,-12.9820,129.37
111.4226,-12.9820,128.68
111.6724,-12.9820,128.00
111.9223,-12.9820,127.34
112.1721,-12.9820,126.68
112.4219,-12.9820,126.00
112.6718,-12.9820,125.26
112.9216,-12.9820,124.40
113.1714,-12.9820,123.24
113.4212,-12.9820,121.97
113.6711,-12.9820,120.67
113.9209,-12.9820,119.39
114.1707,-12.9820,118.17
114.4205,-12.9820,117.08
114.6704,-12.9820,116.15
114.9202,-12.9820,115.44
115.1700,-12.9820,115.03
115.4198,-12.9820,114.83
115.6697,-12.9820,114.79
115.9195,-12.9820,114.87
116.1693,-12.9820,115.00
116.4192,-12.9820,115.12
116.6690,-12.9820,115.13
116.9188,-12.9820,114.89
117.1686,-12.9820,113.91
117.4185,-12.9820,112.78
117.6683,-12.9820,111.78
117.9181,-12.9820,111.07
118.1679,-12.9820,110.79
118.4178,-12.9820,111.04
118.6676,-12.9820,111.80
118.9174,-12.9820,112.92
119.1672,-12.9820,113.70
119.4171,-12.9820,114.61
119.6669,-12.9820,115.60
119.9167,-12.9820,116.53
120.1666,-12.9820,117.21
120.4164,-12.9820,117.56
120.6662,-12.9820,117.70
120.9160,-12.9820,118.25
121.1659,-12.9820,121.84
121.4157,-12.9820,125.82
121.6655,-12.9820,129.51
121.9153,-12.9820,132.78
122.1652,-12.9820,135.71
122.4150,-12.9820,138.54
122.6648,-12.9820,141.58
122.9146,-12.9820,145.31
123.1645,-12.9820,151.06
123.4143,-12.9820,157.37
123.6641,-12.9820,163.64
123.9139,-12.9820,169.37
124.1638,-12.9820,174.06
124.4136,-12.9820,177.22
124.6634,-12.9820,178.26
124.9133,-12.9820,176.29
125.1631,-12.9820,168.76
125.4129,-12.9820,158.52
125.6627,-12.9820,146.77
125.9126,-12.9820,134.44
126.1624,-12.9820,122.38
126.4122,-12.9820,111.53
126.6620,-12.9820,102.93
126.9119,-12.9820,98.17
127.1617,-12.9820,101.46
127.4115,-12.9820,108.70
127.6613,-12.9820,118.44
127.9112,-12.9820,129.73
128.1610,-12.9820,141.78
128.4108,-12.9820,153.83
128.6607,-12.9820,165.11
128.9105,-12.9820,174.58
129.1603,-12.9820,179.86
129.4101,-12.9820,182.97
129.6600,-12.9820,184.54
129.9098,-12.9820,184.94
130.1596,-12.9820,184.50
130.4094,-12.9820,183.46
130.6593,-12.9820,182.10
130.9091,-12.9820,180.63
131.1589,-12.9820,179.28
131.4087,-12.9820,178.15
131.6586,-12.9820,177.32
131.9084,-12.9820,176.89
132.1582,-12.9820,176.92
132.4080,-12.9820,177.47
132.6579,-12.9820,178.62
132.9077,-12.9820,180.48
133.1575,-12.9820,183.47
133.4074,-12.9820,187.01
133.6572,-12.9820,190.80
133.9070,-12.9820,194.60
134.1568,-12.9820,198.12
134.4067,-12.9820,201.03
134.6565,-12.9820,202.90
134.9063,-12.9820,202.96
135.1561,-12.9820,198.91
135.4060,-12.9820,193.08
135.6558,-12.9820,186.28
135.9056,-12.9820,179.00
136.1554,-12.9820,171.65
136.4053,-12.9820,164.65
136.6551,-12.9820,158.50
136.9049,-12.9820,154.02
137.1548,-12.9820,153.65
137.4046,-12.9820,155.00
137.6544,-12.9820,157.27
137.9042,-12.9820,160.03
138.1541,-12.9820,162.96
138.4039,-12.9820,165.81
138.6537,-12.9820,168.35
138.9035,-12.9820,170.29
139.1534,-12.9820,171.09
139.4032,-12.9820,171.16
139.6530,-12.9820,170.58
139.9028,-12.9820,169.36
140.1527,-12.9820,167.44
140.4025,-12.9820,164.63
140.6523,-12.9820,160.58
140.9022,-12.9820,154.34
141.1520,-12.9820,142.61
141.4018,-12.9820,129.05
141.6516,-12.9820,114.94
141.9015,-12.9820,101.02
142.1513,-12.9820,87.84
142.4011,-12.9820,75.86
142.6509,-12.9820,65.53
142.9008,-12.9820,57.45
143.1506,-12.9820,53.15
143.4004,-12.9820,51.05
143.6502,-12.9820,50.53
143.9001,-12.9820,51.13
144.1499,-12.9820,52.44
144.3997,-12.9820,54.06
144.6495,-12.9820,55.57
144.8994,-12.9820,56.39
145.1492,-12.9820,55.15
145.3990,-12.9820,53.11
145.6489,-12.9820,50.75
145.8987,-12.9820,48.39
146.1485,-12.9820,46.32
146.3983,-12.9820,44.87
146.6482,-12.9820,44.42
146.8980,-12.9820,45.52
147.1478,-12.9820,49.75
147.3976,-12.9820,55.57
147.6475,-12.9820,62.45
147.8973,-12.9820,70.02
148.1471,-12.9820,77.92
148.3969,-12.9820,85.74
148.6468,-12.9820,92.91
148.8966,-12.9820,98.42
149.1464,-12.9820,99.24
149.3963,-12.9820,98.24
149.6461,-12.9820,96.28
149.8959,-12.9820,93.80
150.1457,-12.9820,91.04
150.3956,-12.9820,88.21
150.6454,-12.9820,85.52
150.8952,-12.9820,83.27
151.1450,-12.9820,82.26
151.3949,-12.9820,81.78
151.6447,-12.9820,81.66
151.8945,-12.9820,81.79
152.1443,-12.9820,82.10
152.3942,-12.9820,82.45
152.6440,-12.9820,82.58
152.8938,-12.9820,81.80
153.1437,-12.9820,77.62
153.3935,-12.9820,72.71
153.6433,-12.9820,67.96
153.8931,-12.9820,63.84
154.1430,-12.9820,60.68
154.3928,-12.9820,58.79
154.6426,-12.9820,58.56
154.8924,-12.9820,60.66
155.1423,-12.9820,67.32
155.3921,-12.9820,76.02
155.6419,-12.9820,85.76
155.8917,-12.9820,95.87
110.1735,-12.7323,130.74
110.4233,-12.7323,130.59
110.6731,-12.7323,130.43
110.9230,-12.7323,130.19
111.1728,-12.7323,129.75
111.4226,-12.7323,129.22
111.6724,-12.7323,128.66
111.9223,-12.7323,128.09
112.1721,-12.7323,127.48
112.4219,-12.7323,126.82
112.6718,-12.7323,126.05
112.9216,-12.7323,125.12
113.1714,-12.7323,123.97
113.4212,-12.7323,122.66
113.6711,-12.7323,121.30
113.9209,-12.7323,119.93
114.1707,-12.7323,118.63
114.4205,-12.7323,117.44
114.6704,-12.7323,116.42
114.9202,-12.7323,115.64
115.1700,-12.7323,115.13
115.4198,-12.7323,114.86
115.6697,-12.7323,114.76
115.9195,-12.7323,114.78
116.1693,-12.7323,114.86
116.4192,-12.7323,114.91
116.6690,-12.7323,114.83
116.9188,-12.7323,114.47
117.1686,-12.7323,113.63
117.4185,-12.7323,112.62
117.6683,-12.7323,111.69
117.9181,-12.7323,111.03
118.1679,-12.7323,110.80
118.4178,-12.7323,111.06
118.6676,-12.7323,111.81
118.9174,-12.7323,112.90
119.1672,-12.7323,113.99
119.4171,-12.7323,115.20
119.6669,-12.7323,116.51
119.9167,-12.7323,117.78
120.1666,-12.7323,118.86
120.4164,-12.7323,119.72
120.6662,-12.7323,120.53
120.9160,-12.7323,121.95
121.1659,-12.7323,125.15
121.4157,-12.7323,128.92
121.6655,-12.7323,132.57
121.9153,-12.7323,135.90
122.1652,-12.7323,138.97
122.4150,-12.7323,141.98
122.6648,-12.7323,145.28
122.9146,-12.7323,149.34
123.1645,-12.7323,154.78
123.4143,-12.7323,160.86
123.6641,-12.7323,166.96
123.9139,-12.7323,172.56
124.1638,-12.7323,177.16
124.4136,-12.7323,180.21
124.6634,-12.7323,181.09
124.9133,-12.7323,178.92
125.1631,-12.7323,172.54
125.4129,-12.7323,163.39
125.6627,-12.7323,152.65
125.9126,-12.7323,141.28
126.1624,-12.7323,130.16
126.4122,-12.7323,120.23
126.6620,-12.7323,112.62
126.9119,-12.7323,108.89
127.1617,-12.7323,111.05
127.4115,-12.7323,117.21
127.6613,-12.7323,125.94
127.9112,-12.7323,136.22
128.1610,-12.7323,147.24
128.4108,-12.7323,158.23
128.6607,-12.7323,168.40
128.9105,-12.7323,176.72
129.1603,-12.7323,181.99
129.4101,-12.7323,185.06
129.6600,-12.7323,186.57
129.9098,-12.7323,186.93
130.1596,-12.7323,186.47
130.4094,-12.7323,185.44
130.6593,-12.7323,184.11
130.9091,-12.7323,182.69
131.1589,-12.7323,181.38
131.4087,-12.7323,180.29
131.6586,-12.7323,179.52
131.9084,-12.7323,179.15
132.1582,-12.7323,179.25
132.4080,-12.7323,179.89
132.6579,-12.7323,181.15
132.9077,-12.7323,183.15
133.1575,-12.7323,186.05
133.4074,-12.7323,189.53
133.6572,-12.7323,193.27
133.9070,-12.7323,197.00
134.1568,-12.7323,200.39
134.4067,-12.7323,203.07
134.6565,-12.7323,204.52
134.9063,-12.7323,203.95
135.1561,-12.7323,200.28
135.4060,-12.7323,194.63
135.6558,-12.7323,187.84
135.9056,-12.7323,180.50
136.1554,-12.7323,173.09
136.4053,-12.7323,166.11
136.6551,-12.7323,160.16
136.9049,-12.7323,156.09
137.1548,-12.7323,155.06
137.4046,-12.7323,155.93
137.6544,-12.7323,157.88
137.9042,-12.7323,160.36
138.1541,-12.7323,162.97
138.4039,-12.7323,165.38
138.6537,-12.7323,167.32
138.9035,-12.7323,168.48
139.1534,-12.7323,168.56
139.4032,-12.7323,167.75
139.6530,-12.7323,166.18
139.9028,-12.7323,163.93
140.1527,-12.7323,161.01
140.4025,-12.7323,157.28
140.6523,-12.7323,152.34
140.9022,-12.7323,145.31
141.1520,-12.7323,134.76
141.4018,-12.7323,122.46
141.6516,-12.7323,109.66
141.9015,-12.7323,97.09
142.1513,-12.7323,85.29
142.4011,-12.7323,74.65
142.6509,-12.7323,65.59
142.9008,-12.7323,58.64
143.1506,-12.7323,54.50
143.4004,-12.7323,52.39
143.6502,-12.7323,51.72
143.9001,-12.7323,52.04
144.1499,-12.7323,52.95
144.3997,-12.7323,54.10
144.6495,-12.7323,55.07
144.8994,-12.7323,55.31
145.1492,-12.7323,54.16
145.3990,-12.7323,52.23
145.6489,-12.7323,49.99
145.8987,-12.7323,47.79
146.1485,-12.7323,45.96
146.3983,-12.7323,44.84
146.6482,-12.7323,44.84
146.8980,-12.7323,46.53
147.1478,-12.7323,50.64
147.3976,-12.7323,56.43
147.6475,-12.7323,63.33
147.8973,-12.7323,70.85
148.1471,-12.7323,78.58
148.3969,-12.7323,85.99
148.6468,-12.7323,92.41
148.8966,-12.7323,96.77
149.1464,-12.7323,97.62
149.3963,-12.7323,96.29
149.6461,-12.7323,93.71
149.8959,-12.7323,90.43
150.1457,-12.7323,86.86
150.3956,-12.7323,83.32
150.6454,-12.7323,80.14
150.8952,-12.7323,77.67
151.1450,-12.7323,76.35
151.3949,-12.7323,75.86
151.6447,-12.7323,75.94
151.8945,-12.7323,76.40
152.1443,-12.7323,77.05
152.3942,-12.7323,77.66
152.6440,-12.7323,77.81
152.8938,-12.7323,76.77
153.1437,-12.7323,73.43
153.3935,-12.7323,69.07
153.6433,-12.7323,64.58
153.8931,-12.7323,60.54
154.1430,-12.7323,57.37
154.3928,-12.7323,55.44
154.6426,-12.7323,55.26
154.8924,-12.7323,57.53
155.1423,-12.7323,63.24
155.3921,-12.7323,71.14
155.6419,-12.7323,80.25
155.8917,-12.7323,89.78
110.1735,-12.4827,130.07
110.4233,-12.4827,130.07
110.6731,-12.4827,130.04
110.9230,-12.4827,129.94
111.1728,-12.4827,129.71
111.4226,-12.4827,129.40
111.6724,-12.4827,129.01
111.9223,-12.4827,128.57
112.1721,-12.4827,128.05
112.4219,-12.4827,127.43
112.6718,-12.4827,126.66
112.9216,-12.4827,125.71
113.1714,-12.4827,124.56
113.4212,-12.4827,123.25
113.6711,-12.4827,121.85
113.9209,-12.4827,120.41
114.1707,-12.4827,119.02
114.4205,-12.4827,117.74
114.6704,-12.4827,116.63
114.9202,-12.4827,115.76
115.1700,-12.4827,115.17
115.4198,-12.4827,114.81
115.6697,-12.4827,114.64
115.9195,-12.4827,114.59
116.1693,-12.4827,114.58
116.4192,-12.4827,114.52
116.6690,-12.4827,114.32
116.9188,-12.4827,113.88
117.1686,-12.4827,113.13
117.4185,-12.4827,112.23
117.6683,-12.4827,111.39
117.9181,-12.4827,110.79
118.1679,-12.4827,110.57
118.4178,-12.4827,110.85
118.6676,-12.4827,111.66
118.9174,-12.4827,112.93
119.1672,-12.4827,114.51
119.4171,-12.4827,116.38
119.6669,-12.4827,118.44
119.9167,-12.4827,120.54
120.1666,-12.4827,122.54
120.4164,-12.4827,124.39
120.6662,-12.4827,126.23
120.9160,-12.4827,128.44
121.1659,-12.4827,131.45
121.4157,-12.4827,134.80
121.6655,-12.4827,138.08
121.9153,-12.4827,141.14
122.1652,-12.4827,144.05
122.4150,-12.4827,147.03
122.6648,-12.4827,150.37
122.9146,-12.4827,154.45
123.1645,-12.4827,159.49
123.4143,-12.4827,165.12
123.6641,-12.4827,170.81
123.9139,-12.4827,176.04
124.1638,-12.4827,180.29
124.4136,-12.4827,183.01
124.6634,-12.4827,183.62
124.9133,-12.4827,181.47
125.1631,-12.4827,176.14
125.4129,-12.4827,168.34
125.6627,-12.4827,159.00
125.9126,-12.4827,149.02
126.1624,-12.4827,139.27
126.4122,-12.4827,130.70
126.6620,-12.4827,124.34
126.9119,-12.4827,121.36
127.1617,-12.4827,122.67
127.4115,-12.4827,127.49
127.6613,-12.4827,134.77
127.9112,-12.4827,143.60
128.1610,-12.4827,153.16
128.4108,-12.4827,162.71
128.6607,-12.4827,171.48
128.9105,-12.4827,178.68
129.1603,-12.4827,183.66
129.4101,-12.4827,186.71
129.6600,-12.4827,188.25
129.9098,-12.4827,188.64
130.1596,-12.4827,188.22
130.4094,-12.4827,187.24
130.6593,-12.4827,185.96
130.9091,-12.4827,184.60
131.1589,-12.4827,183.34
131.4087,-12.4827,182.32
131.6586,-12.4827,181.62
131.9084,-12.4827,181.32
132.1582,-12.4827,181.49
132.4080,-12.4827,182.21
132.6579,-12.4827,183.55
132.9077,-12.4827,185.59
133.1575,-12.4827,188.36
133.4074,-12.4827,191.64
133.6572,-12.4827,195.17
133.9070,-12.4827,198.65
134.1568,-12.4827,201.72
134.4067,-12.4827,203.98
134.6565,-12.4827,204.92
134.9063,-12.4827,203.95
135.1561,-12.4827,200.61
135.4060,-12.4827,195.41
135.6558,-12.4827,189.00
135.9056,-12.4827,182.00
136.1554,-12.4827,174.93
136.4053,-12.4827,168.34
136.6551,-12.4827,162.85
136.9049,-12.4827,159.11
137.1548,-12.4827,157.63
137.4046,-12.4827,157.90
137.6544,-12.4827,159.29
137.9042,-12.4827,161.24
138.1541,-12.4827,163.27
138.4039,-12.4827,165.01
138.6537,-12.4827,166.11
138.9035,-12.4827,166.28
139.1534,-12.4827,165.35
139.4032,-12.4827,163.38
139.6530,-12.4827,160.51
139.9028,-12.4827,156.89
140.1527,-12.4827,152.57
140.4025,-12.4827,147.51
140.6523,-12.4827,141.43
140.9022,-12.4827,133.84
141.1520,-12.4827,124.29
141.4018,-12.4827,113.57
141.6516,-12.4827,102.53
141.9015,-12.4827,91.81
142.1513,-12.4827,81.83
142.4011,-12.4827,72.93
142.6509,-12.4827,65.44
142.9008,-12.4827,59.68
143.1506,-12.4827,55.92
143.4004,-12.4827,53.81
143.6502,-12.4827,52.90
143.9001,-12.4827,52.82
144.1499,-12.4827,53.23
144.3997,-12.4827,53.80
144.6495,-12.4827,54.15
144.8994,-12.4827,53.91
145.1492,-12.4827,52.80
145.3990,-12.4827,51.06
145.6489,-12.4827,49.07
145.8987,-12.4827,47.17
146.1485,-12.4827,45.70
146.3983,-12.4827,45.02
146.6482,-12.4827,45.50
146.8980,-12.4827,47.58
147.1478,-12.4827,51.56
147.3976,-12.4827,57.09
147.6475,-12.4827,63.66
147.8973,-12.4827,70.80
148.1471,-12.4827,77.97
148.3969,-12.4827,84.62
148.6468,-12.4827,90.06
148.8966,-12.4827,93.46
149.1464,-12.4827,94.18
149.3963,-12.4827,92.75
149.6461,-12.4827,89.87
149.8959,-12.4827,86.14
150.1457,-12.4827,82.06
150.3956,-12.4827,78.06
150.6454,-12.4827,74.53
150.8952,-12.4827,71.88
151.1450,-12.4827,70.33
151.3949,-12.4827,69.75
151.6447,-12.4827,69.89
151.8945,-12.4827,70.46
152.1443,-12.4827,71.19
152.3942,-12.4827,71.76
152.6440,-12.4827,71.75
152.8938,-12.4827,70.65
153.1437,-12.4827,68.02
153.3935,-12.4827,64.44
153.6433,-12.4827,60.58
153.8931,-12.4827,57.00
154.1430,-12.4827,54.17
154.3928,-12.4827,52.52
154.6426,-12.4827,52.53
154.8924,-12.4827,54.77
155.1423,-12.4827,59.61
155.3921,-12.4827,66.43
155.6419,-12.4827,74.45
155.8917,-12.4827,82.93
110.1735,-12.2330,129.03
110.4233,-12.2330,129.21
110.6731,-12.2330,129.33
110.9230,-12.2330,129.40
111.1728,-12.2330,129.40
111.4226,-12.2330,129.31
111.6724,-12.2330,129.14
111.9223,-12.2330,128.87
112.1721,-12.2330,128.47
112.4219,-12.2330,127.92
112.6718,-12.2330,127.19
112.9216,-12.2330,126.25
113.1714,-12.2330,125.12
113.4212,-12.2330,123.80
113.6711,-12.2330,122.37
113.9209,-12.2330,120.88
114.1707,-12.2330,119.40
114.4205,-12.2330,118.01
114.6704,-12.2330,116.80
114.9202,-12.2330,115.84
115.1700,-12.2330,115.16
115.4198,-12.2330,114.74
115.6697,-12.2330,114.51
115.9195,-12.2330,114.39
116.1693,-12.2330,114.29
116.4192,-12.2330,114.13
116.6690,-12.2330,113.84
116.9188,-12.2330,113.35
117.1686,-12.2330,112.65
117.4185,-12.2330,111.84
117.6683,-12.2330,111.08
117.9181,-12.2330,110.52
118.1679,-12.2330,110.32
118.4178,-12.2330,110.64
118.6676,-12.2330,111.58
118.9174,-12.2330,113.18
119.1672,-12.2330,115.41
119.4171,-12.2330,118.17
119.6669,-12.2330,121.29
119.9167,-12.2330,124.57
120.1666,-12.2330,127.81
120.4164,-12.2330,130.91
120.6662,-12.2330,133.84
120.9160,-12.2330,136.75
121.1659,-12.2330,139.74
121.4157,-12.2330,142.68
121.6655,-12.2330,145.44
121.9153,-12.2330,148.01
122.1652,-12.2330,150.53
122.4150,-12.2330,153.21
122.6648,-12.2330,156.33
122.9146,-12.2330,160.15
123.1645,-12.2330,164.75
123.4143,-12.2330,169.87
123.6641,-12.2330,175.05
123.9139,-12.2330,179.81
124.1638,-12.2330,183.64
124.4136,-12.2330,186.01
124.6634,-12.2330,186.45
124.9133,-12.2330,184.54
125.1631,-12.2330,180.13
125.4129,-12.2330,173.65
125.6627,-12.2330,165.80
125.9126,-12.2330,157.36
126.1624,-12.2330,149.14
126.4122,-12.2330,141.98
126.6620,-12.2330,136.76
126.9119,-12.2330,134.28
127.1617,-12.2330,134.99
127.4115,-12.2330,138.57
127.6613,-12.2330,144.33
127.9112,-12.2330,151.54
128.1610,-12.2330,159.47
128.4108,-12.2330,167.44
128.6607,-12.2330,174.79
128.9105,-12.2330,180.90
129.1603,-12.2330,185.38
129.4101,-12.2330,188.27
129.6600,-12.2330,189.79
129.9098,-12.2330,190.21
130.1596,-12.2330,189.83
130.4094,-12.2330,188.89
130.6593,-12.2330,187.65
130.9091,-12.2330,186.35
131.1589,-12.2330,185.16
131.4087,-12.2330,184.20
131.6586,-12.2330,183.58
131.9084,-12.2330,183.34
132.1582,-12.2330,183.57
132.4080,-12.2330,184.33
132.6579,-12.2330,185.67
132.9077,-12.2330,187.65
133.1575,-12.2330,190.24
133.4074,-12.2330,193.28
133.6572,-12.2330,196.52
133.9070,-12.2330,199.66
134.1568,-12.2330,202.36
134.4067,-12.2330,204.21
134.6565,-12.2330,204.76
134.9063,-12.2330,203.61
135.1561,-12.2330,200.53
135.4060,-12.2330,195.81
135.6558,-12.2330,189.93
135.9056,-12.2330,183.45
136.1554,-12.2330,176.91
136.4053,-12.2330,170.86
136.6551,-12.2330,165.84
136.9049,-12.2330,162.34
137.1548,-12.2330,160.62
137.4046,-12.2330,160.41
137.6544,-12.2330,161.22
137.9042,-12.2330,162.54
138.1541,-12.2330,163.88
138.4039,-12.2330,164.81
138.6537,-12.2330,164.94
138.9035,-12.2330,163.99
139.1534,-12.2330,161.79
139.4032,-12.2330,158.39
139.6530,-12.2330,153.96
139.9028,-12.2330,148.68
140.1527,-12.2330,142.72
140.4025,-12.2330,136.16
140.6523,-12.2330,128.96
140.9022,-12.2330,121.01
141.1520,-12.2330,112.27
141.4018,-12.2330,103.12
141.6516,-12.2330,94.05
141.9015,-12.2330,85.42
142.1513,-12.2330,77.53
142.4011,-12.2330,70.60
142.6509,-12.2330,64.79
142.9008,-12.2330,60.27
143.1506,-12.2330,57.09
143.4004,-12.2330,55.07
143.6502,-12.2330,53.95
143.9001,-12.2330,53.47
144.1499,-12.2330,53.35
144.3997,-12.2330,53.33
144.6495,-12.2330,53.14
144.8994,-12.2330,52.53
145.1492,-12.2330,51.37
145.3990,-12.2330,49.80
145.6489,-12.2330,48.09
145.8987,-12.2330,46.53
146.1485,-12.2330,45.44
146.3983,-12.2330,45.15
146.6482,-12.2330,46.00
146.8980,-12.2330,48.29
147.1478,-12.2330,52.15
147.3976,-12.2330,57.35
147.6475,-12.2330,63.48
147.8973,-12.2330,70.06
148.1471,-12.2330,76.55
148.3969,-12.2330,82.37
148.6468,-12.2330,86.91
148.8966,-12.2330,89.57
149.1464,-12.2330,90.00
149.3963,-12.2330,88.43
149.6461,-12.2330,85.36
149.8959,-12.2330,81.35
150.1457,-12.2330,76.91
150.3956,-12.2330,72.55
150.6454,-12.2330,68.74
150.8952,-12.2330,65.90
151.1450,-12.2330,64.23
151.3949,-12.2330,63.63
151.6447,-12.2330,63.80
151.8945,-12.2330,64.42
152.1443,-12.2330,65.12
152.3942,-12.2330,65.58
152.6440,-12.2330,65.46
152.8938,-12.2330,64.44
153.1437,-12.2330,62.37
153.3935,-12.2330,59.54
153.6433,-12.2330,56.41
153.8931,-12.2330,53.44
154.1430,-12.2330,51.07
154.3928,-12.2330,49.74
154.6426,-12.2330,49.89
154.8924,-12.2330,51.89
155.1423,-12.2330,55.91
155.3921,-12.2330,61.61
155.6419,-12.2330,68.37
155.8917,-12.2330,75.56
110.1735,-11.9834,127.80
110.4233,-11.9834,128.15
110.6731,-11.9834,128.44
110.9230,-11.9834,128.70
111.1728,-11.9834,128.92
111.4226,-11.9834,129.09
111.6724,-11.9834,129.16
111.9223,-11.9834,129.09
112.1721,-11.9834,128.84
112.4219,-11.9834,128.39
112.6718,-11.9834,127.71
112.9216,-11.9834,126.81
113.1714,-11.9834,125.70
113.4212,-11.9834,124.40
113.6711,-11.9834,122.94
113.9209,-11.9834,121.39
114.1707,-11.9834,119.81
114.4205,-11.9834,118.30
114.6704,-11.9834,116.97
114.9202,-11.9834,115.92
115.1700,-11.9834,115.17
115.4198,-11.9834,114.71
115.6697,-11.9834,114.45
115.9195,-11.9834,114.28
116.1693,-11.9834,114.12
116.4192,-11.9834,113.90
116.6690,-11.9834,113.55
116.9188,-11.9834,113.04
117.1686,-11.9834,112.39
117.4185,-11.9834,111.66
117.6683,-11.9834,110.96
117.9181,-11.9834,110.43
118.1679,-11.9834,110.24
118.4178,-11.9834,110.59
118.6676,-11.9834,111.70
118.9174,-11.9834,113.72
119.1672,-11.9834,116.71
119.4171,-11.9834,120.53
119.6669,-11.9834,124.91
119.9167,-11.9834,129.56
120.1666,-11.9834,134.22
120.4164,-11.9834,138.66
120.6662,-11.9834,142.72
120.9160,-11.9834,146.28
121.1659,-11.9834,149.31
121.4157,-11.9834,151.85
121.6655,-11.9834,154.00
121.9153,-11.9834,155.93
122.1652,-11.9834,157.86
122.4150,-11.9834,160.04
122.6648,-11.9834,162.73
122.9146,-11.9834,166.12
123.1645,-11.9834,170.25
123.4143,-11.9834,174.87
123.6641,-11.9834,179.58
123.9139,-11.9834,183.89
124.1638,-11.9834,187.32
124.4136,-11.9834,189.42
124.6634,-11.9834,189.81
124.9133,-11.9834,188.22
125.1631,-11.9834,184.64
125.4129,-11.9834,179.36
125.6627,-11.9834,172.92
125.9126,-11.9834,165.97
126.1624,-11.9834,159.22
126.4122,-11.9834,153.37
126.6620,-11.9834,149.10
126.9119,-11.9834,146.96
127.1617,-11.9834,147.22
127.4115,-11.9834,149.73
127.6613,-11.9834,154.07
127.9112,-11.9834,159.69
128.1610,-11.9834,166.00
128.4108,-11.9834,172.43
128.6607,-11.9834,178.41
128.9105,-11.9834,183.50
129.1603,-11.9834,187.37
129.4101,-11.9834,189.97
129.6600,-11.9834,191.39
129.9098,-11.9834,191.79
130.1596,-11.9834,191.41
130.4094,-11.9834,190.47
130.6593,-11.9834,189.25
130.9091,-11.9834,187.98
131.1589,-11.9834,186.84
131.4087,-11.9834,185.97
131.6586,-11.9834,185.41
131.9084,-11.9834,185.22
132.1582,-11.9834,185.45
132.4080,-11.9834,186.18
132.6579,-11.9834,187.44
132.9077,-11.9834,189.28
133.1575,-11.9834,191.66
133.4074,-11.9834,194.42
133.6572,-11.9834,197.35
133.9070,-11.9834,200.15
134.1568,-11.9834,202.51
134.4067,-11.9834,204.05
134.6565,-11.9834,204.38
134.9063,-11.9834,203.19
135.1561,-11.9834,200.36
135.4060,-11.9834,196.07
135.6558,-11.9834,190.73
135.9056,-11.9834,184.82
136.1554,-11.9834,178.86
136.4053,-11.9834,173.34
136.6551,-11.9834,168.74
136.9049,-11.9834,165.45
137.1548,-11.9834,163.63
137.4046,-11.9834,163.09
137.6544,-11.9834,163.42
137.9042,-11.9834,164.15
138.1541,-11.9834,164.79
138.4039,-11.9834,164.88
138.6537,-11.9834,164.00
138.9035,-11.9834,161.82
139.1534,-11.9834,158.19
139.4032,-11.9834,153.16
139.6530,-11.9834,146.95
139.9028,-11.9834,139.83
140.1527,-11.9834,132.07
140.4025,-11.9834,123.94
140.6523,-11.9834,115.65
140.9022,-11.9834,107.41
141.1520,-11.9834,99.39
141.4018,-11.9834,91.77
141.6516,-11.9834,84.69
141.9015,-11.9834,78.26
142.1513,-11.9834,72.58
142.4011,-11.9834,67.70
142.6509,-11.9834,63.64
142.9008,-11.9834,60.39
143.1506,-11.9834,57.89
143.4004,-11.9834,56.07
143.6502,-11.9834,54.80
143.9001,-11.9834,53.95
144.1499,-11.9834,53.35
144.3997,-11.9834,52.81
144.6495,-11.9834,52.16
144.8994,-11.9834,51.24
145.1492,-11.9834,50.02
145.3990,-11.9834,48.58
145.6489,-11.9834,47.11
145.8987,-11.9834,45.85
146.1485,-11.9834,45.08
146.3983,-11.9834,45.10
146.6482,-11.9834,46.19
146.8980,-11.9834,48.57
147.1478,-11.9834,52.30
147.3976,-11.9834,57.19
147.6475,-11.9834,62.87
147.8973,-11.9834,68.88
148.1471,-11.9834,74.70
148.3969,-11.9834,79.79
148.6468,-11.9834,83.60
148.8966,-11.9834,85.67
149.1464,-11.9834,85.77
149.3963,-11.9834,84.01
149.6461,-11.9834,80.77
149.8959,-11.9834,76.51
150.1457,-11.9834,71.77
150.3956,-11.9834,67.08
150.6454,-11.9834,63.00
150.8952,-11.9834,60.00
151.1450,-11.9834,58.32
151.3949,-11.9834,57.82
151.6447,-11.9834,58.11
151.8945,-11.9834,58.80
152.1443,-11.9834,59.48
152.3942,-11.9834,59.85
152.6440,-11.9834,59.66
152.8938,-11.9834,58.77
153.1437,-11.9834,57.15
153.3935,-11.9834,54.97
153.6433,-11.9834,52.52
153.8931,-11.9834,50.13
154.1430,-11.9834,48.19
154.3928,-11.9834,47.08
154.6426,-11.9834,47.20
154.8924,-11.9834,48.83
155.1423,-11.9834,52.06
155.3921,-11.9834,56.65
155.6419,-11.9834,62.14
155.8917,-11.9834,67.98
110.1735,-11.7337,126.52
110.4233,-11.7337,127.04
110.6731,-11.7337,127.50
110.9230,-11.7337,127.94
111.1728,-11.7337,128.41
111.4226,-11.7337,128.85
111.6724,-11.7337,129.18
111.9223,-11.7337,129.32
112.1721,-11.7337,129.24
112.4219,-11.7337,128.90
112.6718,-11.7337,128.30
112.9216,-11.7337,127.45
113.1714,-11.7337,126.38
113.4212,-11.7337,125.09
113.6711,-11.7337,123.62
113.9209,-11.7337,122.00
114.1707,-11.7337,120.32
114.4205,-11.7337,118.68
114.6704,-11.7337,117.21
114.9202,-11.7337,116.04
115.1700,-11.7337,115.26
115.4198,-11.7337,114.81
115.6697,-11.7337,114.55
115.9195,-11.7337,114.38
116.1693,-11.7337,114.20
116.4192,-11.7337,113.94
116.6690,-11.7337,113.58
116.9188,-11.7337,113.09
117.1686,-11.7337,112.52
117.4185,-11.7337,111.88
117.6683,-11.7337,111.26
117.9181,-11.7337,110.76
118.1679,-11.7337,110.57
118.4178,-11.7337,110.93
118.6676,-11.7337,112.15
118.9174,-11.7337,114.58
119.1672,-11.7337,118.41
119.4171,-11.7337,123.38
119.6669,-11.7337,129.11
119.9167,-11.7337,135.20
120.1666,-11.7337,141.31
120.4164,-11.7337,147.13
120.6662,-11.7337,152.31
120.9160,-11.7337,156.52
121.1659,-11.7337,159.55
121.4157,-11.7337,161.62
121.6655,-11.7337,163.10
121.9153,-11.7337,164.31
122.1652,-11.7337,165.55
122.4150,-11.7337,167.09
122.6648,-11.7337,169.20
122.9146,-11.7337,172.07
123.1645,-11.7337,175.76
123.4143,-11.7337,179.98
123.6641,-11.7337,184.30
123.9139,-11.7337,188.24
124.1638,-11.7337,191.35
124.4136,-11.7337,193.27
124.6634,-11.7337,193.68
124.9133,-11.7337,192.44
125.1631,-11.7337,189.58
125.4129,-11.7337,185.34
125.6627,-11.7337,180.14
125.9126,-11.7337,174.52
126.1624,-11.7337,169.06
126.4122,-11.7337,164.34
126.6620,-11.7337,160.86
126.9119,-11.7337,158.98
127.1617,-11.7337,158.85
127.4115,-11.7337,160.44
127.6613,-11.7337,163.53
127.9112,-11.7337,167.72
128.1610,-11.7337,172.55
128.4108,-11.7337,177.56
128.6607,-11.7337,182.30
128.9105,-11.7337,186.42
129.1603,-11.7337,189.68
129.4101,-11.7337,191.94
129.6600,-11.7337,193.18
129.9098,-11.7337,193.51
130.1596,-11.7337,193.07
130.4094,-11.7337,192.09
130.6593,-11.7337,190.83
130.9091,-11.7337,189.55
131.1589,-11.7337,188.46
131.4087,-11.7337,187.65
131.6586,-11.7337,187.14
131.9084,-11.7337,186.96
132.1582,-11.7337,187.14
132.4080,-11.7337,187.76
132.6579,-11.7337,188.87
132.9077,-11.7337,190.50
133.1575,-11.7337,192.62
133.4074,-11.7337,195.10
133.6572,-11.7337,197.72
133.9070,-11.7337,200.23
134.1568,-11.7337,202.32
134.4067,-11.7337,203.66
134.6565,-11.7337,203.91
134.9063,-11.7337,202.79
135.1561,-11.7337,200.19
135.4060,-11.7337,196.29
135.6558,-11.7337,191.45
135.9056,-11.7337,186.09
136.1554,-11.7337,180.67
136.4053,-11.7337,175.63
136.6551,-11.7337,171.40
136.9049,-11.7337,168.30
137.1548,-11.7337,166.49
137.4046,-11.7337,165.76
137.6544,-11.7337,165.73
137.9042,-11.7337,165.96
138.1541,-11.7337,165.96
138.4039,-11.7337,165.25
138.6537,-11.7337,163.40
138.9035,-11.7337,159.99
139.1534,-11.7337,154.82
139.4032,-11.7337,148.03
139.6530,-11.7337,139.91
139.9028,-11.7337,130.85
140.1527,-11.7337,121.23
140.4025,-11.7337,111.47
140.6523,-11.7337,102.05
140.9022,-11.7337,93.49
141.1520,-11.7337,86.17
141.4018,-11.7337,80.05
141.6516,-11.7337,74.95
141.9015,-11.7337,70.71
142.1513,-11.7337,67.23
142.4011,-11.7337,64.41
142.6509,-11.7337,62.10
142.9008,-11.7337,60.14
143.1506,-11.7337,58.35
143.4004,-11.7337,56.77
143.6502,-11.7337,55.41
143.9001,-11.7337,54.26
144.1499,-11.7337,53.25
144.3997,-11.7337,52.28
144.6495,-11.7337,51.25
144.8994,-11.7337,50.10
145.1492,-11.7337,48.82
145.3990,-11.7337,47.47
145.6489,-11.7337,46.19
145.8987,-11.7337,45.17
146.1485,-11.7337,44.64
146.3983,-11.7337,44.85
146.6482,-11.7337,46.05
146.8980,-11.7337,48.43
147.1478,-11.7337,52.04
147.3976,-11.7337,56.67
147.6475,-11.7337,61.97
147.8973,-11.7337,67.49
148.1471,-11.7337,72.75
148.3969,-11.7337,77.25
148.6468,-11.7337,80.52
148.8966,-11.7337,82.16
149.1464,-11.7337,81.97
149.3963,-11.7337,80.02
149.6461,-11.7337,76.60
149.8959,-11.7337,72.14
150.1457,-11.7337,67.11
150.3956,-11.7337,62.08
150.6454,-11.7337,57.69
150.8952,-11.7337,54.55
151.1450,-11.7337,53.01
151.3949,-11.7337,52.78
151.6447,-11.7337,53.35
151.8945,-11.7337,54.19
152.1443,-11.7337,54.88
152.3942,-11.7337,55.17
152.6440,-11.7337,54.91
152.8938,-11.7337,54.11
153.1437,-11.7337,52.85
153.3935,-11.7337,51.20
153.6433,-11.7337,49.30
153.8931,-11.7337,47.36
154.1430,-11.7337,45.70
154.3928,-11.7337,44.67
154.6426,-11.7337,44.58
154.8924,-11.7337,45.71
155.1423,-11.7337,48.14
155.3921,-11.7337,51.68
155.6419,-11.7337,55.95
155.8917,-11.7337,60.50
110.1735,-11.4840,125.38
110.4233,-11.4840,126.05
110.6731,-11.4840,126.64
110.9230,-11.4840,127.25
111.1728,-11.4840,127.98
111.4226,-11.4840,128.71
111.6724,-11.4840,129.31
111.9223,-11.4840,129.67
112.1721,-11.4840,129.75
112.4219,-11.4840,129.53
112.6718,-11.4840,129.01
112.9216,-11.4840,128.22
113.1714,-11.4840,127.20
113.4212,-11.4840,125.95
113.6711,-11.4840,124.47
113.9209,-11.4840,122.81
114.1707,-11.4840,121.02
114.4205,-11.4840,119.23
114.6704,-11.4840,117.58
114.9202,-11.4840,116.29
115.1700,-11.4840,115.51
115.4198,-11.4840,115.11
115.6697,-11.4840,114.91
115.9195,-11.4840,114.78
116.1693,-11.4840,114.61
116.4192,-11.4840,114.36
116.6690,-11.4840,114.02
116.9188,-11.4840,113.60
117.1686,-11.4840,113.16
117.4185,-11.4840,112.67
117.6683,-11.4840,112.18
117.9181,-11.4840,111.75
118.1679,-11.4840,111.57
118.4178,-11.4840,111.88
118.6676,-11.4840,113.12
118.9174,-11.4840,115.85
119.1672,-11.4840,120.55
119.4171,-11.4840,126.72
119.6669,-11.4840,133.75
119.9167,-11.4840,141.18
120.1666,-11.4840,148.64
120.4164,-11.4840,155.74
120.6662,-11.4840,162.03
120.9160,-11.4840,166.89
121.1659,-11.4840,169.80
121.4157,-11.4840,171.31
121.6655,-11.4840,172.07
121.9153,-11.4840,172.56
122.1652,-11.4840,173.10
122.4150,-11.4840,173.98
122.6648,-11.4840,175.46
122.9146,-11.4840,177.80
123.1645,-11.4840,181.14
123.4143,-11.4840,185.09
123.6641,-11.4840,189.13
123.9139,-11.4840,192.80
124.1638,-11.4840,195.69
124.4136,-11.4840,197.47
124.6634,-11.4840,197.93
124.9133,-11.4840,197.00
125.1631,-11.4840,194.75
125.4129,-11.4840,191.37
125.6627,-11.4840,187.20
125.9126,-11.4840,182.67
126.1624,-11.4840,178.28
126.4122,-11.4840,174.48
126.6620,-11.4840,171.65
126.9119,-11.4840,169.98
127.1617,-11.4840,169.51
127.4115,-11.4840,170.32
127.6613,-11.4840,172.34
127.9112,-11.4840,175.31
128.1610,-11.4840,178.87
128.4108,-11.4840,182.65
128.6607,-11.4840,186.30
128.9105,-11.4840,189.56
129.1603,-11.4840,192.26
129.4101,-11.4840,194.19
129.6600,-11.4840,195.25
129.9098,-11.4840,195.46
130.1596,-11.4840,194.94
130.4094,-11.4840,193.86
130.6593,-11.4840,192.49
130.9091,-11.4840,191.13
131.1589,-11.4840,190.09
131.4087,-11.4840,189.34
131.6586,-11.4840,188.86
131.9084,-11.4840,188.63
132.1582,-11.4840,188.70
132.4080,-11.4840,189.13
132.6579,-11.4840,190.00
132.9077,-11.4840,191.34
133.1575,-11.4840,193.19
133.4074,-11.4840,195.38
133.6572,-11.4840,197.71
133.9070,-11.4840,199.96
134.1568,-11.4840,201.84
134.4067,-11.4840,203.08
134.6565,-11.4840,203.37
134.9063,-11.4840,202.41
135.1561,-11.4840,200.03
135.4060,-11.4840,196.47
135.6558,-11.4840,192.07
135.9056,-11.4840,187.22
136.1554,-11.4840,182.30
136.4053,-11.4840,177.69
136.6551,-11.4840,173.76
136.9049,-11.4840,170.85
137.1548,-11.4840,169.12
137.4046,-11.4840,168.33
137.6544,-11.4840,168.07
137.9042,-11.4840,167.88
138.1541,-11.4840,167.31
138.4039,-11.4840,165.91
138.6537,-11.4840,163.18
138.9035,-11.4840,158.62
139.1534,-11.4840,151.88
139.4032,-11.4840,143.27
139.6530,-11.4840,133.24
139.9028,-11.4840,122.25
140.1527,-11.4840,110.78
140.4025,-11.4840,99.37
140.6523,-11.4840,88.73
140.9022,-11.4840,79.72
141.1520,-11.4840,73.14
141.4018,-11.4840,68.52
141.6516,-11.4840,65.32
141.9015,-11.4840,63.15
142.1513,-11.4840,61.75
142.4011,-11.4840,60.89
142.6509,-11.4840,60.31
142.9008,-11.4840,59.63
143.1506,-11.4840,58.51
143.4004,-11.4840,57.14
143.6502,-11.4840,55.72
143.9001,-11.4840,54.35
144.1499,-11.4840,53.03
144.3997,-11.4840,51.74
144.6495,-11.4840,50.42
144.8994,-11.4840,49.09
145.1492,-11.4840,47.78
145.3990,-11.4840,46.52
145.6489,-11.4840,45.39
145.8987,-11.4840,44.55
146.1485,-11.4840,44.17
146.3983,-11.4840,44.48
146.6482,-11.4840,45.68
146.8980,-11.4840,47.99
147.1478,-11.4840,51.50
147.3976,-11.4840,55.94
147.6475,-11.4840,60.94
147.8973,-11.4840,66.08
148.1471,-11.4840,70.91
148.3969,-11.4840,75.00
148.6468,-11.4840,77.92
148.8966,-11.4840,79.29
149.1464,-11.4840,78.89
149.3963,-11.4840,76.80
149.6461,-11.4840,73.29
149.8959,-11.4840,68.69
150.1457,-11.4840,63.44
150.3956,-11.4840,58.09
150.6454,-11.4840,53.34
150.8952,-11.4840,50.03
151.1450,-11.4840,48.84
151.3949,-11.4840,49.14
151.6447,-11.4840,50.13
151.8945,-11.4840,51.20
152.1443,-11.4840,51.93
152.3942,-11.4840,52.11
152.6440,-11.4840,51.70
152.8938,-11.4840,50.87
153.1437,-11.4840,49.89
153.3935,-11.4840,48.65
153.6433,-11.4840,47.13
153.8931,-11.4840,45.47
154.1430,-11.4840,43.90
154.3928,-11.4840,42.72
154.6426,-11.4840,42.25
154.8924,-11.4840,42.76
155.1423,-11.4840,44.38
155.3921,-11.4840,46.92
155.6419,-11.4840,50.05
155.8917,-11.4840,53.40
110.1735,-11.2344,124.55
110.4233,-11.2344,125.35
110.6731,-11.2344,126.04
110.9230,-11.2344,126.76
111.1728,-11.2344,127.78
111.4226,-11.2344,128.80
111.6724,-11.2344,129.65
111.9223,-11.2344,130.21
112.1721,-11.2344,130.45
112.4219,-11.2344,130.34
112.6718,-11.2344,129.88
112.9216,-11.2344,129.14
113.1714,-11.2344,128.20
113.4212,-11.2344,127.01
113.6711,-11.2344,125.55
113.9209,-11.2344,123.85
114.1707,-11.2344,121.98
114.4205,-11.2344,120.05
114.6704,-11.2344,118.21
114.9202,-11.2344,116.75
115.1700,-11.2344,116.05
115.4198,-11.2344,115.75
115.6697,-11.2344,115.63
115.9195,-11.2344,115.55
116.1693,-11.2344,115.42
116.4192,-11.2344,115.22
116.6690,-11.2344,114.94
116.9188,-11.2344,114.63
117.1686,-11.2344,114.41
117.4185,-11.2344,114.17
117.6683,-11.2344,113.90
117.9181,-11.2344,113.64
118.1679,-11.2344,113.53
118.4178,-11.2344,113.83
118.6676,-11.2344,114.96
118.9174,-11.2344,117.74
119.1672,-11.2344,123.36
119.4171,-11.2344,130.63
119.6669,-11.2344,138.74
119.9167,-11.2344,147.20
120.1666,-11.2344,155.67
120.4164,-11.2344,163.82
120.6662,-11.2344,171.12
120.9160,-11.2344,176.70
121.1659,-11.2344,179.24
121.4157,-11.2344,180.10
121.6655,-11.2344,180.21
121.9153,-11.2344,180.11
122.1652,-11.2344,180.10
122.4150,-11.2344,180.43
122.6648,-11.2344,181.33
122.9146,-11.2344,183.14
123.1645,-11.2344,186.32
123.4143,-11.2344,190.14
123.6641,-11.2344,194.01
123.9139,-11.2344,197.48
124.1638,-11.2344,200.20
124.4136,-11.2344,201.89
124.6634,-11.2344,202.40
124.9133,-11.2344,201.69
125.1631,-11.2344,199.92
125.4129,-11.2344,197.20
125.6627,-11.2344,193.80
125.9126,-11.2344,190.09
126.1624,-11.2344,186.50
126.4122,-11.2344,183.41
126.6620,-11.2344,181.09
126.9119,-11.2344,179.62
127.1617,-11.2344,178.82
127.4115,-11.2344,178.98
127.6613,-11.2344,180.15
127.9112,-11.2344,182.16
128.1610,-11.2344,184.72
128.4108,-11.2344,187.53
128.6607,-11.2344,190.28
128.9105,-11.2344,192.80
129.1603,-11.2344,195.07
129.4101,-11.2344,196.73
129.6600,-11.2344,197.63
129.9098,-11.2344,197.72
130.1596,-11.2344,197.09
130.4094,-11.2344,195.89
130.6593,-11.2344,194.35
130.9091,-11.2344,192.85
131.1589,-11.2344,191.87
131.4087,-11.2344,191.18
131.6586,-11.2344,190.66
131.9084,-11.2344,190.31
132.1582,-11.2344,190.19
132.4080,-11.2344,190.35
132.6579,-11.2344,190.89
132.9077,-11.2344,191.89
133.1575,-11.2344,193.42
133.4074,-11.2344,195.31
133.6572,-11.2344,197.36
133.9070,-11.2344,199.36
134.1568,-11.2344,201.08
134.4067,-11.2344,202.27
134.6565,-11.2344,202.68
134.9063,-11.2344,201.96
135.1561,-11.2344,199.77
135.4060,-11.2344,196.51
135.6558,-11.2344,192.55
135.9056,-11.2344,188.20
136.1554,-11.2344,183.78
136.4053,-11.2344,179.59
136.6551,-11.2344,175.92
136.9049,-11.2344,173.14
137.1548,-11.2344,171.61
137.4046,-11.2344,170.86
137.6544,-11.2344,170.41
137.9042,-11.2344,169.85
138.1541,-11.2344,168.78
138.4039,-11.2344,166.74
138.6537,-11.2344,163.27
138.9035,-11.2344,157.74
139.1534,-11.2344,149.41
139.4032,-11.2344,139.02
139.6530,-11.2344,127.20
139.9028,-11.2344,114.45
140.1527,-11.2344,101.30
140.4025,-11.2344,88.34
140.6523,-11.2344,76.41
140.9022,-11.2344,66.73
141.1520,-11.2344,61.01
141.4018,-11.2344,57.86
141.6516,-11.2344,56.35
141.9015,-11.2344,55.97
142.1513,-11.2344,56.38
142.4011,-11.2344,57.27
142.6509,-11.2344,58.29
142.9008,-11.2344,58.89
143.1506,-11.2344,58.29
143.4004,-11.2344,57.09
143.6502,-11.2344,55.67
143.9001,-11.2344,54.19
144.1499,-11.2344,52.69
144.3997,-11.2344,51.19
144.6495,-11.2344,49.68
144.8994,-11.2344,48.23
145.1492,-11.2344,46.93
145.3990,-11.2344,45.76
145.6489,-11.2344,44.77
145.8987,-11.2344,44.06
146.1485,-11.2344,43.79
146.3983,-11.2344,44.12
146.6482,-11.2344,45.24
146.8980,-11.2344,47.41
147.1478,-11.2344,50.86
147.3976,-11.2344,55.18
147.6475,-11.2344,59.95
147.8973,-11.2344,64.79
148.1471,-11.2344,69.32
148.3969,-11.2344,73.14
148.6468,-11.2344,75.89
148.8966,-11.2344,77.19
149.1464,-11.2344,76.70
149.3963,-11.2344,74.61
149.6461,-11.2344,71.15
149.8959,-11.2344,66.61
150.1457,-11.2344,61.33
150.3956,-11.2344,55.79
150.6454,-11.2344,50.68
150.8952,-11.2344,47.09
151.1450,-11.2344,46.59
151.3949,-11.2344,47.63
151.6447,-11.2344,49.12
151.8945,-11.2344,50.43
152.1443,-11.2344,51.18
152.3942,-11.2344,51.20
152.6440,-11.2344,50.52
152.8938,-11.2344,49.47
153.1437,-11.2344,48.69
153.3935,-11.2344,47.71
153.6433,-11.2344,46.37
153.8931,-11.2344,44.74
154.1430,-11.2344,43.03
154.3928,-11.2344,41.51
154.6426,-11.2344,40.48
154.8924,-11.2344,40.23
155.1423,-11.2344,41.05
155.3921,-11.2344,42.65
155.6419,-11.2344,44.71
155.8917,-11.2344,46.94
110.1735,-10.9847,124.14
110.4233,-10.9847,125.10
110.6731,-10.9847,125.89
110.9230,-10.9847,126.66
111.1728,-10.9847,127.97
111.4226,-10.9847,129.24
111.6724,-10.9847,130.27
111.9223,-10.9847,130.99
112.1721,-10.9847,131.35
112.4219,-10.9847,131.34
112.6718,-10.9847,130.95
112.9216,-10.9847,130.24
113.1714,-10.9847,129.40
113.4212,-10.9847,128.27
113.6711,-10.9847,126.85
113.9209,-10.9847,125.16
114.1707,-10.9847,123.26
114.4205,-10.9847,121.26
114.6704,-10.9847,119.28
114.9202,-10.9847,117.61
115.1700,-10.9847,117.05
115.4198,-10.9847,116.83
115.6697,-10.9847,116.75
115.9195,-10.9847,116.70
116.1693,-10.9847,116.64
116.4192,-10.9847,116.52
116.6690,-10.9847,116.37
116.9188,-10.9847,116.22
117.1686,-10.9847,116.32
117.4185,-10.9847,116.43
117.6683,-10.9847,116.51
117.9181,-10.9847,116.58
118.1679,-10.9847,116.76
118.4178,-10.9847,117.22
118.6676,-10.9847,118.33
118.9174,-10.9847,120.87
119.1672,-10.9847,127.42
119.4171,-10.9847,135.41
119.6669,-10.9847,144.05
119.9167,-10.9847,152.96
120.1666,-10.9847,161.87
120.4164,-10.9847,170.49
120.6662,-10.9847,178.41
120.9160,-10.9847,184.77
121.1659,-10.9847,186.65
121.4157,-10.9847,187.02
121.6655,-10.9847,186.81
121.9153,-10.9847,186.45
122.1652,-10.9847,186.22
122.4150,-10.9847,186.28
122.6648,-10.9847,186.83
122.9146,-10.9847,188.17
123.1645,-10.9847,191.40
123.4143,-10.9847,195.14
123.6641,-10.9847,198.85
123.9139,-10.9847,202.15
124.1638,-10.9847,204.72
124.4136,-10.9847,206.34
124.6634,-10.9847,206.86
124.9133,-10.9847,206.27
125.1631,-10.9847,204.84
125.4129,-10.9847,202.55
125.6627,-10.9847,199.64
125.9126,-10.9847,196.45
126.1624,-10.9847,193.36
126.4122,-10.9847,190.71
126.6620,-10.9847,188.74
126.9119,-10.9847,187.48
127.1617,-10.9847,186.35
127.4115,-10.9847,186.05
127.6613,-10.9847,186.64
127.9112,-10.9847,188.00
128.1610,-10.9847,189.88
128.4108,-10.9847,192.01
128.6607,-10.9847,194.12
128.9105,-10.9847,196.07
129.1603,-10.9847,198.06
129.4101,-10.9847,199.53
129.6600,-10.9847,200.28
129.9098,-10.9847,200.29
130.1596,-10.9847,199.59
130.4094,-10.9847,198.31
130.6593,-10.9847,196.64
130.9091,-10.9847,194.91
131.1589,-10.9847,194.02
131.4087,-10.9847,193.31
131.6586,-10.9847,192.66
131.9084,-10.9847,192.10
132.1582,-10.9847,191.69
132.4080,-10.9847,191.51
132.6579,-10.9847,191.66
132.9077,-10.9847,192.23
133.1575,-10.9847,193.44
133.4074,-10.9847,195.00
133.6572,-10.9847,196.73
133.9070,-10.9847,198.45
134.1568,-10.9847,199.97
134.4067,-10.9847,201.10
134.6565,-10.9847,201.62
134.9063,-10.9847,201.24
135.1561,-10.9847,199.19
135.4060,-10.9847,196.27
135.6558,-10.9847,192.80
135.9056,-10.9847,189.02
136.1554,-10.9847,185.17
136.4053,-10.9847,181.46
136.6551,-10.9847,178.10
136.9049,-10.9847,175.41
137.1548,-10.9847,174.17
137.4046,-10.9847,173.45
137.6544,-10.9847,172.79
137.9042,-10.9847,171.84
138.1541,-10.9847,170.21
138.4039,-10.9847,167.52
138.6537,-10.9847,163.34
138.9035,-10.9847,157.07
139.1534,-10.9847,147.19
139.4032,-10.9847,135.28
139.6530,-10.9847,121.98
139.9028,-10.9847,107.84
140.1527,-10.9847,93.39
140.4025,-10.9847,79.26
140.6523,-10.9847,66.25
140.9022,-10.9847,55.63
141.1520,-10.9847,50.92
141.4018,-10.9847,48.92
141.6516,-10.9847,48.63
141.9015,-10.9847,49.55
142.1513,-10.9847,51.31
142.4011,-10.9847,53.54
142.6509,-10.9847,55.87
142.9008,-10.9847,57.70
143.1506,-10.9847,57.42
143.4004,-10.9847,56.45
143.6502,-10.9847,55.16
143.9001,-10.9847,53.72
144.1499,-10.9847,52.20
144.3997,-10.9847,50.63
144.6495,-10.9847,49.06
144.8994,-10.9847,47.54
145.1492,-10.9847,46.32
145.3990,-10.9847,45.26
145.6489,-10.9847,44.38
145.8987,-10.9847,43.79
146.1485,-10.9847,43.60
146.3983,-10.9847,43.95
146.6482,-10.9847,44.99
146.8980,-10.9847,46.94
147.1478,-10.9847,50.40
147.3976,-10.9847,54.60
147.6475,-10.9847,59.16
147.8973,-10.9847,63.74
148.1471,-10.9847,68.03
148.3969,-10.9847,71.69
148.6468,-10.9847,74.40
148.8966,-10.9847,75.82
149.1464,-10.9847,75.38
149.3963,-10.9847,73.50
149.6461,-10.9847,70.37
149.8959,-10.9847,66.22
150.1457,-10.9847,61.30
150.3956,-10.9847,55.98
150.6454,-10.9847,50.82
150.8952,-10.9847,46.85
151.1450,-10.9847,47.38
151.3949,-10.9847,49.09
151.6447,-10.9847,50.93
151.8945,-10.9847,52.35
152.1443,-10.9847,53.05
152.3942,-10.9847,52.89
152.6440,-10.9847,51.89
152.8938,-10.9847,50.38
153.1437,-10.9847,49.74
153.3935,-10.9847,48.77
153.6433,-10.9847,47.30
153.8931,-10.9847,45.42
154.1430,-10.9847,43.34
154.3928,-10.9847,41.30
154.6426,-10.9847,39.57
154.8924,-10.9847,38.43
155.1423,-10.9847,38.46
155.3921,-10.9847,39.13
155.6419,-10.9847,40.16
155.8917,-10.9847,41.35
110.1735,-10.7351,124.23
110.4233,-10.7351,125.41
110.6731,-10.7351,126.45
110.9230,-10.7351,127.50
111.1728,-10.7351,128.80
111.4226,-10.7351,130.09
111.6724,-10.7351,131.17
111.9223,-10.7351,131.96
112.1721,-10.7351,132.41
112.4219,-10.7351,132.50
112.6718,-10.7351,132.22
112.9216,-10.7351,131.62
113.1714,-10.7351,130.80
113.4212,-10.7351,129.70
113.6711,-10.7351,128.31
113.9209,-10.7351,126.67
114.1707,-10.7351,124.83
114.4205,-10.7351,122.91
114.6704,-10.7351,121.06
114.9202,-10.7351,119.55
115.1700,-10.7351,118.78
115.4198,-10.7351,118.40
115.6697,-10.7351,118.23
115.9195,-10.7351,118.17
116.1693,-10.7351,118.16
116.4192,-10.7351,118.20
116.6690,-10.7351,118.29
116.9188,-10.7351,118.49
117.1686,-10.7351,118.90
117.4185,-10.7351,119.40
117.6683,-10.7351,119.95
117.9181,-10.7351,120.56
118.1679,-10.7351,121.32
118.4178,-10.7351,122.43
118.6676,-10.7351,124.28
118.9174,-10.7351,127.65
119.1672,-10.7351,133.72
119.4171,-10.7351,141.30
119.6669,-10.7351,149.61
119.9167,-10.7351,158.20
120.1666,-10.7351,166.76
120.4164,-10.7351,174.96
120.6662,-10.7351,182.29
120.9160,-10.7351,187.88
121.1659,-10.7351,190.39
121.4157,-10.7351,191.23
121.6655,-10.7351,191.32
121.9153,-10.7351,191.19
122.1652,-10.7351,191.17
122.4150,-10.7351,191.44
122.6648,-10.7351,192.22
122.9146,-10.7351,193.81
123.1645,-10.7351,196.66
123.4143,-10.7351,200.06
123.6641,-10.7351,203.49
123.9139,-10.7351,206.57
124.1638,-10.7351,209.00
124.4136,-10.7351,210.56
124.6634,-10.7351,211.11
124.9133,-10.7351,210.64
125.1631,-10.7351,209.29
125.4129,-10.7351,207.14
125.6627,-10.7351,204.42
125.9126,-10.7351,201.45
126.1624,-10.7351,198.55
126.4122,-10.7351,196.03
126.6620,-10.7351,194.06
126.9119,-10.7351,192.64
127.1617,-10.7351,191.57
127.4115,-10.7351,191.16
127.6613,-10.7351,191.51
127.9112,-10.7351,192.56
128.1610,-10.7351,194.12
128.4108,-10.7351,195.93
128.6607,-10.7351,197.79
128.9105,-10.7351,199.56
129.1603,-10.7351,201.23
129.4101,-10.7351,202.47
129.6600,-10.7351,203.10
129.9098,-10.7351,203.06
130.1596,-10.7351,202.39
130.4094,-10.7351,201.18
130.6593,-10.7351,199.63
130.9091,-10.7351,198.04
131.1589,-10.7351,196.87
131.4087,-10.7351,195.86
131.6586,-10.7351,194.91
131.9084,-10.7351,194.01
132.1582,-10.7351,193.23
132.4080,-10.7351,192.67
132.6579,-10.7351,192.44
132.9077,-10.7351,192.65
133.1575,-10.7351,193.40
133.4074,-10.7351,194.53
133.6572,-10.7351,195.88
133.9070,-10.7351,197.26
134.1568,-10.7351,198.52
134.4067,-10.7351,199.45
134.6565,-10.7351,199.87
134.9063,-10.7351,199.47
135.1561,-10.7351,197.92
135.4060,-10.7351,195.58
135.6558,-10.7351,192.76
135.9056,-10.7351,189.67
136.1554,-10.7351,186.50
136.4053,-10.7351,183.44
136.6551,-10.7351,180.68
136.9049,-10.7351,178.48
137.1548,-10.7351,177.17
137.4046,-10.7351,176.24
137.6544,-10.7351,175.25
137.9042,-10.7351,173.81
138.1541,-10.7351,171.54
138.4039,-10.7351,168.03
138.6537,-10.7351,162.79
138.9035,-10.7351,155.25
139.1534,-10.7351,144.70
139.4032,-10.7351,131.95
139.6530,-10.7351,117.72
139.9028,-10.7351,102.66
140.1527,-10.7351,87.45
140.4025,-10.7351,72.86
140.6523,-10.7351,59.88
140.9022,-10.7351,49.85
141.1520,-10.7351,44.52
141.4018,-10.7351,42.45
141.6516,-10.7351,42.55
141.9015,-10.7351,44.14
142.1513,-10.7351,46.67
142.4011,-10.7351,49.66
142.6509,-10.7351,52.58
142.9008,-10.7351,54.76
143.1506,-10.7351,55.39
143.4004,-10.7351,55.05
143.6502,-10.7351,54.17
143.9001,-10.7351,52.97
144.1499,-10.7351,51.59
144.3997,-10.7351,50.12
144.6495,-10.7351,48.63
144.8994,-10.7351,47.22
145.1492,-10.7351,46.03
145.3990,-10.7351,45.04
145.6489,-10.7351,44.26
145.8987,-10.7351,43.78
146.1485,-10.7351,43.70
146.3983,-10.7351,44.15
146.6482,-10.7351,45.28
146.8980,-10.7351,47.30
147.1478,-10.7351,50.46
147.3976,-10.7351,54.36
147.6475,-10.7351,58.63
147.8973,-10.7351,62.96
148.1471,-10.7351,67.03
148.3969,-10.7351,70.55
148.6468,-10.7351,73.22
148.8966,-10.7351,74.70
149.1464,-10.7351,74.70
149.3963,-10.7351,73.39
149.6461,-10.7351,70.95
149.8959,-10.7351,67.60
150.1457,-10.7351,63.58
150.3956,-10.7351,59.27
150.6454,-10.7351,55.26
150.8952,-10.7351,52.57
151.1450,-10.7351,52.72
151.3949,-10.7351,54.15
151.6447,-10.7351,55.81
151.8945,-10.7351,57.09
152.1443,-10.7351,57.68
152.3942,-10.7351,57.42
152.6440,-10.7351,56.39
152.8938,-10.7351,54.91
153.1437,-10.7351,53.62
153.3935,-10.7351,52.06
153.6433,-10.7351,50.03
153.8931,-10.7351,47.60
154.1430,-10.7351,44.92
154.3928,-10.7351,42.25
154.6426,-10.7351,39.84
154.8924,-10.7351,37.98
155.1423,-10.7351,36.97
155.3921,-10.7351,36.57
155.6419,-10.7351,36.57
155.8917,-10.7351,36.76
110.1735,-10.4854,124.71
110.4233,-10.4854,126.10
110.6731,-10.4854,127.38
110.9230,-10.4854,128.62
111.1728,-10.4854,129.91
111.4226,-10.4854,131.14
111.6724,-10.4854,132.19
111.9223,-10.4854,132.99
112.1721,-10.4854,133.49
112.4219,-10.4854,133.65
112.6718,-10.4854,133.48
112.9216,-10.4854,132.98
113.1714,-10.4854,132.19
113.4212,-10.4854,131.12
113.6711,-10.4854,129.77
113.9209,-10.4854,128.20
114.1707,-10.4854,126.48
114.4205,-10.4854,124.72
114.6704,-10.4854,123.05
114.9202,-10.4854,121.66
115.1700,-10.4854,120.72
115.4198,-10.4854,120.15
115.6697,-10.4854,119.83
115.9195,-10.4854,119.72
116.1693,-10.4854,119.77
116.4192,-10.4854,120.00
116.6690,-10.4854,120.39
116.9188,-10.4854,120.98
117.1686,-10.4854,121.80
117.4185,-10.4854,122.80
117.6683,-10.4854,123.95
117.9181,-10.4854,125.26
118.1679,-10.4854,126.81
118.4178,-10.4854,128.76
118.6676,-10.4854,131.44
118.9174,-10.4854,135.33
119.1672,-10.4854,140.89
119.4171,-10.4854,147.64
119.6669,-10.4854,155.04
119.9167,-10.4854,162.70
120.1666,-10.4854,170.30
120.4164,-10.4854,177.49
120.6662,-10.4854,183.82
120.9160,-10.4854,188.67
121.1659,-10.4854,191.52
121.4157,-10.4854,192.96
121.6655,-10.4854,193.66
121.9153,-10.4854,194.11
122.1652,-10.4854,194.63
122.4150,-10.4854,195.43
122.6648,-10.4854,196.69
122.9146,-10.4854,198.59
123.1645,-10.4854,201.26
123.4143,-10.4854,204.36
123.6641,-10.4854,207.50
123.9139,-10.4854,210.36
124.1638,-10.4854,212.66
124.4136,-10.4854,214.16
124.6634,-10.4854,214.72
124.9133,-10.4854,214.26
125.1631,-10.4854,212.85
125.4129,-10.4854,210.62
125.6627,-10.4854,207.84
125.9126,-10.4854,204.81
126.1624,-10.4854,201.85
126.4122,-10.4854,199.23
126.6620,-10.4854,197.13
126.9119,-10.4854,195.59
127.1617,-10.4854,194.57
127.4115,-10.4854,194.22
127.6613,-10.4854,194.59
127.9112,-10.4854,195.62
128.1610,-10.4854,197.15
128.4108,-10.4854,198.96
128.6607,-10.4854,200.82
128.9105,-10.4854,202.59
129.1603,-10.4854,204.12
129.4101,-10.4854,205.23
129.6600,-10.4854,205.80
129.9098,-10.4854,205.79
130.1596,-10.4854,205.23
130.4094,-10.4854,204.19
130.6593,-10.4854,202.83
130.9091,-10.4854,201.35
131.1589,-10.4854,199.97
131.4087,-10.4854,198.62
131.6586,-10.4854,197.28
131.9084,-10.4854,195.98
132.1582,-10.4854,194.78
132.4080,-10.4854,193.79
132.6579,-10.4854,193.15
132.9077,-10.4854,192.94
133.1575,-10.4854,193.23
133.4074,-10.4854,193.92
133.6572,-10.4854,194.86
133.9070,-10.4854,195.88
134.1568,-10.4854,196.81
134.4067,-10.4854,197.50
134.6565,-10.4854,197.76
134.9063,-10.4854,197.40
135.1561,-10.4854,196.28
135.4060,-10.4854,194.57
135.6558,-10.4854,192.46
135.9056,-10.4854,190.13
136.1554,-10.4854,187.73
136.4053,-10.4854,185.40
136.6551,-10.4854,183.28
136.9049,-10.4854,181.53
137.1548,-10.4854,180.23
137.4046,-10.4854,179.08
137.6544,-10.4854,177.73
137.9042,-10.4854,175.79
138.1541,-10.4854,172.88
138.4039,-10.4854,168.56
138.6537,-10.4854,162.37
138.9035,-10.4854,153.85
139.1534,-10.4854,142.71
139.4032,-10.4854,129.40
139.6530,-10.4854,114.58
139.9028,-10.4854,98.97
140.1527,-10.4854,83.36
140.4025,-10.4854,68.65
140.6523,-10.4854,55.88
140.9022,-10.4854,46.16
141.1520,-10.4854,40.38
141.4018,-10.4854,37.95
141.6516,-10.4854,38.03
141.9015,-10.4854,39.83
142.1513,-10.4854,42.71
142.4011,-10.4854,46.04
142.6509,-10.4854,49.24
142.9008,-10.4854,51.72
143.1506,-10.4854,53.00
143.4004,-10.4854,53.29
143.6502,-10.4854,52.88
143.9001,-10.4854,52.02
144.1499,-10.4854,50.89
144.3997,-10.4854,49.62
144.6495,-10.4854,48.31
144.8994,-10.4854,47.06
145.1492,-10.4854,45.96
145.3990,-10.4854,45.05
145.6489,-10.4854,44.37
145.8987,-10.4854,44.00
146.1485,-10.4854,44.03
146.3983,-10.4854,44.60
146.6482,-10.4854,45.83
146.8980,-10.4854,47.86
147.1478,-10.4854,50.78
147.3976,-10.4854,54.37
147.6475,-10.4854,58.35
147.8973,-10.4854,62.43
148.1471,-10.4854,66.32
148.3969,-10.4854,69.75
148.6468,-10.4854,72.45
148.8966,-10.4854,74.17
149.1464,-10.4854,74.73
149.3963,-10.4854,74.19
149.6461,-10.4854,72.72
149.8959,-10.4854,70.49
150.1457,-10.4854,67.77
150.3956,-10.4854,64.89
150.6454,-10.4854,62.35
150.8952,-10.4854,60.83
151.1450,-10.4854,60.92
151.3949,-10.4854,61.98
151.6447,-10.4854,63.27
151.8945,-10.4854,64.28
152.1443,-10.4854,64.69
152.3942,-10.4854,64.33
152.6440,-10.4854,63.22
152.8938,-10.4854,61.55
153.1437,-10.4854,59.58
153.3935,-10.4854,57.20
153.6433,-10.4854,54.34
153.8931,-10.4854,51.09
154.1430,-10.4854,47.64
154.3928,-10.4854,44.20
154.6426,-10.4854,41.04
154.8924,-10.4854,38.37
155.1423,-10.4854,36.37
155.3921,-10.4854,34.94
155.6419,-10.4854,33.95
155.8917,-10.4854,33.22
110.1735,-10.2358,125.39
110.4233,-10.2358,126.95
110.6731,-10.2358,128.40
110.9230,-10.2358,129.75
111.1728,-10.2358,131.00
111.4226,-10.2358,132.13
111.6724,-10.2358,133.09
111.9223,-10.2358,133.84
112.1721,-10.2358,134.35
112.4219,-10.2358,134.59
112.6718,-10.2358,134.50
112.9216,-10.2358,134.08
113.1714,-10.2358,133.32
113.4212,-10.2358,132.26
113.6711,-10.2358,130.96
113.9209,-10.2358,129.48
114.1707,-10.2358,127.90
114.4205,-10.2358,126.32
114.6704,-10.2358,124.81
114.9202,-10.2358,123.49
115.1700,-10.2358,122.44
115.4198,-10.2358,121.69
115.6697,-10.2358,121.21
115.9195,-10.2358,121.03
116.1693,-10.2358,121.15
116.4192,-10.2358,121.58
116.6690,-10.2358,122.31
116.9188,-10.2358,123.33
117.1686,-10.2358,124.64
117.4185,-10.2358,126.23
117.6683,-10.2358,128.07
117.9181,-10.2358,130.18
118.1679,-10.2358,132.60
118.4178,-10.2358,135.42
118.6676,-10.2358,138.79
118.9174,-10.2358,142.93
119.1672,-10.2358,147.97
119.4171,-10.2358,153.72
119.6669,-10.2358,159.89
119.9167,-10.2358,166.23
120.1666,-10.2358,172.49
120.4164,-10.2358,178.39
120.6662,-10.2358,183.60
120.9160,-10.2358,187.75
121.1659,-10.2358,190.64
121.4157,-10.2358,192.55
121.6655,-10.2358,193.91
121.9153,-10.2358,195.07
122.1652,-10.2358,196.32
122.4150,-10.2358,197.81
122.6648,-10.2358,199.65
122.9146,-10.2358,201.91
123.1645,-10.2358,204.57
123.4143,-10.2358,207.46
123.6641,-10.2358,210.36
123.9139,-10.2358,213.03
124.1638,-10.2358,215.22
124.4136,-10.2358,216.69
124.6634,-10.2358,217.24
124.9133,-10.2358,216.72
125.1631,-10.2358,215.13
125.4129,-10.2358,212.65
125.6627,-10.2358,209.58
125.9126,-10.2358,206.28
126.1624,-10.2358,203.07
126.4122,-10.2358,200.24
126.6620,-10.2358,197.96
126.9119,-10.2358,196.32
127.1617,-10.2358,195.37
127.4115,-10.2358,195.17
127.6613,-10.2358,195.72
127.9112,-10.2358,196.95
128.1610,-10.2358,198.70
128.4108,-10.2358,200.74
128.6607,-10.2358,202.83
128.9105,-10.2358,204.75
129.1603,-10.2358,206.32
129.4101,-10.2358,207.43
129.6600,-10.2358,208.02
129.9098,-10.2358,208.12
130.1596,-10.2358,207.74
130.4094,-10.2358,206.96
130.6593,-10.2358,205.83
130.9091,-10.2358,204.47
131.1589,-10.2358,202.96
131.4087,-10.2358,201.33
131.6586,-10.2358,199.62
131.9084,-10.2358,197.88
132.1582,-10.2358,196.24
132.4080,-10.2358,194.80
132.6579,-10.2358,193.71
132.9077,-10.2358,193.08
133.1575,-10.2358,192.94
133.4074,-10.2358,193.21
133.6572,-10.2358,193.76
133.9070,-10.2358,194.41
134.1568,-10.2358,195.01
134.4067,-10.2358,195.43
134.6565,-10.2358,195.54
134.9063,-10.2358,195.25
135.1561,-10.2358,194.49
135.4060,-10.2358,193.36
135.6558,-10.2358,191.95
135.9056,-10.2358,190.38
136.1554,-10.2358,188.76
136.4053,-10.2358,187.16
136.6551,-10.2358,185.67
136.9049,-10.2358,184.32
137.1548,-10.2358,183.10
137.4046,-10.2358,181.79
137.6544,-10.2358,180.13
137.9042,-10.2358,177.77
138.1541,-10.2358,174.33
138.4039,-10.2358,169.38
138.6537,-10.2358,162.50
138.9035,-10.2358,153.32
139.1534,-10.2358,141.69
139.4032,-10.2358,127.95
139.6530,-10.2358,112.71
139.9028,-10.2358,96.72
140.1527,-10.2358,80.85
140.4025,-10.2358,66.05
140.6523,-10.2358,53.34
140.9022,-10.2358,43.68
141.1520,-10.2358,37.62
141.4018,-10.2358,34.89
141.6516,-10.2358,34.81
141.9015,-10.2358,36.63
142.1513,-10.2358,39.61
142.4011,-10.2358,43.08
142.6509,-10.2358,46.43
142.9008,-10.2358,49.12
143.1506,-10.2358,50.80
143.4004,-10.2358,51.54
143.6502,-10.2358,51.53
143.9001,-10.2358,51.01
144.1499,-10.2358,50.17
144.3997,-10.2358,49.15
144.6495,-10.2358,48.06
144.8994,-10.2358,46.99
145.1492,-10.2358,46.03
145.3990,-10.2358,45.23
145.6489,-10.2358,44.65
145.8987,-10.2358,44.38
146.1485,-10.2358,44.52
146.3983,-10.2358,45.17
146.6482,-10.2358,46.45
146.8980,-10.2358,48.44
147.1478,-10.2358,51.17
147.3976,-10.2358,54.49
147.6475,-10.2358,58.20
147.8973,-10.2358,62.07
148.1471,-10.2358,65.83
148.3969,-10.2358,69.25
148.6468,-10.2358,72.09
148.8966,-10.2358,74.16
149.1464,-10.2358,75.34
149.3963,-10.2358,75.69
149.6461,-10.2358,75.31
149.8959,-10.2358,74.40
150.1457,-10.2358,73.16
150.3956,-10.2358,71.86
150.6454,-10.2358,70.80
150.8952,-10.2358,70.33
151.1450,-10.2358,70.66
151.3949,-10.2358,71.51
151.6447,-10.2358,72.47
151.8945,-10.2358,73.19
152.1443,-10.2358,73.40
152.3942,-10.2358,72.90
152.6440,-10.2358,71.63
152.8938,-10.2358,69.62
153.1437,-10.2358,66.94
153.3935,-10.2358,63.64
153.6433,-10.2358,59.80
153.8931,-10.2358,55.58
154.1430,-10.2358,51.21
154.3928,-10.2358,46.91
154.6426,-10.2358,42.91
154.8924,-10.2358,39.40
155.1423,-10.2358,36.48
155.3921,-10.2358,34.13
155.6419,-10.2358,32.25
155.8917,-10.2358,30.72
110.1735,-9.9861,126.05
110.4233,-9.9861,127.72
110.6731,-9.9861,129.26
110.9230,-9.9861,130.62
111.1728,-9.9861,131.78
111.4226,-9.9861,132.76
111.6724,-9.9861,133.58
111.9223,-9.9861,134.24
112.1721,-9.9861,134.74
112.4219,-9.9861,135.03
112.6718,-9.9861,135.03
112.9216,-9.9861,134.68
113.1714,-9.9861,133.94
113.4212,-9.9861,132.88
113.6711,-9.9861,131.59
113.9209,-9.9861,130.19
114.1707,-9.9861,128.76
114.4205,-9.9861,127.35
114.6704,-9.9861,126.00
114.9202,-9.9861,124.73
115.1700,-9.9861,123.58
115.4198,-9.9861,122.63
115.6697,-9.9861,121.99
115.9195,-9.9861,121.74
116.1693,-9.9861,121.92
116.4192,-9.9861,122.57
116.6690,-9.9861,123.66
116.9188,-9.9861,125.15
117.1686,-9.9861,127.01
117.4185,-9.9861,129.22
117.6683,-9.9861,131.81
117.9181,-9.9861,134.76
118.1679,-9.9861,138.08
118.4178,-9.9861,141.73
118.6676,-9.9861,145.68
118.9174,-9.9861,149.91
119.1672,-9.9861,154.36
119.4171,-9.9861,159.01
119.6669,-9.9861,163.77
119.9167,-9.9861,168.57
120.1666,-9.9861,173.30
120.4164,-9.9861,177.78
120.6662,-9.9861,181.82
120.9160,-9.9861,185.25
121.1659,-9.9861,187.99
121.4157,-9.9861,190.19
121.6655,-9.9861,192.12
121.9153,-9.9861,194.00
122.1652,-9.9861,196.02
122.4150,-9.9861,198.26
122.6648,-9.9861,200.73
122.9146,-9.9861,203.37
123.1645,-9.9861,206.09
123.4143,-9.9861,208.84
123.6641,-9.9861,211.54
123.9139,-9.9861,214.05
124.1638,-9.9861,216.18
124.4136,-9.9861,217.68
124.6634,-9.9861,218.25
124.9133,-9.9861,217.63
125.1631,-9.9861,215.77
125.4129,-9.9861,212.87
125.6627,-9.9861,209.34
125.9126,-9.9861,205.59
126.1624,-9.9861,202.02
126.4122,-9.9861,198.90
126.6620,-9.9861,196.43
126.9119,-9.9861,194.74
127.1617,-9.9861,193.88
127.4115,-9.9861,193.88
127.6613,-9.9861,194.72
127.9112,-9.9861,196.31
128.1610,-9.9861,198.48
128.4108,-9.9861,200.97
128.6607,-9.9861,203.48
128.9105,-9.9861,205.71
129.1603,-9.9861,207.44
129.4101,-9.9861,208.64
129.6600,-9.9861,209.34
129.9098,-9.9861,209.62
130.1596,-9.9861,209.52
130.4094,-9.9861,209.08
130.6593,-9.9861,208.28
130.9091,-9.9861,207.11
131.1589,-9.9861,205.58
131.4087,-9.9861,203.75
131.6586,-9.9861,201.72
131.9084,-9.9861,199.59
132.1582,-9.9861,197.52
132.4080,-9.9861,195.64
132.6579,-9.9861,194.11
132.9077,-9.9861,193.06
133.1575,-9.9861,192.55
133.4074,-9.9861,192.48
133.6572,-9.9861,192.69
133.9070,-9.9861,193.00
134.1568,-9.9861,193.28
134.4067,-9.9861,193.43
134.6565,-9.9861,193.38
134.9063,-9.9861,193.12
135.1561,-9.9861,192.67
135.4060,-9.9861,192.03
135.6558,-9.9861,191.27
135.9056,-9.9861,190.42
136.1554,-9.9861,189.53
136.4053,-9.9861,188.62
136.6551,-9.9861,187.70
136.9049,-9.9861,186.73
137.1548,-9.9861,185.62
137.4046,-9.9861,184.24
137.6544,-9.9861,182.35
137.9042,-9.9861,179.70
138.1541,-9.9861,175.93
138.4039,-9.9861,170.63
138.6537,-9.9861,163.36
138.9035,-9.9861,153.80
139.1534,-9.9861,141.82
139.4032,-9.9861,127.75
139.6530,-9.9861,112.17
139.9028,-9.9861,95.87
140.1527,-9.9861,79.72
140.4025,-9.9861,64.72
140.6523,-9.9861,51.87
140.9022,-9.9861,42.08
141.1520,-9.9861,35.84
141.4018,-9.9861,32.94
141.6516,-9.9861,32.76
141.9015,-9.9861,34.53
142.1513,-9.9861,37.51
142.4011,-9.9861,41.01
142.6509,-9.9861,44.42
142.9008,-9.9861,47.21
143.1506,-9.9861,49.09
143.4004,-9.9861,50.06
143.6502,-9.9861,50.30
143.9001,-9.9861,50.04
144.1499,-9.9861,49.46
144.3997,-9.9861,48.70
144.6495,-9.9861,47.86
144.8994,-9.9861,47.01
145.1492,-9.9861,46.21
145.3990,-9.9861,45.53
145.6489,-9.9861,45.05
145.8987,-9.9861,44.87
146.1485,-9.9861,45.07
146.3983,-9.9861,45.77
146.6482,-9.9861,47.04
146.8980,-9.9861,48.95
147.1478,-9.9861,51.50
147.3976,-9.9861,54.60
147.6475,-9.9861,58.08
147.8973,-9.9861,61.77
148.1471,-9.9861,65.45
148.3969,-9.9861,68.92
148.6468,-9.9861,71.97
148.8966,-9.9861,74.44
149.1464,-9.9861,76.28
149.3963,-9.9861,77.51
149.6461,-9.9861,78.27
149.8959,-9.9861,78.71
150.1457,-9.9861,79.00
150.3956,-9.9861,79.28
150.6454,-9.9861,79.67
150.8952,-9.9861,80.21
151.1450,-9.9861,80.93
151.3949,-9.9861,81.72
151.6447,-9.9861,82.46
151.8945,-9.9861,82.95
152.1443,-9.9861,82.99
152.3942,-9.9861,82.38
152.6440,-9.9861,80.93
152.8938,-9.9861,78.51
153.1437,-9.9861,75.11
153.3935,-9.9861,70.83
153.6433,-9.9861,65.92
153.8931,-9.9861,60.64
154.1430,-9.9861,55.26
154.3928,-9.9861,50.05
154.6426,-9.9861,45.20
154.8924,-9.9861,40.88
155.1423,-9.9861,37.15
155.3921,-9.9861,34.01
155.6419,-9.9861,31.40
155.8917,-9.9861,29.21
110.1735,-9.7365,126.47
110.4233,-9.7365,128.16
110.6731,-9.7365,129.71
110.9230,-9.7365,131.02
111.1728,-9.7365,132.01
111.4226,-9.7365,132.75
111.6724,-9.7365,133.35
111.9223,-9.7365,133.89
112.1721,-9.7365,134.36
112.4219,-9.7365,134.70
112.6718,-9.7365,134.80
112.9216,-9.7365,134.51
113.1714,-9.7365,133.76
113.4212,-9.7365,132.65
113.6711,-9.7365,131.34
113.9209,-9.7365,130.00
114.1707,-9.7365,128.69
114.4205,-9.7365,127.47
114.6704,-9.7365,126.28
114.9202,-9.7365,125.07
115.1700,-9.7365,123.79
115.4198,-9.7365,122.62
115.6697,-9.7365,121.78
115.9195,-9.7365,121.44
116.1693,-9.7365,121.70
116.4192,-9.7365,122.59
116.6690,-9.7365,124.08
116.9188,-9.7365,126.06
117.1686,-9.7365,128.46
117.4185,-9.7365,131.31
117.6683,-9.7365,134.63
117.9181,-9.7365,138.44
118.1679,-9.7365,142.64
118.4178,-9.7365,147.10
118.6676,-9.7365,151.60
118.9174,-9.7365,155.85
119.1672,-9.7365,159.65
119.4171,-9.7365,163.09
119.6669,-9.7365,166.35
119.9167,-9.7365,169.52
120.1666,-9.7365,172.63
120.4164,-9.7365,175.65
120.6662,-9.7365,178.50
120.9160,-9.7365,181.14
121.1659,-9.7365,183.59
121.4157,-9.7365,185.93
121.6655,-9.7365,188.28
121.9153,-9.7365,190.79
122.1652,-9.7365,193.55
122.4150,-9.7365,196.53
122.6648,-9.7365,199.64
122.9146,-9.7365,202.66
123.1645,-9.7365,205.43
123.4143,-9.7365,208.01
123.6641,-9.7365,210.49
123.9139,-9.7365,212.86
124.1638,-9.7365,214.99
124.4136,-9.7365,216.59
124.6634,-9.7365,217.27
124.9133,-9.7365,216.61
125.1631,-9.7365,214.36
125.4129,-9.7365,210.89
125.6627,-9.7365,206.75
125.9126,-9.7365,202.48
126.1624,-9.7365,198.48
126.4122,-9.7365,195.07
126.6620,-9.7365,192.44
126.9119,-9.7365,190.72
127.1617,-9.7365,189.97
127.4115,-9.7365,190.23
127.6613,-9.7365,191.44
127.9112,-9.7365,193.50
128.1610,-9.7365,196.22
128.4108,-9.7365,199.32
128.6607,-9.7365,202.42
128.9105,-9.7365,205.11
129.1603,-9.7365,207.09
129.4101,-9.7365,208.43
129.6600,-9.7365,209.29
129.9098,-9.7365,209.84
130.1596,-9.7365,210.14
130.4094,-9.7365,210.17
130.6593,-9.7365,209.84
130.9091,-9.7365,209.00
131.1589,-9.7365,207.57
131.4087,-9.7365,205.65
131.6586,-9.7365,203.40
131.9084,-9.7365,200.99
132.1582,-9.7365,198.56
132.4080,-9.7365,196.29
132.6579,-9.7365,194.37
132.9077,-9.7365,192.96
133.1575,-9.7365,192.16
133.4074,-9.7365,191.85
133.6572,-9.7365,191.80
133.9070,-9.7365,191.82
134.1568,-9.7365,191.79
134.4067,-9.7365,191.64
134.6565,-9.7365,191.40
134.9063,-9.7365,191.12
135.1561,-9.7365,190.88
135.4060,-9.7365,190.67
135.6558,-9.7365,190.45
135.9056,-9.7365,190.23
136.1554,-9.7365,189.98
136.4053,-9.7365,189.69
136.6551,-9.7365,189.29
136.9049,-9.7365,188.67
137.1548,-9.7365,187.69
137.4046,-9.7365,186.26
137.6544,-9.7365,184.26
137.9042,-9.7365,181.47
138.1541,-9.7365,177.59
138.4039,-9.7365,172.22
138.6537,-9.7365,164.92
138.9035,-9.7365,155.27
139.1534,-9.7365,143.11
139.4032,-9.7365,128.80
139.6530,-9.7365,112.96
139.9028,-9.7365,96.39
140.1527,-9.7365,79.94
140.4025,-9.7365,64.59
140.6523,-9.7365,51.39
140.9022,-9.7365,41.32
141.1520,-9.7365,34.99
141.4018,-9.7365,32.08
141.6516,-9.7365,31.88
141.9015,-9.7365,33.59
142.1513,-9.7365,36.50
142.4011,-9.7365,39.95
142.6509,-9.7365,43.32
142.9008,-9.7365,46.09
143.1506,-9.7365,47.95
143.4004,-9.7365,48.93
143.6502,-9.7365,49.26
143.9001,-9.7365,49.15
144.1499,-9.7365,48.79
144.3997,-9.7365,48.29
144.6495,-9.7365,47.71
144.8994,-9.7365,47.09
145.1492,-9.7365,46.46
145.3990,-9.7365,45.91
145.6489,-9.7365,45.52
145.8987,-9.7365,45.39
146.1485,-9.7365,45.63
146.3983,-9.7365,46.32
146.6482,-9.7365,47.54
146.8980,-9.7365,49.34
147.1478,-9.7365,51.71
147.3976,-9.7365,54.59
147.6475,-9.7365,57.88
147.8973,-9.7365,61.42
148.1471,-9.7365,65.05
148.3969,-9.7365,68.59
148.6468,-9.7365,71.87
148.8966,-9.7365,74.75
149.1464,-9.7365,77.18
149.3963,-9.7365,79.22
149.6461,-9.7365,81.04
149.8959,-9.7365,82.77
150.1457,-9.7365,84.53
150.3956,-9.7365,86.35
150.6454,-9.7365,88.15
150.8952,-9.7365,89.72
151.1450,-9.7365,90.86
151.3949,-9.7365,91.67
151.6447,-9.7365,92.26
151.8945,-9.7365,92.61
152.1443,-9.7365,92.59
152.3942,-9.7365,91.97
152.6440,-9.7365,90.42
152.8938,-9.7365,87.66
153.1437,-9.7365,83.50
153.3935,-9.7365,78.21
153.6433,-9.7365,72.17
153.8931,-9.7365,65.79
154.1430,-9.7365,59.40
154.3928,-9.7365,53.28
154.6426,-9.7365,47.63
154.8924,-9.7365,42.59
155.1423,-9.7365,38.20
155.3921,-9.7365,34.46
155.6419,-9.7365,31.32
155.8917,-9.7365,28.66
110.1735,-9.4868,126.39
110.4233,-9.4868,127.99
110.6731,-9.4868,129.49
110.9230,-9.4868,130.69
111.1728,-9.4868,131.38
111.4226,-9.4868,131.78
111.6724,-9.4868,132.10
111.9223,-9.4868,132.46
112.1721,-9.4868,132.89
112.4219,-9.4868,133.29
112.6718,-9.4868,133.52
112.9216,-9.4868,133.33
113.1714,-9.4868,132.49
113.4212,-9.4868,131.26
113.6711,-9.4868,129.88
113.9209,-9.4868,128.55
114.1707,-9.4868,127.37
114.4205,-9.4868,126.33
114.6704,-9.4868,125.35
114.9202,-9.4868,124.21
115.1700,-9.4868,122.74
115.4198,-9.4868,121.29
115.6697,-9.4868,120.22
115.9195,-9.4868,119.77
116.1693,-9.4868,120.11
116.4192,-9.4868,121.25
116.6690,-9.4868,123.16
116.9188,-9.4868,125.66
117.1686,-9.4868,128.57
117.4185,-9.4868,132.01
117.6683,-9.4868,136.04
117.9181,-9.4868,140.66
118.1679,-9.4868,145.72
118.4178,-9.4868,151.00
118.6676,-9.4868,156.08
118.9174,-9.4868,160.41
119.1672,-9.4868,163.44
119.4171,-9.4868,165.59
119.6669,-9.4868,167.30
119.9167,-9.4868,168.84
120.1666,-9.4868,170.36
120.4164,-9.4868,171.93
120.6662,-9.4868,173.58
120.9160,-9.4868,175.38
121.1659,-9.4868,177.43
121.4157,-9.4868,179.75
121.6655,-9.4868,182.37
121.9153,-9.4868,185.36
122.1652,-9.4868,188.72
122.4150,-9.4868,192.38
122.6648,-9.4868,196.11
122.9146,-9.4868,199.51
123.1645,-9.4868,202.21
123.4143,-9.4868,204.50
123.6641,-9.4868,206.70
123.9139,-9.4868,208.91
124.1638,-9.4868,211.06
124.4136,-9.4868,212.85
124.6634,-9.4868,213.80
124.9133,-9.4868,213.20
125.1631,-9.4868,210.46
125.4129,-9.4868,206.28
125.6627,-9.4868,201.47
125.9126,-9.4868,196.65
126.1624,-9.4868,192.27
126.4122,-9.4868,188.60
126.6620,-9.4868,185.86
126.9119,-9.4868,184.16
127.1617,-9.4868,183.57
127.4115,-9.4868,184.10
127.6613,-9.4868,185.71
127.9112,-9.4868,188.28
128.1610,-9.4868,191.62
128.4108,-9.4868,195.44
128.6607,-9.4868,199.31
128.9105,-9.4868,202.62
129.1603,-9.4868,204.85
129.4101,-9.4868,206.32
129.6600,-9.4868,207.40
129.9098,-9.4868,208.32
130.1596,-9.4868,209.15
130.4094,-9.4868,209.82
130.6593,-9.4868,210.16
130.9091,-9.4868,209.87
131.1589,-9.4868,208.68
131.4087,-9.4868,206.80
131.6586,-9.4868,204.50
131.9084,-9.4868,201.96
132.1582,-9.4868,199.34
132.4080,-9.4868,196.80
132.6579,-9.4868,194.55
132.9077,-9.4868,192.85
133.1575,-9.4868,191.93
133.4074,-9.4868,191.51
133.6572,-9.4868,191.30
133.9070,-9.4868,191.07
134.1568,-9.4868,190.73
134.4067,-9.4868,190.25
134.6565,-9.4868,189.72
134.9063,-9.4868,189.31
135.1561,-9.4868,189.21
135.4060,-9.4868,189.32
135.6558,-9.4868,189.54
135.9056,-9.4868,189.80
136.1554,-9.4868,190.06
136.4053,-9.4868,190.28
136.6551,-9.4868,190.34
136.9049,-9.4868,190.04
137.1548,-9.4868,189.15
137.4046,-9.4868,187.68
137.6544,-9.4868,185.64
137.9042,-9.4868,182.86
138.1541,-9.4868,179.10
138.4039,-9.4868,173.96
138.6537,-9.4868,166.98
138.9035,-9.4868,157.60
139.1534,-9.4868,145.43
139.4032,-9.4868,131.00
139.6530,-9.4868,115.04
139.9028,-9.4868,98.31
140.1527,-9.4868,81.61
140.4025,-9.4868,65.86
140.6523,-9.4868,52.12
140.9022,-9.4868,41.61
141.1520,-9.4868,35.31
141.4018,-9.4868,32.54
141.6516,-9.4868,32.35
141.9015,-9.4868,33.94
142.1513,-9.4868,36.64
142.4011,-9.4868,39.89
142.6509,-9.4868,43.12
142.9008,-9.4868,45.75
143.1506,-9.4868,47.34
143.4004,-9.4868,48.10
143.6502,-9.4868,48.35
143.9001,-9.4868,48.31
144.1499,-9.4868,48.14
144.3997,-9.4868,47.90
144.6495,-9.4868,47.60
144.8994,-9.4868,47.24
145.1492,-9.4868,46.79
145.3990,-9.4868,46.35
145.6489,-9.4868,46.03
145.8987,-9.4868,45.93
146.1485,-9.4868,46.16
146.3983,-9.4868,46.79
146.6482,-9.4868,47.91
146.8980,-9.4868,49.56
147.1478,-9.4868,51.74
147.3976,-9.4868,54.41
147.6475,-9.4868,57.49
147.8973,-9.4868,60.89
148.1471,-9.4868,64.46
148.3969,-9.4868,68.07
148.6468,-9.4868,71.56
148.8966,-9.4868,74.79
149.1464,-9.4868,77.68
149.3963,-9.4868,80.37
149.6461,-9.4868,83.06
149.8959,-9.4868,85.90
150.1457,-9.4868,88.98
150.3956,-9.4868,92.26
150.6454,-9.4868,95.47
150.8952,-9.4868,98.09
151.1450,-9.4868,99.60
151.3949,-9.4868,100.40
151.6447,-9.4868,100.91
151.8945,-9.4868,101.24
152.1443,-9.4868,101.31
152.3942,-9.4868,100.83
152.6440,-9.4868,99.39
152.8938,-9.4868,96.43
153.1437,-9.4868,91.52
153.3935,-9.4868,85.17
153.6433,-9.4868,78.00
153.8931,-9.4868,70.54
154.1430,-9.4868,63.18
154.3928,-9.4868,56.24
154.6426,-9.4868,49.92
154.8924,-9.4868,44.32
155.1423,-9.4868,39.46
155.3921,-9.4868,35.35
155.6419,-9.4868,31.92
155.8917,-9.4868,29.07
110.1735,-9.2372,125.54
110.4233,-9.2372,126.92
110.6731,-9.2372,128.28
110.9230,-9.2372,129.33
111.1728,-9.2372,129.57
111.4226,-9.2372,129.51
111.6724,-9.2372,129.49
111.9223,-9.2372,129.65
112.1721,-9.2372,130.01
112.4219,-9.2372,130.47
112.6718,-9.2372,130.87
112.9216,-9.2372,130.83
113.1714,-9.2372,129.82
113.4212,-9.2372,128.38
113.6711,-9.2372,126.89
113.9209,-9.2372,125.55
114.1707,-9.2372,124.44
114.4205,-9.2372,123.57
114.6704,-9.2372,122.82
114.9202,-9.2372,121.84
115.1700,-9.2372,120.07
115.4198,-9.2372,118.26
115.6697,-9.2372,116.93
115.9195,-9.2372,116.38
116.1693,-9.2372,116.77
116.4192,-9.2372,118.17
116.6690,-9.2372,120.52
116.9188,-9.2372,123.58
117.1686,-9.2372,126.93
117.4185,-9.2372,130.89
117.6683,-9.2372,135.58
117.9181,-9.2372,140.95
118.1679,-9.2372,146.81
118.4178,-9.2372,152.87
118.6676,-9.2372,158.60
118.9174,-9.2372,163.15
119.1672,-9.2372,165.29
119.4171,-9.2372,166.11
119.6669,-9.2372,166.33
119.9167,-9.2372,166.34
120.1666,-9.2372,166.37
120.4164,-9.2372,166.56
120.6662,-9.2372,167.04
120.9160,-9.2372,167.95
121.1659,-9.2372,169.52
121.4157,-9.2372,171.67
121.6655,-9.2372,174.38
121.9153,-9.2372,177.63
122.1652,-9.2372,181.40
122.4150,-9.2372,185.57
122.6648,-9.2372,189.85
122.9146,-9.2372,193.64
123.1645,-9.2372,196.02
123.4143,-9.2372,197.87
123.6641,-9.2372,199.69
123.9139,-9.2372,201.68
124.1638,-9.2372,203.80
124.4136,-9.2372,205.80
124.6634,-9.2372,207.17
124.9133,-9.2372,206.88
125.1631,-9.2372,203.47
125.4129,-9.2372,198.50
125.6627,-9.2372,193.08
125.9126,-9.2372,187.85
126.1624,-9.2372,183.22
126.4122,-9.2372,179.44
126.6620,-9.2372,176.68
126.9119,-9.2372,175.06
127.1617,-9.2372,174.66
127.4115,-9.2372,175.47
127.6613,-9.2372,177.44
127.9112,-9.2372,180.47
128.1610,-9.2372,184.40
128.4108,-9.2372,188.96
128.6607,-9.2372,193.68
128.9105,-9.2372,197.80
129.1603,-9.2372,200.19
129.4101,-9.2372,201.78
129.6600,-9.2372,203.16
129.9098,-9.2372,204.58
130.1596,-9.2372,206.09
130.4094,-9.2372,207.59
130.6593,-9.2372,208.84
130.9091,-9.2372,209.39
131.1589,-9.2372,208.57
131.4087,-9.2372,206.93
131.6586,-9.2372,204.82
131.9084,-9.2372,202.42
132.1582,-9.2372,199.86
132.4080,-9.2372,197.27
132.6579,-9.2372,194.83
132.9077,-9.2372,192.92
133.1575,-9.2372,192.09
133.4074,-9.2372,191.72
133.6572,-9.2372,191.41
133.9070,-9.2372,190.97
134.1568,-9.2372,190.30
134.4067,-9.2372,189.44
134.6565,-9.2372,188.52
134.9063,-9.2372,187.83
135.1561,-9.2372,187.80
135.4060,-9.2372,188.11
135.6558,-9.2372,188.58
135.9056,-9.2372,189.13
136.1554,-9.2372,189.72
136.4053,-9.2372,190.29
136.6551,-9.2372,190.72
136.9049,-9.2372,190.71
137.1548,-9.2372,189.81
137.4046,-9.2372,188.29
137.6544,-9.2372,186.26
137.9042,-9.2372,183.61
138.1541,-9.2372,180.12
138.4039,-9.2372,175.46
138.6537,-9.2372,169.14
138.9035,-9.2372,160.44
139.1534,-9.2372,148.41
139.4032,-9.2372,134.08
139.6530,-9.2372,118.29
139.9028,-9.2372,101.72
140.1527,-9.2372,85.04
140.4025,-9.2372,69.00
140.6523,-9.2372,54.64
140.9022,-9.2372,43.44
141.1520,-9.2372,37.41
141.4018,-9.2372,34.84
141.6516,-9.2372,34.53
141.9015,-9.2372,35.73
142.1513,-9.2372,37.93
142.4011,-9.2372,40.71
142.6509,-9.2372,43.61
142.9008,-9.2372,45.99
143.1506,-9.2372,47.03
143.4004,-9.2372,47.36
143.6502,-9.2372,47.43
143.9001,-9.2372,47.44
144.1499,-9.2372,47.45
144.3997,-9.2372,47.50
144.6495,-9.2372,47.53
144.8994,-9.2372,47.46
145.1492,-9.2372,47.19
145.3990,-9.2372,46.85
145.6489,-9.2372,46.58
145.8987,-9.2372,46.48
146.1485,-9.2372,46.66
146.3983,-9.2372,47.19
146.6482,-9.2372,48.16
146.8980,-9.2372,49.62
147.1478,-9.2372,51.56
147.3976,-9.2372,53.99
147.6475,-9.2372,56.85
147.8973,-9.2372,60.06
148.1471,-9.2372,63.53
148.3969,-9.2372,67.14
148.6468,-9.2372,70.77
148.8966,-9.2372,74.25
149.1464,-9.2372,77.40
149.3963,-9.2372,80.50
149.6461,-9.2372,83.80
149.8959,-9.2372,87.48
150.1457,-9.2372,91.61
150.3956,-9.2372,96.13
150.6454,-9.2372,100.70
150.8952,-9.2372,104.51
151.1450,-9.2372,106.17
151.3949,-9.2372,106.93
151.6447,-9.2372,107.45
151.8945,-9.2372,107.94
152.1443,-9.2372,108.26
152.3942,-9.2372,108.12
152.6440,-9.2372,107.02
152.8938,-9.2372,104.15
153.1437,-9.2372,98.44
153.3935,-9.2372,91.04
153.6433,-9.2372,82.83
153.8931,-9.2372,74.40
154.1430,-9.2372,66.20
154.3928,-9.2372,58.58
154.6426,-9.2372,51.76
154.8924,-9.2372,45.83
155.1423,-9.2372,40.73
155.3921,-9.2372,36.53
155.6419,-9.2372,33.14
155.8917,-9.2372,30.41
