lon,lat,moho_km
110.25,-44.75,15.07
110.50,-44.75,15.00
110.75,-44.75,14.98
111.00,-44.75,15.03
111.25,-44.75,15.11
111.50,-44.75,15.16
111.75,-44.75,15.15
112.00,-44.75,15.09
112.25,-44.75,15.00
112.50,-44.75,14.94
112.75,-44.75,14.93
113.00,-44.75,14.95
113.25,-44.75,14.95
113.50,-44.75,14.91
113.75,-44.75,14.81
114.00,-44.75,14.69
114.25,-44.75,14.59
114.50,-44.75,14.55
114.75,-44.75,14.57
115.00,-44.75,14.60
115.25,-44.75,14.60
115.50,-44.75,14.57
115.75,-44.75,14.49
116.00,-44.75,14.40
116.25,-44.75,14.30
116.50,-44.75,14.20
116.75,-44.75,14.12
117.00,-44.75,14.05
117.25,-44.75,13.99
117.50,-44.75,13.95
117.75,-44.75,13.91
118.00,-44.75,13.90
118.25,-44.75,13.90
118.50,-44.75,13.92
118.75,-44.75,13.97
119.00,-44.75,14.02
119.25,-44.75,14.05
119.50,-44.75,14.04
119.75,-44.75,13.98
120.00,-44.75,13.89
120.25,-44.75,13.79
120.50,-44.75,13.68
120.75,-44.75,13.59
121.00,-44.75,13.51
121.25,-44.75,13.44
121.50,-44.75,13.36
121.75,-44.75,13.27
122.00,-44.75,13.17
122.25,-44.75,13.06
122.50,-44.75,12.94
122.75,-44.75,12.84
123.00,-44.75,12.76
123.25,-44.75,12.68
123.50,-44.75,12.64
123.75,-44.75,12.66
124.00,-44.75,12.74
124.25,-44.75,12.85
124.50,-44.75,12.97
124.75,-44.75,13.06
125.00,-44.75,13.10
125.25,-44.75,13.08
125.50,-44.75,12.99
125.75,-44.75,12.83
126.00,-44.75,12.64
126.25,-44.75,12.43
126.50,-44.75,12.24
126.75,-44.75,12.05
127.00,-44.75,11.89
127.25,-44.75,11.76
127.50,-44.75,11.66
127.75,-44.75,11.60
128.00,-44.75,11.57
128.25,-44.75,11.55
128.50,-44.75,11.56
128.75,-44.75,11.58
129.00,-44.75,11.60
129.25,-44.75,11.63
129.50,-44.75,11.66
129.75,-44.75,11.69
130.00,-44.75,11.74
130.25,-44.75,11.79
130.50,-44.75,11.83
130.75,-44.75,11.87
131.00,-44.75,11.90
131.25,-44.75,11.91
131.50,-44.75,11.92
131.75,-44.75,11.92
132.00,-44.75,11.93
132.25,-44.75,11.96
132.50,-44.75,11.99
132.75,-44.75,12.02
133.00,-44.75,12.06
133.25,-44.75,12.09
133.50,-44.75,12.13
133.75,-44.75,12.15
134.00,-44.75,12.17
134.25,-44.75,12.18
134.50,-44.75,12.18
134.75,-44.75,12.18
135.00,-44.75,12.18
135.25,-44.75,12.18
135.50,-44.75,12.19
135.75,-44.75,12.20
136.00,-44.75,12.21
136.25,-44.75,12.24
136.50,-44.75,12.28
136.75,-44.75,12.33
137.00,-44.75,12.39
137.25,-44.75,12.46
137.50,-44.75,12.52
137.75,-44.75,12.57
138.00,-44.75,12.59
138.25,-44.75,12.58
138.50,-44.75,12.53
138.75,-44.75,12.46
139.00,-44.75,12.40
139.25,-44.75,12.39
139.50,-44.75,12.40
139.75,-44.75,12.41
140.00,-44.75,12.43
140.25,-44.75,12.44
140.50,-44.75,12.44
140.75,-44.75,12.41
141.00,-44.75,12.36
141.25,-44.75,12.31
141.50,-44.75,12.25
141.75,-44.75,12.18
142.00,-44.75,12.08
142.25,-44.75,11.95
142.50,-44.75,11.79
142.75,-44.75,11.59
143.00,-44.75,11.38
143.25,-44.75,11.18
143.50,-44.75,11.05
143.75,-44.75,11.10
144.00,-44.75,11.45
144.25,-44.75,12.22
144.50,-44.75,13.46
144.75,-44.75,15.00
145.00,-44.75,16.42
145.25,-44.75,17.40
145.50,-44.75,17.98
145.75,-44.75,18.37
146.00,-44.75,18.68
146.25,-44.75,18.96
146.50,-44.75,19.19
146.75,-44.75,19.36
147.00,-44.75,19.36
147.25,-44.75,19.15
147.50,-44.75,18.72
147.75,-44.75,18.11
148.00,-44.75,17.39
148.25,-44.75,16.62
148.50,-44.75,15.84
148.75,-44.75,15.12
149.00,-44.75,14.65
149.25,-44.75,14.57
149.50,-44.75,14.89
149.75,-44.75,15.46
150.00,-44.75,16.08
150.25,-44.75,16.51
150.50,-44.75,16.50
150.75,-44.75,15.97
151.00,-44.75,15.09
151.25,-44.75,14.15
151.50,-44.75,13.42
151.75,-44.75,13.02
152.00,-44.75,12.90
152.25,-44.75,12.89
152.50,-44.75,12.89
152.75,-44.75,12.84
153.00,-44.75,12.77
153.25,-44.75,12.70
153.50,-44.75,12.65
153.75,-44.75,12.62
154.00,-44.75,12.61
154.25,-44.75,12.65
154.50,-44.75,12.72
154.75,-44.75,12.80
155.00,-44.75,12.88
155.25,-44.75,12.92
155.50,-44.75,12.91
155.75,-44.75,12.88
110.25,-44.50,14.95
110.50,-44.50,14.87
110.75,-44.50,14.84
111.00,-44.50,14.89
111.25,-44.50,15.01
111.50,-44.50,15.12
111.75,-44.50,15.16
112.00,-44.50,15.11
112.25,-44.50,15.03
112.50,-44.50,14.96
112.75,-44.50,14.94
113.00,-44.50,14.95
113.25,-44.50,14.95
113.50,-44.50,14.90
113.75,-44.50,14.79
114.00,-44.50,14.67
114.25,-44.50,14.60
114.50,-44.50,14.60
114.75,-44.50,14.65
115.00,-44.50,14.71
115.25,-44.50,14.73
115.50,-44.50,14.69
115.75,-44.50,14.60
116.00,-44.50,14.48
116.25,-44.50,14.36
116.50,-44.50,14.25
116.75,-44.50,14.17
117.00,-44.50,14.13
117.25,-44.50,14.11
117.50,-44.50,14.10
117.75,-44.50,14.08
118.00,-44.50,14.04
118.25,-44.50,14.00
118.50,-44.50,13.98
118.75,-44.50,13.97
119.00,-44.50,13.98
119.25,-44.50,14.00
119.50,-44.50,13.99
119.75,-44.50,13.94
120.00,-44.50,13.87
120.25,-44.50,13.80
120.50,-44.50,13.73
120.75,-44.50,13.66
121.00,-44.50,13.60
121.25,-44.50,13.53
121.50,-44.50,13.44
121.75,-44.50,13.35
122.00,-44.50,13.25
122.25,-44.50,13.15
122.50,-44.50,13.05
122.75,-44.50,12.95
123.00,-44.50,12.86
123.25,-44.50,12.77
123.50,-44.50,12.73
123.75,-44.50,12.73
124.00,-44.50,12.80
124.25,-44.50,12.91
124.50,-44.50,13.02
124.75,-44.50,13.11
125.00,-44.50,13.17
125.25,-44.50,13.18
125.50,-44.50,13.10
125.75,-44.50,12.93
126.00,-44.50,12.71
126.25,-44.50,12.47
126.50,-44.50,12.23
126.75,-44.50,12.02
127.00,-44.50,11.85
127.25,-44.50,11.74
127.50,-44.50,11.67
127.75,-44.50,11.62
128.00,-44.50,11.58
128.25,-44.50,11.55
128.50,-44.50,11.53
128.75,-44.50,11.52
129.00,-44.50,11.52
129.25,-44.50,11.54
129.50,-44.50,11.59
129.75,-44.50,11.66
130.00,-44.50,11.74
130.25,-44.50,11.81
130.50,-44.50,11.87
130.75,-44.50,11.91
131.00,-44.50,11.94
131.25,-44.50,11.95
131.50,-44.50,11.95
131.75,-44.50,11.95
132.00,-44.50,11.95
132.25,-44.50,11.96
132.50,-44.50,11.98
132.75,-44.50,12.01
133.00,-44.50,12.04
133.25,-44.50,12.08
133.50,-44.50,12.12
133.75,-44.50,12.15
134.00,-44.50,12.16
134.25,-44.50,12.17
134.50,-44.50,12.18
134.75,-44.50,12.19
135.00,-44.50,12.19
135.25,-44.50,12.20
135.50,-44.50,12.22
135.75,-44.50,12.23
136.00,-44.50,12.25
136.25,-44.50,12.28
136.50,-44.50,12.31
136.75,-44.50,12.36
137.00,-44.50,12.42
137.25,-44.50,12.48
137.50,-44.50,12.53
137.75,-44.50,12.56
138.00,-44.50,12.55
138.25,-44.50,12.50
138.50,-44.50,12.45
138.75,-44.50,12.42
139.00,-44.50,12.42
139.25,-44.50,12.46
139.50,-44.50,12.50
139.75,-44.50,12.52
140.00,-44.50,12.53
140.25,-44.50,12.55
140.50,-44.50,12.54
140.75,-44.50,12.50
141.00,-44.50,12.43
141.25,-44.50,12.37
141.50,-44.50,12.30
141.75,-44.50,12.22
142.00,-44.50,12.12
142.25,-44.50,11.98
142.50,-44.50,11.80
142.75,-44.50,11.59
143.00,-44.50,11.36
143.25,-44.50,11.17
143.50,-44.50,11.08
143.75,-44.50,11.18
144.00,-44.50,11.53
144.25,-44.50,12.21
144.50,-44.50,13.22
144.75,-44.50,14.49
145.00,-44.50,15.80
145.25,-44.50,16.95
145.50,-44.50,17.97
145.75,-44.50,18.95
146.00,-44.50,19.92
146.25,-44.50,20.87
146.50,-44.50,21.72
146.75,-44.50,22.39
147.00,-44.50,22.78
147.25,-44.50,22.82
147.50,-44.50,22.49
147.75,-44.50,21.83
148.00,-44.50,20.88
148.25,-44.50,19.72
148.50,-44.50,18.45
148.75,-44.50,17.28
149.00,-44.50,16.52
149.25,-44.50,16.38
149.50,-44.50,16.83
149.75,-44.50,17.60
150.00,-44.50,18.36
150.25,-44.50,18.83
150.50,-44.50,18.79
150.75,-44.50,18.17
151.00,-44.50,17.01
151.25,-44.50,15.58
151.50,-44.50,14.29
151.75,-44.50,13.47
152.00,-44.50,13.11
152.25,-44.50,13.01
152.50,-44.50,13.00
152.75,-44.50,12.97
153.00,-44.50,12.91
153.25,-44.50,12.84
153.50,-44.50,12.79
153.75,-44.50,12.77
154.00,-44.50,12.77
154.25,-44.50,12.80
154.50,-44.50,12.86
154.75,-44.50,12.94
155.00,-44.50,13.00
155.25,-44.50,13.02
155.50,-44.50,13.00
155.75,-44.50,12.98
110.25,-44.25,14.95
110.50,-44.25,14.90
110.75,-44.25,14.85
111.00,-44.25,14.85
111.25,-44.25,14.92
111.50,-44.25,15.01
111.75,-44.25,15.04
112.00,-44.25,15.03
112.25,-44.25,14.98
112.50,-44.25,14.93
112.75,-44.25,14.91
113.00,-44.25,14.91
113.25,-44.25,14.90
113.50,-44.25,14.86
113.75,-44.25,14.77
114.00,-44.25,14.68
114.25,-44.25,14.63
114.50,-44.25,14.64
114.75,-44.25,14.68
115.00,-44.25,14.74
115.25,-44.25,14.77
115.50,-44.25,14.75
115.75,-44.25,14.67
116.00,-44.25,14.56
116.25,-44.25,14.42
116.50,-44.25,14.31
116.75,-44.25,14.24
117.00,-44.25,14.24
117.25,-44.25,14.29
117.50,-44.25,14.33
117.75,-44.25,14.33
118.00,-44.25,14.27
118.25,-44.25,14.16
118.50,-44.25,14.05
118.75,-44.25,13.97
119.00,-44.25,13.94
119.25,-44.25,13.92
119.50,-44.25,13.90
119.75,-44.25,13.86
120.00,-44.25,13.82
120.25,-44.25,13.77
120.50,-44.25,13.74
120.75,-44.25,13.70
121.00,-44.25,13.64
121.25,-44.25,13.56
121.50,-44.25,13.45
121.75,-44.25,13.34
122.00,-44.25,13.23
122.25,-44.25,13.15
122.50,-44.25,13.09
122.75,-44.25,13.02
123.00,-44.25,12.95
123.25,-44.25,12.88
123.50,-44.25,12.82
123.75,-44.25,12.81
124.00,-44.25,12.84
124.25,-44.25,12.91
124.50,-44.25,13.00
124.75,-44.25,13.08
125.00,-44.25,13.13
125.25,-44.25,13.12
125.50,-44.25,13.03
125.75,-44.25,12.86
126.00,-44.25,12.65
126.25,-44.25,12.42
126.50,-44.25,12.22
126.75,-44.25,12.04
127.00,-44.25,11.91
127.25,-44.25,11.82
127.50,-44.25,11.76
127.75,-44.25,11.71
128.00,-44.25,11.64
128.25,-44.25,11.57
128.50,-44.25,11.50
128.75,-44.25,11.46
129.00,-44.25,11.45
129.25,-44.25,11.47
129.50,-44.25,11.54
129.75,-44.25,11.64
130.00,-44.25,11.75
130.25,-44.25,11.85
130.50,-44.25,11.91
130.75,-44.25,11.95
131.00,-44.25,11.96
131.25,-44.25,11.97
131.50,-44.25,11.98
131.75,-44.25,11.97
132.00,-44.25,11.97
132.25,-44.25,11.98
132.50,-44.25,11.99
132.75,-44.25,12.01
133.00,-44.25,12.03
133.25,-44.25,12.06
133.50,-44.25,12.10
133.75,-44.25,12.12
134.00,-44.25,12.13
134.25,-44.25,12.14
134.50,-44.25,12.14
134.75,-44.25,12.15
135.00,-44.25,12.15
135.25,-44.25,12.17
135.50,-44.25,12.19
135.75,-44.25,12.22
136.00,-44.25,12.24
136.25,-44.25,12.27
136.50,-44.25,12.29
136.75,-44.25,12.33
137.00,-44.25,12.37
137.25,-44.25,12.42
137.50,-44.25,12.47
137.75,-44.25,12.52
138.00,-44.25,12.53
138.25,-44.25,12.50
138.50,-44.25,12.47
138.75,-44.25,12.47
139.00,-44.25,12.51
139.25,-44.25,12.57
139.50,-44.25,12.62
139.75,-44.25,12.64
140.00,-44.25,12.66
140.25,-44.25,12.66
140.50,-44.25,12.65
140.75,-44.25,12.59
141.00,-44.25,12.50
141.25,-44.25,12.41
141.50,-44.25,12.32
141.75,-44.25,12.23
142.00,-44.25,12.13
142.25,-44.25,12.00
142.50,-44.25,11.82
142.75,-44.25,11.61
143.00,-44.25,11.38
143.25,-44.25,11.21
143.50,-44.25,11.21
143.75,-44.25,11.46
144.00,-44.25,12.00
144.25,-44.25,12.78
144.50,-44.25,13.77
144.75,-44.25,14.92
145.00,-44.25,16.16
145.25,-44.25,17.48
145.50,-44.25,18.92
145.75,-44.25,20.51
146.00,-44.25,22.18
146.25,-44.25,23.73
146.50,-44.25,24.99
146.75,-44.25,25.96
147.00,-44.25,26.60
147.25,-44.25,26.60
147.50,-44.25,26.03
147.75,-44.25,25.26
148.00,-44.25,24.28
148.25,-44.25,23.02
148.50,-44.25,21.54
148.75,-44.25,20.01
149.00,-44.25,18.75
149.25,-44.25,18.10
149.50,-44.25,18.15
149.75,-44.25,18.68
150.00,-44.25,19.32
150.25,-44.25,19.79
150.50,-44.25,19.82
150.75,-44.25,19.24
151.00,-44.25,17.98
151.25,-44.25,16.27
151.50,-44.25,14.65
151.75,-44.25,13.60
152.00,-44.25,13.16
152.25,-44.25,13.07
152.50,-44.25,13.10
152.75,-44.25,13.09
153.00,-44.25,13.04
153.25,-44.25,12.97
153.50,-44.25,12.91
153.75,-44.25,12.89
154.00,-44.25,12.91
154.25,-44.25,12.94
154.50,-44.25,13.00
154.75,-44.25,13.06
155.00,-44.25,13.10
155.25,-44.25,13.11
155.50,-44.25,13.09
155.75,-44.25,13.07
110.25,-44.00,15.04
110.50,-44.00,15.00
110.75,-44.00,14.93
111.00,-44.00,14.88
111.25,-44.00,14.88
111.50,-44.00,14.91
111.75,-44.00,14.92
112.00,-44.00,14.92
112.25,-44.00,14.90
112.50,-44.00,14.88
112.75,-44.00,14.86
113.00,-44.00,14.84
113.25,-44.00,14.83
113.50,-44.00,14.80
113.75,-44.00,14.75
114.00,-44.00,14.69
114.25,-44.00,14.66
114.50,-44.00,14.66
114.75,-44.00,14.68
115.00,-44.00,14.72
115.25,-44.00,14.74
115.50,-44.00,14.74
115.75,-44.00,14.69
116.00,-44.00,14.59
116.25,-44.00,14.46
116.50,-44.00,14.34
116.75,-44.00,14.30
117.00,-44.00,14.33
117.25,-44.00,14.42
117.50,-44.00,14.50
117.75,-44.00,14.52
118.00,-44.00,14.44
118.25,-44.00,14.28
118.50,-44.00,14.10
118.75,-44.00,13.97
119.00,-44.00,13.89
119.25,-44.00,13.85
119.50,-44.00,13.83
119.75,-44.00,13.79
120.00,-44.00,13.76
120.25,-44.00,13.74
120.50,-44.00,13.72
120.75,-44.00,13.70
121.00,-44.00,13.65
121.25,-44.00,13.56
121.50,-44.00,13.44
121.75,-44.00,13.30
122.00,-44.00,13.19
122.25,-44.00,13.13
122.50,-44.00,13.11
122.75,-44.00,13.08
123.00,-44.00,13.04
123.25,-44.00,12.98
123.50,-44.00,12.92
123.75,-44.00,12.87
124.00,-44.00,12.86
124.25,-44.00,12.89
124.50,-44.00,12.94
124.75,-44.00,13.00
125.00,-44.00,13.03
125.25,-44.00,13.00
125.50,-44.00,12.89
125.75,-44.00,12.73
126.00,-44.00,12.54
126.25,-44.00,12.36
126.50,-44.00,12.21
126.75,-44.00,12.09
127.00,-44.00,12.00
127.25,-44.00,11.94
127.50,-44.00,11.88
127.75,-44.00,11.81
128.00,-44.00,11.71
128.25,-44.00,11.59
128.50,-44.00,11.49
128.75,-44.00,11.43
129.00,-44.00,11.42
129.25,-44.00,11.45
129.50,-44.00,11.53
129.75,-44.00,11.65
130.00,-44.00,11.77
130.25,-44.00,11.88
130.50,-44.00,11.93
130.75,-44.00,11.96
131.00,-44.00,11.96
131.25,-44.00,11.97
131.50,-44.00,11.97
131.75,-44.00,11.97
132.00,-44.00,11.97
132.25,-44.00,11.98
132.50,-44.00,11.99
132.75,-44.00,12.00
133.00,-44.00,12.02
133.25,-44.00,12.04
133.50,-44.00,12.06
133.75,-44.00,12.08
134.00,-44.00,12.10
134.25,-44.00,12.10
134.50,-44.00,12.10
134.75,-44.00,12.10
135.00,-44.00,12.11
135.25,-44.00,12.13
135.50,-44.00,12.16
135.75,-44.00,12.19
136.00,-44.00,12.22
136.25,-44.00,12.25
136.50,-44.00,12.27
136.75,-44.00,12.29
137.00,-44.00,12.32
137.25,-44.00,12.36
137.50,-44.00,12.42
137.75,-44.00,12.49
138.00,-44.00,12.54
138.25,-44.00,12.54
138.50,-44.00,12.54
138.75,-44.00,12.56
139.00,-44.00,12.61
139.25,-44.00,12.68
139.50,-44.00,12.72
139.75,-44.00,12.74
140.00,-44.00,12.74
140.25,-44.00,12.74
140.50,-44.00,12.71
140.75,-44.00,12.64
141.00,-44.00,12.54
141.25,-44.00,12.43
141.50,-44.00,12.33
141.75,-44.00,12.23
142.00,-44.00,12.12
142.25,-44.00,11.99
142.50,-44.00,11.82
142.75,-44.00,11.60
143.00,-44.00,11.38
143.25,-44.00,11.26
143.50,-44.00,11.38
143.75,-44.00,11.84
144.00,-44.00,12.61
144.25,-44.00,13.59
144.50,-44.00,14.67
144.75,-44.00,15.80
145.00,-44.00,17.07
145.25,-44.00,18.62
145.50,-44.00,20.70
145.75,-44.00,23.20
146.00,-44.00,25.20
146.25,-44.00,26.56
146.50,-44.00,27.71
146.75,-44.00,28.91
147.00,-44.00,29.71
147.25,-44.00,29.57
147.50,-44.00,28.54
147.75,-44.00,27.42
148.00,-44.00,26.48
148.25,-44.00,25.38
148.50,-44.00,24.02
148.75,-44.00,22.47
149.00,-44.00,20.94
149.25,-44.00,19.77
149.50,-44.00,19.21
149.75,-44.00,19.25
150.00,-44.00,19.63
150.25,-44.00,19.99
150.50,-44.00,20.05
150.75,-44.00,19.51
151.00,-44.00,18.23
151.25,-44.00,16.40
151.50,-44.00,14.65
151.75,-44.00,13.55
152.00,-44.00,13.14
152.25,-44.00,13.11
152.50,-44.00,13.19
152.75,-44.00,13.22
153.00,-44.00,13.17
153.25,-44.00,13.09
153.50,-44.00,13.03
153.75,-44.00,13.02
154.00,-44.00,13.05
154.25,-44.00,13.08
154.50,-44.00,13.13
154.75,-44.00,13.17
155.00,-44.00,13.20
155.25,-44.00,13.20
155.50,-44.00,13.18
155.75,-44.00,13.16
110.25,-43.75,15.20
110.50,-43.75,15.10
110.75,-43.75,15.01
111.00,-43.75,14.95
111.25,-43.75,14.93
111.50,-43.75,14.91
111.75,-43.75,14.89
112.00,-43.75,14.85
112.25,-43.75,14.83
112.50,-43.75,14.81
112.75,-43.75,14.80
113.00,-43.75,14.79
113.25,-43.75,14.77
113.50,-43.75,14.75
113.75,-43.75,14.72
114.00,-43.75,14.68
114.25,-43.75,14.65
114.50,-43.75,14.64
114.75,-43.75,14.65
115.00,-43.75,14.66
115.25,-43.75,14.67
115.50,-43.75,14.66
115.75,-43.75,14.62
116.00,-43.75,14.54
116.25,-43.75,14.43
116.50,-43.75,14.33
116.75,-43.75,14.28
117.00,-43.75,14.30
117.25,-43.75,14.36
117.50,-43.75,14.42
117.75,-43.75,14.44
118.00,-43.75,14.38
118.25,-43.75,14.26
118.50,-43.75,14.11
118.75,-43.75,13.97
119.00,-43.75,13.88
119.25,-43.75,13.83
119.50,-43.75,13.80
119.75,-43.75,13.78
120.00,-43.75,13.75
120.25,-43.75,13.73
120.50,-43.75,13.71
120.75,-43.75,13.68
121.00,-43.75,13.63
121.25,-43.75,13.55
121.50,-43.75,13.43
121.75,-43.75,13.31
122.00,-43.75,13.22
122.25,-43.75,13.18
122.50,-43.75,13.17
122.75,-43.75,13.17
123.00,-43.75,13.14
123.25,-43.75,13.08
123.50,-43.75,13.01
123.75,-43.75,12.94
124.00,-43.75,12.89
124.25,-43.75,12.87
124.50,-43.75,12.88
124.75,-43.75,12.90
125.00,-43.75,12.91
125.25,-43.75,12.87
125.50,-43.75,12.77
125.75,-43.75,12.64
126.00,-43.75,12.49
126.25,-43.75,12.35
126.50,-43.75,12.23
126.75,-43.75,12.15
127.00,-43.75,12.08
127.25,-43.75,12.02
127.50,-43.75,11.96
127.75,-43.75,11.87
128.00,-43.75,11.76
128.25,-43.75,11.63
128.50,-43.75,11.53
128.75,-43.75,11.48
129.00,-43.75,11.49
129.25,-43.75,11.53
129.50,-43.75,11.61
129.75,-43.75,11.71
130.00,-43.75,11.81
130.25,-43.75,11.88
130.50,-43.75,11.91
130.75,-43.75,11.92
131.00,-43.75,11.91
131.25,-43.75,11.91
131.50,-43.75,11.92
131.75,-43.75,11.93
132.00,-43.75,11.94
132.25,-43.75,11.95
132.50,-43.75,11.97
132.75,-43.75,11.99
133.00,-43.75,12.00
133.25,-43.75,12.01
133.50,-43.75,12.03
133.75,-43.75,12.04
134.00,-43.75,12.05
134.25,-43.75,12.06
134.50,-43.75,12.07
134.75,-43.75,12.07
135.00,-43.75,12.09
135.25,-43.75,12.12
135.50,-43.75,12.16
135.75,-43.75,12.19
136.00,-43.75,12.23
136.25,-43.75,12.25
136.50,-43.75,12.27
136.75,-43.75,12.30
137.00,-43.75,12.34
137.25,-43.75,12.39
137.50,-43.75,12.46
137.75,-43.75,12.53
138.00,-43.75,12.58
138.25,-43.75,12.60
138.50,-43.75,12.61
138.75,-43.75,12.64
139.00,-43.75,12.69
139.25,-43.75,12.75
139.50,-43.75,12.77
139.75,-43.75,12.76
140.00,-43.75,12.72
140.25,-43.75,12.69
140.50,-43.75,12.66
140.75,-43.75,12.59
141.00,-43.75,12.50
141.25,-43.75,12.41
141.50,-43.75,12.31
141.75,-43.75,12.21
142.00,-43.75,12.09
142.25,-43.75,11.94
142.50,-43.75,11.74
142.75,-43.75,11.52
143.00,-43.75,11.34
143.25,-43.75,11.31
143.50,-43.75,11.57
143.75,-43.75,12.22
144.00,-43.75,13.20
144.25,-43.75,14.36
144.50,-43.75,15.58
144.75,-43.75,16.83
145.00,-43.75,18.29
145.25,-43.75,20.56
145.50,-43.75,24.85
145.75,-43.75,28.36
146.00,-43.75,29.34
146.25,-43.75,29.19
146.50,-43.75,29.37
146.75,-43.75,30.04
147.00,-43.75,30.50
147.25,-43.75,30.33
147.50,-43.75,29.56
147.75,-43.75,28.65
148.00,-43.75,27.83
148.25,-43.75,26.88
148.50,-43.75,25.67
148.75,-43.75,24.24
149.00,-43.75,22.67
149.25,-43.75,21.17
149.50,-43.75,20.11
149.75,-43.75,19.66
150.00,-43.75,19.67
150.25,-43.75,19.79
150.50,-43.75,19.68
150.75,-43.75,19.04
151.00,-43.75,17.73
151.25,-43.75,15.94
151.50,-43.75,14.31
151.75,-43.75,13.37
152.00,-43.75,13.11
152.25,-43.75,13.18
152.50,-43.75,13.30
152.75,-43.75,13.34
153.00,-43.75,13.30
153.25,-43.75,13.23
153.50,-43.75,13.18
153.75,-43.75,13.17
154.00,-43.75,13.20
154.25,-43.75,13.23
154.50,-43.75,13.26
154.75,-43.75,13.29
155.00,-43.75,13.30
155.25,-43.75,13.29
155.50,-43.75,13.27
155.75,-43.75,13.25
110.25,-43.50,15.32
110.50,-43.50,15.16
110.75,-43.50,15.05
111.00,-43.50,15.01
111.25,-43.50,14.99
111.50,-43.50,14.95
111.75,-43.50,14.90
112.00,-43.50,14.84
112.25,-43.50,14.80
112.50,-43.50,14.79
112.75,-43.50,14.78
113.00,-43.50,14.77
113.25,-43.50,14.76
113.50,-43.50,14.73
113.75,-43.50,14.70
114.00,-43.50,14.67
114.25,-43.50,14.64
114.50,-43.50,14.62
114.75,-43.50,14.61
115.00,-43.50,14.61
115.25,-43.50,14.61
115.50,-43.50,14.59
115.75,-43.50,14.54
116.00,-43.50,14.47
116.25,-43.50,14.38
116.50,-43.50,14.30
116.75,-43.50,14.25
117.00,-43.50,14.23
117.25,-43.50,14.25
117.50,-43.50,14.26
117.75,-43.50,14.26
118.00,-43.50,14.22
118.25,-43.50,14.15
118.50,-43.50,14.05
118.75,-43.50,13.95
119.00,-43.50,13.87
119.25,-43.50,13.82
119.50,-43.50,13.80
119.75,-43.50,13.79
120.00,-43.50,13.77
120.25,-43.50,13.74
120.50,-43.50,13.71
120.75,-43.50,13.67
121.00,-43.50,13.61
121.25,-43.50,13.53
121.50,-43.50,13.44
121.75,-43.50,13.34
122.00,-43.50,13.27
122.25,-43.50,13.25
122.50,-43.50,13.25
122.75,-43.50,13.24
123.00,-43.50,13.21
123.25,-43.50,13.14
123.50,-43.50,13.07
123.75,-43.50,12.98
124.00,-43.50,12.91
124.25,-43.50,12.85
124.50,-43.50,12.82
124.75,-43.50,12.82
125.00,-43.50,12.81
125.25,-43.50,12.76
125.50,-43.50,12.68
125.75,-43.50,12.57
126.00,-43.50,12.46
126.25,-43.50,12.35
126.50,-43.50,12.25
126.75,-43.50,12.18
127.00,-43.50,12.13
127.25,-43.50,12.08
127.50,-43.50,12.01
127.75,-43.50,11.91
128.00,-43.50,11.79
128.25,-43.50,11.68
128.50,-43.50,11.59
128.75,-43.50,11.56
129.00,-43.50,11.57
129.25,-43.50,11.61
129.50,-43.50,11.69
129.75,-43.50,11.77
130.00,-43.50,11.84
130.25,-43.50,11.88
130.50,-43.50,11.88
130.75,-43.50,11.87
131.00,-43.50,11.86
131.25,-43.50,11.85
131.50,-43.50,11.85
131.75,-43.50,11.87
132.00,-43.50,11.89
132.25,-43.50,11.91
132.50,-43.50,11.94
132.75,-43.50,11.96
133.00,-43.50,11.98
133.25,-43.50,11.99
133.50,-43.50,12.00
133.75,-43.50,12.01
134.00,-43.50,12.02
134.25,-43.50,12.03
134.50,-43.50,12.04
134.75,-43.50,12.06
135.00,-43.50,12.09
135.25,-43.50,12.13
135.50,-43.50,12.17
135.75,-43.50,12.20
136.00,-43.50,12.23
136.25,-43.50,12.26
136.50,-43.50,12.29
136.75,-43.50,12.33
137.00,-43.50,12.38
137.25,-43.50,12.45
137.50,-43.50,12.53
137.75,-43.50,12.59
138.00,-43.50,12.64
138.25,-43.50,12.65
138.50,-43.50,12.67
138.75,-43.50,12.71
139.00,-43.50,12.76
139.25,-43.50,12.80
139.50,-43.50,12.79
139.75,-43.50,12.74
140.00,-43.50,12.67
140.25,-43.50,12.61
140.50,-43.50,12.56
140.75,-43.50,12.50
141.00,-43.50,12.43
141.25,-43.50,12.36
141.50,-43.50,12.27
141.75,-43.50,12.16
142.00,-43.50,12.02
142.25,-43.50,11.83
142.50,-43.50,11.62
142.75,-43.50,11.41
143.00,-43.50,11.30
143.25,-43.50,11.40
143.50,-43.50,11.83
143.75,-43.50,12.64
144.00,-43.50,13.78
144.25,-43.50,15.11
144.50,-43.50,16.51
144.75,-43.50,18.01
145.00,-43.50,20.30
145.25,-43.50,24.74
145.50,-43.50,28.70
145.75,-43.50,30.28
146.00,-43.50,30.58
146.25,-43.50,30.33
146.50,-43.50,30.29
146.75,-43.50,30.52
147.00,-43.50,30.61
147.25,-43.50,30.47
147.50,-43.50,30.06
147.75,-43.50,29.38
148.00,-43.50,28.61
148.25,-43.50,27.83
148.50,-43.50,26.71
148.75,-43.50,25.26
149.00,-43.50,23.69
149.25,-43.50,22.09
149.50,-43.50,20.71
149.75,-43.50,19.83
150.00,-43.50,19.43
150.25,-43.50,19.20
150.50,-43.50,18.81
150.75,-43.50,18.02
151.00,-43.50,16.75
151.25,-43.50,15.18
151.50,-43.50,13.86
151.75,-43.50,13.20
152.00,-43.50,13.12
152.25,-43.50,13.27
152.50,-43.50,13.42
152.75,-43.50,13.46
153.00,-43.50,13.42
153.25,-43.50,13.36
153.50,-43.50,13.32
153.75,-43.50,13.33
154.00,-43.50,13.36
154.25,-43.50,13.39
154.50,-43.50,13.41
154.75,-43.50,13.41
155.00,-43.50,13.39
155.25,-43.50,13.37
155.50,-43.50,13.34
155.75,-43.50,13.32
110.25,-43.25,15.33
110.50,-43.25,15.16
110.75,-43.25,15.05
111.00,-43.25,15.02
111.25,-43.25,15.01
111.50,-43.25,14.99
111.75,-43.25,14.94
112.00,-43.25,14.89
112.25,-43.25,14.86
112.50,-43.25,14.85
112.75,-43.25,14.84
113.00,-43.25,14.83
113.25,-43.25,14.81
113.50,-43.25,14.78
113.75,-43.25,14.74
114.00,-43.25,14.69
114.25,-43.25,14.64
114.50,-43.25,14.61
114.75,-43.25,14.59
115.00,-43.25,14.59
115.25,-43.25,14.59
115.50,-43.25,14.57
115.75,-43.25,14.53
116.00,-43.25,14.47
116.25,-43.25,14.38
116.50,-43.25,14.30
116.75,-43.25,14.24
117.00,-43.25,14.21
117.25,-43.25,14.18
117.50,-43.25,14.15
117.75,-43.25,14.11
118.00,-43.25,14.05
118.25,-43.25,13.98
118.50,-43.25,13.92
118.75,-43.25,13.87
119.00,-43.25,13.83
119.25,-43.25,13.82
119.50,-43.25,13.82
119.75,-43.25,13.81
120.00,-43.25,13.80
120.25,-43.25,13.78
120.50,-43.25,13.74
120.75,-43.25,13.69
121.00,-43.25,13.63
121.25,-43.25,13.55
121.50,-43.25,13.46
121.75,-43.25,13.38
122.00,-43.25,13.32
122.25,-43.25,13.29
122.50,-43.25,13.28
122.75,-43.25,13.25
123.00,-43.25,13.20
123.25,-43.25,13.14
123.50,-43.25,13.06
123.75,-43.25,12.98
124.00,-43.25,12.90
124.25,-43.25,12.84
124.50,-43.25,12.80
124.75,-43.25,12.78
125.00,-43.25,12.75
125.25,-43.25,12.70
125.50,-43.25,12.63
125.75,-43.25,12.54
126.00,-43.25,12.44
126.25,-43.25,12.34
126.50,-43.25,12.25
126.75,-43.25,12.19
127.00,-43.25,12.14
127.25,-43.25,12.10
127.50,-43.25,12.03
127.75,-43.25,11.94
128.00,-43.25,11.84
128.25,-43.25,11.73
128.50,-43.25,11.64
128.75,-43.25,11.60
129.00,-43.25,11.60
129.25,-43.25,11.63
129.50,-43.25,11.70
129.75,-43.25,11.78
130.00,-43.25,11.84
130.25,-43.25,11.87
130.50,-43.25,11.87
130.75,-43.25,11.84
131.00,-43.25,11.81
131.25,-43.25,11.80
131.50,-43.25,11.80
131.75,-43.25,11.81
132.00,-43.25,11.83
132.25,-43.25,11.87
132.50,-43.25,11.90
132.75,-43.25,11.93
133.00,-43.25,11.96
133.25,-43.25,11.99
133.50,-43.25,12.00
133.75,-43.25,12.01
134.00,-43.25,12.01
134.25,-43.25,12.02
134.50,-43.25,12.04
134.75,-43.25,12.06
135.00,-43.25,12.08
135.25,-43.25,12.11
135.50,-43.25,12.14
135.75,-43.25,12.17
136.00,-43.25,12.21
136.25,-43.25,12.25
136.50,-43.25,12.29
136.75,-43.25,12.35
137.00,-43.25,12.41
137.25,-43.25,12.50
137.50,-43.25,12.58
137.75,-43.25,12.64
138.00,-43.25,12.67
138.25,-43.25,12.68
138.50,-43.25,12.70
138.75,-43.25,12.76
139.00,-43.25,12.83
139.25,-43.25,12.87
139.50,-43.25,12.83
139.75,-43.25,12.74
140.00,-43.25,12.63
140.25,-43.25,12.55
140.50,-43.25,12.49
140.75,-43.25,12.44
141.00,-43.25,12.36
141.25,-43.25,12.28
141.50,-43.25,12.18
141.75,-43.25,12.05
142.00,-43.25,11.88
142.25,-43.25,11.67
142.50,-43.25,11.45
142.75,-43.25,11.30
143.00,-43.25,11.32
143.25,-43.25,11.61
143.50,-43.25,12.23
143.75,-43.25,13.19
144.00,-43.25,14.45
144.25,-43.25,15.94
144.50,-43.25,17.62
144.75,-43.25,19.78
145.00,-43.25,24.25
145.25,-43.25,29.26
145.50,-43.25,30.93
145.75,-43.25,31.03
146.00,-43.25,30.65
146.25,-43.25,30.65
146.50,-43.25,30.97
146.75,-43.25,31.16
147.00,-43.25,31.18
147.25,-43.25,31.04
147.50,-43.25,30.68
147.75,-43.25,29.92
148.00,-43.25,29.09
148.25,-43.25,28.46
148.50,-43.25,27.45
148.75,-43.25,25.83
149.00,-43.25,24.18
149.25,-43.25,22.54
149.50,-43.25,20.94
149.75,-43.25,19.61
150.00,-43.25,18.67
150.25,-43.25,17.98
150.50,-43.25,17.28
150.75,-43.25,16.39
151.00,-43.25,15.32
151.25,-43.25,14.25
151.50,-43.25,13.46
151.75,-43.25,13.16
152.00,-43.25,13.21
152.25,-43.25,13.38
152.50,-43.25,13.51
152.75,-43.25,13.55
153.00,-43.25,13.52
153.25,-43.25,13.47
153.50,-43.25,13.45
153.75,-43.25,13.47
154.00,-43.25,13.51
154.25,-43.25,13.53
154.50,-43.25,13.54
154.75,-43.25,13.52
155.00,-43.25,13.49
155.25,-43.25,13.44
155.50,-43.25,13.39
155.75,-43.25,13.35
110.25,-43.00,15.34
110.50,-43.00,15.38
110.75,-43.00,15.16
111.00,-43.00,15.27
111.25,-43.00,15.09
111.50,-43.00,15.05
111.75,-43.00,15.00
112.00,-43.00,14.97
112.25,-43.00,14.96
112.50,-43.00,14.96
112.75,-43.00,14.94
113.00,-43.00,14.91
113.25,-43.00,14.88
113.50,-43.00,14.84
113.75,-43.00,14.79
114.00,-43.00,14.72
114.25,-43.00,14.66
114.50,-43.00,14.63
114.75,-43.00,14.58
115.00,-43.00,14.59
115.25,-43.00,14.59
115.50,-43.00,14.53
115.75,-43.00,14.55
116.00,-43.00,14.48
116.25,-43.00,14.40
116.50,-43.00,14.33
116.75,-43.00,14.24
117.00,-43.00,14.18
117.25,-43.00,14.12
117.50,-43.00,14.06
117.75,-43.00,13.97
118.00,-43.00,13.94
118.25,-43.00,13.82
118.50,-43.00,13.79
118.75,-43.00,13.79
119.00,-43.00,13.82
119.25,-43.00,13.84
119.50,-43.00,13.85
119.75,-43.00,13.85
120.00,-43.00,13.84
120.25,-43.00,13.82
120.50,-43.00,13.78
120.75,-43.00,13.72
121.00,-43.00,13.64
121.25,-43.00,13.56
121.50,-43.00,13.49
121.75,-43.00,13.41
122.00,-43.00,13.37
122.25,-43.00,13.32
122.50,-43.00,13.28
122.75,-43.00,13.24
123.00,-43.00,13.17
123.25,-43.00,13.10
123.50,-43.00,13.02
123.75,-43.00,12.94
124.00,-43.00,12.87
124.25,-43.00,12.81
124.50,-43.00,12.73
124.75,-43.00,12.73
125.00,-43.00,12.68
125.25,-43.00,12.64
125.50,-43.00,12.54
125.75,-43.00,12.50
126.00,-43.00,12.42
126.25,-43.00,12.32
126.50,-43.00,12.25
126.75,-43.00,12.17
127.00,-43.00,12.13
127.25,-43.00,12.09
127.50,-43.00,11.99
127.75,-43.00,11.96
128.00,-43.00,11.84
128.25,-43.00,11.76
128.50,-43.00,11.68
128.75,-43.00,11.62
129.00,-43.00,11.66
129.25,-43.00,11.63
129.50,-43.00,11.71
129.75,-43.00,11.76
130.00,-43.00,11.76
130.25,-43.00,11.84
130.50,-43.00,11.79
130.75,-43.00,11.81
131.00,-43.00,11.78
131.25,-43.00,11.75
131.50,-43.00,11.77
131.75,-43.00,11.76
132.00,-43.00,11.79
132.25,-43.00,11.82
132.50,-43.00,11.87
132.75,-43.00,11.90
133.00,-43.00,11.94
133.25,-43.00,11.99
133.50,-43.00,12.00
133.75,-43.00,12.03
134.00,-43.00,12.05
134.25,-43.00,12.03
134.50,-43.00,12.04
134.75,-43.00,12.06
135.00,-43.00,12.07
135.25,-43.00,12.10
135.50,-43.00,12.14
135.75,-43.00,12.15
136.00,-43.00,12.21
136.25,-43.00,12.24
136.50,-43.00,12.28
136.75,-43.00,12.35
137.00,-43.00,12.44
137.25,-43.00,12.51
137.50,-43.00,12.59
137.75,-43.00,12.64
138.00,-43.00,12.60
138.25,-43.00,12.67
138.50,-43.00,12.80
138.75,-43.00,12.82
139.00,-43.00,12.96
139.25,-43.00,13.05
139.50,-43.00,13.10
139.75,-43.00,12.87
140.00,-43.00,12.80
140.25,-43.00,12.54
140.50,-43.00,12.43
140.75,-43.00,12.36
141.00,-43.00,12.28
141.25,-43.00,12.17
141.50,-43.00,12.04
141.75,-43.00,11.89
142.00,-43.00,11.65
142.25,-43.00,11.49
142.50,-43.00,11.42
142.75,-43.00,11.27
143.00,-43.00,11.83
143.25,-43.00,11.96
143.50,-43.00,13.00
143.75,-43.00,13.92
144.00,-43.00,15.84
144.25,-43.00,17.14
144.50,-43.00,20.15
144.75,-43.00,23.45
145.00,-43.00,28.66
145.25,-43.00,29.88
145.50,-43.00,30.86
145.75,-43.00,31.07
146.00,-43.00,31.17
146.25,-43.00,31.23
146.50,-43.00,31.62
146.75,-43.00,31.67
147.00,-43.00,31.65
147.25,-43.00,31.50
147.50,-43.00,31.16
147.75,-43.00,30.51
148.00,-43.00,29.68
148.25,-43.00,29.02
148.50,-43.00,28.18
148.75,-43.00,26.13
149.00,-43.00,25.10
149.25,-43.00,22.54
149.50,-43.00,21.53
149.75,-43.00,18.98
150.00,-43.00,17.86
150.25,-43.00,16.45
150.50,-43.00,15.56
150.75,-43.00,14.71
151.00,-43.00,14.59
151.25,-43.00,13.46
151.50,-43.00,13.20
151.75,-43.00,13.20
152.00,-43.00,13.34
152.25,-43.00,13.49
152.50,-43.00,13.49
152.75,-43.00,13.61
153.00,-43.00,13.57
153.25,-43.00,13.55
153.50,-43.00,13.55
153.75,-43.00,13.58
154.00,-43.00,13.62
154.25,-43.00,13.65
154.50,-43.00,13.65
154.75,-43.00,13.62
155.00,-43.00,13.56
155.25,-43.00,13.51
155.50,-43.00,13.47
155.75,-43.00,13.39
110.25,-42.75,15.49
110.50,-42.75,15.51
110.75,-42.75,15.52
111.00,-42.75,15.45
111.25,-42.75,15.32
111.50,-42.75,15.17
111.75,-42.75,15.08
112.00,-42.75,15.05
112.25,-42.75,15.05
112.50,-42.75,15.04
112.75,-42.75,15.02
113.00,-42.75,14.98
113.25,-42.75,14.93
113.50,-42.75,14.89
113.75,-42.75,14.83
114.00,-42.75,14.75
114.25,-42.75,14.67
114.50,-42.75,14.61
114.75,-42.75,14.57
115.00,-42.75,14.56
115.25,-42.75,14.58
115.50,-42.75,14.58
115.75,-42.75,14.56
116.00,-42.75,14.50
116.25,-42.75,14.42
116.50,-42.75,14.32
116.75,-42.75,14.22
117.00,-42.75,14.11
117.25,-42.75,14.01
117.50,-42.75,13.93
117.75,-42.75,13.85
118.00,-42.75,13.79
118.25,-42.75,13.76
118.50,-42.75,13.76
118.75,-42.75,13.80
119.00,-42.75,13.85
119.25,-42.75,13.89
119.50,-42.75,13.92
119.75,-42.75,13.91
120.00,-42.75,13.89
120.25,-42.75,13.85
120.50,-42.75,13.79
120.75,-42.75,13.72
121.00,-42.75,13.64
121.25,-42.75,13.57
121.50,-42.75,13.50
121.75,-42.75,13.44
122.00,-42.75,13.38
122.25,-42.75,13.33
122.50,-42.75,13.28
122.75,-42.75,13.22
123.00,-42.75,13.15
123.25,-42.75,13.06
123.50,-42.75,12.97
123.75,-42.75,12.88
124.00,-42.75,12.79
124.25,-42.75,12.73
124.50,-42.75,12.68
124.75,-42.75,12.63
125.00,-42.75,12.58
125.25,-42.75,12.54
125.50,-42.75,12.49
125.75,-42.75,12.43
126.00,-42.75,12.37
126.25,-42.75,12.28
126.50,-42.75,12.20
126.75,-42.75,12.13
127.00,-42.75,12.08
127.25,-42.75,12.05
127.50,-42.75,12.00
127.75,-42.75,11.93
128.00,-42.75,11.85
128.25,-42.75,11.77
128.50,-42.75,11.70
128.75,-42.75,11.66
129.00,-42.75,11.64
129.25,-42.75,11.64
129.50,-42.75,11.67
129.75,-42.75,11.71
130.00,-42.75,11.74
130.25,-42.75,11.75
130.50,-42.75,11.75
130.75,-42.75,11.73
131.00,-42.75,11.71
131.25,-42.75,11.70
131.50,-42.75,11.70
131.75,-42.75,11.72
132.00,-42.75,11.75
132.25,-42.75,11.78
132.50,-42.75,11.81
132.75,-42.75,11.85
133.00,-42.75,11.89
133.25,-42.75,11.96
133.50,-42.75,12.02
133.75,-42.75,12.06
134.00,-42.75,12.07
134.25,-42.75,12.06
134.50,-42.75,12.05
134.75,-42.75,12.06
135.00,-42.75,12.07
135.25,-42.75,12.10
135.50,-42.75,12.13
135.75,-42.75,12.15
136.00,-42.75,12.19
136.25,-42.75,12.23
136.50,-42.75,12.28
136.75,-42.75,12.34
137.00,-42.75,12.40
137.25,-42.75,12.46
137.50,-42.75,12.52
137.75,-42.75,12.56
138.00,-42.75,12.58
138.25,-42.75,12.60
138.50,-42.75,12.70
138.75,-42.75,12.91
139.00,-42.75,13.21
139.25,-42.75,13.46
139.50,-42.75,13.49
139.75,-42.75,13.25
140.00,-42.75,12.88
140.25,-42.75,12.57
140.50,-42.75,12.38
140.75,-42.75,12.25
141.00,-42.75,12.13
141.25,-42.75,12.00
141.50,-42.75,11.86
141.75,-42.75,11.70
142.00,-42.75,11.53
142.25,-42.75,11.38
142.50,-42.75,11.31
142.75,-42.75,11.42
143.00,-42.75,11.82
143.25,-42.75,12.54
143.50,-42.75,13.61
143.75,-42.75,15.01
144.00,-42.75,16.80
144.25,-42.75,19.02
144.50,-42.75,21.91
144.75,-42.75,26.22
145.00,-42.75,29.20
145.25,-42.75,30.10
145.50,-42.75,30.57
145.75,-42.75,31.17
146.00,-42.75,31.58
146.25,-42.75,31.82
146.50,-42.75,31.98
146.75,-42.75,32.03
147.00,-42.75,31.96
147.25,-42.75,31.77
147.50,-42.75,31.42
147.75,-42.75,30.78
148.00,-42.75,29.86
148.25,-42.75,29.06
148.50,-42.75,28.08
148.75,-42.75,26.26
149.00,-42.75,24.15
149.25,-42.75,22.22
149.50,-42.75,20.11
149.75,-42.75,17.94
150.00,-42.75,16.12
150.25,-42.75,14.87
150.50,-42.75,14.08
150.75,-42.75,13.57
151.00,-42.75,13.26
151.25,-42.75,13.15
151.50,-42.75,13.19
151.75,-42.75,13.32
152.00,-42.75,13.47
152.25,-42.75,13.58
152.50,-42.75,13.62
152.75,-42.75,13.61
153.00,-42.75,13.58
153.25,-42.75,13.57
153.50,-42.75,13.58
153.75,-42.75,13.63
154.00,-42.75,13.68
154.25,-42.75,13.71
154.50,-42.75,13.72
154.75,-42.75,13.70
155.00,-42.75,13.66
155.25,-42.75,13.61
155.50,-42.75,13.55
155.75,-42.75,13.50
110.25,-42.50,15.53
110.50,-42.50,15.39
110.75,-42.50,15.76
111.00,-42.50,15.70
111.25,-42.50,15.49
111.50,-42.50,15.26
111.75,-42.50,15.13
112.00,-42.50,15.10
112.25,-42.50,15.10
112.50,-42.50,15.09
112.75,-42.50,15.06
113.00,-42.50,15.01
113.25,-42.50,14.97
113.50,-42.50,14.92
113.75,-42.50,14.85
114.00,-42.50,14.77
114.25,-42.50,14.69
114.50,-42.50,14.62
114.75,-42.50,14.58
115.00,-42.50,14.56
115.25,-42.50,14.57
115.50,-42.50,14.57
115.75,-42.50,14.55
116.00,-42.50,14.49
116.25,-42.50,14.41
116.50,-42.50,14.31
116.75,-42.50,14.18
117.00,-42.50,14.05
117.25,-42.50,13.92
117.50,-42.50,13.82
117.75,-42.50,13.76
118.00,-42.50,13.74
118.25,-42.50,13.74
118.50,-42.50,13.77
118.75,-42.50,13.82
119.00,-42.50,13.89
119.25,-42.50,13.94
119.50,-42.50,13.96
119.75,-42.50,13.95
120.00,-42.50,13.92
120.25,-42.50,13.86
120.50,-42.50,13.78
120.75,-42.50,13.69
121.00,-42.50,13.61
121.25,-42.50,13.55
121.50,-42.50,13.50
121.75,-42.50,13.45
122.00,-42.50,13.40
122.25,-42.50,13.34
122.50,-42.50,13.28
122.75,-42.50,13.21
123.00,-42.50,13.13
123.25,-42.50,13.03
123.50,-42.50,12.92
123.75,-42.50,12.81
124.00,-42.50,12.71
124.25,-42.50,12.63
124.50,-42.50,12.58
124.75,-42.50,12.53
125.00,-42.50,12.49
125.25,-42.50,12.45
125.50,-42.50,12.41
125.75,-42.50,12.37
126.00,-42.50,12.33
126.25,-42.50,12.26
126.50,-42.50,12.19
126.75,-42.50,12.12
127.00,-42.50,12.07
127.25,-42.50,12.03
127.50,-42.50,11.98
127.75,-42.50,11.91
128.00,-42.50,11.83
128.25,-42.50,11.77
128.50,-42.50,11.72
128.75,-42.50,11.69
129.00,-42.50,11.67
129.25,-42.50,11.66
129.50,-42.50,11.65
129.75,-42.50,11.65
130.00,-42.50,11.64
130.25,-42.50,11.64
130.50,-42.50,11.64
130.75,-42.50,11.63
131.00,-42.50,11.63
131.25,-42.50,11.63
131.50,-42.50,11.65
131.75,-42.50,11.67
132.00,-42.50,11.68
132.25,-42.50,11.65
132.50,-42.50,11.56
132.75,-42.50,11.44
133.00,-42.50,11.40
133.25,-42.50,11.50
133.50,-42.50,11.73
133.75,-42.50,11.95
134.00,-42.50,12.06
134.25,-42.50,12.07
134.50,-42.50,12.05
134.75,-42.50,12.04
135.00,-42.50,12.06
135.25,-42.50,12.10
135.50,-42.50,12.13
135.75,-42.50,12.16
136.00,-42.50,12.19
136.25,-42.50,12.23
136.50,-42.50,12.28
136.75,-42.50,12.32
137.00,-42.50,12.37
137.25,-42.50,12.40
137.50,-42.50,12.43
137.75,-42.50,12.46
138.00,-42.50,12.48
138.25,-42.50,12.53
138.50,-42.50,12.67
138.75,-42.50,12.94
139.00,-42.50,13.33
139.25,-42.50,13.68
139.50,-42.50,13.77
139.75,-42.50,13.47
140.00,-42.50,12.97
140.25,-42.50,12.54
140.50,-42.50,12.26
140.75,-42.50,12.08
141.00,-42.50,11.93
141.25,-42.50,11.79
141.50,-42.50,11.66
141.75,-42.50,11.53
142.00,-42.50,11.42
142.25,-42.50,11.37
142.50,-42.50,11.44
142.75,-42.50,11.74
143.00,-42.50,12.35
143.25,-42.50,13.32
143.50,-42.50,14.70
143.75,-42.50,16.49
144.00,-42.50,18.70
144.25,-42.50,21.35
144.50,-42.50,24.56
144.75,-42.50,27.56
145.00,-42.50,29.50
145.25,-42.50,30.71
145.50,-42.50,31.62
145.75,-42.50,32.15
146.00,-42.50,32.25
146.25,-42.50,32.19
146.50,-42.50,32.17
146.75,-42.50,32.15
147.00,-42.50,32.05
147.25,-42.50,31.82
147.50,-42.50,31.41
147.75,-42.50,30.69
148.00,-42.50,29.58
148.25,-42.50,28.64
148.50,-42.50,27.92
148.75,-42.50,26.55
149.00,-42.50,24.10
149.25,-42.50,21.67
149.50,-42.50,19.09
149.75,-42.50,16.57
150.00,-42.50,14.79
150.25,-42.50,13.74
150.50,-42.50,13.17
150.75,-42.50,12.96
151.00,-42.50,12.98
151.25,-42.50,13.12
151.50,-42.50,13.29
151.75,-42.50,13.46
152.00,-42.50,13.59
152.25,-42.50,13.64
152.50,-42.50,13.62
152.75,-42.50,13.58
153.00,-42.50,13.54
153.25,-42.50,13.54
153.50,-42.50,13.56
153.75,-42.50,13.62
154.00,-42.50,13.68
154.25,-42.50,13.73
154.50,-42.50,13.75
154.75,-42.50,13.75
155.00,-42.50,13.74
155.25,-42.50,13.70
155.50,-42.50,13.66
155.75,-42.50,13.62
110.25,-42.25,15.20
110.50,-42.25,15.36
110.75,-42.25,15.49
111.00,-42.25,15.51
111.25,-42.25,15.37
111.50,-42.25,15.20
111.75,-42.25,15.10
112.00,-42.25,15.08
112.25,-42.25,15.09
112.50,-42.25,15.08
112.75,-42.25,15.05
113.00,-42.25,15.01
113.25,-42.25,14.97
113.50,-42.25,14.93
113.75,-42.25,14.87
114.00,-42.25,14.80
114.25,-42.25,14.72
114.50,-42.25,14.66
114.75,-42.25,14.61
115.00,-42.25,14.58
115.25,-42.25,14.57
115.50,-42.25,14.55
115.75,-42.25,14.51
116.00,-42.25,14.44
116.25,-42.25,14.36
116.50,-42.25,14.26
116.75,-42.25,14.15
117.00,-42.25,14.02
117.25,-42.25,13.89
117.50,-42.25,13.79
117.75,-42.25,13.75
118.00,-42.25,13.74
118.25,-42.25,13.75
118.50,-42.25,13.78
118.75,-42.25,13.83
119.00,-42.25,13.88
119.25,-42.25,13.93
119.50,-42.25,13.95
119.75,-42.25,13.94
120.00,-42.25,13.90
120.25,-42.25,13.83
120.50,-42.25,13.74
120.75,-42.25,13.64
121.00,-42.25,13.56
121.25,-42.25,13.51
121.50,-42.25,13.49
121.75,-42.25,13.46
122.00,-42.25,13.42
122.25,-42.25,13.37
122.50,-42.25,13.30
122.75,-42.25,13.21
123.00,-42.25,13.11
123.25,-42.25,12.99
123.50,-42.25,12.87
123.75,-42.25,12.75
124.00,-42.25,12.64
124.25,-42.25,12.56
124.50,-42.25,12.51
124.75,-42.25,12.47
125.00,-42.25,12.44
125.25,-42.25,12.42
125.50,-42.25,12.39
125.75,-42.25,12.37
126.00,-42.25,12.34
126.25,-42.25,12.30
126.50,-42.25,12.25
126.75,-42.25,12.19
127.00,-42.25,12.14
127.25,-42.25,12.08
127.50,-42.25,12.01
127.75,-42.25,11.94
128.00,-42.25,11.87
128.25,-42.25,11.81
128.50,-42.25,11.76
128.75,-42.25,11.72
129.00,-42.25,11.68
129.25,-42.25,11.65
129.50,-42.25,11.62
129.75,-42.25,11.58
130.00,-42.25,11.55
130.25,-42.25,11.51
130.50,-42.25,11.46
130.75,-42.25,11.40
131.00,-42.25,11.34
131.25,-42.25,11.33
131.50,-42.25,11.37
131.75,-42.25,11.42
132.00,-42.25,11.37
132.25,-42.25,11.15
132.50,-42.25,10.85
132.75,-42.25,10.60
133.00,-42.25,10.50
133.25,-42.25,10.55
133.50,-42.25,10.80
133.75,-42.25,11.29
134.00,-42.25,11.80
134.25,-42.25,12.01
134.50,-42.25,12.02
134.75,-42.25,12.02
135.00,-42.25,12.03
135.25,-42.25,12.06
135.50,-42.25,12.10
135.75,-42.25,12.14
136.00,-42.25,12.18
136.25,-42.25,12.23
136.50,-42.25,12.27
136.75,-42.25,12.31
137.00,-42.25,12.34
137.25,-42.25,12.36
137.50,-42.25,12.38
137.75,-42.25,12.40
138.00,-42.25,12.43
138.25,-42.25,12.48
138.50,-42.25,12.59
138.75,-42.25,12.79
139.00,-42.25,13.05
139.25,-42.25,13.28
139.50,-42.25,13.32
139.75,-42.25,13.08
140.00,-42.25,12.68
140.25,-42.25,12.30
140.50,-42.25,12.02
140.75,-42.25,11.81
141.00,-42.25,11.66
141.25,-42.25,11.55
141.50,-42.25,11.48
141.75,-42.25,11.44
142.00,-42.25,11.45
142.25,-42.25,11.54
142.50,-42.25,11.77
142.75,-42.25,12.24
143.00,-42.25,13.05
143.25,-42.25,14.31
143.50,-42.25,16.08
143.75,-42.25,18.29
144.00,-42.25,20.78
144.25,-42.25,23.57
144.50,-42.25,26.77
144.75,-42.25,28.81
145.00,-42.25,29.91
145.25,-42.25,31.14
145.50,-42.25,32.11
145.75,-42.25,32.45
146.00,-42.25,32.43
146.25,-42.25,32.21
146.50,-42.25,32.00
146.75,-42.25,31.89
147.00,-42.25,31.75
147.25,-42.25,31.47
147.50,-42.25,30.97
147.75,-42.25,30.13
148.00,-42.25,28.96
148.25,-42.25,28.10
148.50,-42.25,27.70
148.75,-42.25,26.67
149.00,-42.25,24.08
149.25,-42.25,20.72
149.50,-42.25,17.36
149.75,-42.25,15.18
150.00,-42.25,14.17
150.25,-42.25,13.62
150.50,-42.25,13.22
150.75,-42.25,12.97
151.00,-42.25,12.99
151.25,-42.25,13.19
151.50,-42.25,13.39
151.75,-42.25,13.54
152.00,-42.25,13.62
152.25,-42.25,13.63
152.50,-42.25,13.60
152.75,-42.25,13.53
153.00,-42.25,13.48
153.25,-42.25,13.47
153.50,-42.25,13.49
153.75,-42.25,13.55
154.00,-42.25,13.62
154.25,-42.25,13.69
154.50,-42.25,13.75
154.75,-42.25,13.78
155.00,-42.25,13.79
155.25,-42.25,13.78
155.50,-42.25,13.76
155.75,-42.25,13.74
110.25,-42.00,14.84
110.50,-42.00,14.96
110.75,-42.00,15.10
111.00,-42.00,15.19
111.25,-42.00,15.16
111.50,-42.00,15.09
111.75,-42.00,15.04
112.00,-42.00,15.03
112.25,-42.00,15.04
112.50,-42.00,15.04
112.75,-42.00,15.02
113.00,-42.00,14.99
113.25,-42.00,14.96
113.50,-42.00,14.92
113.75,-42.00,14.87
114.00,-42.00,14.82
114.25,-42.00,14.75
114.50,-42.00,14.69
114.75,-42.00,14.64
115.00,-42.00,14.60
115.25,-42.00,14.57
115.50,-42.00,14.52
115.75,-42.00,14.46
116.00,-42.00,14.38
116.25,-42.00,14.30
116.50,-42.00,14.21
116.75,-42.00,14.12
117.00,-42.00,14.02
117.25,-42.00,13.91
117.50,-42.00,13.82
117.75,-42.00,13.77
118.00,-42.00,13.75
118.25,-42.00,13.76
118.50,-42.00,13.78
118.75,-42.00,13.81
119.00,-42.00,13.84
119.25,-42.00,13.88
119.50,-42.00,13.91
119.75,-42.00,13.91
120.00,-42.00,13.87
120.25,-42.00,13.80
120.50,-42.00,13.71
120.75,-42.00,13.61
121.00,-42.00,13.54
121.25,-42.00,13.50
121.50,-42.00,13.48
121.75,-42.00,13.47
122.00,-42.00,13.44
122.25,-42.00,13.39
122.50,-42.00,13.32
122.75,-42.00,13.22
123.00,-42.00,13.10
123.25,-42.00,12.97
123.50,-42.00,12.84
123.75,-42.00,12.71
124.00,-42.00,12.61
124.25,-42.00,12.53
124.50,-42.00,12.48
124.75,-42.00,12.45
125.00,-42.00,12.43
125.25,-42.00,12.41
125.50,-42.00,12.40
125.75,-42.00,12.38
126.00,-42.00,12.36
126.25,-42.00,12.33
126.50,-42.00,12.30
126.75,-42.00,12.25
127.00,-42.00,12.20
127.25,-42.00,12.13
127.50,-42.00,12.04
127.75,-42.00,11.94
128.00,-42.00,11.83
128.25,-42.00,11.74
128.50,-42.00,11.68
128.75,-42.00,11.67
129.00,-42.00,11.65
129.25,-42.00,11.61
129.50,-42.00,11.56
129.75,-42.00,11.49
130.00,-42.00,11.39
130.25,-42.00,11.23
130.50,-42.00,11.07
130.75,-42.00,10.94
131.00,-42.00,10.84
131.25,-42.00,10.79
131.50,-42.00,10.83
131.75,-42.00,10.98
132.00,-42.00,11.00
132.25,-42.00,10.81
132.50,-42.00,10.53
132.75,-42.00,10.32
133.00,-42.00,10.21
133.25,-42.00,10.20
133.50,-42.00,10.31
133.75,-42.00,10.65
134.00,-42.00,11.33
134.25,-42.00,11.87
134.50,-42.00,12.00
134.75,-42.00,12.00
135.00,-42.00,12.00
135.25,-42.00,12.03
135.50,-42.00,12.07
135.75,-42.00,12.11
136.00,-42.00,12.16
136.25,-42.00,12.22
136.50,-42.00,12.27
136.75,-42.00,12.30
137.00,-42.00,12.32
137.25,-42.00,12.34
137.50,-42.00,12.36
137.75,-42.00,12.38
138.00,-42.00,12.42
138.25,-42.00,12.47
138.50,-42.00,12.53
138.75,-42.00,12.61
139.00,-42.00,12.68
139.25,-42.00,12.72
139.50,-42.00,12.67
139.75,-42.00,12.51
140.00,-42.00,12.26
140.25,-42.00,11.99
140.50,-42.00,11.75
140.75,-42.00,11.56
141.00,-42.00,11.43
141.25,-42.00,11.37
141.50,-42.00,11.37
141.75,-42.00,11.44
142.00,-42.00,11.58
142.25,-42.00,11.80
142.50,-42.00,12.18
142.75,-42.00,12.80
143.00,-42.00,13.83
143.25,-42.00,15.42
143.50,-42.00,17.61
143.75,-42.00,20.13
144.00,-42.00,22.58
144.25,-42.00,24.93
144.50,-42.00,27.60
144.75,-42.00,29.67
145.00,-42.00,30.76
145.25,-42.00,31.58
145.50,-42.00,32.11
145.75,-42.00,32.30
146.00,-42.00,32.23
146.25,-42.00,31.94
146.50,-42.00,31.56
146.75,-42.00,31.24
147.00,-42.00,30.96
147.25,-42.00,30.57
147.50,-42.00,29.96
147.75,-42.00,29.11
148.00,-42.00,28.09
148.25,-42.00,27.29
148.50,-42.00,26.77
148.75,-42.00,25.67
149.00,-42.00,23.29
149.25,-42.00,19.45
149.50,-42.00,16.02
149.75,-42.00,14.51
150.00,-42.00,13.88
150.25,-42.00,13.47
150.50,-42.00,13.09
150.75,-42.00,12.80
151.00,-42.00,12.72
151.25,-42.00,12.90
151.50,-42.00,13.23
151.75,-42.00,13.47
152.00,-42.00,13.57
152.25,-42.00,13.63
152.50,-42.00,13.63
152.75,-42.00,13.56
153.00,-42.00,13.47
153.25,-42.00,13.41
153.50,-42.00,13.42
153.75,-42.00,13.48
154.00,-42.00,13.56
154.25,-42.00,13.66
154.50,-42.00,13.74
154.75,-42.00,13.81
155.00,-42.00,13.85
155.25,-42.00,13.86
155.50,-42.00,13.86
155.75,-42.00,13.85
110.25,-41.75,14.75
110.50,-41.75,14.84
110.75,-41.75,14.95
111.00,-41.75,15.02
111.25,-41.75,15.04
111.50,-41.75,15.02
111.75,-41.75,14.99
112.00,-41.75,14.98
112.25,-41.75,14.98
112.50,-41.75,14.98
112.75,-41.75,14.97
113.00,-41.75,14.95
113.25,-41.75,14.93
113.50,-41.75,14.90
113.75,-41.75,14.86
114.00,-41.75,14.81
114.25,-41.75,14.76
114.50,-41.75,14.69
114.75,-41.75,14.63
115.00,-41.75,14.57
115.25,-41.75,14.52
115.50,-41.75,14.47
115.75,-41.75,14.41
116.00,-41.75,14.34
116.25,-41.75,14.26
116.50,-41.75,14.19
116.75,-41.75,14.12
117.00,-41.75,14.04
117.25,-41.75,13.96
117.50,-41.75,13.87
117.75,-41.75,13.80
118.00,-41.75,13.75
118.25,-41.75,13.73
118.50,-41.75,13.74
118.75,-41.75,13.76
119.00,-41.75,13.80
119.25,-41.75,13.84
119.50,-41.75,13.87
119.75,-41.75,13.88
120.00,-41.75,13.86
120.25,-41.75,13.81
120.50,-41.75,13.74
120.75,-41.75,13.66
121.00,-41.75,13.59
121.25,-41.75,13.55
121.50,-41.75,13.53
121.75,-41.75,13.51
122.00,-41.75,13.48
122.25,-41.75,13.43
122.50,-41.75,13.34
122.75,-41.75,13.24
123.00,-41.75,13.11
123.25,-41.75,12.98
123.50,-41.75,12.86
123.75,-41.75,12.73
124.00,-41.75,12.62
124.25,-41.75,12.55
124.50,-41.75,12.50
124.75,-41.75,12.47
125.00,-41.75,12.44
125.25,-41.75,12.42
125.50,-41.75,12.39
125.75,-41.75,12.37
126.00,-41.75,12.34
126.25,-41.75,12.31
126.50,-41.75,12.27
126.75,-41.75,12.24
127.00,-41.75,12.18
127.25,-41.75,12.08
127.50,-41.75,11.86
127.75,-41.75,11.54
128.00,-41.75,11.25
128.25,-41.75,11.09
128.50,-41.75,11.06
128.75,-41.75,11.17
129.00,-41.75,11.35
129.25,-41.75,11.46
129.50,-41.75,11.44
129.75,-41.75,11.33
130.00,-41.75,11.14
130.25,-41.75,10.94
130.50,-41.75,10.83
130.75,-41.75,10.76
131.00,-41.75,10.68
131.25,-41.75,10.61
131.50,-41.75,10.60
131.75,-41.75,10.75
132.00,-41.75,10.87
132.25,-41.75,10.75
132.50,-41.75,10.50
132.75,-41.75,10.29
133.00,-41.75,10.17
133.25,-41.75,10.14
133.50,-41.75,10.20
133.75,-41.75,10.44
134.00,-41.75,11.08
134.25,-41.75,11.78
134.50,-41.75,12.00
134.75,-41.75,12.03
135.00,-41.75,12.03
135.25,-41.75,12.04
135.50,-41.75,12.05
135.75,-41.75,12.09
136.00,-41.75,12.14
136.25,-41.75,12.20
136.50,-41.75,12.26
136.75,-41.75,12.30
137.00,-41.75,12.32
137.25,-41.75,12.34
137.50,-41.75,12.36
137.75,-41.75,12.40
138.00,-41.75,12.46
138.25,-41.75,12.51
138.50,-41.75,12.54
138.75,-41.75,12.54
139.00,-41.75,12.52
139.25,-41.75,12.44
139.50,-41.75,12.32
139.75,-41.75,12.15
140.00,-41.75,11.95
140.25,-41.75,11.76
140.50,-41.75,11.64
140.75,-41.75,11.60
141.00,-41.75,11.58
141.25,-41.75,11.54
141.50,-41.75,11.53
141.75,-41.75,11.62
142.00,-41.75,11.81
142.25,-41.75,12.13
142.50,-41.75,12.61
142.75,-41.75,13.38
143.00,-41.75,14.66
143.25,-41.75,16.68
143.50,-41.75,19.31
143.75,-41.75,21.93
144.00,-41.75,24.13
144.25,-41.75,26.02
144.50,-41.75,27.97
144.75,-41.75,29.92
145.00,-41.75,31.08
145.25,-41.75,31.66
145.50,-41.75,32.02
145.75,-41.75,32.22
146.00,-41.75,32.18
146.25,-41.75,31.78
146.50,-41.75,31.19
146.75,-41.75,30.66
147.00,-41.75,30.17
147.25,-41.75,29.66
147.50,-41.75,29.15
147.75,-41.75,28.69
148.00,-41.75,28.13
148.25,-41.75,27.29
148.50,-41.75,26.35
148.75,-41.75,25.25
149.00,-41.75,23.21
149.25,-41.75,19.10
149.50,-41.75,15.57
149.75,-41.75,14.17
150.00,-41.75,13.57
150.25,-41.75,13.14
150.50,-41.75,12.78
150.75,-41.75,12.54
151.00,-41.75,12.46
151.25,-41.75,12.55
151.50,-41.75,12.82
151.75,-41.75,13.18
152.00,-41.75,13.45
152.25,-41.75,13.70
152.50,-41.75,13.84
152.75,-41.75,13.80
153.00,-41.75,13.62
153.25,-41.75,13.47
153.50,-41.75,13.41
153.75,-41.75,13.45
154.00,-41.75,13.55
154.25,-41.75,13.66
154.50,-41.75,13.77
154.75,-41.75,13.86
155.00,-41.75,13.91
155.25,-41.75,13.94
155.50,-41.75,13.96
155.75,-41.75,13.97
110.25,-41.50,14.79
110.50,-41.50,14.86
110.75,-41.50,14.93
111.00,-41.50,14.96
111.25,-41.50,14.98
111.50,-41.50,14.98
111.75,-41.50,14.96
112.00,-41.50,14.95
112.25,-41.50,14.93
112.50,-41.50,14.93
112.75,-41.50,14.92
113.00,-41.50,14.90
113.25,-41.50,14.89
113.50,-41.50,14.86
113.75,-41.50,14.84
114.00,-41.50,14.79
114.25,-41.50,14.73
114.50,-41.50,14.66
114.75,-41.50,14.59
115.00,-41.50,14.53
115.25,-41.50,14.47
115.50,-41.50,14.41
115.75,-41.50,14.35
116.00,-41.50,14.29
116.25,-41.50,14.23
116.50,-41.50,14.17
116.75,-41.50,14.12
117.00,-41.50,14.06
117.25,-41.50,14.00
117.50,-41.50,13.92
117.75,-41.50,13.83
118.00,-41.50,13.76
118.25,-41.50,13.71
118.50,-41.50,13.70
118.75,-41.50,13.72
119.00,-41.50,13.76
119.25,-41.50,13.81
119.50,-41.50,13.84
119.75,-41.50,13.86
120.00,-41.50,13.86
120.25,-41.50,13.83
120.50,-41.50,13.78
120.75,-41.50,13.72
121.00,-41.50,13.67
121.25,-41.50,13.62
121.50,-41.50,13.58
121.75,-41.50,13.55
122.00,-41.50,13.51
122.25,-41.50,13.45
122.50,-41.50,13.36
122.75,-41.50,13.25
123.00,-41.50,13.13
123.25,-41.50,13.01
123.50,-41.50,12.89
123.75,-41.50,12.77
124.00,-41.50,12.67
124.25,-41.50,12.60
124.50,-41.50,12.56
124.75,-41.50,12.52
125.00,-41.50,12.47
125.25,-41.50,12.42
125.50,-41.50,12.38
125.75,-41.50,12.34
126.00,-41.50,12.30
126.25,-41.50,12.26
126.50,-41.50,12.23
126.75,-41.50,12.19
127.00,-41.50,12.11
127.25,-41.50,11.85
127.50,-41.50,11.37
127.75,-41.50,10.96
128.00,-41.50,10.74
128.25,-41.50,10.63
128.50,-41.50,10.59
128.75,-41.50,10.64
129.00,-41.50,10.83
129.25,-41.50,11.14
129.50,-41.50,11.29
129.75,-41.50,11.21
130.00,-41.50,10.99
130.25,-41.50,10.84
130.50,-41.50,10.77
130.75,-41.50,10.73
131.00,-41.50,10.67
131.25,-41.50,10.59
131.50,-41.50,10.56
131.75,-41.50,10.67
132.00,-41.50,10.84
132.25,-41.50,10.80
132.50,-41.50,10.57
132.75,-41.50,10.34
133.00,-41.50,10.21
133.25,-41.50,10.18
133.50,-41.50,10.25
133.75,-41.50,10.54
134.00,-41.50,11.22
134.25,-41.50,11.85
134.50,-41.50,12.04
134.75,-41.50,12.07
135.00,-41.50,12.07
135.25,-41.50,12.07
135.50,-41.50,12.07
135.75,-41.50,12.09
136.00,-41.50,12.14
136.25,-41.50,12.21
136.50,-41.50,12.27
136.75,-41.50,12.31
137.00,-41.50,12.33
137.25,-41.50,12.35
137.50,-41.50,12.38
137.75,-41.50,12.45
138.00,-41.50,12.51
138.25,-41.50,12.55
138.50,-41.50,12.55
138.75,-41.50,12.52
139.00,-41.50,12.44
139.25,-41.50,12.31
139.50,-41.50,12.14
139.75,-41.50,11.94
140.00,-41.50,11.78
140.25,-41.50,11.80
140.50,-41.50,11.99
140.75,-41.50,12.17
141.00,-41.50,12.24
141.25,-41.50,12.21
141.50,-41.50,12.11
141.75,-41.50,12.03
142.00,-41.50,12.15
142.25,-41.50,12.52
142.50,-41.50,13.11
142.75,-41.50,14.09
143.00,-41.50,15.77
143.25,-41.50,18.29
143.50,-41.50,21.14
143.75,-41.50,23.54
144.00,-41.50,25.58
144.25,-41.50,27.52
144.50,-41.50,28.49
144.75,-41.50,28.82
145.00,-41.50,29.54
145.25,-41.50,30.43
145.50,-41.50,31.21
145.75,-41.50,31.76
146.00,-41.50,31.92
146.25,-41.50,31.59
146.50,-41.50,30.99
146.75,-41.50,30.40
147.00,-41.50,29.81
147.25,-41.50,29.27
147.50,-41.50,28.97
147.75,-41.50,28.90
148.00,-41.50,28.55
148.25,-41.50,27.66
148.50,-41.50,26.60
148.75,-41.50,25.53
149.00,-41.50,23.57
149.25,-41.50,19.26
149.50,-41.50,15.34
149.75,-41.50,13.79
150.00,-41.50,13.18
150.25,-41.50,12.80
150.50,-41.50,12.53
150.75,-41.50,12.38
151.00,-41.50,12.35
151.25,-41.50,12.41
151.50,-41.50,12.60
151.75,-41.50,12.94
152.00,-41.50,13.33
152.25,-41.50,13.79
152.50,-41.50,14.16
152.75,-41.50,14.24
153.00,-41.50,14.06
153.25,-41.50,13.80
153.50,-41.50,13.60
153.75,-41.50,13.54
154.00,-41.50,13.60
154.25,-41.50,13.71
154.50,-41.50,13.82
154.75,-41.50,13.91
155.00,-41.50,13.97
155.25,-41.50,14.00
155.50,-41.50,14.04
155.75,-41.50,14.07
110.25,-41.25,14.81
110.50,-41.25,14.88
110.75,-41.25,14.93
111.00,-41.25,14.96
111.25,-41.25,14.97
111.50,-41.25,14.97
111.75,-41.25,14.95
112.00,-41.25,14.92
112.25,-41.25,14.89
112.50,-41.25,14.87
112.75,-41.25,14.86
113.00,-41.25,14.84
113.25,-41.25,14.83
113.50,-41.25,14.81
113.75,-41.25,14.78
114.00,-41.25,14.74
114.25,-41.25,14.68
114.50,-41.25,14.61
114.75,-41.25,14.55
115.00,-41.25,14.49
115.25,-41.25,14.42
115.50,-41.25,14.34
115.75,-41.25,14.27
116.00,-41.25,14.20
116.25,-41.25,14.15
116.50,-41.25,14.12
116.75,-41.25,14.09
117.00,-41.25,14.05
117.25,-41.25,13.99
117.50,-41.25,13.92
117.75,-41.25,13.84
118.00,-41.25,13.77
118.25,-41.25,13.72
118.50,-41.25,13.69
118.75,-41.25,13.69
119.00,-41.25,13.71
119.25,-41.25,13.76
119.50,-41.25,13.82
119.75,-41.25,13.85
120.00,-41.25,13.86
120.25,-41.25,13.84
120.50,-41.25,13.80
120.75,-41.25,13.76
121.00,-41.25,13.71
121.25,-41.25,13.67
121.50,-41.25,13.62
121.75,-41.25,13.57
122.00,-41.25,13.52
122.25,-41.25,13.45
122.50,-41.25,13.36
122.75,-41.25,13.25
123.00,-41.25,13.13
123.25,-41.25,13.01
123.50,-41.25,12.90
123.75,-41.25,12.80
124.00,-41.25,12.73
124.25,-41.25,12.68
124.50,-41.25,12.63
124.75,-41.25,12.57
125.00,-41.25,12.50
125.25,-41.25,12.43
125.50,-41.25,12.36
125.75,-41.25,12.31
126.00,-41.25,12.26
126.25,-41.25,12.23
126.50,-41.25,12.20
126.75,-41.25,12.15
127.00,-41.25,12.01
127.25,-41.25,11.58
127.50,-41.25,11.05
127.75,-41.25,10.76
128.00,-41.25,10.62
128.25,-41.25,10.54
128.50,-41.25,10.49
128.75,-41.25,10.48
129.00,-41.25,10.58
129.25,-41.25,10.88
129.50,-41.25,11.20
129.75,-41.25,11.21
130.00,-41.25,11.01
130.25,-41.25,10.85
130.50,-41.25,10.78
130.75,-41.25,10.74
131.00,-41.25,10.69
131.25,-41.25,10.63
131.50,-41.25,10.59
131.75,-41.25,10.69
132.00,-41.25,10.90
132.25,-41.25,10.92
132.50,-41.25,10.73
132.75,-41.25,10.51
133.00,-41.25,10.38
133.25,-41.25,10.38
133.50,-41.25,10.56
133.75,-41.25,11.01
134.00,-41.25,11.61
134.25,-41.25,11.95
134.50,-41.25,12.06
134.75,-41.25,12.10
135.00,-41.25,12.11
135.25,-41.25,12.11
135.50,-41.25,12.12
135.75,-41.25,12.14
136.00,-41.25,12.18
136.25,-41.25,12.25
136.50,-41.25,12.31
136.75,-41.25,12.35
137.00,-41.25,12.37
137.25,-41.25,12.40
137.50,-41.25,12.44
137.75,-41.25,12.50
138.00,-41.25,12.55
138.25,-41.25,12.55
138.50,-41.25,12.52
138.75,-41.25,12.45
139.00,-41.25,12.35
139.25,-41.25,12.21
139.50,-41.25,12.03
139.75,-41.25,11.83
140.00,-41.25,11.81
140.25,-41.25,12.11
140.50,-41.25,12.39
140.75,-41.25,12.51
141.00,-41.25,12.55
141.25,-41.25,12.55
141.50,-41.25,12.52
141.75,-41.25,12.47
142.00,-41.25,12.55
142.25,-41.25,12.99
142.50,-41.25,13.79
142.75,-41.25,15.14
143.00,-41.25,17.40
143.25,-41.25,20.33
143.50,-41.25,22.97
143.75,-41.25,24.74
144.00,-41.25,26.15
144.25,-41.25,27.62
144.50,-41.25,28.27
144.75,-41.25,28.16
145.00,-41.25,28.45
145.25,-41.25,29.23
145.50,-41.25,30.08
145.75,-41.25,30.78
146.00,-41.25,31.18
146.25,-41.25,31.23
146.50,-41.25,30.97
146.75,-41.25,30.44
147.00,-41.25,29.74
147.25,-41.25,29.08
147.50,-41.25,28.62
147.75,-41.25,28.36
148.00,-41.25,27.96
148.25,-41.25,27.32
148.50,-41.25,26.60
148.75,-41.25,25.69
149.00,-41.25,23.61
149.25,-41.25,18.88
149.50,-41.25,14.90
149.75,-41.25,13.46
150.00,-41.25,12.95
150.25,-41.25,12.66
150.50,-41.25,12.45
150.75,-41.25,12.34
151.00,-41.25,12.31
151.25,-41.25,12.38
151.50,-41.25,12.56
151.75,-41.25,12.86
152.00,-41.25,13.26
152.25,-41.25,13.87
152.50,-41.25,14.52
152.75,-41.25,14.93
153.00,-41.25,14.95
153.25,-41.25,14.61
153.50,-41.25,14.16
153.75,-41.25,13.85
154.00,-41.25,13.75
154.25,-41.25,13.79
154.50,-41.25,13.87
154.75,-41.25,13.94
155.00,-41.25,13.98
155.25,-41.25,14.02
155.50,-41.25,14.06
155.75,-41.25,14.11
110.25,-41.00,14.81
110.50,-41.00,14.87
110.75,-41.00,14.92
111.00,-41.00,14.95
111.25,-41.00,14.97
111.50,-41.00,14.96
111.75,-41.00,14.93
112.00,-41.00,14.89
112.25,-41.00,14.85
112.50,-41.00,14.82
112.75,-41.00,14.80
113.00,-41.00,14.78
113.25,-41.00,14.76
113.50,-41.00,14.74
113.75,-41.00,14.72
114.00,-41.00,14.68
114.25,-41.00,14.62
114.50,-41.00,14.56
114.75,-41.00,14.51
115.00,-41.00,14.45
115.25,-41.00,14.37
115.50,-41.00,14.28
115.75,-41.00,14.19
116.00,-41.00,14.12
116.25,-41.00,14.08
116.50,-41.00,14.07
116.75,-41.00,14.06
117.00,-41.00,14.02
117.25,-41.00,13.96
117.50,-41.00,13.89
117.75,-41.00,13.84
118.00,-41.00,13.80
118.25,-41.00,13.75
118.50,-41.00,13.71
118.75,-41.00,13.68
119.00,-41.00,13.69
119.25,-41.00,13.73
119.50,-41.00,13.80
119.75,-41.00,13.85
120.00,-41.00,13.86
120.25,-41.00,13.84
120.50,-41.00,13.80
120.75,-41.00,13.76
121.00,-41.00,13.73
121.25,-41.00,13.69
121.50,-41.00,13.64
121.75,-41.00,13.58
122.00,-41.00,13.51
122.25,-41.00,13.43
122.50,-41.00,13.34
122.75,-41.00,13.23
123.00,-41.00,13.12
123.25,-41.00,13.00
123.50,-41.00,12.90
123.75,-41.00,12.82
124.00,-41.00,12.77
124.25,-41.00,12.73
124.50,-41.00,12.68
124.75,-41.00,12.61
125.00,-41.00,12.52
125.25,-41.00,12.42
125.50,-41.00,12.34
125.75,-41.00,12.28
126.00,-41.00,12.23
126.25,-41.00,12.21
126.50,-41.00,12.19
126.75,-41.00,12.15
127.00,-41.00,11.98
127.25,-41.00,11.51
127.50,-41.00,11.00
127.75,-41.00,10.75
128.00,-41.00,10.62
128.25,-41.00,10.54
128.50,-41.00,10.49
128.75,-41.00,10.47
129.00,-41.00,10.56
129.25,-41.00,10.85
129.50,-41.00,11.22
129.75,-41.00,11.30
130.00,-41.00,11.17
130.25,-41.00,10.98
130.50,-41.00,10.87
130.75,-41.00,10.82
131.00,-41.00,10.78
131.25,-41.00,10.75
131.50,-41.00,10.77
131.75,-41.00,10.93
132.00,-41.00,11.18
132.25,-41.00,11.26
132.50,-41.00,11.17
132.75,-41.00,11.04
133.00,-41.00,10.98
133.25,-41.00,11.07
133.50,-41.00,11.33
133.75,-41.00,11.65
134.00,-41.00,11.86
134.25,-41.00,11.97
134.50,-41.00,12.04
134.75,-41.00,12.09
135.00,-41.00,12.12
135.25,-41.00,12.13
135.50,-41.00,12.15
135.75,-41.00,12.17
136.00,-41.00,12.22
136.25,-41.00,12.28
136.50,-41.00,12.34
136.75,-41.00,12.38
137.00,-41.00,12.41
137.25,-41.00,12.44
137.50,-41.00,12.48
137.75,-41.00,12.53
138.00,-41.00,12.56
138.25,-41.00,12.55
138.50,-41.00,12.49
138.75,-41.00,12.40
139.00,-41.00,12.29
139.25,-41.00,12.17
139.50,-41.00,12.02
139.75,-41.00,11.87
140.00,-41.00,11.97
140.25,-41.00,12.31
140.50,-41.00,12.53
140.75,-41.00,12.60
141.00,-41.00,12.63
141.25,-41.00,12.63
141.50,-41.00,12.63
141.75,-41.00,12.64
142.00,-41.00,12.83
142.25,-41.00,13.48
142.50,-41.00,14.61
142.75,-41.00,16.47
143.00,-41.00,19.29
143.25,-41.00,22.30
143.50,-41.00,24.44
143.75,-41.00,25.61
144.00,-41.00,26.24
144.25,-41.00,26.76
144.50,-41.00,27.18
144.75,-41.00,27.49
145.00,-41.00,27.99
145.25,-41.00,28.71
145.50,-41.00,29.50
145.75,-41.00,30.27
146.00,-41.00,30.90
146.25,-41.00,31.20
146.50,-41.00,31.11
146.75,-41.00,30.64
147.00,-41.00,29.87
147.25,-41.00,29.07
147.50,-41.00,28.34
147.75,-41.00,27.85
148.00,-41.00,27.55
148.25,-41.00,27.29
148.50,-41.00,26.92
148.75,-41.00,26.14
149.00,-41.00,23.87
149.25,-41.00,18.70
149.50,-41.00,14.74
149.75,-41.00,13.41
150.00,-41.00,12.96
150.25,-41.00,12.72
150.50,-41.00,12.53
150.75,-41.00,12.40
151.00,-41.00,12.37
151.25,-41.00,12.46
151.50,-41.00,12.65
151.75,-41.00,12.86
152.00,-41.00,13.20
152.25,-41.00,13.83
152.50,-41.00,14.63
152.75,-41.00,15.34
153.00,-41.00,15.61
153.25,-41.00,15.30
153.50,-41.00,14.71
153.75,-41.00,14.22
154.00,-41.00,13.96
154.25,-41.00,13.90
154.50,-41.00,13.93
154.75,-41.00,13.97
155.00,-41.00,13.99
155.25,-41.00,14.01
155.50,-41.00,14.05
155.75,-41.00,14.11
110.25,-40.75,14.80
110.50,-40.75,14.85
110.75,-40.75,14.88
111.00,-40.75,14.91
111.25,-40.75,14.91
111.50,-40.75,14.90
111.75,-40.75,14.88
112.00,-40.75,14.85
112.25,-40.75,14.81
112.50,-40.75,14.77
112.75,-40.75,14.74
113.00,-40.75,14.71
113.25,-40.75,14.68
113.50,-40.75,14.66
113.75,-40.75,14.65
114.00,-40.75,14.62
114.25,-40.75,14.58
114.50,-40.75,14.53
114.75,-40.75,14.47
115.00,-40.75,14.40
115.25,-40.75,14.32
115.50,-40.75,14.22
115.75,-40.75,14.12
116.00,-40.75,14.06
116.25,-40.75,14.03
116.50,-40.75,14.04
116.75,-40.75,14.05
117.00,-40.75,14.02
117.25,-40.75,13.94
117.50,-40.75,13.86
117.75,-40.75,13.82
118.00,-40.75,13.81
118.25,-40.75,13.80
118.50,-40.75,13.78
118.75,-40.75,13.74
119.00,-40.75,13.71
119.25,-40.75,13.73
119.50,-40.75,13.79
119.75,-40.75,13.84
120.00,-40.75,13.86
120.25,-40.75,13.83
120.50,-40.75,13.78
120.75,-40.75,13.75
121.00,-40.75,13.71
121.25,-40.75,13.67
121.50,-40.75,13.62
121.75,-40.75,13.56
122.00,-40.75,13.50
122.25,-40.75,13.42
122.50,-40.75,13.32
122.75,-40.75,13.20
123.00,-40.75,13.08
123.25,-40.75,12.97
123.50,-40.75,12.88
123.75,-40.75,12.80
124.00,-40.75,12.75
124.25,-40.75,12.70
124.50,-40.75,12.65
124.75,-40.75,12.57
125.00,-40.75,12.49
125.25,-40.75,12.40
125.50,-40.75,12.32
125.75,-40.75,12.26
126.00,-40.75,12.23
126.25,-40.75,12.22
126.50,-40.75,12.21
126.75,-40.75,12.18
127.00,-40.75,12.06
127.25,-40.75,11.70
127.50,-40.75,11.18
127.75,-40.75,10.85
128.00,-40.75,10.69
128.25,-40.75,10.60
128.50,-40.75,10.55
128.75,-40.75,10.56
129.00,-40.75,10.71
129.25,-40.75,11.04
129.50,-40.75,11.32
129.75,-40.75,11.39
130.00,-40.75,11.37
130.25,-40.75,11.28
130.50,-40.75,11.17
130.75,-40.75,11.10
131.00,-40.75,11.09
131.25,-40.75,11.14
131.50,-40.75,11.27
131.75,-40.75,11.46
132.00,-40.75,11.61
132.25,-40.75,11.65
132.50,-40.75,11.63
132.75,-40.75,11.61
133.00,-40.75,11.61
133.25,-40.75,11.67
133.50,-40.75,11.75
133.75,-40.75,11.82
134.00,-40.75,11.87
134.25,-40.75,11.92
134.50,-40.75,11.97
134.75,-40.75,12.02
135.00,-40.75,12.06
135.25,-40.75,12.08
135.50,-40.75,12.10
135.75,-40.75,12.14
136.00,-40.75,12.20
136.25,-40.75,12.26
136.50,-40.75,12.32
136.75,-40.75,12.37
137.00,-40.75,12.40
137.25,-40.75,12.44
137.50,-40.75,12.48
137.75,-40.75,12.52
138.00,-40.75,12.55
138.25,-40.75,12.54
138.50,-40.75,12.49
138.75,-40.75,12.42
139.00,-40.75,12.35
139.25,-40.75,12.29
139.50,-40.75,12.25
139.75,-40.75,12.21
140.00,-40.75,12.28
140.25,-40.75,12.47
140.50,-40.75,12.60
140.75,-40.75,12.64
141.00,-40.75,12.65
141.25,-40.75,12.66
141.50,-40.75,12.67
141.75,-40.75,12.73
142.00,-40.75,13.08
142.25,-40.75,14.06
142.50,-40.75,15.60
142.75,-40.75,18.01
143.00,-40.75,21.26
143.25,-40.75,24.10
143.50,-40.75,25.84
143.75,-40.75,26.62
144.00,-40.75,26.86
144.25,-40.75,27.00
144.50,-40.75,27.16
144.75,-40.75,27.45
145.00,-40.75,27.97
145.25,-40.75,28.62
145.50,-40.75,29.26
145.75,-40.75,29.91
146.00,-40.75,30.51
146.25,-40.75,30.76
146.50,-40.75,30.64
146.75,-40.75,30.22
147.00,-40.75,29.58
147.25,-40.75,28.87
147.50,-40.75,28.16
147.75,-40.75,27.81
148.00,-40.75,27.85
148.25,-40.75,27.99
148.50,-40.75,27.85
148.75,-40.75,27.10
149.00,-40.75,24.55
149.25,-40.75,18.89
149.50,-40.75,14.81
149.75,-40.75,13.48
150.00,-40.75,13.04
150.25,-40.75,12.83
150.50,-40.75,12.67
150.75,-40.75,12.56
151.00,-40.75,12.57
151.25,-40.75,12.71
151.50,-40.75,12.82
151.75,-40.75,12.89
152.00,-40.75,13.10
152.25,-40.75,13.53
152.50,-40.75,14.16
152.75,-40.75,14.83
153.00,-40.75,15.26
153.25,-40.75,15.24
153.50,-40.75,14.91
153.75,-40.75,14.51
154.00,-40.75,14.21
154.25,-40.75,14.06
154.50,-40.75,14.02
154.75,-40.75,14.01
155.00,-40.75,14.00
155.25,-40.75,14.00
155.50,-40.75,14.03
155.75,-40.75,14.09
110.25,-40.50,14.78
110.50,-40.50,14.82
110.75,-40.50,14.84
111.00,-40.50,14.84
111.25,-40.50,14.84
111.50,-40.50,14.83
111.75,-40.50,14.81
112.00,-40.50,14.79
112.25,-40.50,14.76
112.50,-40.50,14.72
112.75,-40.50,14.67
113.00,-40.50,14.63
113.25,-40.50,14.60
113.50,-40.50,14.58
113.75,-40.50,14.57
114.00,-40.50,14.55
114.25,-40.50,14.53
114.50,-40.50,14.49
114.75,-40.50,14.42
115.00,-40.50,14.34
115.25,-40.50,14.25
115.50,-40.50,14.16
115.75,-40.50,14.07
116.00,-40.50,14.01
116.25,-40.50,14.00
116.50,-40.50,14.02
116.75,-40.50,14.04
117.00,-40.50,14.02
117.25,-40.50,13.94
117.50,-40.50,13.85
117.75,-40.50,13.82
118.00,-40.50,13.83
118.25,-40.50,13.86
118.50,-40.50,13.86
118.75,-40.50,13.81
119.00,-40.50,13.75
119.25,-40.50,13.74
119.50,-40.50,13.78
119.75,-40.50,13.84
120.00,-40.50,13.86
120.25,-40.50,13.83
120.50,-40.50,13.77
120.75,-40.50,13.73
121.00,-40.50,13.70
121.25,-40.50,13.67
121.50,-40.50,13.62
121.75,-40.50,13.56
122.00,-40.50,13.49
122.25,-40.50,13.41
122.50,-40.50,13.29
122.75,-40.50,13.16
123.00,-40.50,13.03
123.25,-40.50,12.93
123.50,-40.50,12.85
123.75,-40.50,12.77
124.00,-40.50,12.70
124.25,-40.50,12.64
124.50,-40.50,12.59
124.75,-40.50,12.52
125.00,-40.50,12.45
125.25,-40.50,12.38
125.50,-40.50,12.31
125.75,-40.50,12.27
126.00,-40.50,12.25
126.25,-40.50,12.25
126.50,-40.50,12.25
126.75,-40.50,12.22
127.00,-40.50,12.15
127.25,-40.50,11.99
127.50,-40.50,11.65
127.75,-40.50,11.24
128.00,-40.50,10.98
128.25,-40.50,10.84
128.50,-40.50,10.82
128.75,-40.50,10.91
129.00,-40.50,11.13
129.25,-40.50,11.34
129.50,-40.50,11.43
129.75,-40.50,11.45
130.00,-40.50,11.47
130.25,-40.50,11.48
130.50,-40.50,11.47
130.75,-40.50,11.45
131.00,-40.50,11.47
131.25,-40.50,11.53
131.50,-40.50,11.62
131.75,-40.50,11.69
132.00,-40.50,11.72
132.25,-40.50,11.70
132.50,-40.50,11.67
132.75,-40.50,11.65
133.00,-40.50,11.66
133.25,-40.50,11.69
133.50,-40.50,11.74
133.75,-40.50,11.79
134.00,-40.50,11.83
134.25,-40.50,11.87
134.50,-40.50,11.90
134.75,-40.50,11.95
135.00,-40.50,11.98
135.25,-40.50,12.01
135.50,-40.50,12.03
135.75,-40.50,12.08
136.00,-40.50,12.14
136.25,-40.50,12.21
136.50,-40.50,12.27
136.75,-40.50,12.32
137.00,-40.50,12.36
137.25,-40.50,12.40
137.50,-40.50,12.44
137.75,-40.50,12.49
138.00,-40.50,12.52
138.25,-40.50,12.54
138.50,-40.50,12.55
138.75,-40.50,12.57
139.00,-40.50,12.64
139.25,-40.50,12.72
139.50,-40.50,12.81
139.75,-40.50,12.89
140.00,-40.50,12.93
140.25,-40.50,12.88
140.50,-40.50,12.77
140.75,-40.50,12.71
141.00,-40.50,12.69
141.25,-40.50,12.70
141.50,-40.50,12.74
141.75,-40.50,12.93
142.00,-40.50,13.60
142.25,-40.50,14.86
142.50,-40.50,16.66
142.75,-40.50,19.58
143.00,-40.50,23.10
143.25,-40.50,25.62
143.50,-40.50,26.84
143.75,-40.50,27.25
144.00,-40.50,27.41
144.25,-40.50,27.54
144.50,-40.50,27.60
144.75,-40.50,27.77
145.00,-40.50,28.19
145.25,-40.50,28.69
145.50,-40.50,29.18
145.75,-40.50,29.67
146.00,-40.50,30.10
146.25,-40.50,30.22
146.50,-40.50,30.00
146.75,-40.50,29.52
147.00,-40.50,28.90
147.25,-40.50,28.35
147.50,-40.50,28.05
147.75,-40.50,28.08
148.00,-40.50,28.30
148.25,-40.50,28.54
148.50,-40.50,28.51
148.75,-40.50,27.78
149.00,-40.50,24.46
149.25,-40.50,17.90
149.50,-40.50,14.27
149.75,-40.50,13.24
150.00,-40.50,12.89
150.25,-40.50,12.70
150.50,-40.50,12.57
150.75,-40.50,12.50
151.00,-40.50,12.58
151.25,-40.50,12.79
151.50,-40.50,12.92
151.75,-40.50,12.94
152.00,-40.50,13.02
152.25,-40.50,13.23
152.50,-40.50,13.60
152.75,-40.50,14.10
153.00,-40.50,14.61
153.25,-40.50,14.95
153.50,-40.50,15.02
153.75,-40.50,14.82
154.00,-40.50,14.52
154.25,-40.50,14.29
154.50,-40.50,14.15
154.75,-40.50,14.08
155.00,-40.50,14.04
155.25,-40.50,14.02
155.50,-40.50,14.04
155.75,-40.50,14.08
110.25,-40.25,14.76
110.50,-40.25,14.78
110.75,-40.25,14.79
111.00,-40.25,14.78
111.25,-40.25,14.77
111.50,-40.25,14.76
111.75,-40.25,14.75
112.00,-40.25,14.73
112.25,-40.25,14.68
112.50,-40.25,14.63
112.75,-40.25,14.59
113.00,-40.25,14.56
113.25,-40.25,14.54
113.50,-40.25,14.52
113.75,-40.25,14.49
114.00,-40.25,14.46
114.25,-40.25,14.42
114.50,-40.25,14.38
114.75,-40.25,14.32
115.00,-40.25,14.26
115.25,-40.25,14.19
115.50,-40.25,14.11
115.75,-40.25,14.03
116.00,-40.25,13.97
116.25,-40.25,13.96
116.50,-40.25,13.99
116.75,-40.25,14.02
117.00,-40.25,14.01
117.25,-40.25,13.96
117.50,-40.25,13.90
117.75,-40.25,13.87
118.00,-40.25,13.88
118.25,-40.25,13.91
118.50,-40.25,13.90
118.75,-40.25,13.84
119.00,-40.25,13.77
119.25,-40.25,13.75
119.50,-40.25,13.79
119.75,-40.25,13.84
120.00,-40.25,13.87
120.25,-40.25,13.83
120.50,-40.25,13.78
120.75,-40.25,13.75
121.00,-40.25,13.73
121.25,-40.25,13.71
121.50,-40.25,13.67
121.75,-40.25,13.61
122.00,-40.25,13.53
122.25,-40.25,13.41
122.50,-40.25,13.27
122.75,-40.25,13.11
123.00,-40.25,12.98
123.25,-40.25,12.90
123.50,-40.25,12.83
123.75,-40.25,12.75
124.00,-40.25,12.67
124.25,-40.25,12.60
124.50,-40.25,12.54
124.75,-40.25,12.49
125.00,-40.25,12.44
125.25,-40.25,12.39
125.50,-40.25,12.33
125.75,-40.25,12.29
126.00,-40.25,12.26
126.25,-40.25,12.26
126.50,-40.25,12.27
126.75,-40.25,12.25
127.00,-40.25,12.22
127.25,-40.25,12.16
127.50,-40.25,12.05
127.75,-40.25,11.88
128.00,-40.25,11.68
128.25,-40.25,11.54
128.50,-40.25,11.49
128.75,-40.25,11.51
129.00,-40.25,11.54
129.25,-40.25,11.53
129.50,-40.25,11.50
129.75,-40.25,11.49
130.00,-40.25,11.49
130.25,-40.25,11.50
130.50,-40.25,11.49
130.75,-40.25,11.49
131.00,-40.25,11.50
131.25,-40.25,11.55
131.50,-40.25,11.61
131.75,-40.25,11.65
132.00,-40.25,11.66
132.25,-40.25,11.65
132.50,-40.25,11.63
132.75,-40.25,11.63
133.00,-40.25,11.64
133.25,-40.25,11.68
133.50,-40.25,11.72
133.75,-40.25,11.77
134.00,-40.25,11.81
134.25,-40.25,11.86
134.50,-40.25,11.90
134.75,-40.25,11.93
135.00,-40.25,11.95
135.25,-40.25,11.96
135.50,-40.25,11.98
135.75,-40.25,12.01
136.00,-40.25,12.07
136.25,-40.25,12.13
136.50,-40.25,12.19
136.75,-40.25,12.24
137.00,-40.25,12.29
137.25,-40.25,12.34
137.50,-40.25,12.39
137.75,-40.25,12.43
138.00,-40.25,12.47
138.25,-40.25,12.53
138.50,-40.25,12.68
138.75,-40.25,12.89
139.00,-40.25,13.08
139.25,-40.25,13.22
139.50,-40.25,13.37
139.75,-40.25,13.54
140.00,-40.25,13.67
140.25,-40.25,13.66
140.50,-40.25,13.46
140.75,-40.25,13.18
141.00,-40.25,13.01
141.25,-40.25,12.99
141.50,-40.25,13.16
141.75,-40.25,13.68
142.00,-40.25,14.64
142.25,-40.25,15.87
142.50,-40.25,17.79
142.75,-40.25,21.13
143.00,-40.25,24.76
143.25,-40.25,26.83
143.50,-40.25,27.56
143.75,-40.25,27.73
144.00,-40.25,27.83
144.25,-40.25,27.91
144.50,-40.25,27.94
144.75,-40.25,28.09
145.00,-40.25,28.39
145.25,-40.25,28.78
145.50,-40.25,29.26
145.75,-40.25,29.67
146.00,-40.25,29.88
146.25,-40.25,29.84
146.50,-40.25,29.61
146.75,-40.25,29.29
147.00,-40.25,28.98
147.25,-40.25,28.74
147.50,-40.25,28.61
147.75,-40.25,28.63
148.00,-40.25,28.74
148.25,-40.25,28.85
148.50,-40.25,28.83
148.75,-40.25,28.09
149.00,-40.25,24.06
149.25,-40.25,16.95
149.50,-40.25,13.79
149.75,-40.25,13.00
150.00,-40.25,12.73
150.25,-40.25,12.57
150.50,-40.25,12.46
150.75,-40.25,12.41
151.00,-40.25,12.48
151.25,-40.25,12.73
151.50,-40.25,12.95
151.75,-40.25,13.02
152.00,-40.25,13.06
152.25,-40.25,13.17
152.50,-40.25,13.39
152.75,-40.25,13.77
153.00,-40.25,14.32
153.25,-40.25,14.92
153.50,-40.25,15.30
153.75,-40.25,15.27
154.00,-40.25,14.96
154.25,-40.25,14.60
154.50,-40.25,14.33
154.75,-40.25,14.17
155.00,-40.25,14.11
155.25,-40.25,14.09
155.50,-40.25,14.10
155.75,-40.25,14.11
110.25,-40.00,14.71
110.50,-40.00,14.72
110.75,-40.00,14.71
111.00,-40.00,14.69
111.25,-40.00,14.68
111.50,-40.00,14.68
111.75,-40.00,14.68
112.00,-40.00,14.67
112.25,-40.00,14.62
112.50,-40.00,14.56
112.75,-40.00,14.52
113.00,-40.00,14.50
113.25,-40.00,14.48
113.50,-40.00,14.46
113.75,-40.00,14.43
114.00,-40.00,14.38
114.25,-40.00,14.32
114.50,-40.00,14.26
114.75,-40.00,14.21
115.00,-40.00,14.17
115.25,-40.00,14.13
115.50,-40.00,14.07
115.75,-40.00,13.99
116.00,-40.00,13.93
116.25,-40.00,13.92
116.50,-40.00,13.95
116.75,-40.00,13.98
117.00,-40.00,13.99
117.25,-40.00,13.98
117.50,-40.00,13.96
117.75,-40.00,13.94
118.00,-40.00,13.94
118.25,-40.00,13.94
118.50,-40.00,13.92
118.75,-40.00,13.85
119.00,-40.00,13.79
119.25,-40.00,13.77
119.50,-40.00,13.79
119.75,-40.00,13.84
120.00,-40.00,13.87
120.25,-40.00,13.84
120.50,-40.00,13.80
120.75,-40.00,13.78
121.00,-40.00,13.78
121.25,-40.00,13.76
121.50,-40.00,13.73
121.75,-40.00,13.66
122.00,-40.00,13.55
122.25,-40.00,13.42
122.50,-40.00,13.25
122.75,-40.00,13.08
123.00,-40.00,12.95
123.25,-40.00,12.88
123.50,-40.00,12.82
123.75,-40.00,12.75
124.00,-40.00,12.67
124.25,-40.00,12.59
124.50,-40.00,12.53
124.75,-40.00,12.49
125.00,-40.00,12.46
125.25,-40.00,12.42
125.50,-40.00,12.37
125.75,-40.00,12.32
126.00,-40.00,12.28
126.25,-40.00,12.27
126.50,-40.00,12.27
126.75,-40.00,12.27
127.00,-40.00,12.25
127.25,-40.00,12.22
127.50,-40.00,12.18
127.75,-40.00,12.11
128.00,-40.00,12.02
128.25,-40.00,11.93
128.50,-40.00,11.84
128.75,-40.00,11.76
129.00,-40.00,11.68
129.25,-40.00,11.62
129.50,-40.00,11.58
129.75,-40.00,11.55
130.00,-40.00,11.52
130.25,-40.00,11.50
130.50,-40.00,11.47
130.75,-40.00,11.46
131.00,-40.00,11.46
131.25,-40.00,11.49
131.50,-40.00,11.53
131.75,-40.00,11.56
132.00,-40.00,11.57
132.25,-40.00,11.57
132.50,-40.00,11.58
132.75,-40.00,11.59
133.00,-40.00,11.63
133.25,-40.00,11.66
133.50,-40.00,11.71
133.75,-40.00,11.75
134.00,-40.00,11.81
134.25,-40.00,11.86
134.50,-40.00,11.91
134.75,-40.00,11.95
135.00,-40.00,11.96
135.25,-40.00,11.95
135.50,-40.00,11.95
135.75,-40.00,11.97
136.00,-40.00,12.00
136.25,-40.00,12.05
136.50,-40.00,12.11
136.75,-40.00,12.16
137.00,-40.00,12.21
137.25,-40.00,12.26
137.50,-40.00,12.29
137.75,-40.00,12.33
138.00,-40.00,12.39
138.25,-40.00,12.56
138.50,-40.00,12.86
138.75,-40.00,13.10
139.00,-40.00,13.22
139.25,-40.00,13.32
139.50,-40.00,13.48
139.75,-40.00,13.75
140.00,-40.00,14.05
140.25,-40.00,14.20
140.50,-40.00,14.20
140.75,-40.00,14.10
141.00,-40.00,14.01
141.25,-40.00,14.07
141.50,-40.00,14.41
141.75,-40.00,15.07
142.00,-40.00,15.95
142.25,-40.00,17.09
142.50,-40.00,19.04
142.75,-40.00,22.52
143.00,-40.00,26.03
143.25,-40.00,27.79
143.50,-40.00,28.36
143.75,-40.00,28.50
144.00,-40.00,28.55
144.25,-40.00,28.55
144.50,-40.00,28.52
144.75,-40.00,28.63
145.00,-40.00,28.92
145.25,-40.00,29.32
145.50,-40.00,29.67
145.75,-40.00,29.81
146.00,-40.00,29.79
146.25,-40.00,29.73
146.50,-40.00,29.74
146.75,-40.00,29.83
147.00,-40.00,29.85
147.25,-40.00,29.73
147.50,-40.00,29.52
147.75,-40.00,29.34
148.00,-40.00,29.23
148.25,-40.00,29.18
148.50,-40.00,29.07
148.75,-40.00,28.36
149.00,-40.00,24.54
149.25,-40.00,17.10
149.50,-40.00,13.70
149.75,-40.00,12.91
150.00,-40.00,12.69
150.25,-40.00,12.59
150.50,-40.00,12.57
150.75,-40.00,12.62
151.00,-40.00,12.74
151.25,-40.00,12.86
151.50,-40.00,12.92
151.75,-40.00,13.00
152.00,-40.00,13.10
152.25,-40.00,13.23
152.50,-40.00,13.44
152.75,-40.00,13.83
153.00,-40.00,14.42
153.25,-40.00,15.12
153.50,-40.00,15.61
153.75,-40.00,15.65
154.00,-40.00,15.32
154.25,-40.00,14.86
154.50,-40.00,14.48
154.75,-40.00,14.27
155.00,-40.00,14.19
155.25,-40.00,14.17
155.50,-40.00,14.16
155.75,-40.00,14.15
110.25,-39.75,14.64
110.50,-39.75,14.61
110.75,-39.75,14.58
111.00,-39.75,14.55
111.25,-39.75,14.55
111.50,-39.75,14.57
111.75,-39.75,14.61
112.00,-39.75,14.62
112.25,-39.75,14.60
112.50,-39.75,14.56
112.75,-39.75,14.51
113.00,-39.75,14.48
113.25,-39.75,14.46
113.50,-39.75,14.43
113.75,-39.75,14.40
114.00,-39.75,14.34
114.25,-39.75,14.26
114.50,-39.75,14.18
114.75,-39.75,14.13
115.00,-39.75,14.10
115.25,-39.75,14.07
115.50,-39.75,14.03
115.75,-39.75,13.96
116.00,-39.75,13.90
116.25,-39.75,13.88
116.50,-39.75,13.90
116.75,-39.75,13.92
117.00,-39.75,13.94
117.25,-39.75,13.95
117.50,-39.75,13.96
117.75,-39.75,13.96
118.00,-39.75,13.96
118.25,-39.75,13.94
118.50,-39.75,13.91
118.75,-39.75,13.86
119.00,-39.75,13.81
119.25,-39.75,13.80
119.50,-39.75,13.81
119.75,-39.75,13.84
120.00,-39.75,13.86
120.25,-39.75,13.85
120.50,-39.75,13.83
120.75,-39.75,13.81
121.00,-39.75,13.81
121.25,-39.75,13.79
121.50,-39.75,13.74
121.75,-39.75,13.66
122.00,-39.75,13.54
122.25,-39.75,13.41
122.50,-39.75,13.26
122.75,-39.75,13.09
123.00,-39.75,12.95
123.25,-39.75,12.87
123.50,-39.75,12.83
123.75,-39.75,12.78
124.00,-39.75,12.71
124.25,-39.75,12.64
124.50,-39.75,12.57
124.75,-39.75,12.52
125.00,-39.75,12.49
125.25,-39.75,12.46
125.50,-39.75,12.43
125.75,-39.75,12.38
126.00,-39.75,12.33
126.25,-39.75,12.30
126.50,-39.75,12.27
126.75,-39.75,12.25
127.00,-39.75,12.23
127.25,-39.75,12.21
127.50,-39.75,12.18
127.75,-39.75,12.13
128.00,-39.75,12.06
128.25,-39.75,11.98
128.50,-39.75,11.89
128.75,-39.75,11.81
129.00,-39.75,11.74
129.25,-39.75,11.69
129.50,-39.75,11.65
129.75,-39.75,11.63
130.00,-39.75,11.60
130.25,-39.75,11.55
130.50,-39.75,11.50
130.75,-39.75,11.46
131.00,-39.75,11.44
131.25,-39.75,11.44
131.50,-39.75,11.45
131.75,-39.75,11.46
132.00,-39.75,11.46
132.25,-39.75,11.46
132.50,-39.75,11.47
132.75,-39.75,11.50
133.00,-39.75,11.55
133.25,-39.75,11.61
133.50,-39.75,11.67
133.75,-39.75,11.73
134.00,-39.75,11.79
134.25,-39.75,11.86
134.50,-39.75,11.93
134.75,-39.75,11.98
135.00,-39.75,11.99
135.25,-39.75,11.98
135.50,-39.75,11.96
135.75,-39.75,11.96
136.00,-39.75,11.98
136.25,-39.75,12.02
136.50,-39.75,12.07
136.75,-39.75,12.10
137.00,-39.75,12.12
137.25,-39.75,12.13
137.50,-39.75,12.13
137.75,-39.75,12.15
138.00,-39.75,12.27
138.25,-39.75,12.59
138.50,-39.75,12.95
138.75,-39.75,13.11
139.00,-39.75,13.17
139.25,-39.75,13.23
139.50,-39.75,13.39
139.75,-39.75,13.72
140.00,-39.75,14.17
140.25,-39.75,14.48
140.50,-39.75,14.59
140.75,-39.75,14.66
141.00,-39.75,14.83
141.25,-39.75,15.20
141.50,-39.75,15.86
141.75,-39.75,16.76
142.00,-39.75,17.79
142.25,-39.75,19.00
142.50,-39.75,20.78
142.75,-39.75,23.79
143.00,-39.75,26.91
143.25,-39.75,28.52
143.50,-39.75,29.08
143.75,-39.75,29.25
144.00,-39.75,29.29
144.25,-39.75,29.29
144.50,-39.75,29.30
144.75,-39.75,29.40
145.00,-39.75,29.65
145.25,-39.75,29.93
145.50,-39.75,30.06
145.75,-39.75,30.07
146.00,-39.75,30.08
146.25,-39.75,30.14
146.50,-39.75,30.25
146.75,-39.75,30.35
147.00,-39.75,30.37
147.25,-39.75,30.29
147.50,-39.75,30.11
147.75,-39.75,29.90
148.00,-39.75,29.70
148.25,-39.75,29.52
148.50,-39.75,29.29
148.75,-39.75,28.58
149.00,-39.75,25.19
149.25,-39.75,17.62
149.50,-39.75,13.86
149.75,-39.75,13.11
150.00,-39.75,12.98
150.25,-39.75,12.99
150.50,-39.75,13.03
150.75,-39.75,13.06
151.00,-39.75,13.04
151.25,-39.75,12.97
151.50,-39.75,12.90
151.75,-39.75,12.90
152.00,-39.75,13.02
152.25,-39.75,13.28
152.50,-39.75,13.68
152.75,-39.75,14.29
153.00,-39.75,14.98
153.25,-39.75,15.54
153.50,-39.75,15.79
153.75,-39.75,15.67
154.00,-39.75,15.31
154.25,-39.75,14.87
154.50,-39.75,14.52
154.75,-39.75,14.33
155.00,-39.75,14.26
155.25,-39.75,14.22
155.50,-39.75,14.19
155.75,-39.75,14.15
110.25,-39.50,14.56
110.50,-39.50,14.51
110.75,-39.50,14.46
111.00,-39.50,14.43
111.25,-39.50,14.43
111.50,-39.50,14.46
111.75,-39.50,14.53
112.00,-39.50,14.59
112.25,-39.50,14.62
112.50,-39.50,14.61
112.75,-39.50,14.56
113.00,-39.50,14.50
113.25,-39.50,14.45
113.50,-39.50,14.42
113.75,-39.50,14.38
114.00,-39.50,14.33
114.25,-39.50,14.24
114.50,-39.50,14.14
114.75,-39.50,14.07
115.00,-39.50,14.03
115.25,-39.50,14.00
115.50,-39.50,13.96
115.75,-39.50,13.90
116.00,-39.50,13.85
116.25,-39.50,13.82
116.50,-39.50,13.82
116.75,-39.50,13.84
117.00,-39.50,13.85
117.25,-39.50,13.86
117.50,-39.50,13.88
117.75,-39.50,13.90
118.00,-39.50,13.91
118.25,-39.50,13.89
118.50,-39.50,13.87
118.75,-39.50,13.83
119.00,-39.50,13.81
119.25,-39.50,13.81
119.50,-39.50,13.82
119.75,-39.50,13.83
120.00,-39.50,13.84
120.25,-39.50,13.85
120.50,-39.50,13.85
120.75,-39.50,13.84
121.00,-39.50,13.82
121.25,-39.50,13.80
121.50,-39.50,13.74
121.75,-39.50,13.63
122.00,-39.50,13.51
122.25,-39.50,13.39
122.50,-39.50,13.26
122.75,-39.50,13.11
123.00,-39.50,12.98
123.25,-39.50,12.90
123.50,-39.50,12.86
123.75,-39.50,12.81
124.00,-39.50,12.75
124.25,-39.50,12.68
124.50,-39.50,12.61
124.75,-39.50,12.56
125.00,-39.50,12.54
125.25,-39.50,12.52
125.50,-39.50,12.50
125.75,-39.50,12.46
126.00,-39.50,12.41
126.25,-39.50,12.36
126.50,-39.50,12.29
126.75,-39.50,12.24
127.00,-39.50,12.20
127.25,-39.50,12.17
127.50,-39.50,12.15
127.75,-39.50,12.10
128.00,-39.50,12.04
128.25,-39.50,11.97
128.50,-39.50,11.90
128.75,-39.50,11.84
129.00,-39.50,11.81
129.25,-39.50,11.75
129.50,-39.50,11.73
129.75,-39.50,11.71
130.00,-39.50,11.68
130.25,-39.50,11.62
130.50,-39.50,11.55
130.75,-39.50,11.48
131.00,-39.50,11.43
131.25,-39.50,11.40
131.50,-39.50,11.41
131.75,-39.50,11.38
132.00,-39.50,11.37
132.25,-39.50,11.35
132.50,-39.50,11.36
132.75,-39.50,11.40
133.00,-39.50,11.46
133.25,-39.50,11.53
133.50,-39.50,11.62
133.75,-39.50,11.70
134.00,-39.50,11.78
134.25,-39.50,11.87
134.50,-39.50,11.96
134.75,-39.50,12.02
135.00,-39.50,12.05
135.25,-39.50,12.03
135.50,-39.50,12.01
135.75,-39.50,12.00
136.00,-39.50,12.02
136.25,-39.50,12.05
136.50,-39.50,12.07
136.75,-39.50,12.08
137.00,-39.50,12.05
137.25,-39.50,12.01
137.50,-39.50,11.97
137.75,-39.50,11.97
138.00,-39.50,12.14
138.25,-39.50,12.55
138.50,-39.50,12.91
138.75,-39.50,13.01
139.00,-39.50,13.02
139.25,-39.50,13.08
139.50,-39.50,13.25
139.75,-39.50,13.64
140.00,-39.50,14.22
140.25,-39.50,14.66
140.50,-39.50,15.03
140.75,-39.50,15.12
141.00,-39.50,15.59
141.25,-39.50,16.46
141.50,-39.50,17.75
141.75,-39.50,19.29
142.00,-39.50,20.83
142.25,-39.50,22.26
142.50,-39.50,23.66
142.75,-39.50,25.44
143.00,-39.50,27.57
143.25,-39.50,28.99
143.50,-39.50,29.56
143.75,-39.50,29.75
144.00,-39.50,29.81
144.25,-39.50,29.83
144.50,-39.50,29.85
144.75,-39.50,29.93
145.00,-39.50,30.06
145.25,-39.50,30.14
145.50,-39.50,30.19
145.75,-39.50,30.30
146.00,-39.50,30.41
146.25,-39.50,30.49
146.50,-39.50,30.53
146.75,-39.50,30.55
147.00,-39.50,30.53
147.25,-39.50,30.45
147.50,-39.50,30.31
147.75,-39.50,30.13
148.00,-39.50,29.91
148.25,-39.50,29.67
148.50,-39.50,29.30
148.75,-39.50,28.25
149.00,-39.50,23.63
149.25,-39.50,16.27
149.50,-39.50,13.72
149.75,-39.50,13.31
150.00,-39.50,13.26
150.25,-39.50,13.27
150.50,-39.50,13.27
150.75,-39.50,13.23
151.00,-39.50,13.13
151.25,-39.50,13.02
151.50,-39.50,12.92
151.75,-39.50,12.87
152.00,-39.50,12.94
152.25,-39.50,13.26
152.50,-39.50,14.16
152.75,-39.50,14.66
153.00,-39.50,15.39
153.25,-39.50,15.73
153.50,-39.50,15.67
153.75,-39.50,15.39
154.00,-39.50,15.02
154.25,-39.50,14.68
154.50,-39.50,14.43
154.75,-39.50,14.32
155.00,-39.50,14.28
155.25,-39.50,14.24
155.50,-39.50,14.19
155.75,-39.50,14.14
110.25,-39.25,14.51
110.50,-39.25,14.48
110.75,-39.25,14.43
111.00,-39.25,14.38
111.25,-39.25,14.35
111.50,-39.25,14.38
111.75,-39.25,14.47
112.00,-39.25,14.58
112.25,-39.25,14.66
112.50,-39.25,14.69
112.75,-39.25,14.65
113.00,-39.25,14.57
113.25,-39.25,14.49
113.50,-39.25,14.42
113.75,-39.25,14.37
114.00,-39.25,14.32
114.25,-39.25,14.24
114.50,-39.25,14.14
114.75,-39.25,14.05
115.00,-39.25,13.97
115.25,-39.25,13.91
115.50,-39.25,13.85
115.75,-39.25,13.79
116.00,-39.25,13.73
116.25,-39.25,13.70
116.50,-39.25,13.69
116.75,-39.25,13.69
117.00,-39.25,13.68
117.25,-39.25,13.66
117.50,-39.25,13.66
117.75,-39.25,13.69
118.00,-39.25,13.74
118.25,-39.25,13.77
118.50,-39.25,13.78
118.75,-39.25,13.77
119.00,-39.25,13.76
119.25,-39.25,13.76
119.50,-39.25,13.77
119.75,-39.25,13.78
120.00,-39.25,13.79
120.25,-39.25,13.81
120.50,-39.25,13.82
120.75,-39.25,13.83
121.00,-39.25,13.82
121.25,-39.25,13.80
121.50,-39.25,13.73
121.75,-39.25,13.62
122.00,-39.25,13.48
122.25,-39.25,13.34
122.50,-39.25,13.22
122.75,-39.25,13.12
123.00,-39.25,13.03
123.25,-39.25,12.96
123.50,-39.25,12.89
123.75,-39.25,12.81
124.00,-39.25,12.74
124.25,-39.25,12.67
124.50,-39.25,12.61
124.75,-39.25,12.58
125.00,-39.25,12.57
125.25,-39.25,12.57
125.50,-39.25,12.57
125.75,-39.25,12.56
126.00,-39.25,12.53
126.25,-39.25,12.46
126.50,-39.25,12.37
126.75,-39.25,12.28
127.00,-39.25,12.21
127.25,-39.25,12.15
127.50,-39.25,12.10
127.75,-39.25,12.04
128.00,-39.25,11.98
128.25,-39.25,11.93
128.50,-39.25,11.89
128.75,-39.25,11.86
129.00,-39.25,11.84
129.25,-39.25,11.80
129.50,-39.25,11.77
129.75,-39.25,11.75
130.00,-39.25,11.71
130.25,-39.25,11.67
130.50,-39.25,11.60
130.75,-39.25,11.53
131.00,-39.25,11.47
131.25,-39.25,11.42
131.50,-39.25,11.40
131.75,-39.25,11.37
132.00,-39.25,11.34
132.25,-39.25,11.31
132.50,-39.25,11.31
132.75,-39.25,11.33
133.00,-39.25,11.38
133.25,-39.25,11.46
133.50,-39.25,11.57
133.75,-39.25,11.70
134.00,-39.25,11.82
134.25,-39.25,11.93
134.50,-39.25,12.01
134.75,-39.25,12.08
135.00,-39.25,12.12
135.25,-39.25,12.14
135.50,-39.25,12.14
135.75,-39.25,12.14
136.00,-39.25,12.14
136.25,-39.25,12.15
136.50,-39.25,12.14
136.75,-39.25,12.11
137.00,-39.25,12.05
137.25,-39.25,11.96
137.50,-39.25,11.88
137.75,-39.25,11.87
138.00,-39.25,12.05
138.25,-39.25,12.47
138.50,-39.25,12.79
138.75,-39.25,12.82
139.00,-39.25,12.81
139.25,-39.25,12.86
139.50,-39.25,13.07
139.75,-39.25,13.55
140.00,-39.25,14.28
140.25,-39.25,14.89
140.50,-39.25,15.28
140.75,-39.25,15.81
141.00,-39.25,16.77
141.25,-39.25,18.38
141.50,-39.25,20.54
141.75,-39.25,22.83
142.00,-39.25,24.84
142.25,-39.25,26.36
142.50,-39.25,27.41
142.75,-39.25,28.20
143.00,-39.25,29.05
143.25,-39.25,29.84
143.50,-39.25,30.22
143.75,-39.25,30.31
144.00,-39.25,30.29
144.25,-39.25,30.25
144.50,-39.25,30.20
144.75,-39.25,30.15
145.00,-39.25,30.10
145.25,-39.25,30.05
145.50,-39.25,30.13
145.75,-39.25,30.34
146.00,-39.25,30.54
146.25,-39.25,30.67
146.50,-39.25,30.71
146.75,-39.25,30.67
147.00,-39.25,30.56
147.25,-39.25,30.42
147.50,-39.25,30.25
147.75,-39.25,30.02
148.00,-39.25,29.74
148.25,-39.25,29.39
148.50,-39.25,28.86
148.75,-39.25,27.52
149.00,-39.25,22.47
149.25,-39.25,15.86
149.50,-39.25,13.78
149.75,-39.25,13.42
150.00,-39.25,13.37
150.25,-39.25,13.36
150.50,-39.25,13.35
150.75,-39.25,13.29
151.00,-39.25,13.18
151.25,-39.25,13.05
151.50,-39.25,12.95
151.75,-39.25,12.87
152.00,-39.25,12.90
152.25,-39.25,13.17
152.50,-39.25,13.70
152.75,-39.25,14.43
153.00,-39.25,15.03
153.25,-39.25,15.20
153.50,-39.25,15.03
153.75,-39.25,14.74
154.00,-39.25,14.47
154.25,-39.25,14.29
154.50,-39.25,14.20
154.75,-39.25,14.18
155.00,-39.25,14.20
155.25,-39.25,14.19
155.50,-39.25,14.16
155.75,-39.25,14.12
110.25,-39.00,14.45
110.50,-39.00,14.46
110.75,-39.00,14.43
111.00,-39.00,14.37
111.25,-39.00,14.32
111.50,-39.00,14.33
111.75,-39.00,14.42
112.00,-39.00,14.56
112.25,-39.00,14.69
112.50,-39.00,14.76
112.75,-39.00,14.75
113.00,-39.00,14.66
113.25,-39.00,14.55
113.50,-39.00,14.51
113.75,-39.00,14.37
114.00,-39.00,14.32
114.25,-39.00,14.24
114.50,-39.00,14.14
114.75,-39.00,14.02
115.00,-39.00,13.90
115.25,-39.00,13.80
115.50,-39.00,13.72
115.75,-39.00,13.65
116.00,-39.00,13.61
116.25,-39.00,13.56
116.50,-39.00,13.54
116.75,-39.00,13.52
117.00,-39.00,13.48
117.25,-39.00,13.43
117.50,-39.00,13.41
117.75,-39.00,13.45
118.00,-39.00,13.53
118.25,-39.00,13.62
118.50,-39.00,13.67
118.75,-39.00,13.69
119.00,-39.00,13.70
119.25,-39.00,13.70
119.50,-39.00,13.71
119.75,-39.00,13.70
120.00,-39.00,13.71
120.25,-39.00,13.73
120.50,-39.00,13.74
120.75,-39.00,13.79
121.00,-39.00,13.81
121.25,-39.00,13.79
121.50,-39.00,13.73
121.75,-39.00,13.61
122.00,-39.00,13.46
122.25,-39.00,13.31
122.50,-39.00,13.19
122.75,-39.00,13.12
123.00,-39.00,12.99
123.25,-39.00,12.99
123.50,-39.00,12.90
123.75,-39.00,12.79
124.00,-39.00,12.69
124.25,-39.00,12.62
124.50,-39.00,12.59
124.75,-39.00,12.58
125.00,-39.00,12.58
125.25,-39.00,12.60
125.50,-39.00,12.63
125.75,-39.00,12.65
126.00,-39.00,12.55
126.25,-39.00,12.58
126.50,-39.00,12.47
126.75,-39.00,12.36
127.00,-39.00,12.29
127.25,-39.00,12.16
127.50,-39.00,12.08
127.75,-39.00,11.99
128.00,-39.00,11.91
128.25,-39.00,11.88
128.50,-39.00,11.87
128.75,-39.00,11.88
129.00,-39.00,11.87
129.25,-39.00,11.84
129.50,-39.00,11.80
129.75,-39.00,11.76
130.00,-39.00,11.72
130.25,-39.00,11.68
130.50,-39.00,11.63
130.75,-39.00,11.57
131.00,-39.00,11.51
131.25,-39.00,11.46
131.50,-39.00,11.43
131.75,-39.00,11.39
132.00,-39.00,11.35
132.25,-39.00,11.32
132.50,-39.00,11.30
132.75,-39.00,11.31
133.00,-39.00,11.36
133.25,-39.00,11.44
133.50,-39.00,11.56
133.75,-39.00,11.71
134.00,-39.00,11.86
134.25,-39.00,11.97
134.50,-39.00,12.05
134.75,-39.00,12.12
135.00,-39.00,12.17
135.25,-39.00,12.25
135.50,-39.00,12.28
135.75,-39.00,12.33
136.00,-39.00,12.34
136.25,-39.00,12.33
136.50,-39.00,12.29
136.75,-39.00,12.21
137.00,-39.00,12.12
137.25,-39.00,11.97
137.50,-39.00,11.86
137.75,-39.00,11.83
138.00,-39.00,12.34
138.25,-39.00,12.42
138.50,-39.00,12.88
138.75,-39.00,12.65
139.00,-39.00,12.62
139.25,-39.00,12.66
139.50,-39.00,12.92
139.75,-39.00,13.51
140.00,-39.00,14.40
140.25,-39.00,15.29
140.50,-39.00,16.10
140.75,-39.00,17.09
141.00,-39.00,18.81
141.25,-39.00,21.21
141.50,-39.00,24.49
141.75,-39.00,26.21
142.00,-39.00,27.93
142.25,-39.00,29.09
142.50,-39.00,29.83
142.75,-39.00,30.38
143.00,-39.00,30.97
143.25,-39.00,31.58
143.50,-39.00,31.91
143.75,-39.00,31.86
144.00,-39.00,31.53
144.25,-39.00,30.85
144.50,-39.00,30.34
144.75,-39.00,30.09
145.00,-39.00,30.03
145.25,-39.00,30.02
145.50,-39.00,30.09
145.75,-39.00,30.31
146.00,-39.00,30.65
146.25,-39.00,30.94
146.50,-39.00,31.09
146.75,-39.00,31.02
147.00,-39.00,30.73
147.25,-39.00,30.35
147.50,-39.00,29.98
147.75,-39.00,29.61
148.00,-39.00,29.22
148.25,-39.00,28.79
148.50,-39.00,28.30
148.75,-39.00,27.34
149.00,-39.00,23.79
149.25,-39.00,17.19
149.50,-39.00,14.18
149.75,-39.00,13.58
150.00,-39.00,13.46
150.25,-39.00,13.42
150.50,-39.00,13.38
150.75,-39.00,13.30
151.00,-39.00,13.19
151.25,-39.00,13.07
151.50,-39.00,12.96
151.75,-39.00,12.87
152.00,-39.00,12.88
152.25,-39.00,13.08
152.50,-39.00,13.44
152.75,-39.00,13.95
153.00,-39.00,14.36
153.25,-39.00,14.44
153.50,-39.00,14.27
153.75,-39.00,14.07
154.00,-39.00,13.95
154.25,-39.00,13.92
154.50,-39.00,14.01
154.75,-39.00,14.03
155.00,-39.00,14.09
155.25,-39.00,14.14
155.50,-39.00,14.15
155.75,-39.00,14.14
110.25,-38.75,14.36
110.50,-38.75,14.38
110.75,-38.75,14.38
111.00,-38.75,14.35
111.25,-38.75,14.31
111.50,-38.75,14.31
111.75,-38.75,14.38
112.00,-38.75,14.52
112.25,-38.75,14.68
112.50,-38.75,14.80
112.75,-38.75,14.82
113.00,-38.75,14.76
113.25,-38.75,14.64
113.50,-38.75,14.51
113.75,-38.75,14.41
114.00,-38.75,14.31
114.25,-38.75,14.22
114.50,-38.75,14.09
114.75,-38.75,13.95
115.00,-38.75,13.80
115.25,-38.75,13.67
115.50,-38.75,13.57
115.75,-38.75,13.49
116.00,-38.75,13.43
116.25,-38.75,13.39
116.50,-38.75,13.36
116.75,-38.75,13.34
117.00,-38.75,13.29
117.25,-38.75,13.24
117.50,-38.75,13.21
117.75,-38.75,13.25
118.00,-38.75,13.35
118.25,-38.75,13.47
118.50,-38.75,13.56
118.75,-38.75,13.61
119.00,-38.75,13.63
119.25,-38.75,13.64
119.50,-38.75,13.64
119.75,-38.75,13.60
120.00,-38.75,13.58
120.25,-38.75,13.59
120.50,-38.75,13.64
120.75,-38.75,13.72
121.00,-38.75,13.78
121.25,-38.75,13.77
121.50,-38.75,13.71
121.75,-38.75,13.62
122.00,-38.75,13.50
122.25,-38.75,13.34
122.50,-38.75,13.20
122.75,-38.75,13.11
123.00,-38.75,13.03
123.25,-38.75,12.94
123.50,-38.75,12.83
123.75,-38.75,12.72
124.00,-38.75,12.62
124.25,-38.75,12.57
124.50,-38.75,12.55
124.75,-38.75,12.55
125.00,-38.75,12.56
125.25,-38.75,12.59
125.50,-38.75,12.64
125.75,-38.75,12.68
126.00,-38.75,12.69
126.25,-38.75,12.65
126.50,-38.75,12.57
126.75,-38.75,12.46
127.00,-38.75,12.34
127.25,-38.75,12.21
127.50,-38.75,12.08
127.75,-38.75,11.96
128.00,-38.75,11.87
128.25,-38.75,11.83
128.50,-38.75,11.83
128.75,-38.75,11.85
129.00,-38.75,11.86
129.25,-38.75,11.84
129.50,-38.75,11.80
129.75,-38.75,11.75
130.00,-38.75,11.71
130.25,-38.75,11.68
130.50,-38.75,11.63
130.75,-38.75,11.58
131.00,-38.75,11.53
131.25,-38.75,11.50
131.50,-38.75,11.47
131.75,-38.75,11.44
132.00,-38.75,11.41
132.25,-38.75,11.39
132.50,-38.75,11.38
132.75,-38.75,11.39
133.00,-38.75,11.44
133.25,-38.75,11.51
133.50,-38.75,11.62
133.75,-38.75,11.75
134.00,-38.75,11.87
134.25,-38.75,11.95
134.50,-38.75,12.02
134.75,-38.75,12.10
135.00,-38.75,12.21
135.25,-38.75,12.34
135.50,-38.75,12.47
135.75,-38.75,12.55
136.00,-38.75,12.59
136.25,-38.75,12.58
136.50,-38.75,12.48
136.75,-38.75,12.28
137.00,-38.75,12.04
137.25,-38.75,11.88
137.50,-38.75,11.81
137.75,-38.75,11.85
138.00,-38.75,12.11
138.25,-38.75,12.60
138.50,-38.75,12.88
138.75,-38.75,12.76
139.00,-38.75,12.65
139.25,-38.75,12.71
139.50,-38.75,13.03
139.75,-38.75,13.80
140.00,-38.75,15.04
140.25,-38.75,16.42
140.50,-38.75,17.97
140.75,-38.75,19.98
141.00,-38.75,22.40
141.25,-38.75,24.87
141.50,-38.75,26.97
141.75,-38.75,28.47
142.00,-38.75,29.50
142.25,-38.75,30.25
142.50,-38.75,30.82
142.75,-38.75,31.37
143.00,-38.75,32.01
143.25,-38.75,32.72
143.50,-38.75,33.42
143.75,-38.75,33.99
144.00,-38.75,33.53
144.25,-38.75,31.77
144.50,-38.75,30.53
144.75,-38.75,30.16
145.00,-38.75,30.13
145.25,-38.75,30.19
145.50,-38.75,30.26
145.75,-38.75,30.49
146.00,-38.75,31.01
146.25,-38.75,31.59
146.50,-38.75,31.98
146.75,-38.75,31.99
147.00,-38.75,31.53
147.25,-38.75,30.75
147.50,-38.75,29.97
147.75,-38.75,29.35
148.00,-38.75,28.88
148.25,-38.75,28.56
148.50,-38.75,28.34
148.75,-38.75,28.02
149.00,-38.75,26.56
149.25,-38.75,21.34
149.50,-38.75,15.88
149.75,-38.75,14.08
150.00,-38.75,13.64
150.25,-38.75,13.49
150.50,-38.75,13.39
150.75,-38.75,13.29
151.00,-38.75,13.18
151.25,-38.75,13.06
151.50,-38.75,12.95
151.75,-38.75,12.86
152.00,-38.75,12.88
152.25,-38.75,13.01
152.50,-38.75,13.22
152.75,-38.75,13.52
153.00,-38.75,13.77
153.25,-38.75,13.84
153.50,-38.75,13.79
153.75,-38.75,13.73
154.00,-38.75,13.72
154.25,-38.75,13.77
154.50,-38.75,13.86
154.75,-38.75,13.96
155.00,-38.75,14.05
155.25,-38.75,14.14
155.50,-38.75,14.21
155.75,-38.75,14.23
110.25,-38.50,14.31
110.50,-38.50,14.28
110.75,-38.50,14.29
111.00,-38.50,14.28
111.25,-38.50,14.26
111.50,-38.50,14.27
111.75,-38.50,14.34
112.00,-38.50,14.46
112.25,-38.50,14.62
112.50,-38.50,14.76
112.75,-38.50,14.83
113.00,-38.50,14.81
113.25,-38.50,14.69
113.50,-38.50,14.54
113.75,-38.50,14.40
114.00,-38.50,14.27
114.25,-38.50,14.15
114.50,-38.50,14.00
114.75,-38.50,13.83
115.00,-38.50,13.66
115.25,-38.50,13.51
115.50,-38.50,13.38
115.75,-38.50,13.29
116.00,-38.50,13.22
116.25,-38.50,13.18
116.50,-38.50,13.14
116.75,-38.50,13.12
117.00,-38.50,13.08
117.25,-38.50,13.04
117.50,-38.50,13.03
117.75,-38.50,13.09
118.00,-38.50,13.21
118.25,-38.50,13.34
118.50,-38.50,13.44
118.75,-38.50,13.50
119.00,-38.50,13.53
119.25,-38.50,13.54
119.50,-38.50,13.53
119.75,-38.50,13.47
120.00,-38.50,13.42
120.25,-38.50,13.42
120.50,-38.50,13.49
120.75,-38.50,13.60
121.00,-38.50,13.68
121.25,-38.50,13.69
121.50,-38.50,13.65
121.75,-38.50,13.60
122.00,-38.50,13.52
122.25,-38.50,13.38
122.50,-38.50,13.22
122.75,-38.50,13.08
123.00,-38.50,12.96
123.25,-38.50,12.85
123.50,-38.50,12.73
123.75,-38.50,12.62
124.00,-38.50,12.54
124.25,-38.50,12.49
124.50,-38.50,12.47
124.75,-38.50,12.47
125.00,-38.50,12.50
125.25,-38.50,12.54
125.50,-38.50,12.60
125.75,-38.50,12.65
126.00,-38.50,12.69
126.25,-38.50,12.67
126.50,-38.50,12.60
126.75,-38.50,12.51
127.00,-38.50,12.39
127.25,-38.50,12.25
127.50,-38.50,12.09
127.75,-38.50,11.95
128.00,-38.50,11.84
128.25,-38.50,11.78
128.50,-38.50,11.77
128.75,-38.50,11.78
129.00,-38.50,11.79
129.25,-38.50,11.78
129.50,-38.50,11.75
129.75,-38.50,11.71
130.00,-38.50,11.67
130.25,-38.50,11.63
130.50,-38.50,11.60
130.75,-38.50,11.56
131.00,-38.50,11.53
131.25,-38.50,11.51
131.50,-38.50,11.49
131.75,-38.50,11.51
132.00,-38.50,11.50
132.25,-38.50,11.51
132.50,-38.50,11.53
132.75,-38.50,11.55
133.00,-38.50,11.59
133.25,-38.50,11.65
133.50,-38.50,11.72
133.75,-38.50,11.80
134.00,-38.50,11.86
134.25,-38.50,11.90
134.50,-38.50,11.95
134.75,-38.50,12.04
135.00,-38.50,12.20
135.25,-38.50,12.41
135.50,-38.50,12.62
135.75,-38.50,12.78
136.00,-38.50,12.84
136.25,-38.50,12.78
136.50,-38.50,12.48
136.75,-38.50,12.06
137.00,-38.50,11.78
137.25,-38.50,11.67
137.50,-38.50,11.64
137.75,-38.50,11.74
138.00,-38.50,12.12
138.25,-38.50,12.90
138.50,-38.50,13.46
138.75,-38.50,13.41
139.00,-38.50,13.22
139.25,-38.50,13.29
139.50,-38.50,13.79
139.75,-38.50,15.03
140.00,-38.50,17.21
140.25,-38.50,20.11
140.50,-38.50,23.25
140.75,-38.50,26.02
141.00,-38.50,27.86
141.25,-38.50,28.80
141.50,-38.50,29.37
141.75,-38.50,29.85
142.00,-38.50,30.39
142.25,-38.50,31.04
142.50,-38.50,31.64
142.75,-38.50,32.26
143.00,-38.50,32.85
143.25,-38.50,33.35
143.50,-38.50,34.14
143.75,-38.50,35.07
144.00,-38.50,34.83
144.25,-38.50,32.84
144.50,-38.50,31.09
144.75,-38.50,30.56
145.00,-38.50,30.54
145.25,-38.50,30.70
145.50,-38.50,30.91
145.75,-38.50,31.27
146.00,-38.50,31.98
146.25,-38.50,32.88
146.50,-38.50,33.48
146.75,-38.50,33.51
147.00,-38.50,32.96
147.25,-38.50,32.01
147.50,-38.50,30.96
147.75,-38.50,30.06
148.00,-38.50,29.51
148.25,-38.50,29.41
148.50,-38.50,29.64
148.75,-38.50,29.98
149.00,-38.50,29.97
149.25,-38.50,28.17
149.50,-38.50,22.41
149.75,-38.50,16.94
150.00,-38.50,14.72
150.25,-38.50,13.91
150.50,-38.50,13.53
150.75,-38.50,13.30
151.00,-38.50,13.14
151.25,-38.50,13.01
151.50,-38.50,12.89
151.75,-38.50,12.85
152.00,-38.50,12.90
152.25,-38.50,12.97
152.50,-38.50,13.08
152.75,-38.50,13.22
153.00,-38.50,13.36
153.25,-38.50,13.47
153.50,-38.50,13.54
153.75,-38.50,13.60
154.00,-38.50,13.68
154.25,-38.50,13.77
154.50,-38.50,13.87
154.75,-38.50,13.96
155.00,-38.50,14.06
155.25,-38.50,14.18
155.50,-38.50,14.28
155.75,-38.50,14.33
110.25,-38.25,14.39
110.50,-38.25,14.18
110.75,-38.25,14.12
111.00,-38.25,14.10
111.25,-38.25,14.11
111.50,-38.25,14.15
111.75,-38.25,14.24
112.00,-38.25,14.35
112.25,-38.25,14.48
112.50,-38.25,14.61
112.75,-38.25,14.70
113.00,-38.25,14.70
113.25,-38.25,14.59
113.50,-38.25,14.42
113.75,-38.25,14.26
114.00,-38.25,14.12
114.25,-38.25,13.99
114.50,-38.25,13.85
114.75,-38.25,13.67
115.00,-38.25,13.48
115.25,-38.25,13.28
115.50,-38.25,13.11
115.75,-38.25,12.99
116.00,-38.25,12.90
116.25,-38.25,12.85
116.50,-38.25,12.82
116.75,-38.25,12.80
117.00,-38.25,12.79
117.25,-38.25,12.79
117.50,-38.25,12.83
117.75,-38.25,12.95
118.00,-38.25,13.10
118.25,-38.25,13.21
118.50,-38.25,13.28
118.75,-38.25,13.31
119.00,-38.25,13.33
119.25,-38.25,13.33
119.50,-38.25,13.32
119.75,-38.25,13.27
120.00,-38.25,13.23
120.25,-38.25,13.24
120.50,-38.25,13.30
120.75,-38.25,13.39
121.00,-38.25,13.46
121.25,-38.25,13.48
121.50,-38.25,13.48
121.75,-38.25,13.49
122.00,-38.25,13.47
122.25,-38.25,13.36
122.50,-38.25,13.20
122.75,-38.25,13.03
123.00,-38.25,12.88
123.25,-38.25,12.75
123.50,-38.25,12.63
123.75,-38.25,12.53
124.00,-38.25,12.44
124.25,-38.25,12.37
124.50,-38.25,12.34
124.75,-38.25,12.34
125.00,-38.25,12.37
125.25,-38.25,12.42
125.50,-38.25,12.48
125.75,-38.25,12.56
126.00,-38.25,12.60
126.25,-38.25,12.58
126.50,-38.25,12.52
126.75,-38.25,12.44
127.00,-38.25,12.35
127.25,-38.25,12.22
127.50,-38.25,12.08
127.75,-38.25,11.93
128.00,-38.25,11.80
128.25,-38.25,11.72
128.50,-38.25,11.69
128.75,-38.25,11.68
129.00,-38.25,11.69
129.25,-38.25,11.68
129.50,-38.25,11.66
129.75,-38.25,11.63
130.00,-38.25,11.60
130.25,-38.25,11.56
130.50,-38.25,11.54
130.75,-38.25,11.51
131.00,-38.25,11.50
131.25,-38.25,11.52
131.50,-38.25,11.55
131.75,-38.25,11.60
132.00,-38.25,11.65
132.25,-38.25,11.73
132.50,-38.25,11.79
132.75,-38.25,11.82
133.00,-38.25,11.83
133.25,-38.25,11.83
133.50,-38.25,11.83
133.75,-38.25,11.84
134.00,-38.25,11.85
134.25,-38.25,11.86
134.50,-38.25,11.89
134.75,-38.25,11.98
135.00,-38.25,12.17
135.25,-38.25,12.46
135.50,-38.25,12.78
135.75,-38.25,13.00
136.00,-38.25,13.06
136.25,-38.25,12.84
136.50,-38.25,12.33
136.75,-38.25,11.96
137.00,-38.25,11.77
137.25,-38.25,11.67
137.50,-38.25,11.63
137.75,-38.25,11.68
138.00,-38.25,12.07
138.25,-38.25,13.16
138.50,-38.25,14.29
138.75,-38.25,14.76
139.00,-38.25,14.86
139.25,-38.25,15.21
139.50,-38.25,16.42
139.75,-38.25,19.18
140.00,-38.25,23.65
140.25,-38.25,28.28
140.50,-38.25,31.18
140.75,-38.25,32.86
141.00,-38.25,33.37
141.25,-38.25,32.58
141.50,-38.25,31.79
141.75,-38.25,31.66
142.00,-38.25,31.60
142.25,-38.25,31.77
142.50,-38.25,32.21
142.75,-38.25,32.76
143.00,-38.25,33.26
143.25,-38.25,33.66
143.50,-38.25,34.40
143.75,-38.25,35.47
144.00,-38.25,35.47
144.25,-38.25,33.96
144.50,-38.25,32.25
144.75,-38.25,31.54
145.00,-38.25,31.57
145.25,-38.25,31.94
145.50,-38.25,32.43
145.75,-38.25,33.00
146.00,-38.25,33.76
146.25,-38.25,34.57
146.50,-38.25,34.96
146.75,-38.25,34.74
147.00,-38.25,34.14
147.25,-38.25,33.38
147.50,-38.25,32.53
147.75,-38.25,31.74
148.00,-38.25,31.41
148.25,-38.25,31.82
148.50,-38.25,32.70
148.75,-38.25,33.59
149.00,-38.25,34.18
149.25,-38.25,34.22
149.50,-38.25,32.84
149.75,-38.25,28.55
150.00,-38.25,22.58
150.25,-38.25,18.03
150.50,-38.25,15.35
150.75,-38.25,13.90
151.00,-38.25,13.20
151.25,-38.25,12.90
151.50,-38.25,12.85
151.75,-38.25,12.91
152.00,-38.25,12.97
152.25,-38.25,13.01
152.50,-38.25,13.06
152.75,-38.25,13.14
153.00,-38.25,13.25
153.25,-38.25,13.39
153.50,-38.25,13.53
153.75,-38.25,13.65
154.00,-38.25,13.76
154.25,-38.25,13.86
154.50,-38.25,13.96
154.75,-38.25,14.05
155.00,-38.25,14.15
155.25,-38.25,14.24
155.50,-38.25,14.31
155.75,-38.25,14.32
110.25,-38.00,14.37
110.50,-38.00,14.04
110.75,-38.00,13.91
111.00,-38.00,13.87
111.25,-38.00,13.89
111.50,-38.00,13.95
111.75,-38.00,14.05
112.00,-38.00,14.16
112.25,-38.00,14.25
112.50,-38.00,14.34
112.75,-38.00,14.41
113.00,-38.00,14.42
113.25,-38.00,14.32
113.50,-38.00,14.12
113.75,-38.00,13.99
114.00,-38.00,13.86
114.25,-38.00,13.75
114.50,-38.00,13.63
114.75,-38.00,13.46
115.00,-38.00,13.24
115.25,-38.00,13.04
115.50,-38.00,12.84
115.75,-38.00,12.69
116.00,-38.00,12.57
116.25,-38.00,12.50
116.50,-38.00,12.46
116.75,-38.00,12.46
117.00,-38.00,12.48
117.25,-38.00,12.52
117.50,-38.00,12.62
117.75,-38.00,12.79
118.00,-38.00,12.96
118.25,-38.00,13.05
118.50,-38.00,13.07
118.75,-38.00,13.06
119.00,-38.00,13.03
119.25,-38.00,13.02
119.50,-38.00,13.01
119.75,-38.00,13.00
120.00,-38.00,12.99
120.25,-38.00,13.02
120.50,-38.00,13.07
120.75,-38.00,13.13
121.00,-38.00,13.17
121.25,-38.00,13.20
121.50,-38.00,13.24
121.75,-38.00,13.30
122.00,-38.00,13.33
122.25,-38.00,13.27
122.50,-38.00,13.13
122.75,-38.00,12.95
123.00,-38.00,12.77
123.25,-38.00,12.63
123.50,-38.00,12.53
123.75,-38.00,12.44
124.00,-38.00,12.35
124.25,-38.00,12.27
124.50,-38.00,12.31
124.75,-38.00,12.22
125.00,-38.00,12.25
125.25,-38.00,12.30
125.50,-38.00,12.36
125.75,-38.00,12.43
126.00,-38.00,12.34
126.25,-38.00,12.42
126.50,-38.00,12.36
126.75,-38.00,12.29
127.00,-38.00,12.18
127.25,-38.00,12.14
127.50,-38.00,12.02
127.75,-38.00,11.88
128.00,-38.00,11.75
128.25,-38.00,11.67
128.50,-38.00,11.63
128.75,-38.00,11.61
129.00,-38.00,11.62
129.25,-38.00,11.63
129.50,-38.00,11.65
129.75,-38.00,11.66
130.00,-38.00,11.63
130.25,-38.00,11.57
130.50,-38.00,11.57
130.75,-38.00,11.52
131.00,-38.00,11.53
131.25,-38.00,11.57
131.50,-38.00,11.68
131.75,-38.00,11.72
132.00,-38.00,11.84
132.25,-38.00,11.99
132.50,-38.00,12.12
132.75,-38.00,12.15
133.00,-38.00,12.08
133.25,-38.00,11.99
133.50,-38.00,11.91
133.75,-38.00,11.87
134.00,-38.00,11.85
134.25,-38.00,11.83
134.50,-38.00,11.85
134.75,-38.00,11.94
135.00,-38.00,12.21
135.25,-38.00,12.58
135.50,-38.00,12.94
135.75,-38.00,13.28
136.00,-38.00,13.33
136.25,-38.00,12.87
136.50,-38.00,12.29
136.75,-38.00,12.04
137.00,-38.00,11.92
137.25,-38.00,11.83
137.50,-38.00,11.77
137.75,-38.00,11.81
138.00,-38.00,12.24
138.25,-38.00,13.66
138.50,-38.00,15.48
138.75,-38.00,16.53
139.00,-38.00,17.66
139.25,-38.00,19.33
139.50,-38.00,22.33
139.75,-38.00,27.03
140.00,-38.00,31.96
140.25,-38.00,33.95
140.50,-38.00,34.19
140.75,-38.00,34.85
141.00,-38.00,35.41
141.25,-38.00,34.92
141.50,-38.00,34.12
141.75,-38.00,33.80
142.00,-38.00,33.13
142.25,-38.00,32.25
142.50,-38.00,32.16
142.75,-38.00,32.57
143.00,-38.00,33.17
143.25,-38.00,33.79
143.50,-38.00,34.63
143.75,-38.00,35.65
144.00,-38.00,35.95
144.25,-38.00,35.25
144.50,-38.00,34.08
144.75,-38.00,33.39
145.00,-38.00,33.48
145.25,-38.00,34.00
145.50,-38.00,34.57
145.75,-38.00,35.09
146.00,-38.00,35.59
146.25,-38.00,35.97
146.50,-38.00,36.02
146.75,-38.00,35.49
147.00,-38.00,34.96
147.25,-38.00,34.52
147.50,-38.00,34.14
147.75,-38.00,33.95
148.00,-38.00,34.26
148.25,-38.00,35.14
148.50,-38.00,36.23
148.75,-38.00,36.83
149.00,-38.00,37.29
149.25,-38.00,37.58
149.50,-38.00,37.98
149.75,-38.00,36.83
150.00,-38.00,34.22
150.25,-38.00,28.84
150.50,-38.00,21.88
150.75,-38.00,16.53
151.00,-38.00,14.87
151.25,-38.00,13.02
151.50,-38.00,12.90
151.75,-38.00,12.96
152.00,-38.00,13.01
152.25,-38.00,13.03
152.50,-38.00,13.05
152.75,-38.00,13.13
153.00,-38.00,13.25
153.25,-38.00,13.42
153.50,-38.00,13.58
153.75,-38.00,13.73
154.00,-38.00,13.86
154.25,-38.00,13.96
154.50,-38.00,14.06
154.75,-38.00,14.15
155.00,-38.00,14.23
155.25,-38.00,14.29
155.50,-38.00,14.31
155.75,-38.00,14.27
110.25,-37.75,14.00
110.50,-37.75,13.77
110.75,-37.75,13.67
111.00,-37.75,13.62
111.25,-37.75,13.60
111.50,-37.75,13.62
111.75,-37.75,13.71
112.00,-37.75,13.81
112.25,-37.75,13.87
112.50,-37.75,13.91
112.75,-37.75,13.91
113.00,-37.75,13.87
113.25,-37.75,13.79
113.50,-37.75,13.67
113.75,-37.75,13.55
114.00,-37.75,13.45
114.25,-37.75,13.37
114.50,-37.75,13.30
114.75,-37.75,13.19
115.00,-37.75,13.04
115.25,-37.75,12.85
115.50,-37.75,12.65
115.75,-37.75,12.48
116.00,-37.75,12.34
116.25,-37.75,12.22
116.50,-37.75,12.15
116.75,-37.75,12.15
117.00,-37.75,12.20
117.25,-37.75,12.28
117.50,-37.75,12.40
117.75,-37.75,12.56
118.00,-37.75,12.71
118.25,-37.75,12.79
118.50,-37.75,12.78
118.75,-37.75,12.71
119.00,-37.75,12.62
119.25,-37.75,12.58
119.50,-37.75,12.58
119.75,-37.75,12.62
120.00,-37.75,12.68
120.25,-37.75,12.74
120.50,-37.75,12.78
120.75,-37.75,12.82
121.00,-37.75,12.86
121.25,-37.75,12.89
121.50,-37.75,12.94
121.75,-37.75,13.01
122.00,-37.75,13.07
122.25,-37.75,13.07
122.50,-37.75,12.98
122.75,-37.75,12.82
123.00,-37.75,12.64
123.25,-37.75,12.51
123.50,-37.75,12.48
123.75,-37.75,12.47
124.00,-37.75,12.44
124.25,-37.75,12.34
124.50,-37.75,12.22
124.75,-37.75,12.17
125.00,-37.75,12.19
125.25,-37.75,12.22
125.50,-37.75,12.27
125.75,-37.75,12.31
126.00,-37.75,12.30
126.25,-37.75,12.25
126.50,-37.75,12.19
126.75,-37.75,12.15
127.00,-37.75,12.11
127.25,-37.75,12.04
127.50,-37.75,11.94
127.75,-37.75,11.82
128.00,-37.75,11.71
128.25,-37.75,11.64
128.50,-37.75,11.60
128.75,-37.75,11.60
129.00,-37.75,11.63
129.25,-37.75,11.72
129.50,-37.75,11.87
129.75,-37.75,11.99
130.00,-37.75,11.99
130.25,-37.75,11.84
130.50,-37.75,11.67
130.75,-37.75,11.62
131.00,-37.75,11.63
131.25,-37.75,11.69
131.50,-37.75,11.76
131.75,-37.75,11.88
132.00,-37.75,12.05
132.25,-37.75,12.28
132.50,-37.75,12.48
132.75,-37.75,12.51
133.00,-37.75,12.36
133.25,-37.75,12.15
133.50,-37.75,12.00
133.75,-37.75,11.92
134.00,-37.75,11.87
134.25,-37.75,11.80
134.50,-37.75,11.77
134.75,-37.75,11.86
135.00,-37.75,12.19
135.25,-37.75,12.75
135.50,-37.75,13.21
135.75,-37.75,13.48
136.00,-37.75,13.62
136.25,-37.75,13.08
136.50,-37.75,12.31
136.75,-37.75,12.06
137.00,-37.75,12.01
137.25,-37.75,11.99
137.50,-37.75,12.00
137.75,-37.75,12.14
138.00,-37.75,12.93
138.25,-37.75,14.97
138.50,-37.75,17.01
138.75,-37.75,18.81
139.00,-37.75,21.24
139.25,-37.75,24.47
139.50,-37.75,28.11
139.75,-37.75,32.05
140.00,-37.75,35.02
140.25,-37.75,35.63
140.50,-37.75,35.36
140.75,-37.75,35.65
141.00,-37.75,35.94
141.25,-37.75,35.70
141.50,-37.75,35.22
141.75,-37.75,34.77
142.00,-37.75,34.25
142.25,-37.75,34.05
142.50,-37.75,34.15
142.75,-37.75,33.97
143.00,-37.75,34.08
143.25,-37.75,34.64
143.50,-37.75,35.25
143.75,-37.75,35.87
144.00,-37.75,36.32
144.25,-37.75,36.39
144.50,-37.75,35.94
144.75,-37.75,35.40
145.00,-37.75,35.33
145.25,-37.75,35.58
145.50,-37.75,35.88
145.75,-37.75,36.16
146.00,-37.75,36.44
146.25,-37.75,36.67
146.50,-37.75,36.60
146.75,-37.75,36.22
147.00,-37.75,35.89
147.25,-37.75,35.84
147.50,-37.75,36.09
147.75,-37.75,36.63
148.00,-37.75,37.38
148.25,-37.75,38.05
148.50,-37.75,38.47
148.75,-37.75,38.72
149.00,-37.75,38.93
149.25,-37.75,39.19
149.50,-37.75,39.42
149.75,-37.75,39.33
150.00,-37.75,38.14
150.25,-37.75,34.42
150.50,-37.75,27.22
150.75,-37.75,19.56
151.00,-37.75,15.05
151.25,-37.75,13.32
151.50,-37.75,12.90
151.75,-37.75,12.89
152.00,-37.75,12.93
152.25,-37.75,12.94
152.50,-37.75,12.97
152.75,-37.75,13.06
153.00,-37.75,13.21
153.25,-37.75,13.39
153.50,-37.75,13.58
153.75,-37.75,13.75
154.00,-37.75,13.90
154.25,-37.75,14.02
154.50,-37.75,14.12
154.75,-37.75,14.19
155.00,-37.75,14.25
155.25,-37.75,14.29
155.50,-37.75,14.28
155.75,-37.75,14.22
110.25,-37.50,13.50
110.50,-37.50,13.43
110.75,-37.50,13.37
111.00,-37.50,13.31
111.25,-37.50,13.23
111.50,-37.50,13.20
111.75,-37.50,13.27
112.00,-37.50,13.38
112.25,-37.50,13.47
112.50,-37.50,13.48
112.75,-37.50,13.40
113.00,-37.50,13.30
113.25,-37.50,13.23
113.50,-37.50,13.16
113.75,-37.50,13.08
114.00,-37.50,13.02
114.25,-37.50,12.99
114.50,-37.50,12.96
114.75,-37.50,12.91
115.00,-37.50,12.81
115.25,-37.50,12.66
115.50,-37.50,12.49
115.75,-37.50,12.32
116.00,-37.50,12.17
116.25,-37.50,12.04
116.50,-37.50,11.95
116.75,-37.50,11.94
117.00,-37.50,12.00
117.25,-37.50,12.09
117.50,-37.50,12.20
117.75,-37.50,12.31
118.00,-37.50,12.42
118.25,-37.50,12.49
118.50,-37.50,12.48
118.75,-37.50,12.37
119.00,-37.50,12.23
119.25,-37.50,12.14
119.50,-37.50,12.15
119.75,-37.50,12.23
120.00,-37.50,12.33
120.25,-37.50,12.41
120.50,-37.50,12.46
120.75,-37.50,12.51
121.00,-37.50,12.56
121.25,-37.50,12.61
121.50,-37.50,12.66
121.75,-37.50,12.72
122.00,-37.50,12.78
122.25,-37.50,12.83
122.50,-37.50,12.81
122.75,-37.50,12.67
123.00,-37.50,12.51
123.25,-37.50,12.49
123.50,-37.50,12.56
123.75,-37.50,12.61
124.00,-37.50,12.62
124.25,-37.50,12.55
124.50,-37.50,12.36
124.75,-37.50,12.17
125.00,-37.50,12.12
125.25,-37.50,12.15
125.50,-37.50,12.18
125.75,-37.50,12.20
126.00,-37.50,12.19
126.25,-37.50,12.15
126.50,-37.50,12.11
126.75,-37.50,12.08
127.00,-37.50,12.06
127.25,-37.50,12.01
127.50,-37.50,11.94
127.75,-37.50,11.84
128.00,-37.50,11.74
128.25,-37.50,11.66
128.50,-37.50,11.62
128.75,-37.50,11.62
129.00,-37.50,11.71
129.25,-37.50,11.96
129.50,-37.50,12.28
129.75,-37.50,12.48
130.00,-37.50,12.49
130.25,-37.50,12.27
130.50,-37.50,11.92
130.75,-37.50,11.73
131.00,-37.50,11.72
131.25,-37.50,11.78
131.50,-37.50,11.88
131.75,-37.50,12.03
132.00,-37.50,12.26
132.25,-37.50,12.56
132.50,-37.50,12.84
132.75,-37.50,12.91
133.00,-37.50,12.70
133.25,-37.50,12.36
133.50,-37.50,12.12
133.75,-37.50,12.01
134.00,-37.50,11.93
134.25,-37.50,11.81
134.50,-37.50,11.75
134.75,-37.50,11.85
135.00,-37.50,12.27
135.25,-37.50,12.95
135.50,-37.50,13.41
135.75,-37.50,13.66
136.00,-37.50,13.94
136.25,-37.50,13.79
136.50,-37.50,12.71
136.75,-37.50,12.13
137.00,-37.50,12.03
137.25,-37.50,12.09
137.50,-37.50,12.30
137.75,-37.50,12.93
138.00,-37.50,14.75
138.25,-37.50,17.34
138.50,-37.50,19.40
138.75,-37.50,21.78
139.00,-37.50,25.00
139.25,-37.50,28.01
139.50,-37.50,30.34
139.75,-37.50,32.69
140.00,-37.50,35.04
140.25,-37.50,36.26
140.50,-37.50,36.68
140.75,-37.50,36.77
141.00,-37.50,36.66
141.25,-37.50,36.52
141.50,-37.50,36.22
141.75,-37.50,35.86
142.00,-37.50,35.69
142.25,-37.50,36.23
142.50,-37.50,36.82
142.75,-37.50,36.63
143.00,-37.50,36.08
143.25,-37.50,36.03
143.50,-37.50,36.35
143.75,-37.50,36.71
144.00,-37.50,37.07
144.25,-37.50,37.29
144.50,-37.50,37.10
144.75,-37.50,36.57
145.00,-37.50,36.22
145.25,-37.50,36.20
145.50,-37.50,36.30
145.75,-37.50,36.47
146.00,-37.50,36.69
146.25,-37.50,36.97
146.50,-37.50,37.15
146.75,-37.50,37.16
147.00,-37.50,37.30
147.25,-37.50,37.83
147.50,-37.50,38.70
147.75,-37.50,39.68
148.00,-37.50,40.40
148.25,-37.50,40.67
148.50,-37.50,40.59
148.75,-37.50,40.57
149.00,-37.50,40.81
149.25,-37.50,41.26
149.50,-37.50,41.65
149.75,-37.50,41.86
150.00,-37.50,41.30
150.25,-37.50,38.34
150.50,-37.50,30.78
150.75,-37.50,21.83
151.00,-37.50,16.07
151.25,-37.50,13.60
151.50,-37.50,12.86
151.75,-37.50,12.75
152.00,-37.50,12.79
152.25,-37.50,12.82
152.50,-37.50,12.86
152.75,-37.50,12.97
153.00,-37.50,13.13
153.25,-37.50,13.33
153.50,-37.50,13.54
153.75,-37.50,13.73
154.00,-37.50,13.90
154.25,-37.50,14.03
154.50,-37.50,14.13
154.75,-37.50,14.19
155.00,-37.50,14.23
155.25,-37.50,14.27
155.50,-37.50,14.27
155.75,-37.50,14.21
110.25,-37.25,13.06
110.50,-37.25,13.01
110.75,-37.25,12.96
111.00,-37.25,12.87
111.25,-37.25,12.76
111.50,-37.25,12.71
111.75,-37.25,12.80
112.00,-37.25,12.98
112.25,-37.25,13.14
112.50,-37.25,13.20
112.75,-37.25,13.13
113.00,-37.25,12.99
113.25,-37.25,12.86
113.50,-37.25,12.77
113.75,-37.25,12.71
114.00,-37.25,12.69
114.25,-37.25,12.70
114.50,-37.25,12.71
114.75,-37.25,12.68
115.00,-37.25,12.59
115.25,-37.25,12.46
115.50,-37.25,12.34
115.75,-37.25,12.26
116.00,-37.25,12.20
116.25,-37.25,12.12
116.50,-37.25,12.00
116.75,-37.25,11.92
117.00,-37.25,11.91
117.25,-37.25,11.96
117.50,-37.25,12.02
117.75,-37.25,12.10
118.00,-37.25,12.20
118.25,-37.25,12.31
118.50,-37.25,12.35
118.75,-37.25,12.23
119.00,-37.25,12.04
119.25,-37.25,11.90
119.50,-37.25,11.85
119.75,-37.25,11.90
120.00,-37.25,11.98
120.25,-37.25,12.06
120.50,-37.25,12.16
120.75,-37.25,12.26
121.00,-37.25,12.37
121.25,-37.25,12.45
121.50,-37.25,12.51
121.75,-37.25,12.56
122.00,-37.25,12.62
122.25,-37.25,12.68
122.50,-37.25,12.67
122.75,-37.25,12.52
123.00,-37.25,12.40
123.25,-37.25,12.46
123.50,-37.25,12.56
123.75,-37.25,12.63
124.00,-37.25,12.65
124.25,-37.25,12.62
124.50,-37.25,12.46
124.75,-37.25,12.14
125.00,-37.25,12.00
125.25,-37.25,12.04
125.50,-37.25,12.09
125.75,-37.25,12.12
126.00,-37.25,12.12
126.25,-37.25,12.10
126.50,-37.25,12.09
126.75,-37.25,12.08
127.00,-37.25,12.07
127.25,-37.25,12.06
127.50,-37.25,12.06
127.75,-37.25,12.07
128.00,-37.25,12.01
128.25,-37.25,11.85
128.50,-37.25,11.72
128.75,-37.25,11.70
129.00,-37.25,11.88
129.25,-37.25,12.24
129.50,-37.25,12.58
129.75,-37.25,12.76
130.00,-37.25,12.76
130.25,-37.25,12.53
130.50,-37.25,12.09
130.75,-37.25,11.80
131.00,-37.25,11.78
131.25,-37.25,11.86
131.50,-37.25,11.98
131.75,-37.25,12.19
132.00,-37.25,12.49
132.25,-37.25,12.87
132.50,-37.25,13.23
132.75,-37.25,13.35
133.00,-37.25,13.09
133.25,-37.25,12.60
133.50,-37.25,12.25
133.75,-37.25,12.11
134.00,-37.25,12.04
134.25,-37.25,11.96
134.50,-37.25,11.90
134.75,-37.25,12.02
135.00,-37.25,12.51
135.25,-37.25,13.27
135.50,-37.25,13.74
135.75,-37.25,14.06
136.00,-37.25,14.57
136.25,-37.25,15.05
136.50,-37.25,14.40
136.75,-37.25,13.14
137.00,-37.25,12.61
137.25,-37.25,12.71
137.50,-37.25,13.46
137.75,-37.25,15.41
138.00,-37.25,18.36
138.25,-37.25,20.64
138.50,-37.25,22.48
138.75,-37.25,24.91
139.00,-37.25,27.68
139.25,-37.25,29.68
139.50,-37.25,31.10
139.75,-37.25,32.69
140.00,-37.25,34.82
140.25,-37.25,37.03
140.50,-37.25,38.44
140.75,-37.25,38.10
141.00,-37.25,37.44
141.25,-37.25,37.02
141.50,-37.25,36.49
141.75,-37.25,36.10
142.00,-37.25,35.94
142.25,-37.25,36.33
142.50,-37.25,37.18
142.75,-37.25,37.55
143.00,-37.25,37.51
143.25,-37.25,37.41
143.50,-37.25,37.50
143.75,-37.25,37.68
144.00,-37.25,37.89
144.25,-37.25,38.01
144.50,-37.25,37.82
144.75,-37.25,37.19
145.00,-37.25,36.61
145.25,-37.25,36.42
145.50,-37.25,36.46
145.75,-37.25,36.59
146.00,-37.25,36.83
146.25,-37.25,37.19
146.50,-37.25,37.69
146.75,-37.25,38.39
147.00,-37.25,39.40
147.25,-37.25,40.60
147.50,-37.25,41.83
147.75,-37.25,42.91
148.00,-37.25,43.63
148.25,-37.25,44.05
148.50,-37.25,43.96
148.75,-37.25,43.95
149.00,-37.25,44.52
149.25,-37.25,45.08
149.50,-37.25,44.77
149.75,-37.25,44.08
150.00,-37.25,43.45
150.25,-37.25,41.52
150.50,-37.25,33.75
150.75,-37.25,23.02
151.00,-37.25,16.61
151.25,-37.25,13.72
151.50,-37.25,12.78
151.75,-37.25,12.62
152.00,-37.25,12.67
152.25,-37.25,12.71
152.50,-37.25,12.75
152.75,-37.25,12.86
153.00,-37.25,13.03
153.25,-37.25,13.24
153.50,-37.25,13.46
153.75,-37.25,13.67
154.00,-37.25,13.85
154.25,-37.25,13.99
154.50,-37.25,14.08
154.75,-37.25,14.14
155.00,-37.25,14.20
155.25,-37.25,14.28
155.50,-37.25,14.33
155.75,-37.25,14.32
110.25,-37.00,12.68
110.50,-37.00,12.61
110.75,-37.00,12.55
111.00,-37.00,12.46
111.25,-37.00,12.35
111.50,-37.00,12.32
111.75,-37.00,12.43
112.00,-37.00,12.66
112.25,-37.00,12.88
112.50,-37.00,13.00
112.75,-37.00,12.94
113.00,-37.00,12.78
113.25,-37.00,12.61
113.50,-37.00,12.48
113.75,-37.00,12.43
114.00,-37.00,12.43
114.25,-37.00,12.45
114.50,-37.00,12.45
114.75,-37.00,12.41
115.00,-37.00,12.32
115.25,-37.00,12.26
115.50,-37.00,12.29
115.75,-37.00,12.40
116.00,-37.00,12.49
116.25,-37.00,12.44
116.50,-37.00,12.28
116.75,-37.00,12.06
117.00,-37.00,11.90
117.25,-37.00,11.86
117.50,-37.00,11.89
117.75,-37.00,12.01
118.00,-37.00,12.55
118.25,-37.00,12.71
118.50,-37.00,12.87
118.75,-37.00,12.72
119.00,-37.00,12.33
119.25,-37.00,11.92
119.50,-37.00,11.72
119.75,-37.00,11.68
120.00,-37.00,11.71
120.25,-37.00,11.79
120.50,-37.00,11.93
120.75,-37.00,12.12
121.00,-37.00,12.31
121.25,-37.00,12.46
121.50,-37.00,12.70
121.75,-37.00,12.61
122.00,-37.00,12.67
122.25,-37.00,12.71
122.50,-37.00,12.69
122.75,-37.00,12.49
123.00,-37.00,12.31
123.25,-37.00,12.35
123.50,-37.00,12.47
123.75,-37.00,12.56
124.00,-37.00,12.61
124.25,-37.00,12.59
124.50,-37.00,12.54
124.75,-37.00,12.04
125.00,-37.00,11.85
125.25,-37.00,11.93
125.50,-37.00,12.01
125.75,-37.00,12.06
126.00,-37.00,12.09
126.25,-37.00,12.09
126.50,-37.00,12.09
126.75,-37.00,12.10
127.00,-37.00,12.10
127.25,-37.00,12.15
127.50,-37.00,12.34
127.75,-37.00,12.56
128.00,-37.00,12.55
128.25,-37.00,12.31
128.50,-37.00,11.98
128.75,-37.00,11.86
129.00,-37.00,12.07
129.25,-37.00,12.42
129.50,-37.00,12.69
129.75,-37.00,12.82
130.00,-37.00,12.81
130.25,-37.00,12.53
130.50,-37.00,12.08
130.75,-37.00,11.82
131.00,-37.00,11.83
131.25,-37.00,11.93
131.50,-37.00,12.13
131.75,-37.00,12.39
132.00,-37.00,12.77
132.25,-37.00,13.23
132.50,-37.00,13.65
132.75,-37.00,13.84
133.00,-37.00,13.58
133.25,-37.00,12.94
133.50,-37.00,12.46
133.75,-37.00,12.29
134.00,-37.00,12.30
134.25,-37.00,12.37
134.50,-37.00,12.42
134.75,-37.00,12.59
135.00,-37.00,13.11
135.25,-37.00,13.84
135.50,-37.00,14.40
135.75,-37.00,14.91
136.00,-37.00,15.63
136.25,-37.00,16.24
136.50,-37.00,16.36
136.75,-37.00,15.88
137.00,-37.00,15.17
137.25,-37.00,15.74
137.50,-37.00,17.41
137.75,-37.00,20.00
138.00,-37.00,21.85
138.25,-37.00,23.94
138.50,-37.00,25.48
138.75,-37.00,27.41
139.00,-37.00,29.84
139.25,-37.00,30.83
139.50,-37.00,32.17
139.75,-37.00,34.04
140.00,-37.00,36.65
140.25,-37.00,39.47
140.50,-37.00,40.58
140.75,-37.00,39.18
141.00,-37.00,37.37
141.25,-37.00,36.12
141.50,-37.00,35.24
141.75,-37.00,34.85
142.00,-37.00,34.49
142.25,-37.00,35.33
142.50,-37.00,36.87
142.75,-37.00,37.98
143.00,-37.00,38.53
143.25,-37.00,38.90
143.50,-37.00,38.81
143.75,-37.00,38.64
144.00,-37.00,38.28
144.25,-37.00,38.75
144.50,-37.00,38.57
144.75,-37.00,37.81
145.00,-37.00,37.10
145.25,-37.00,36.77
145.50,-37.00,36.76
145.75,-37.00,36.68
146.00,-37.00,36.58
146.25,-37.00,36.78
146.50,-37.00,37.56
146.75,-37.00,39.26
147.00,-37.00,41.51
147.25,-37.00,43.22
147.50,-37.00,44.44
147.75,-37.00,45.31
148.00,-37.00,45.81
148.25,-37.00,46.11
148.50,-37.00,46.03
148.75,-37.00,45.69
149.00,-37.00,45.60
149.25,-37.00,45.67
149.50,-37.00,45.10
149.75,-37.00,44.14
150.00,-37.00,43.61
150.25,-37.00,41.20
150.50,-37.00,33.54
150.75,-37.00,23.41
151.00,-37.00,16.88
151.25,-37.00,13.77
151.50,-37.00,12.68
151.75,-37.00,12.48
152.00,-37.00,12.46
152.25,-37.00,12.61
152.50,-37.00,12.66
152.75,-37.00,12.76
153.00,-37.00,12.93
153.25,-37.00,13.13
153.50,-37.00,13.35
153.75,-37.00,13.57
154.00,-37.00,13.76
154.25,-37.00,13.90
154.50,-37.00,14.00
154.75,-37.00,14.06
155.00,-37.00,14.14
155.25,-37.00,14.27
155.50,-37.00,14.39
155.75,-37.00,14.46
110.25,-36.75,12.37
110.50,-36.75,12.32
110.75,-36.75,12.28
111.00,-36.75,12.23
111.25,-36.75,12.20
111.50,-36.75,12.22
111.75,-36.75,12.34
112.00,-36.75,12.53
112.25,-36.75,12.70
112.50,-36.75,12.79
112.75,-36.75,12.74
113.00,-36.75,12.60
113.25,-36.75,12.43
113.50,-36.75,12.31
113.75,-36.75,12.27
114.00,-36.75,12.27
114.25,-36.75,12.24
114.50,-36.75,12.18
114.75,-36.75,12.08
115.00,-36.75,12.02
115.25,-36.75,12.10
115.50,-36.75,12.33
115.75,-36.75,12.56
116.00,-36.75,12.66
116.25,-36.75,12.64
116.50,-36.75,12.50
116.75,-36.75,12.22
117.00,-36.75,11.93
117.25,-36.75,11.81
117.50,-36.75,11.84
117.75,-36.75,12.17
118.00,-36.75,12.84
118.25,-36.75,13.31
118.50,-36.75,13.44
118.75,-36.75,13.32
119.00,-36.75,12.90
119.25,-36.75,12.26
119.50,-36.75,11.85
119.75,-36.75,11.73
120.00,-36.75,11.70
120.25,-36.75,11.74
120.50,-36.75,11.88
120.75,-36.75,12.12
121.00,-36.75,12.38
121.25,-36.75,12.57
121.50,-36.75,12.69
121.75,-36.75,12.77
122.00,-36.75,12.82
122.25,-36.75,12.86
122.50,-36.75,12.83
122.75,-36.75,12.63
123.00,-36.75,12.33
123.25,-36.75,12.25
123.50,-36.75,12.32
123.75,-36.75,12.43
124.00,-36.75,12.50
124.25,-36.75,12.47
124.50,-36.75,12.23
124.75,-36.75,11.79
125.00,-36.75,11.71
125.25,-36.75,11.85
125.50,-36.75,11.97
125.75,-36.75,12.05
126.00,-36.75,12.09
126.25,-36.75,12.12
126.50,-36.75,12.14
126.75,-36.75,12.16
127.00,-36.75,12.18
127.25,-36.75,12.28
127.50,-36.75,12.62
127.75,-36.75,12.97
128.00,-36.75,13.03
128.25,-36.75,12.75
128.50,-36.75,12.28
128.75,-36.75,12.04
129.00,-36.75,12.19
129.25,-36.75,12.44
129.50,-36.75,12.64
129.75,-36.75,12.73
130.00,-36.75,12.66
130.25,-36.75,12.36
130.50,-36.75,11.96
130.75,-36.75,11.81
131.00,-36.75,11.87
131.25,-36.75,12.03
131.50,-36.75,12.27
131.75,-36.75,12.63
132.00,-36.75,13.10
132.25,-36.75,13.62
132.50,-36.75,14.08
132.75,-36.75,14.32
133.00,-36.75,14.15
133.25,-36.75,13.54
133.50,-36.75,12.96
133.75,-36.75,12.79
134.00,-36.75,13.00
134.25,-36.75,13.41
134.50,-36.75,13.74
134.75,-36.75,13.92
135.00,-36.75,14.24
135.25,-36.75,14.79
135.50,-36.75,15.37
135.75,-36.75,15.98
136.00,-36.75,16.52
136.25,-36.75,16.85
136.50,-36.75,17.09
136.75,-36.75,17.45
137.00,-36.75,18.25
137.25,-36.75,19.71
137.50,-36.75,21.76
137.75,-36.75,23.86
138.00,-36.75,25.55
138.25,-36.75,26.89
138.50,-36.75,28.20
138.75,-36.75,29.72
139.00,-36.75,31.28
139.25,-36.75,32.73
139.50,-36.75,34.56
139.75,-36.75,37.12
140.00,-36.75,40.14
140.25,-36.75,42.45
140.50,-36.75,42.58
140.75,-36.75,40.62
141.00,-36.75,37.88
141.25,-36.75,36.00
141.50,-36.75,35.05
141.75,-36.75,34.67
142.00,-36.75,34.60
142.25,-36.75,35.26
142.50,-36.75,36.82
142.75,-36.75,38.10
143.00,-36.75,39.07
143.25,-36.75,39.75
143.50,-36.75,39.64
143.75,-36.75,39.30
144.00,-36.75,39.47
144.25,-36.75,39.85
144.50,-36.75,39.60
144.75,-36.75,38.38
145.00,-36.75,37.38
145.25,-36.75,37.29
145.50,-36.75,37.44
145.75,-36.75,36.76
146.00,-36.75,35.65
146.25,-36.75,35.63
146.50,-36.75,36.63
146.75,-36.75,38.74
147.00,-36.75,41.44
147.25,-36.75,43.67
147.50,-36.75,44.84
147.75,-36.75,45.35
148.00,-36.75,46.09
148.25,-36.75,47.07
148.50,-36.75,47.41
148.75,-36.75,46.99
149.00,-36.75,46.10
149.25,-36.75,45.18
149.50,-36.75,44.35
149.75,-36.75,43.55
150.00,-36.75,42.47
150.25,-36.75,39.63
150.50,-36.75,32.81
150.75,-36.75,23.85
151.00,-36.75,17.24
151.25,-36.75,13.90
151.50,-36.75,12.62
151.75,-36.75,12.35
152.00,-36.75,12.44
152.25,-36.75,12.53
152.50,-36.75,12.59
152.75,-36.75,12.69
153.00,-36.75,12.84
153.25,-36.75,13.03
153.50,-36.75,13.24
153.75,-36.75,13.44
154.00,-36.75,13.62
154.25,-36.75,13.76
154.50,-36.75,13.87
154.75,-36.75,13.94
155.00,-36.75,14.03
155.25,-36.75,14.17
155.50,-36.75,14.35
155.75,-36.75,14.55
110.25,-36.50,12.11
110.50,-36.50,12.13
110.75,-36.50,12.16
111.00,-36.50,12.19
111.25,-36.50,12.24
111.50,-36.50,12.31
111.75,-36.50,12.42
112.00,-36.50,12.52
112.25,-36.50,12.60
112.50,-36.50,12.62
112.75,-36.50,12.55
113.00,-36.50,12.44
113.25,-36.50,12.34
113.50,-36.50,12.32
113.75,-36.50,12.36
114.00,-36.50,12.37
114.25,-36.50,12.28
114.50,-36.50,12.12
114.75,-36.50,11.95
115.00,-36.50,11.87
115.25,-36.50,11.99
115.50,-36.50,12.27
115.75,-36.50,12.50
116.00,-36.50,12.61
116.25,-36.50,12.60
116.50,-36.50,12.48
116.75,-36.50,12.23
117.00,-36.50,11.95
117.25,-36.50,11.82
117.50,-36.50,11.89
117.75,-36.50,12.37
118.00,-36.50,13.14
118.25,-36.50,13.53
118.50,-36.50,13.62
118.75,-36.50,13.52
119.00,-36.50,13.17
119.25,-36.50,12.60
119.50,-36.50,12.23
119.75,-36.50,12.09
120.00,-36.50,12.00
120.25,-36.50,11.96
120.50,-36.50,12.03
120.75,-36.50,12.22
121.00,-36.50,12.47
121.25,-36.50,12.68
121.50,-36.50,12.82
121.75,-36.50,12.91
122.00,-36.50,12.96
122.25,-36.50,13.00
122.50,-36.50,12.99
122.75,-36.50,12.87
123.00,-36.50,12.58
123.25,-36.50,12.31
123.50,-36.50,12.23
123.75,-36.50,12.27
124.00,-36.50,12.29
124.25,-36.50,12.18
124.50,-36.50,11.82
124.75,-36.50,11.56
125.00,-36.50,11.65
125.25,-36.50,11.85
125.50,-36.50,12.02
125.75,-36.50,12.13
126.00,-36.50,12.21
126.25,-36.50,12.27
126.50,-36.50,12.32
126.75,-36.50,12.35
127.00,-36.50,12.40
127.25,-36.50,12.50
127.50,-36.50,12.79
127.75,-36.50,13.11
128.00,-36.50,13.16
128.25,-36.50,12.90
128.50,-36.50,12.40
128.75,-36.50,12.11
129.00,-36.50,12.17
129.25,-36.50,12.33
129.50,-36.50,12.48
129.75,-36.50,12.56
130.00,-36.50,12.50
130.25,-36.50,12.23
130.50,-36.50,11.94
130.75,-36.50,11.86
131.00,-36.50,11.95
131.25,-36.50,12.16
131.50,-36.50,12.53
131.75,-36.50,12.93
132.00,-36.50,13.46
132.25,-36.50,14.02
132.50,-36.50,14.48
132.75,-36.50,14.72
133.00,-36.50,14.67
133.25,-36.50,14.29
133.50,-36.50,13.83
133.75,-36.50,13.80
134.00,-36.50,14.30
134.25,-36.50,14.97
134.50,-36.50,15.34
134.75,-36.50,15.36
135.00,-36.50,15.37
135.25,-36.50,15.68
135.50,-36.50,16.21
135.75,-36.50,16.69
136.00,-36.50,17.00
136.25,-36.50,17.22
136.50,-36.50,17.56
136.75,-36.50,18.32
137.00,-36.50,19.95
137.25,-36.50,22.45
137.50,-36.50,25.17
137.75,-36.50,27.36
138.00,-36.50,28.86
138.25,-36.50,29.98
138.50,-36.50,31.07
138.75,-36.50,32.43
139.00,-36.50,34.17
139.25,-36.50,36.11
139.50,-36.50,38.25
139.75,-36.50,40.67
140.00,-36.50,42.97
140.25,-36.50,44.49
140.50,-36.50,44.66
140.75,-36.50,43.17
141.00,-36.50,40.33
141.25,-36.50,37.78
141.50,-36.50,36.38
141.75,-36.50,35.78
142.00,-36.50,35.64
142.25,-36.50,35.93
142.50,-36.50,36.59
142.75,-36.50,37.35
143.00,-36.50,38.36
143.25,-36.50,39.27
143.50,-36.50,39.49
143.75,-36.50,39.65
144.00,-36.50,40.23
144.25,-36.50,40.68
144.50,-36.50,40.41
144.75,-36.50,39.28
145.00,-36.50,38.00
145.25,-36.50,37.55
145.50,-36.50,37.66
145.75,-36.50,37.24
146.00,-36.50,36.04
146.25,-36.50,35.96
146.50,-36.50,37.19
146.75,-36.50,39.40
147.00,-36.50,41.76
147.25,-36.50,43.63
147.50,-36.50,44.33
147.75,-36.50,44.45
148.00,-36.50,45.53
148.25,-36.50,47.74
148.50,-36.50,48.96
148.75,-36.50,49.00
149.00,-36.50,48.31
149.25,-36.50,47.17
149.50,-36.50,45.91
149.75,-36.50,44.68
150.00,-36.50,43.11
150.25,-36.50,39.90
150.50,-36.50,33.44
150.75,-36.50,25.13
151.00,-36.50,18.56
151.25,-36.50,14.70
151.50,-36.50,12.88
151.75,-36.50,12.33
152.00,-36.50,12.36
152.25,-36.50,12.46
152.50,-36.50,12.53
152.75,-36.50,12.62
153.00,-36.50,12.75
153.25,-36.50,12.93
153.50,-36.50,13.12
153.75,-36.50,13.30
154.00,-36.50,13.47
154.25,-36.50,13.62
154.50,-36.50,13.74
154.75,-36.50,13.83
155.00,-36.50,13.92
155.25,-36.50,14.05
155.50,-36.50,14.26
155.75,-36.50,14.53
110.25,-36.25,11.99
110.50,-36.25,12.07
110.75,-36.25,12.21
111.00,-36.25,12.37
111.25,-36.25,12.48
111.50,-36.25,12.57
111.75,-36.25,12.63
112.00,-36.25,12.66
112.25,-36.25,12.64
112.50,-36.25,12.57
112.75,-36.25,12.48
113.00,-36.25,12.43
113.25,-36.25,12.62
113.50,-36.25,13.05
113.75,-36.25,13.44
114.00,-36.25,13.47
114.25,-36.25,13.12
114.50,-36.25,12.62
114.75,-36.25,12.21
115.00,-36.25,11.95
115.25,-36.25,11.87
115.50,-36.25,11.95
115.75,-36.25,12.06
116.00,-36.25,12.13
116.25,-36.25,12.16
116.50,-36.25,12.13
116.75,-36.25,12.05
117.00,-36.25,12.00
117.25,-36.25,12.08
117.50,-36.25,12.39
117.75,-36.25,13.00
118.00,-36.25,13.54
118.25,-36.25,13.70
118.50,-36.25,13.66
118.75,-36.25,13.49
119.00,-36.25,13.19
119.25,-36.25,12.94
119.50,-36.25,12.82
119.75,-36.25,12.72
120.00,-36.25,12.59
120.25,-36.25,12.46
120.50,-36.25,12.38
120.75,-36.25,12.44
121.00,-36.25,12.61
121.25,-36.25,12.78
121.50,-36.25,12.92
121.75,-36.25,13.02
122.00,-36.25,13.08
122.25,-36.25,13.11
122.50,-36.25,13.11
122.75,-36.25,13.08
123.00,-36.25,12.96
123.25,-36.25,12.74
123.50,-36.25,12.51
123.75,-36.25,12.38
124.00,-36.25,12.26
124.25,-36.25,12.05
124.50,-36.25,11.78
124.75,-36.25,11.69
125.00,-36.25,11.83
125.25,-36.25,12.07
125.50,-36.25,12.28
125.75,-36.25,12.44
126.00,-36.25,12.56
126.25,-36.25,12.67
126.50,-36.25,12.76
126.75,-36.25,12.85
127.00,-36.25,12.93
127.25,-36.25,13.00
127.50,-36.25,13.09
127.75,-36.25,13.17
128.00,-36.25,13.13
128.25,-36.25,12.85
128.50,-36.25,12.42
128.75,-36.25,12.17
129.00,-36.25,12.16
129.25,-36.25,12.26
129.50,-36.25,12.40
129.75,-36.25,12.54
130.00,-36.25,12.60
130.25,-36.25,12.45
130.50,-36.25,12.17
130.75,-36.25,12.02
131.00,-36.25,12.09
131.25,-36.25,12.35
131.50,-36.25,12.76
131.75,-36.25,13.29
132.00,-36.25,13.87
132.25,-36.25,14.41
132.50,-36.25,14.83
132.75,-36.25,15.07
133.00,-36.25,15.10
133.25,-36.25,14.93
133.50,-36.25,14.69
133.75,-36.25,14.79
134.00,-36.25,15.31
134.25,-36.25,15.84
134.50,-36.25,16.06
134.75,-36.25,16.00
135.00,-36.25,15.95
135.25,-36.25,16.21
135.50,-36.25,16.70
135.75,-36.25,17.14
136.00,-36.25,17.47
136.25,-36.25,17.80
136.50,-36.25,18.42
136.75,-36.25,19.87
137.00,-36.25,22.72
137.25,-36.25,26.50
137.50,-36.25,29.66
137.75,-36.25,31.52
138.00,-36.25,32.54
138.25,-36.25,33.24
138.50,-36.25,33.90
138.75,-36.25,34.89
139.00,-36.25,36.60
139.25,-36.25,38.59
139.50,-36.25,40.25
139.75,-36.25,41.72
140.00,-36.25,43.09
140.25,-36.25,44.09
140.50,-36.25,44.26
140.75,-36.25,43.25
141.00,-36.25,41.26
141.25,-36.25,39.10
141.50,-36.25,37.61
141.75,-36.25,36.89
142.00,-36.25,36.66
142.25,-36.25,36.63
142.50,-36.25,36.70
142.75,-36.25,36.90
143.00,-36.25,37.34
143.25,-36.25,37.93
143.50,-36.25,38.55
143.75,-36.25,39.29
144.00,-36.25,39.88
144.25,-36.25,40.15
144.50,-36.25,39.99
144.75,-36.25,39.39
145.00,-36.25,38.54
145.25,-36.25,37.89
145.50,-36.25,37.79
145.75,-36.25,37.76
146.00,-36.25,37.73
146.25,-36.25,38.24
146.50,-36.25,39.42
146.75,-36.25,40.96
147.00,-36.25,42.53
147.25,-36.25,43.72
147.50,-36.25,44.20
147.75,-36.25,44.61
148.00,-36.25,46.01
148.25,-36.25,48.14
148.50,-36.25,49.48
148.75,-36.25,49.87
149.00,-36.25,49.55
149.25,-36.25,48.66
149.50,-36.25,47.39
149.75,-36.25,45.84
150.00,-36.25,43.72
150.25,-36.25,40.12
150.50,-36.25,34.59
150.75,-36.25,28.38
151.00,-36.25,22.53
151.25,-36.25,17.54
151.50,-36.25,14.17
151.75,-36.25,12.70
152.00,-36.25,12.38
152.25,-36.25,12.41
152.50,-36.25,12.48
152.75,-36.25,12.55
153.00,-36.25,12.67
153.25,-36.25,12.82
153.50,-36.25,12.99
153.75,-36.25,13.16
154.00,-36.25,13.34
154.25,-36.25,13.52
154.50,-36.25,13.67
154.75,-36.25,13.78
155.00,-36.25,13.86
155.25,-36.25,13.97
155.50,-36.25,14.13
155.75,-36.25,14.34
110.25,-36.00,12.00
110.50,-36.00,12.04
110.75,-36.00,12.26
111.00,-36.00,12.58
111.25,-36.00,12.80
111.50,-36.00,12.90
111.75,-36.00,12.92
112.00,-36.00,12.89
112.25,-36.00,12.80
112.50,-36.00,12.68
112.75,-36.00,12.62
113.00,-36.00,12.91
113.25,-36.00,13.88
113.50,-36.00,14.95
113.75,-36.00,15.50
114.00,-36.00,15.49
114.25,-36.00,14.89
114.50,-36.00,13.79
114.75,-36.00,12.83
115.00,-36.00,12.24
115.25,-36.00,11.84
115.50,-36.00,11.57
115.75,-36.00,11.44
116.00,-36.00,11.42
116.25,-36.00,11.49
116.50,-36.00,11.69
116.75,-36.00,12.07
117.00,-36.00,12.67
117.25,-36.00,13.65
117.50,-36.00,15.36
117.75,-36.00,17.12
118.00,-36.00,17.09
118.25,-36.00,15.52
118.50,-36.00,14.12
118.75,-36.00,13.33
119.00,-36.00,13.08
119.25,-36.00,13.22
119.50,-36.00,13.44
119.75,-36.00,13.51
120.00,-36.00,13.42
120.25,-36.00,13.22
120.50,-36.00,13.00
120.75,-36.00,12.85
121.00,-36.00,12.84
121.25,-36.00,12.92
121.50,-36.00,13.10
121.75,-36.00,13.10
122.00,-36.00,13.16
122.25,-36.00,13.19
122.50,-36.00,13.20
122.75,-36.00,13.20
123.00,-36.00,13.16
123.25,-36.00,13.10
123.50,-36.00,13.01
123.75,-36.00,12.90
124.00,-36.00,12.76
124.25,-36.00,12.49
124.50,-36.00,12.32
124.75,-36.00,12.06
125.00,-36.00,12.21
125.25,-36.00,12.49
125.50,-36.00,12.76
125.75,-36.00,12.98
126.00,-36.00,13.17
126.25,-36.00,13.34
126.50,-36.00,13.49
126.75,-36.00,13.64
127.00,-36.00,13.75
127.25,-36.00,13.83
127.50,-36.00,13.82
127.75,-36.00,13.70
128.00,-36.00,13.47
128.25,-36.00,13.18
128.50,-36.00,12.86
128.75,-36.00,12.60
129.00,-36.00,12.50
129.25,-36.00,12.57
129.50,-36.00,12.80
129.75,-36.00,13.11
130.00,-36.00,13.33
130.25,-36.00,13.20
130.50,-36.00,12.99
130.75,-36.00,12.39
131.00,-36.00,12.36
131.25,-36.00,12.65
131.50,-36.00,13.22
131.75,-36.00,13.71
132.00,-36.00,14.28
132.25,-36.00,14.78
132.50,-36.00,15.14
132.75,-36.00,15.37
133.00,-36.00,15.45
133.25,-36.00,15.40
133.50,-36.00,15.29
133.75,-36.00,15.32
134.00,-36.00,15.62
134.25,-36.00,15.95
134.50,-36.00,16.12
134.75,-36.00,16.14
135.00,-36.00,16.27
135.25,-36.00,16.65
135.50,-36.00,17.17
135.75,-36.00,17.68
136.00,-36.00,18.15
136.25,-36.00,18.77
136.50,-36.00,20.05
136.75,-36.00,22.91
137.00,-36.00,27.44
137.25,-36.00,31.43
137.50,-36.00,33.60
137.75,-36.00,34.54
138.00,-36.00,34.96
138.25,-36.00,35.24
138.50,-36.00,35.58
138.75,-36.00,36.25
139.00,-36.00,37.54
139.25,-36.00,39.05
139.50,-36.00,40.16
139.75,-36.00,41.00
140.00,-36.00,41.81
140.25,-36.00,42.50
140.50,-36.00,42.78
140.75,-36.00,42.05
141.00,-36.00,40.86
141.25,-36.00,39.61
141.50,-36.00,38.59
141.75,-36.00,37.92
142.00,-36.00,37.53
142.25,-36.00,37.26
142.50,-36.00,37.04
142.75,-36.00,36.92
143.00,-36.00,36.99
143.25,-36.00,37.24
143.50,-36.00,37.58
143.75,-36.00,38.04
144.00,-36.00,38.58
144.25,-36.00,39.01
144.50,-36.00,39.22
144.75,-36.00,39.13
145.00,-36.00,38.80
145.25,-36.00,38.21
145.50,-36.00,37.77
145.75,-36.00,37.79
146.00,-36.00,38.55
146.25,-36.00,39.91
146.50,-36.00,40.79
146.75,-36.00,41.57
147.00,-36.00,42.37
147.25,-36.00,43.08
147.50,-36.00,43.72
147.75,-36.00,44.59
148.00,-36.00,45.96
148.25,-36.00,47.53
148.50,-36.00,48.56
148.75,-36.00,48.81
149.00,-36.00,48.51
149.25,-36.00,47.84
149.50,-36.00,46.94
149.75,-36.00,45.54
150.00,-36.00,43.32
150.25,-36.00,39.78
150.50,-36.00,35.68
150.75,-36.00,31.87
151.00,-36.00,27.70
151.25,-36.00,22.46
151.50,-36.00,17.14
151.75,-36.00,13.83
152.00,-36.00,12.65
152.25,-36.00,12.41
152.50,-36.00,12.42
152.75,-36.00,12.48
153.00,-36.00,12.58
153.25,-36.00,12.71
153.50,-36.00,12.87
153.75,-36.00,13.04
154.00,-36.00,13.22
154.25,-36.00,13.42
154.50,-36.00,13.61
154.75,-36.00,13.75
155.00,-36.00,13.85
155.25,-36.00,13.94
155.50,-36.00,14.06
155.75,-36.00,14.20
110.25,-35.75,12.04
110.50,-35.75,12.11
110.75,-35.75,12.33
111.00,-35.75,12.79
111.25,-35.75,13.12
111.50,-35.75,13.27
111.75,-35.75,13.32
112.00,-35.75,13.28
112.25,-35.75,13.17
112.50,-35.75,13.07
112.75,-35.75,13.17
113.00,-35.75,13.95
113.25,-35.75,15.33
113.50,-35.75,16.19
113.75,-35.75,16.51
114.00,-35.75,16.52
114.25,-35.75,16.23
114.50,-35.75,15.32
114.75,-35.75,14.00
115.00,-35.75,13.01
115.25,-35.75,12.24
115.50,-35.75,11.65
115.75,-35.75,11.37
116.00,-35.75,11.35
116.25,-35.75,11.63
116.50,-35.75,12.40
116.75,-35.75,13.94
117.00,-35.75,16.21
117.25,-35.75,19.33
117.50,-35.75,23.06
117.75,-35.75,25.47
118.00,-35.75,25.11
118.25,-35.75,21.19
118.50,-35.75,16.17
118.75,-35.75,13.68
119.00,-35.75,13.11
119.25,-35.75,13.36
119.50,-35.75,13.90
119.75,-35.75,14.36
120.00,-35.75,14.50
120.25,-35.75,14.32
120.50,-35.75,13.98
120.75,-35.75,13.61
121.00,-35.75,13.32
121.25,-35.75,13.19
121.50,-35.75,13.17
121.75,-35.75,13.21
122.00,-35.75,13.24
122.25,-35.75,13.27
122.50,-35.75,13.29
122.75,-35.75,13.30
123.00,-35.75,13.30
123.25,-35.75,13.30
123.50,-35.75,13.31
123.75,-35.75,13.31
124.00,-35.75,13.23
124.25,-35.75,12.97
124.50,-35.75,12.65
124.75,-35.75,12.53
125.00,-35.75,12.70
125.25,-35.75,12.99
125.50,-35.75,13.29
125.75,-35.75,13.56
126.00,-35.75,13.79
126.25,-35.75,14.01
126.50,-35.75,14.20
126.75,-35.75,14.37
127.00,-35.75,14.50
127.25,-35.75,14.57
127.50,-35.75,14.56
127.75,-35.75,14.45
128.00,-35.75,14.26
128.25,-35.75,14.05
128.50,-35.75,13.89
128.75,-35.75,13.75
129.00,-35.75,13.67
129.25,-35.75,13.77
129.50,-35.75,14.04
129.75,-35.75,14.32
130.00,-35.75,14.40
130.25,-35.75,14.16
130.50,-35.75,13.65
130.75,-35.75,13.13
131.00,-35.75,12.95
131.25,-35.75,13.21
131.50,-35.75,13.72
131.75,-35.75,14.29
132.00,-35.75,14.80
132.25,-35.75,15.20
132.50,-35.75,15.50
132.75,-35.75,15.70
133.00,-35.75,15.84
133.25,-35.75,15.92
133.50,-35.75,15.93
133.75,-35.75,15.91
134.00,-35.75,15.97
134.25,-35.75,16.09
134.50,-35.75,16.25
134.75,-35.75,16.46
135.00,-35.75,16.84
135.25,-35.75,17.38
135.50,-35.75,17.99
135.75,-35.75,18.59
136.00,-35.75,19.25
136.25,-35.75,20.31
136.50,-35.75,22.61
136.75,-35.75,27.02
137.00,-35.75,31.69
137.25,-35.75,34.29
137.50,-35.75,35.35
137.75,-35.75,35.73
138.00,-35.75,35.87
138.25,-35.75,35.98
138.50,-35.75,36.20
138.75,-35.75,36.71
139.00,-35.75,37.65
139.25,-35.75,38.76
139.50,-35.75,39.58
139.75,-35.75,40.14
140.00,-35.75,40.67
140.25,-35.75,41.24
140.50,-35.75,41.51
140.75,-35.75,41.10
141.00,-35.75,40.41
141.25,-35.75,39.85
141.50,-35.75,39.25
141.75,-35.75,38.63
142.00,-35.75,38.09
142.25,-35.75,37.70
142.50,-35.75,37.39
142.75,-35.75,37.15
143.00,-35.75,37.06
143.25,-35.75,37.16
143.50,-35.75,37.39
143.75,-35.75,37.79
144.00,-35.75,38.49
144.25,-35.75,39.23
144.50,-35.75,39.62
144.75,-35.75,39.61
145.00,-35.75,39.35
145.25,-35.75,38.96
145.50,-35.75,38.58
145.75,-35.75,38.70
146.00,-35.75,39.62
146.25,-35.75,40.51
146.50,-35.75,40.93
146.75,-35.75,41.28
147.00,-35.75,41.80
147.25,-35.75,42.55
147.50,-35.75,43.43
147.75,-35.75,44.45
148.00,-35.75,45.58
148.25,-35.75,46.50
148.50,-35.75,46.83
148.75,-35.75,46.68
149.00,-35.75,46.29
149.25,-35.75,45.77
149.50,-35.75,45.08
149.75,-35.75,44.01
150.00,-35.75,42.28
150.25,-35.75,39.47
150.50,-35.75,36.35
150.75,-35.75,33.83
151.00,-35.75,31.17
151.25,-35.75,27.10
151.50,-35.75,21.21
151.75,-35.75,15.93
152.00,-35.75,13.32
152.25,-35.75,12.53
152.50,-35.75,12.38
152.75,-35.75,12.41
153.00,-35.75,12.48
153.25,-35.75,12.59
153.50,-35.75,12.73
153.75,-35.75,12.90
154.00,-35.75,13.10
154.25,-35.75,13.32
154.50,-35.75,13.53
154.75,-35.75,13.71
155.00,-35.75,13.85
155.25,-35.75,13.98
155.50,-35.75,14.14
155.75,-35.75,14.34
110.25,-35.50,12.14
110.50,-35.50,12.29
110.75,-35.50,12.68
111.00,-35.50,13.29
111.25,-35.50,13.66
111.50,-35.50,13.84
111.75,-35.50,13.93
112.00,-35.50,13.93
112.25,-35.50,13.86
112.50,-35.50,13.82
112.75,-35.50,14.03
113.00,-35.50,14.87
113.25,-35.50,16.01
113.50,-35.50,16.59
113.75,-35.50,16.80
114.00,-35.50,16.86
114.25,-35.50,16.83
114.50,-35.50,16.58
114.75,-35.50,15.75
115.00,-35.50,14.60
115.25,-35.50,13.49
115.50,-35.50,12.66
115.75,-35.50,12.40
116.00,-35.50,12.86
116.25,-35.50,14.33
116.50,-35.50,17.23
116.75,-35.50,21.11
117.00,-35.50,24.52
117.25,-35.50,27.27
117.50,-35.50,29.30
117.75,-35.50,30.15
118.00,-35.50,29.62
118.25,-35.50,26.37
118.50,-35.50,19.92
118.75,-35.50,15.34
119.00,-35.50,13.96
119.25,-35.50,14.01
119.50,-35.50,14.67
119.75,-35.50,15.49
120.00,-35.50,15.95
120.25,-35.50,15.86
120.50,-35.50,15.42
120.75,-35.50,14.80
121.00,-35.50,14.13
121.25,-35.50,13.65
121.50,-35.50,13.43
121.75,-35.50,13.36
122.00,-35.50,13.35
122.25,-35.50,13.37
122.50,-35.50,13.39
122.75,-35.50,13.41
123.00,-35.50,13.43
123.25,-35.50,13.49
123.50,-35.50,13.58
123.75,-35.50,13.69
124.00,-35.50,13.69
124.25,-35.50,13.45
124.50,-35.50,13.12
124.75,-35.50,13.00
125.00,-35.50,13.13
125.25,-35.50,13.39
125.50,-35.50,13.67
125.75,-35.50,13.95
126.00,-35.50,14.22
126.25,-35.50,14.47
126.50,-35.50,14.68
126.75,-35.50,14.85
127.00,-35.50,14.97
127.25,-35.50,15.02
127.50,-35.50,15.01
127.75,-35.50,14.93
128.00,-35.50,14.79
128.25,-35.50,14.68
128.50,-35.50,14.69
128.75,-35.50,14.78
129.00,-35.50,14.88
129.25,-35.50,15.00
129.50,-35.50,15.12
129.75,-35.50,15.16
130.00,-35.50,15.08
130.25,-35.50,14.87
130.50,-35.50,14.50
130.75,-35.50,14.08
131.00,-35.50,13.92
131.25,-35.50,14.19
131.50,-35.50,14.68
131.75,-35.50,15.16
132.00,-35.50,15.53
132.25,-35.50,15.80
132.50,-35.50,16.01
132.75,-35.50,16.22
133.00,-35.50,16.45
133.25,-35.50,16.71
133.50,-35.50,16.94
133.75,-35.50,17.04
134.00,-35.50,17.05
134.25,-35.50,17.09
134.50,-35.50,17.27
134.75,-35.50,17.69
135.00,-35.50,18.39
135.25,-35.50,19.27
135.50,-35.50,20.13
135.75,-35.50,20.92
136.00,-35.50,21.84
136.25,-35.50,23.40
136.50,-35.50,26.44
136.75,-35.50,30.88
137.00,-35.50,34.22
137.25,-35.50,35.71
137.50,-35.50,36.26
137.75,-35.50,36.43
138.00,-35.50,36.41
138.25,-35.50,36.40
138.50,-35.50,36.52
138.75,-35.50,36.85
139.00,-35.50,37.44
139.25,-35.50,38.17
139.50,-35.50,38.72
139.75,-35.50,39.02
140.00,-35.50,39.33
140.25,-35.50,39.82
140.50,-35.50,39.95
140.75,-35.50,39.26
141.00,-35.50,38.85
141.25,-35.50,38.76
141.50,-35.50,38.17
141.75,-35.50,37.09
142.00,-35.50,36.32
142.25,-35.50,36.30
142.50,-35.50,36.50
142.75,-35.50,36.52
143.00,-35.50,36.56
143.25,-35.50,36.88
143.50,-35.50,37.39
143.75,-35.50,38.04
144.00,-35.50,38.97
144.25,-35.50,39.90
144.50,-35.50,40.37
144.75,-35.50,40.32
145.00,-35.50,39.94
145.25,-35.50,39.50
145.50,-35.50,39.31
145.75,-35.50,39.45
146.00,-35.50,39.96
146.25,-35.50,40.50
146.50,-35.50,40.77
146.75,-35.50,41.01
147.00,-35.50,41.51
147.25,-35.50,42.36
147.50,-35.50,43.44
147.75,-35.50,44.55
148.00,-35.50,45.42
148.25,-35.50,45.79
148.50,-35.50,45.68
148.75,-35.50,45.34
149.00,-35.50,44.93
149.25,-35.50,44.49
149.50,-35.50,43.84
149.75,-35.50,42.72
150.00,-35.50,41.46
150.25,-35.50,39.45
150.50,-35.50,36.88
150.75,-35.50,34.89
151.00,-35.50,33.00
151.25,-35.50,29.99
151.50,-35.50,24.69
151.75,-35.50,18.44
152.00,-35.50,14.41
152.25,-35.50,12.84
152.50,-35.50,12.41
152.75,-35.50,12.35
153.00,-35.50,12.39
153.25,-35.50,12.47
153.50,-35.50,12.59
153.75,-35.50,12.77
154.00,-35.50,12.98
154.25,-35.50,13.21
154.50,-35.50,13.44
154.75,-35.50,13.64
155.00,-35.50,13.81
155.25,-35.50,13.99
155.50,-35.50,14.21
155.75,-35.50,14.48
110.25,-35.25,12.59
110.50,-35.25,13.07
110.75,-35.25,13.87
111.00,-35.25,14.48
111.25,-35.25,14.71
111.50,-35.25,14.86
111.75,-35.25,15.01
112.00,-35.25,15.11
112.25,-35.25,15.12
112.50,-35.25,15.16
112.75,-35.25,15.38
113.00,-35.25,15.87
113.25,-35.25,16.48
113.50,-35.25,16.84
113.75,-35.25,17.01
114.00,-35.25,17.17
114.25,-35.25,17.57
114.50,-35.25,18.31
114.75,-35.25,18.53
115.00,-35.25,17.75
115.25,-35.25,16.83
115.50,-35.25,16.64
115.75,-35.25,17.80
116.00,-35.25,20.52
116.25,-35.25,24.41
116.50,-35.25,28.17
116.75,-35.25,30.63
117.00,-35.25,31.75
117.25,-35.25,32.01
117.50,-35.25,31.95
117.75,-35.25,31.82
118.00,-35.25,31.42
118.25,-35.25,29.81
118.50,-35.25,25.20
118.75,-35.25,19.46
119.00,-35.25,16.70
119.25,-35.25,16.23
119.50,-35.25,16.78
119.75,-35.25,17.68
120.00,-35.25,18.20
120.25,-35.25,18.07
120.50,-35.25,17.49
120.75,-35.25,16.63
121.00,-35.25,15.54
121.25,-35.25,14.54
121.50,-35.25,13.94
121.75,-35.25,13.67
122.00,-35.25,13.57
122.25,-35.25,13.55
122.50,-35.25,13.56
122.75,-35.25,13.60
123.00,-35.25,13.67
123.25,-35.25,13.81
123.50,-35.25,14.04
123.75,-35.25,14.28
124.00,-35.25,14.36
124.25,-35.25,14.07
124.50,-35.25,13.64
124.75,-35.25,13.44
125.00,-35.25,13.49
125.25,-35.25,13.67
125.50,-35.25,13.91
125.75,-35.25,14.18
126.00,-35.25,14.47
126.25,-35.25,14.74
126.50,-35.25,14.97
126.75,-35.25,15.15
127.00,-35.25,15.26
127.25,-35.25,15.31
127.50,-35.25,15.28
127.75,-35.25,15.20
128.00,-35.25,15.08
128.25,-35.25,14.99
128.50,-35.25,15.03
128.75,-35.25,15.18
129.00,-35.25,15.33
129.25,-35.25,15.44
129.50,-35.25,15.51
129.75,-35.25,15.51
130.00,-35.25,15.46
130.25,-35.25,15.36
130.50,-35.25,15.22
130.75,-35.25,15.11
131.00,-35.25,15.21
131.25,-35.25,15.64
131.50,-35.25,16.16
131.75,-35.25,16.51
132.00,-35.25,16.71
132.25,-35.25,16.83
132.50,-35.25,16.97
132.75,-35.25,17.21
133.00,-35.25,17.58
133.25,-35.25,18.08
133.50,-35.25,18.61
133.75,-35.25,18.96
134.00,-35.25,19.12
134.25,-35.25,19.27
134.50,-35.25,19.76
134.75,-35.25,20.93
135.00,-35.25,22.78
135.25,-35.25,24.75
135.50,-35.25,26.23
135.75,-35.25,27.21
136.00,-35.25,28.16
136.25,-35.25,29.59
136.50,-35.25,31.75
136.75,-35.25,34.39
137.00,-35.25,36.45
137.25,-35.25,37.47
137.50,-35.25,37.86
137.75,-35.25,37.78
138.00,-35.25,37.32
138.25,-35.25,36.92
138.50,-35.25,36.82
138.75,-35.25,36.94
139.00,-35.25,37.22
139.25,-35.25,37.60
139.50,-35.25,37.87
139.75,-35.25,37.94
140.00,-35.25,38.00
140.25,-35.25,38.29
140.50,-35.25,38.46
140.75,-35.25,38.09
141.00,-35.25,38.00
141.25,-35.25,38.00
141.50,-35.25,37.01
141.75,-35.25,35.34
142.00,-35.25,34.01
142.25,-35.25,33.62
142.50,-35.25,34.06
142.75,-35.25,34.47
143.00,-35.25,34.78
143.25,-35.25,35.41
143.50,-35.25,36.43
143.75,-35.25,38.05
144.00,-35.25,39.64
144.25,-35.25,40.80
144.50,-35.25,41.29
144.75,-35.25,41.19
145.00,-35.25,40.61
145.25,-35.25,39.91
145.50,-35.25,39.48
145.75,-35.25,39.37
146.00,-35.25,39.59
146.25,-35.25,40.02
146.50,-35.25,40.42
146.75,-35.25,40.87
147.00,-35.25,41.53
147.25,-35.25,42.42
147.50,-35.25,43.42
147.75,-35.25,44.36
148.00,-35.25,44.99
148.25,-35.25,45.18
148.50,-35.25,45.04
148.75,-35.25,44.76
149.00,-35.25,44.41
149.25,-35.25,44.02
149.50,-35.25,43.44
149.75,-35.25,42.50
150.00,-35.25,41.38
150.25,-35.25,39.72
150.50,-35.25,37.66
150.75,-35.25,36.00
151.00,-35.25,34.50
151.25,-35.25,32.14
151.50,-35.25,27.56
151.75,-35.25,21.15
152.00,-35.25,15.98
152.25,-35.25,13.45
152.50,-35.25,12.57
152.75,-35.25,12.33
153.00,-35.25,12.31
153.25,-35.25,12.35
153.50,-35.25,12.46
153.75,-35.25,12.64
154.00,-35.25,12.88
154.25,-35.25,13.12
154.50,-35.25,13.33
154.75,-35.25,13.50
155.00,-35.25,13.66
155.25,-35.25,13.86
155.50,-35.25,14.10
155.75,-35.25,14.35
110.25,-35.00,14.36
110.50,-35.00,15.21
110.75,-35.00,15.87
111.00,-35.00,16.10
111.25,-35.00,16.17
111.50,-35.00,16.27
111.75,-35.00,16.44
112.00,-35.00,16.60
112.25,-35.00,16.67
112.50,-35.00,16.75
112.75,-35.00,16.95
113.00,-35.00,17.24
113.25,-35.00,17.49
113.50,-35.00,17.63
113.75,-35.00,17.82
114.00,-35.00,18.33
114.25,-35.00,19.56
114.50,-35.00,21.31
114.75,-35.00,22.48
115.00,-35.00,23.13
115.25,-35.00,24.26
115.50,-35.00,26.58
115.75,-35.00,29.57
116.00,-35.00,32.16
116.25,-35.00,33.91
116.50,-35.00,34.90
116.75,-35.00,35.35
117.00,-35.00,35.34
117.25,-35.00,34.67
117.50,-35.00,33.61
117.75,-35.00,32.86
118.00,-35.00,32.44
118.25,-35.00,31.83
118.50,-35.00,29.92
118.75,-35.00,26.03
119.00,-35.00,22.60
119.25,-35.00,21.16
119.50,-35.00,21.06
119.75,-35.00,21.38
120.00,-35.00,21.43
120.25,-35.00,21.01
120.50,-35.00,20.27
120.75,-35.00,19.24
121.00,-35.00,17.83
121.25,-35.00,16.27
121.50,-35.00,15.10
121.75,-35.00,14.47
122.00,-35.00,14.17
122.25,-35.00,14.05
122.50,-35.00,14.03
122.75,-35.00,14.10
123.00,-35.00,14.28
123.25,-35.00,14.61
123.50,-35.00,15.08
123.75,-35.00,15.52
124.00,-35.00,15.58
124.25,-35.00,14.99
124.50,-35.00,14.25
124.75,-35.00,13.86
125.00,-35.00,13.77
125.25,-35.00,13.86
125.50,-35.00,14.05
125.75,-35.00,14.31
126.00,-35.00,14.61
126.25,-35.00,14.90
126.50,-35.00,15.16
126.75,-35.00,15.35
127.00,-35.00,15.46
127.25,-35.00,15.50
127.50,-35.00,15.46
127.75,-35.00,15.38
128.00,-35.00,15.26
128.25,-35.00,15.16
128.50,-35.00,15.17
128.75,-35.00,15.30
129.00,-35.00,15.45
129.25,-35.00,15.57
129.50,-35.00,15.65
129.75,-35.00,15.69
130.00,-35.00,15.72
130.25,-35.00,15.78
130.50,-35.00,15.91
130.75,-35.00,16.19
131.00,-35.00,16.72
131.25,-35.00,17.48
131.50,-35.00,18.16
131.75,-35.00,18.52
132.00,-35.00,18.63
132.25,-35.00,18.67
132.50,-35.00,18.79
132.75,-35.00,19.09
133.00,-35.00,19.62
133.25,-35.00,20.35
133.50,-35.00,21.13
133.75,-35.00,21.73
134.00,-35.00,22.14
134.25,-35.00,22.72
134.50,-35.00,24.18
134.75,-35.00,26.90
135.00,-35.00,29.79
135.25,-35.00,31.75
135.50,-35.00,32.86
135.75,-35.00,33.57
136.00,-35.00,34.20
136.25,-35.00,34.93
136.50,-35.00,35.83
136.75,-35.00,37.24
137.00,-35.00,38.95
137.25,-35.00,40.03
137.50,-35.00,40.32
137.75,-35.00,39.85
138.00,-35.00,38.68
138.25,-35.00,37.61
138.50,-35.00,37.16
138.75,-35.00,37.07
139.00,-35.00,37.14
139.25,-35.00,37.25
139.50,-35.00,37.31
139.75,-35.00,37.24
140.00,-35.00,37.13
140.25,-35.00,37.07
140.50,-35.00,36.64
140.75,-35.00,36.25
141.00,-35.00,36.62
141.25,-35.00,37.38
141.50,-35.00,36.86
141.75,-35.00,35.21
142.00,-35.00,33.76
142.25,-35.00,33.30
142.50,-35.00,33.69
142.75,-35.00,34.13
143.00,-35.00,34.48
143.25,-35.00,35.13
143.50,-35.00,36.18
143.75,-35.00,38.33
144.00,-35.00,40.55
144.25,-35.00,41.80
144.50,-35.00,42.20
144.75,-35.00,42.03
145.00,-35.00,41.36
145.25,-35.00,40.42
145.50,-35.00,39.58
145.75,-35.00,38.81
146.00,-35.00,38.31
146.25,-35.00,38.53
146.50,-35.00,39.33
146.75,-35.00,40.38
147.00,-35.00,41.45
147.25,-35.00,42.37
147.50,-35.00,43.09
147.75,-35.00,43.59
148.00,-35.00,43.89
148.25,-35.00,44.06
148.50,-35.00,44.19
148.75,-35.00,44.22
149.00,-35.00,44.07
149.25,-35.00,43.73
149.50,-35.00,43.21
149.75,-35.00,42.45
150.00,-35.00,41.40
150.25,-35.00,40.01
150.50,-35.00,38.54
150.75,-35.00,37.30
151.00,-35.00,36.12
151.25,-35.00,34.21
151.50,-35.00,30.25
151.75,-35.00,24.01
152.00,-35.00,17.95
152.25,-35.00,14.33
152.50,-35.00,12.82
152.75,-35.00,12.34
153.00,-35.00,12.22
153.25,-35.00,12.23
153.50,-35.00,12.31
153.75,-35.00,12.50
154.00,-35.00,12.74
154.25,-35.00,12.99
154.50,-35.00,13.19
154.75,-35.00,13.34
155.00,-35.00,13.49
155.25,-35.00,13.71
155.50,-35.00,13.93
155.75,-35.00,14.11
110.25,-34.75,16.67
110.50,-34.75,17.42
110.75,-34.75,17.84
111.00,-34.75,18.00
111.25,-34.75,18.05
111.50,-34.75,18.12
111.75,-34.75,18.23
112.00,-34.75,18.31
112.25,-34.75,18.31
112.50,-34.75,18.30
112.75,-34.75,18.38
113.00,-34.75,18.62
113.25,-34.75,18.99
113.50,-34.75,19.42
113.75,-34.75,19.99
114.00,-34.75,20.96
114.25,-34.75,22.52
114.50,-34.75,24.56
114.75,-34.75,27.09
115.00,-34.75,30.09
115.25,-34.75,32.96
115.50,-34.75,35.08
115.75,-34.75,36.32
116.00,-34.75,36.94
116.25,-34.75,37.23
116.50,-34.75,37.37
116.75,-34.75,37.43
117.00,-34.75,37.32
117.25,-34.75,36.74
117.50,-34.75,35.44
117.75,-34.75,34.33
118.00,-34.75,33.85
118.25,-34.75,33.82
118.50,-34.75,33.55
118.75,-34.75,32.02
119.00,-34.75,29.52
119.25,-34.75,27.51
119.50,-34.75,26.44
119.75,-34.75,25.84
120.00,-34.75,25.27
120.25,-34.75,24.59
120.50,-34.75,23.81
120.75,-34.75,22.90
121.00,-34.75,21.71
121.25,-34.75,20.13
121.50,-34.75,18.54
121.75,-34.75,17.35
122.00,-34.75,16.62
122.25,-34.75,16.22
122.50,-34.75,16.06
122.75,-34.75,16.20
123.00,-34.75,16.72
123.25,-34.75,17.56
123.50,-34.75,18.46
123.75,-34.75,18.90
124.00,-34.75,18.27
124.25,-34.75,16.65
124.50,-34.75,15.16
124.75,-34.75,14.38
125.00,-34.75,14.09
125.25,-34.75,14.06
125.50,-34.75,14.17
125.75,-34.75,14.39
126.00,-34.75,14.67
126.25,-34.75,14.98
126.50,-34.75,15.25
126.75,-34.75,15.46
127.00,-34.75,15.58
127.25,-34.75,15.63
127.50,-34.75,15.60
127.75,-34.75,15.52
128.00,-34.75,15.41
128.25,-34.75,15.30
128.50,-34.75,15.29
128.75,-34.75,15.39
129.00,-34.75,15.53
129.25,-34.75,15.66
129.50,-34.75,15.78
129.75,-34.75,15.90
130.00,-34.75,16.06
130.25,-34.75,16.34
130.50,-34.75,16.81
130.75,-34.75,17.52
131.00,-34.75,18.44
131.25,-34.75,19.43
131.50,-34.75,20.25
131.75,-34.75,20.76
132.00,-34.75,21.02
132.25,-34.75,21.17
132.50,-34.75,21.37
132.75,-34.75,21.74
133.00,-34.75,22.31
133.25,-34.75,23.06
133.50,-34.75,23.84
133.75,-34.75,24.49
134.00,-34.75,25.11
134.25,-34.75,26.20
134.50,-34.75,28.61
134.75,-34.75,31.62
135.00,-34.75,33.63
135.25,-34.75,34.67
135.50,-34.75,35.31
135.75,-34.75,35.81
136.00,-34.75,36.26
136.25,-34.75,36.62
136.50,-34.75,37.09
136.75,-34.75,38.20
137.00,-34.75,40.05
137.25,-34.75,41.37
137.50,-34.75,41.70
137.75,-34.75,41.20
138.00,-34.75,39.83
138.25,-34.75,38.32
138.50,-34.75,37.54
138.75,-34.75,37.29
139.00,-34.75,37.23
139.25,-34.75,37.20
139.50,-34.75,37.13
139.75,-34.75,36.94
140.00,-34.75,36.64
140.25,-34.75,36.08
140.50,-34.75,35.14
140.75,-34.75,34.76
141.00,-34.75,35.22
141.25,-34.75,36.40
141.50,-34.75,36.84
141.75,-34.75,36.19
142.00,-34.75,35.14
142.25,-34.75,34.58
142.50,-34.75,34.57
142.75,-34.75,34.81
143.00,-34.75,35.22
143.25,-34.75,35.96
143.50,-34.75,37.09
143.75,-34.75,38.89
144.00,-34.75,40.89
144.25,-34.75,42.02
144.50,-34.75,42.21
144.75,-34.75,41.79
145.00,-34.75,40.93
145.25,-34.75,39.96
145.50,-34.75,39.07
145.75,-34.75,37.89
146.00,-34.75,36.93
146.25,-34.75,36.98
146.50,-34.75,37.90
146.75,-34.75,39.28
147.00,-34.75,40.71
147.25,-34.75,41.75
147.50,-34.75,42.27
147.75,-34.75,42.34
148.00,-34.75,42.16
148.25,-34.75,42.13
148.50,-34.75,42.44
148.75,-34.75,42.88
149.00,-34.75,43.09
149.25,-34.75,42.93
149.50,-34.75,42.47
149.75,-34.75,41.81
150.00,-34.75,40.95
150.25,-34.75,39.94
150.50,-34.75,38.98
150.75,-34.75,38.21
151.00,-34.75,37.47
151.25,-34.75,36.16
151.50,-34.75,33.23
151.75,-34.75,27.80
152.00,-34.75,21.03
152.25,-34.75,15.85
152.50,-34.75,13.28
152.75,-34.75,12.37
153.00,-34.75,12.13
153.25,-34.75,12.10
153.50,-34.75,12.15
153.75,-34.75,12.30
154.00,-34.75,12.52
154.25,-34.75,12.77
154.50,-34.75,13.01
154.75,-34.75,13.20
155.00,-34.75,13.39
155.25,-34.75,13.61
155.50,-34.75,13.80
155.75,-34.75,13.91
110.25,-34.50,18.08
110.50,-34.50,18.95
110.75,-34.50,19.49
111.00,-34.50,19.77
111.25,-34.50,19.89
111.50,-34.50,19.93
111.75,-34.50,19.94
112.00,-34.50,19.90
112.25,-34.50,19.79
112.50,-34.50,19.66
112.75,-34.50,19.60
113.00,-34.50,19.75
113.25,-34.50,20.20
113.50,-34.50,20.91
113.75,-34.50,21.83
114.00,-34.50,23.05
114.25,-34.50,24.83
114.50,-34.50,27.69
114.75,-34.50,31.39
115.00,-34.50,34.51
115.25,-34.50,36.44
115.50,-34.50,37.47
115.75,-34.50,37.95
116.00,-34.50,38.16
116.25,-34.50,38.30
116.50,-34.50,38.40
116.75,-34.50,38.49
117.00,-34.50,38.51
117.25,-34.50,38.28
117.50,-34.50,37.31
117.75,-34.50,36.28
118.00,-34.50,36.19
118.25,-34.50,36.66
118.50,-34.50,36.86
118.75,-34.50,36.07
119.00,-34.50,34.32
119.25,-34.50,32.42
119.50,-34.50,31.03
119.75,-34.50,30.07
120.00,-34.50,29.30
120.25,-34.50,28.67
120.50,-34.50,28.33
120.75,-34.50,28.48
121.00,-34.50,28.99
121.25,-34.50,29.15
121.50,-34.50,28.40
121.75,-34.50,27.08
122.00,-34.50,25.83
122.25,-34.50,24.90
122.50,-34.50,24.32
122.75,-34.50,24.34
123.00,-34.50,25.17
123.25,-34.50,26.37
123.50,-34.50,27.11
123.75,-34.50,26.56
124.00,-34.50,23.94
124.25,-34.50,19.81
124.50,-34.50,16.61
124.75,-34.50,15.10
125.00,-34.50,14.51
125.25,-34.50,14.31
125.50,-34.50,14.32
125.75,-34.50,14.46
126.00,-34.50,14.71
126.25,-34.50,15.01
126.50,-34.50,15.30
126.75,-34.50,15.53
127.00,-34.50,15.67
127.25,-34.50,15.74
127.50,-34.50,15.73
127.75,-34.50,15.67
128.00,-34.50,15.59
128.25,-34.50,15.51
128.50,-34.50,15.50
128.75,-34.50,15.59
129.00,-34.50,15.72
129.25,-34.50,15.89
129.50,-34.50,16.08
129.75,-34.50,16.34
130.00,-34.50,16.73
130.25,-34.50,17.33
130.50,-34.50,18.17
130.75,-34.50,19.21
131.00,-34.50,20.30
131.25,-34.50,21.30
131.50,-34.50,22.13
131.75,-34.50,22.77
132.00,-34.50,23.24
132.25,-34.50,23.62
132.50,-34.50,23.97
132.75,-34.50,24.36
133.00,-34.50,24.85
133.25,-34.50,25.43
133.50,-34.50,26.04
133.75,-34.50,26.62
134.00,-34.50,27.31
134.25,-34.50,28.68
134.50,-34.50,31.33
134.75,-34.50,33.90
135.00,-34.50,35.30
135.25,-34.50,36.05
135.50,-34.50,36.57
135.75,-34.50,36.98
136.00,-34.50,37.24
136.25,-34.50,37.32
136.50,-34.50,37.46
136.75,-34.50,38.27
137.00,-34.50,40.06
137.25,-34.50,41.56
137.50,-34.50,42.01
137.75,-34.50,41.63
138.00,-34.50,40.39
138.25,-34.50,38.83
138.50,-34.50,37.95
138.75,-34.50,37.69
139.00,-34.50,37.63
139.25,-34.50,37.53
139.50,-34.50,37.26
139.75,-34.50,36.75
140.00,-34.50,36.40
140.25,-34.50,35.96
140.50,-34.50,35.20
140.75,-34.50,34.63
141.00,-34.50,34.76
141.25,-34.50,35.58
141.50,-34.50,36.01
141.75,-34.50,35.41
142.00,-34.50,34.44
142.25,-34.50,34.59
142.50,-34.50,35.01
142.75,-34.50,35.28
143.00,-34.50,35.76
143.25,-34.50,36.40
143.50,-34.50,37.21
143.75,-34.50,38.68
144.00,-34.50,40.52
144.25,-34.50,41.43
144.50,-34.50,41.19
144.75,-34.50,40.16
145.00,-34.50,38.83
145.25,-34.50,37.99
145.50,-34.50,37.64
145.75,-34.50,36.91
146.00,-34.50,36.16
146.25,-34.50,36.24
146.50,-34.50,37.07
146.75,-34.50,38.29
147.00,-34.50,39.59
147.25,-34.50,40.59
147.50,-34.50,41.01
147.75,-34.50,40.81
148.00,-34.50,40.33
148.25,-34.50,40.12
148.50,-34.50,40.35
148.75,-34.50,40.88
149.00,-34.50,41.38
149.25,-34.50,41.50
149.50,-34.50,41.25
149.75,-34.50,40.76
150.00,-34.50,40.10
150.25,-34.50,39.41
150.50,-34.50,38.89
150.75,-34.50,38.55
151.00,-34.50,38.19
151.25,-34.50,37.46
151.50,-34.50,35.77
151.75,-34.50,32.16
152.00,-34.50,25.94
152.25,-34.50,19.01
152.50,-34.50,14.50
152.75,-34.50,12.68
153.00,-34.50,12.16
153.25,-34.50,12.04
153.50,-34.50,12.05
153.75,-34.50,12.15
154.00,-34.50,12.33
154.25,-34.50,12.58
154.50,-34.50,12.84
154.75,-34.50,13.09
155.00,-34.50,13.33
155.25,-34.50,13.54
155.50,-34.50,13.70
155.75,-34.50,13.76
110.25,-34.25,18.73
110.50,-34.25,19.82
110.75,-34.25,20.55
111.00,-34.25,20.96
111.25,-34.25,21.11
111.50,-34.25,21.11
111.75,-34.25,21.05
112.00,-34.25,20.94
112.25,-34.25,20.79
112.50,-34.25,20.62
112.75,-34.25,20.49
113.00,-34.25,20.54
113.25,-34.25,20.89
113.50,-34.25,21.56
113.75,-34.25,22.60
114.00,-34.25,24.11
114.25,-34.25,26.61
114.50,-34.25,30.22
114.75,-34.25,33.44
115.00,-34.25,35.46
115.25,-34.25,36.67
115.50,-34.25,37.40
115.75,-34.25,37.84
116.00,-34.25,38.16
116.25,-34.25,38.47
116.50,-34.25,38.80
116.75,-34.25,39.09
117.00,-34.25,39.32
117.25,-34.25,39.44
117.50,-34.25,39.27
117.75,-34.25,38.88
118.00,-34.25,38.95
118.25,-34.25,39.24
118.50,-34.25,39.20
118.75,-34.25,38.57
119.00,-34.25,37.34
119.25,-34.25,35.90
119.50,-34.25,34.70
119.75,-34.25,33.82
120.00,-34.25,33.21
120.25,-34.25,33.10
120.50,-34.25,34.00
120.75,-34.25,35.89
121.00,-34.25,37.67
121.25,-34.25,38.30
121.50,-34.25,37.84
121.75,-34.25,36.89
122.00,-34.25,35.99
122.25,-34.25,35.27
122.50,-34.25,34.60
122.75,-34.25,34.05
123.00,-34.25,33.83
123.25,-34.25,33.89
123.50,-34.25,33.89
123.75,-34.25,33.29
124.00,-34.25,30.95
124.25,-34.25,25.51
124.50,-34.25,19.52
124.75,-34.25,16.43
125.00,-34.25,15.26
125.25,-34.25,14.80
125.50,-34.25,14.64
125.75,-34.25,14.67
126.00,-34.25,14.83
126.25,-34.25,15.10
126.50,-34.25,15.39
126.75,-34.25,15.64
127.00,-34.25,15.82
127.25,-34.25,15.92
127.50,-34.25,15.95
127.75,-34.25,15.94
128.00,-34.25,15.94
128.25,-34.25,15.97
128.50,-34.25,16.06
128.75,-34.25,16.20
129.00,-34.25,16.37
129.25,-34.25,16.62
129.50,-34.25,16.96
129.75,-34.25,17.43
130.00,-34.25,18.08
130.25,-34.25,18.94
130.50,-34.25,19.98
130.75,-34.25,21.05
131.00,-34.25,22.04
131.25,-34.25,22.91
131.50,-34.25,23.68
131.75,-34.25,24.40
132.00,-34.25,25.03
132.25,-34.25,25.56
132.50,-34.25,26.00
132.75,-34.25,26.39
133.00,-34.25,26.76
133.25,-34.25,27.16
133.50,-34.25,27.61
133.75,-34.25,28.15
134.00,-34.25,28.91
134.25,-34.25,30.45
134.50,-34.25,33.17
134.75,-34.25,35.54
135.00,-34.25,36.75
135.25,-34.25,37.41
135.50,-34.25,37.85
135.75,-34.25,38.12
136.00,-34.25,38.19
136.25,-34.25,38.05
136.50,-34.25,37.90
136.75,-34.25,38.24
137.00,-34.25,39.59
137.25,-34.25,41.13
137.50,-34.25,41.75
137.75,-34.25,41.48
138.00,-34.25,40.40
138.25,-34.25,39.09
138.50,-34.25,38.46
138.75,-34.25,38.38
139.00,-34.25,38.44
139.25,-34.25,38.36
139.50,-34.25,37.58
139.75,-34.25,36.62
140.00,-34.25,36.34
140.25,-34.25,36.18
140.50,-34.25,35.56
140.75,-34.25,34.69
141.00,-34.25,34.33
141.25,-34.25,34.76
141.50,-34.25,35.21
141.75,-34.25,34.35
142.00,-34.25,33.29
142.25,-34.25,33.79
142.50,-34.25,34.72
142.75,-34.25,35.08
143.00,-34.25,35.53
143.25,-34.25,36.11
143.50,-34.25,36.81
143.75,-34.25,37.99
144.00,-34.25,39.44
144.25,-34.25,39.80
144.50,-34.25,38.80
144.75,-34.25,37.07
145.00,-34.25,35.57
145.25,-34.25,35.12
145.50,-34.25,35.59
145.75,-34.25,35.94
146.00,-34.25,35.95
146.25,-34.25,36.23
146.50,-34.25,36.89
146.75,-34.25,37.73
147.00,-34.25,38.51
147.25,-34.25,39.08
147.50,-34.25,39.37
147.75,-34.25,39.23
148.00,-34.25,38.85
148.25,-34.25,38.65
148.50,-34.25,38.83
148.75,-34.25,39.35
149.00,-34.25,39.94
149.25,-34.25,40.20
149.50,-34.25,40.00
149.75,-34.25,39.49
150.00,-34.25,38.91
150.25,-34.25,38.58
150.50,-34.25,38.57
150.75,-34.25,38.63
151.00,-34.25,38.47
151.25,-34.25,37.95
151.50,-34.25,36.94
151.75,-34.25,34.96
152.00,-34.25,30.89
152.25,-34.25,24.08
152.50,-34.25,17.33
152.75,-34.25,13.75
153.00,-34.25,12.52
153.25,-34.25,12.19
153.50,-34.25,12.14
153.75,-34.25,12.17
154.00,-34.25,12.29
154.25,-34.25,12.51
154.50,-34.25,12.77
154.75,-34.25,13.03
155.00,-34.25,13.26
155.25,-34.25,13.45
155.50,-34.25,13.60
155.75,-34.25,13.66
110.25,-34.00,18.79
110.50,-34.00,20.11
110.75,-34.00,21.01
111.00,-34.00,21.48
111.25,-34.00,21.61
111.50,-34.00,21.55
111.75,-34.00,21.44
112.00,-34.00,20.90
112.25,-34.00,21.20
112.50,-34.00,21.05
112.75,-34.00,20.91
113.00,-34.00,20.90
113.25,-34.00,21.14
113.50,-34.00,21.75
113.75,-34.00,22.88
114.00,-34.00,24.79
114.25,-34.00,27.96
114.50,-34.00,31.48
114.75,-34.00,33.76
115.00,-34.00,35.06
115.25,-34.00,35.94
115.50,-34.00,36.60
115.75,-34.00,37.11
116.00,-34.00,37.59
116.25,-34.00,38.21
116.50,-34.00,38.97
116.75,-34.00,39.70
117.00,-34.00,40.23
117.25,-34.00,40.54
117.50,-34.00,40.62
117.75,-34.00,40.50
118.00,-34.00,40.46
118.25,-34.00,40.52
118.50,-34.00,40.39
118.75,-34.00,39.94
119.00,-34.00,39.13
119.25,-34.00,38.18
119.50,-34.00,37.32
119.75,-34.00,36.81
120.00,-34.00,36.56
120.25,-34.00,37.11
120.50,-34.00,38.82
120.75,-34.00,40.66
121.00,-34.00,41.58
121.25,-34.00,41.44
121.50,-34.00,40.83
121.75,-34.00,39.27
122.00,-34.00,38.19
122.25,-34.00,37.74
122.50,-34.00,37.42
122.75,-34.00,36.80
123.00,-34.00,36.05
123.25,-34.00,35.67
123.50,-34.00,35.69
123.75,-34.00,35.59
124.00,-34.00,34.64
124.25,-34.00,31.17
124.50,-34.00,23.88
124.75,-34.00,18.88
125.00,-34.00,16.64
125.25,-34.00,15.73
125.50,-34.00,14.87
125.75,-34.00,15.18
126.00,-34.00,15.00
126.25,-34.00,15.41
126.50,-34.00,15.68
126.75,-34.00,15.97
127.00,-34.00,16.07
127.25,-34.00,16.37
127.50,-34.00,16.49
127.75,-34.00,16.61
128.00,-34.00,16.60
128.25,-34.00,17.03
128.50,-34.00,17.10
128.75,-34.00,17.55
129.00,-34.00,17.82
129.25,-34.00,18.21
129.50,-34.00,18.73
129.75,-34.00,19.37
130.00,-34.00,19.63
130.25,-34.00,21.04
130.50,-34.00,21.57
130.75,-34.00,22.85
131.00,-34.00,23.64
131.25,-34.00,24.36
131.50,-34.00,25.11
131.75,-34.00,25.80
132.00,-34.00,26.50
132.25,-34.00,27.10
132.50,-34.00,27.59
132.75,-34.00,27.97
133.00,-34.00,28.29
133.25,-34.00,28.59
133.50,-34.00,28.99
133.75,-34.00,29.60
134.00,-34.00,31.06
134.25,-34.00,32.45
134.50,-34.00,36.25
134.75,-34.00,37.32
135.00,-34.00,38.28
135.25,-34.00,38.74
135.50,-34.00,39.02
135.75,-34.00,39.14
136.00,-34.00,39.08
136.25,-34.00,38.85
136.50,-34.00,38.58
136.75,-34.00,38.57
137.00,-34.00,39.23
137.25,-34.00,40.16
137.50,-34.00,40.82
137.75,-34.00,40.72
138.00,-34.00,40.03
138.25,-34.00,39.35
138.50,-34.00,39.11
138.75,-34.00,39.17
139.00,-34.00,39.43
139.25,-34.00,39.47
139.50,-34.00,38.49
139.75,-34.00,37.18
140.00,-34.00,36.13
140.25,-34.00,36.40
140.50,-34.00,35.57
140.75,-34.00,34.61
141.00,-34.00,34.24
141.25,-34.00,34.54
141.50,-34.00,35.06
141.75,-34.00,34.80
142.00,-34.00,34.16
142.25,-34.00,34.24
142.50,-34.00,34.70
142.75,-34.00,34.63
143.00,-34.00,34.93
143.25,-34.00,35.36
143.50,-34.00,35.82
143.75,-34.00,36.48
144.00,-34.00,37.08
144.25,-34.00,36.90
144.50,-34.00,35.59
144.75,-34.00,34.05
145.00,-34.00,33.09
145.25,-34.00,33.16
145.50,-34.00,34.21
145.75,-34.00,35.68
146.00,-34.00,36.66
146.25,-34.00,37.18
146.50,-34.00,37.56
146.75,-34.00,37.77
147.00,-34.00,37.74
147.25,-34.00,37.72
147.50,-34.00,37.91
147.75,-34.00,38.03
148.00,-34.00,37.74
148.25,-34.00,37.74
148.50,-34.00,37.89
148.75,-34.00,38.42
149.00,-34.00,39.12
149.25,-34.00,39.41
149.50,-34.00,39.08
149.75,-34.00,38.39
150.00,-34.00,37.82
150.25,-34.00,37.82
150.50,-34.00,38.27
150.75,-34.00,38.57
151.00,-34.00,38.40
151.25,-34.00,37.82
151.50,-34.00,36.96
151.75,-34.00,35.65
152.00,-34.00,34.26
152.25,-34.00,28.24
152.50,-34.00,21.20
152.75,-34.00,15.86
153.00,-34.00,13.44
153.25,-34.00,12.60
153.50,-34.00,12.36
153.75,-34.00,12.28
154.00,-34.00,12.32
154.25,-34.00,12.50
154.50,-34.00,12.75
154.75,-34.00,12.98
155.00,-34.00,13.19
155.25,-34.00,13.37
155.50,-34.00,13.47
155.75,-34.00,13.61
110.25,-33.75,18.22
110.50,-33.75,19.66
110.75,-33.75,20.53
111.00,-33.75,20.81
111.25,-33.75,20.71
111.50,-33.75,20.61
111.75,-33.75,20.63
112.00,-33.75,20.68
112.25,-33.75,20.67
112.50,-33.75,20.61
112.75,-33.75,20.53
113.00,-33.75,20.55
113.25,-33.75,20.83
113.50,-33.75,21.52
113.75,-33.75,22.82
114.00,-33.75,25.08
114.25,-33.75,28.62
114.50,-33.75,31.83
114.75,-33.75,33.57
115.00,-33.75,34.49
115.25,-33.75,35.15
115.50,-33.75,35.73
115.75,-33.75,36.27
116.00,-33.75,36.91
116.25,-33.75,37.95
116.50,-33.75,39.36
116.75,-33.75,40.56
117.00,-33.75,41.22
117.25,-33.75,41.44
117.50,-33.75,41.36
117.75,-33.75,41.10
118.00,-33.75,40.93
118.25,-33.75,40.92
118.50,-33.75,40.78
118.75,-33.75,40.38
119.00,-33.75,39.74
119.25,-33.75,39.12
119.50,-33.75,38.73
119.75,-33.75,38.55
120.00,-33.75,38.60
120.25,-33.75,39.34
120.50,-33.75,40.72
120.75,-33.75,41.70
121.00,-33.75,42.03
121.25,-33.75,41.63
121.50,-33.75,40.46
121.75,-33.75,38.96
122.00,-33.75,37.97
122.25,-33.75,37.79
122.50,-33.75,37.75
122.75,-33.75,37.22
123.00,-33.75,36.39
123.25,-33.75,35.96
123.50,-33.75,36.11
123.75,-33.75,36.29
124.00,-33.75,35.97
124.25,-33.75,34.27
124.50,-33.75,29.24
124.75,-33.75,22.67
125.00,-33.75,19.05
125.25,-33.75,17.48
125.50,-33.75,16.72
125.75,-33.75,16.35
126.00,-33.75,16.25
126.25,-33.75,16.36
126.50,-33.75,16.63
126.75,-33.75,16.98
127.00,-33.75,17.34
127.25,-33.75,17.66
127.50,-33.75,17.97
127.75,-33.75,18.30
128.00,-33.75,18.69
128.25,-33.75,19.11
128.50,-33.75,19.46
128.75,-33.75,19.72
129.00,-33.75,20.02
129.25,-33.75,20.49
129.50,-33.75,21.08
129.75,-33.75,21.71
130.00,-33.75,22.38
130.25,-33.75,23.10
130.50,-33.75,23.83
130.75,-33.75,24.51
131.00,-33.75,25.13
131.25,-33.75,25.75
131.50,-33.75,26.38
131.75,-33.75,27.04
132.00,-33.75,27.71
132.25,-33.75,28.32
132.50,-33.75,28.84
132.75,-33.75,29.27
133.00,-33.75,29.63
133.25,-33.75,29.99
133.50,-33.75,30.49
133.75,-33.75,31.35
134.00,-33.75,32.87
134.25,-33.75,35.29
134.50,-33.75,37.79
134.75,-33.75,39.17
135.00,-33.75,39.65
135.25,-33.75,39.82
135.50,-33.75,39.92
135.75,-33.75,39.93
136.00,-33.75,39.82
136.25,-33.75,39.57
136.50,-33.75,39.29
136.75,-33.75,39.14
137.00,-33.75,39.27
137.25,-33.75,39.68
137.50,-33.75,39.94
137.75,-33.75,39.40
138.00,-33.75,38.92
138.25,-33.75,39.18
138.50,-33.75,39.40
138.75,-33.75,39.46
139.00,-33.75,39.71
139.25,-33.75,39.90
139.50,-33.75,39.32
139.75,-33.75,38.29
140.00,-33.75,37.73
140.25,-33.75,37.23
140.50,-33.75,36.34
140.75,-33.75,35.53
141.00,-33.75,35.13
141.25,-33.75,35.18
141.50,-33.75,35.34
141.75,-33.75,35.34
142.00,-33.75,35.07
142.25,-33.75,34.68
142.50,-33.75,34.42
142.75,-33.75,34.34
143.00,-33.75,34.43
143.25,-33.75,34.64
143.50,-33.75,34.86
143.75,-33.75,35.06
144.00,-33.75,35.18
144.25,-33.75,34.84
144.50,-33.75,34.00
144.75,-33.75,33.11
145.00,-33.75,32.90
145.25,-33.75,33.61
145.50,-33.75,34.55
145.75,-33.75,36.06
146.00,-33.75,37.66
146.25,-33.75,38.49
146.50,-33.75,38.70
146.75,-33.75,38.43
147.00,-33.75,37.74
147.25,-33.75,37.26
147.50,-33.75,37.35
147.75,-33.75,37.60
148.00,-33.75,37.58
148.25,-33.75,37.45
148.50,-33.75,37.53
148.75,-33.75,38.03
149.00,-33.75,38.83
149.25,-33.75,39.14
149.50,-33.75,38.74
149.75,-33.75,37.99
150.00,-33.75,37.44
150.25,-33.75,37.57
150.50,-33.75,38.17
150.75,-33.75,38.47
151.00,-33.75,38.13
151.25,-33.75,37.38
151.50,-33.75,36.47
151.75,-33.75,35.37
152.00,-33.75,33.70
152.25,-33.75,30.50
152.50,-33.75,25.00
152.75,-33.75,19.12
153.00,-33.75,15.28
153.25,-33.75,13.47
153.50,-33.75,12.76
153.75,-33.75,12.47
154.00,-33.75,12.41
154.25,-33.75,12.52
154.50,-33.75,12.73
154.75,-33.75,12.95
155.00,-33.75,13.14
155.25,-33.75,13.29
155.50,-33.75,13.45
155.75,-33.75,13.62
110.25,-33.50,17.21
110.50,-33.50,18.63
110.75,-33.50,18.90
111.00,-33.50,18.20
111.25,-33.50,17.57
111.50,-33.50,17.58
111.75,-33.50,18.27
112.00,-33.50,19.13
112.25,-33.50,19.58
112.50,-33.50,19.70
112.75,-33.50,19.73
113.00,-33.50,19.87
113.25,-33.50,20.30
113.50,-33.50,21.16
113.75,-33.50,22.61
114.00,-33.50,25.00
114.25,-33.50,28.56
114.50,-33.50,31.72
114.75,-33.50,33.37
115.00,-33.50,34.22
115.25,-33.50,34.83
115.50,-33.50,35.38
115.75,-33.50,35.94
116.00,-33.50,36.71
116.25,-33.50,38.04
116.50,-33.50,39.75
116.75,-33.50,40.98
117.00,-33.50,41.50
117.25,-33.50,41.59
117.50,-33.50,41.44
117.75,-33.50,41.13
118.00,-33.50,40.83
118.25,-33.50,40.68
118.50,-33.50,40.46
118.75,-33.50,39.99
119.00,-33.50,39.36
119.25,-33.50,38.94
119.50,-33.50,38.85
119.75,-33.50,38.94
120.00,-33.50,39.12
120.25,-33.50,39.56
120.50,-33.50,39.96
120.75,-33.50,40.24
121.00,-33.50,40.86
121.25,-33.50,41.08
121.50,-33.50,40.25
121.75,-33.50,39.23
122.00,-33.50,38.66
122.25,-33.50,38.58
122.50,-33.50,38.39
122.75,-33.50,37.74
123.00,-33.50,37.03
123.25,-33.50,36.65
123.50,-33.50,36.65
123.75,-33.50,36.69
124.00,-33.50,36.53
124.25,-33.50,35.73
124.50,-33.50,32.92
124.75,-33.50,27.51
125.00,-33.50,23.01
125.25,-33.50,20.69
125.50,-33.50,19.48
125.75,-33.50,18.86
126.00,-33.50,18.63
126.25,-33.50,18.69
126.50,-33.50,19.00
126.75,-33.50,19.48
127.00,-33.50,20.02
127.25,-33.50,20.51
127.50,-33.50,20.93
127.75,-33.50,21.29
128.00,-33.50,21.61
128.25,-33.50,21.87
128.50,-33.50,22.07
128.75,-33.50,22.22
129.00,-33.50,22.46
129.25,-33.50,22.89
129.50,-33.50,23.41
129.75,-33.50,23.91
130.00,-33.50,24.40
130.25,-33.50,24.94
130.50,-33.50,25.49
130.75,-33.50,26.03
131.00,-33.50,26.55
131.25,-33.50,27.08
131.50,-33.50,27.62
131.75,-33.50,28.22
132.00,-33.50,28.83
132.25,-33.50,29.41
132.50,-33.50,29.95
132.75,-33.50,30.41
133.00,-33.50,30.83
133.25,-33.50,31.26
133.50,-33.50,31.87
133.75,-33.50,33.02
134.00,-33.50,35.08
134.25,-33.50,37.77
134.50,-33.50,39.72
134.75,-33.50,40.52
135.00,-33.50,40.69
135.25,-33.50,40.67
135.50,-33.50,40.64
135.75,-33.50,40.60
136.00,-33.50,40.47
136.25,-33.50,40.22
136.50,-33.50,39.90
136.75,-33.50,39.66
137.00,-33.50,39.62
137.25,-33.50,39.78
137.50,-33.50,39.43
137.75,-33.50,37.85
138.00,-33.50,37.40
138.25,-33.50,38.20
138.50,-33.50,39.21
138.75,-33.50,39.44
139.00,-33.50,39.50
139.25,-33.50,39.49
139.50,-33.50,39.24
139.75,-33.50,38.84
140.00,-33.50,38.44
140.25,-33.50,37.89
140.50,-33.50,37.23
140.75,-33.50,36.54
141.00,-33.50,36.00
141.25,-33.50,35.78
141.50,-33.50,35.71
141.75,-33.50,35.62
142.00,-33.50,35.34
142.25,-33.50,34.87
142.50,-33.50,34.49
142.75,-33.50,34.27
143.00,-33.50,34.19
143.25,-33.50,34.26
143.50,-33.50,34.38
143.75,-33.50,34.46
144.00,-33.50,34.50
144.25,-33.50,34.39
144.50,-33.50,34.08
144.75,-33.50,33.75
145.00,-33.50,33.99
145.25,-33.50,34.58
145.50,-33.50,35.01
145.75,-33.50,36.05
146.00,-33.50,37.67
146.25,-33.50,38.80
146.50,-33.50,39.07
146.75,-33.50,38.71
147.00,-33.50,37.87
147.25,-33.50,37.26
147.50,-33.50,37.27
147.75,-33.50,37.50
148.00,-33.50,37.53
148.25,-33.50,37.38
148.50,-33.50,37.34
148.75,-33.50,37.70
149.00,-33.50,38.48
149.25,-33.50,38.92
149.50,-33.50,38.79
149.75,-33.50,38.28
150.00,-33.50,37.82
150.25,-33.50,37.90
150.50,-33.50,38.35
150.75,-33.50,38.42
151.00,-33.50,37.80
151.25,-33.50,36.85
151.50,-33.50,35.85
151.75,-33.50,34.85
152.00,-33.50,33.63
152.25,-33.50,31.57
152.50,-33.50,27.83
152.75,-33.50,22.71
153.00,-33.50,18.04
153.25,-33.50,15.03
153.50,-33.50,13.50
153.75,-33.50,12.81
154.00,-33.50,12.56
154.25,-33.50,12.58
154.50,-33.50,12.73
154.75,-33.50,12.93
155.00,-33.50,13.10
155.25,-33.50,13.24
155.50,-33.50,13.49
155.75,-33.50,13.90
110.25,-33.25,15.91
110.50,-33.25,16.97
110.75,-33.25,16.27
111.00,-33.25,15.35
111.25,-33.25,14.98
111.50,-33.25,14.98
111.75,-33.25,15.43
112.00,-33.25,16.62
112.25,-33.25,17.97
112.50,-33.25,18.53
112.75,-33.25,18.77
113.00,-33.25,19.13
113.25,-33.25,19.80
113.50,-33.25,20.85
113.75,-33.25,22.41
114.00,-33.25,24.74
114.25,-33.25,28.13
114.50,-33.25,31.48
114.75,-33.25,33.48
115.00,-33.25,34.55
115.25,-33.25,35.28
115.50,-33.25,35.87
115.75,-33.25,36.39
116.00,-33.25,37.03
116.25,-33.25,38.12
116.50,-33.25,39.59
116.75,-33.25,40.70
117.00,-33.25,41.19
117.25,-33.25,41.28
117.50,-33.25,41.14
117.75,-33.25,40.82
118.00,-33.25,40.38
118.25,-33.25,39.98
118.50,-33.25,39.58
118.75,-33.25,39.04
119.00,-33.25,38.50
119.25,-33.25,38.28
119.50,-33.25,38.36
119.75,-33.25,38.54
120.00,-33.25,38.72
120.25,-33.25,38.79
120.50,-33.25,38.47
120.75,-33.25,38.54
121.00,-33.25,39.20
121.25,-33.25,39.77
121.50,-33.25,39.99
121.75,-33.25,40.15
122.00,-33.25,40.12
122.25,-33.25,39.76
122.50,-33.25,39.07
122.75,-33.25,38.31
123.00,-33.25,37.73
123.25,-33.25,37.37
123.50,-33.25,37.19
123.75,-33.25,37.11
124.00,-33.25,37.02
124.25,-33.25,36.68
124.50,-33.25,35.46
124.75,-33.25,32.22
125.00,-33.25,27.93
125.25,-33.25,25.11
125.50,-33.25,23.63
125.75,-33.25,22.86
126.00,-33.25,22.55
126.25,-33.25,22.57
126.50,-33.25,22.83
126.75,-33.25,23.26
127.00,-33.25,23.71
127.25,-33.25,24.09
127.50,-33.25,24.35
127.75,-33.25,24.49
128.00,-33.25,24.56
128.25,-33.25,24.61
128.50,-33.25,24.65
128.75,-33.25,24.72
129.00,-33.25,24.86
129.25,-33.25,25.13
129.50,-33.25,25.47
129.75,-33.25,25.81
130.00,-33.25,26.18
130.25,-33.25,26.60
130.50,-33.25,27.04
130.75,-33.25,27.45
131.00,-33.25,27.86
131.25,-33.25,28.31
131.50,-33.25,28.81
131.75,-33.25,29.36
132.00,-33.25,29.93
132.25,-33.25,30.51
132.50,-33.25,31.04
132.75,-33.25,31.49
133.00,-33.25,31.88
133.25,-33.25,32.26
133.50,-33.25,32.82
133.75,-33.25,34.02
134.00,-33.25,36.34
134.25,-33.25,39.00
134.50,-33.25,40.60
134.75,-33.25,41.23
135.00,-33.25,41.41
135.25,-33.25,41.45
135.50,-33.25,41.33
135.75,-33.25,41.13
136.00,-33.25,40.97
136.25,-33.25,40.73
136.50,-33.25,40.42
136.75,-33.25,40.15
137.00,-33.25,40.04
137.25,-33.25,40.09
137.50,-33.25,39.81
137.75,-33.25,38.36
138.00,-33.25,37.77
138.25,-33.25,38.44
138.50,-33.25,39.33
138.75,-33.25,39.49
139.00,-33.25,39.40
139.25,-33.25,39.30
139.50,-33.25,39.20
139.75,-33.25,39.08
140.00,-33.25,38.85
140.25,-33.25,38.45
140.50,-33.25,37.94
140.75,-33.25,37.29
141.00,-33.25,36.64
141.25,-33.25,36.28
141.50,-33.25,36.16
141.75,-33.25,36.07
142.00,-33.25,35.84
142.25,-33.25,35.38
142.50,-33.25,34.87
142.75,-33.25,34.38
143.00,-33.25,33.99
143.25,-33.25,33.83
143.50,-33.25,33.85
143.75,-33.25,33.91
144.00,-33.25,34.04
144.25,-33.25,34.23
144.50,-33.25,34.39
144.75,-33.25,34.69
145.00,-33.25,35.26
145.25,-33.25,35.61
145.50,-33.25,35.90
145.75,-33.25,36.60
146.00,-33.25,37.68
146.25,-33.25,38.15
146.50,-33.25,38.16
146.75,-33.25,37.83
147.00,-33.25,37.05
147.25,-33.25,36.61
147.50,-33.25,36.65
147.75,-33.25,36.79
148.00,-33.25,36.77
148.25,-33.25,36.65
148.50,-33.25,36.67
148.75,-33.25,37.17
149.00,-33.25,37.91
149.25,-33.25,38.51
149.50,-33.25,38.94
149.75,-33.25,38.89
150.00,-33.25,38.58
150.25,-33.25,38.56
150.50,-33.25,38.75
150.75,-33.25,38.51
151.00,-33.25,37.62
151.25,-33.25,36.50
151.50,-33.25,35.49
151.75,-33.25,34.66
152.00,-33.25,33.79
152.25,-33.25,32.48
152.50,-33.25,30.06
152.75,-33.25,26.19
153.00,-33.25,21.54
153.25,-33.25,17.47
153.50,-33.25,14.77
153.75,-33.25,13.39
154.00,-33.25,12.85
154.25,-33.25,12.72
154.50,-33.25,12.77
154.75,-33.25,12.90
155.00,-33.25,13.03
155.25,-33.25,13.22
155.50,-33.25,13.74
155.75,-33.25,14.68
110.25,-33.00,14.73
110.50,-33.00,15.47
110.75,-33.00,14.85
111.00,-33.00,14.44
111.25,-33.00,14.30
111.50,-33.00,14.27
111.75,-33.00,14.39
112.00,-33.00,14.94
112.25,-33.00,16.28
112.50,-33.00,17.32
112.75,-33.00,17.85
113.00,-33.00,18.47
113.25,-33.00,19.35
113.50,-33.00,20.53
113.75,-33.00,22.10
114.00,-33.00,24.33
114.25,-33.00,27.56
114.50,-33.00,31.25
114.75,-33.00,33.93
115.00,-33.00,35.41
115.25,-33.00,36.22
115.50,-33.00,36.73
115.75,-33.00,37.14
116.00,-33.00,37.60
116.25,-33.00,38.23
116.50,-33.00,39.18
116.75,-33.00,40.09
117.00,-33.00,40.58
117.25,-33.00,40.73
117.50,-33.00,40.63
117.75,-33.00,40.31
118.00,-33.00,39.84
118.25,-33.00,39.37
118.50,-33.00,38.92
118.75,-33.00,38.48
119.00,-33.00,38.19
119.25,-33.00,38.10
119.50,-33.00,38.13
119.75,-33.00,38.21
120.00,-33.00,38.27
120.25,-33.00,38.22
120.50,-33.00,37.84
120.75,-33.00,37.65
121.00,-33.00,37.86
121.25,-33.00,38.36
121.50,-33.00,39.20
121.75,-33.00,40.06
122.00,-33.00,40.41
122.25,-33.00,40.11
122.50,-33.00,39.48
122.75,-33.00,38.90
123.00,-33.00,38.48
123.25,-33.00,38.16
123.50,-33.00,37.92
123.75,-33.00,37.78
124.00,-33.00,37.72
124.25,-33.00,37.62
124.50,-33.00,37.16
124.75,-33.00,35.61
125.00,-33.00,32.40
125.25,-33.00,29.46
125.50,-33.00,27.95
125.75,-33.00,27.21
126.00,-33.00,26.85
126.25,-33.00,26.71
126.50,-33.00,26.71
126.75,-33.00,26.77
127.00,-33.00,26.86
127.25,-33.00,26.95
127.50,-33.00,27.01
127.75,-33.00,27.01
128.00,-33.00,26.97
128.25,-33.00,26.94
128.50,-33.00,26.94
128.75,-33.00,26.97
129.00,-33.00,27.05
129.25,-33.00,27.15
129.50,-33.00,27.29
129.75,-33.00,27.49
130.00,-33.00,27.75
130.25,-33.00,28.09
130.50,-33.00,28.44
130.75,-33.00,28.75
131.00,-33.00,29.05
131.25,-33.00,29.42
131.50,-33.00,29.87
131.75,-33.00,30.42
132.00,-33.00,31.04
132.25,-33.00,31.72
132.50,-33.00,32.40
132.75,-33.00,32.96
133.00,-33.00,33.33
133.25,-33.00,33.54
133.50,-33.00,33.80
133.75,-33.00,34.69
134.00,-33.00,36.86
134.25,-33.00,39.40
134.50,-33.00,40.89
134.75,-33.00,41.54
135.00,-33.00,42.03
135.25,-33.00,42.57
135.50,-33.00,42.23
135.75,-33.00,41.48
136.00,-33.00,41.18
136.25,-33.00,41.05
136.50,-33.00,40.91
136.75,-33.00,40.73
137.00,-33.00,40.66
137.25,-33.00,40.70
137.50,-33.00,40.68
137.75,-33.00,40.29
138.00,-33.00,39.67
138.25,-33.00,39.45
138.50,-33.00,39.27
138.75,-33.00,39.07
139.00,-33.00,39.03
139.25,-33.00,39.19
139.50,-33.00,39.49
139.75,-33.00,39.76
140.00,-33.00,39.78
140.25,-33.00,39.48
140.50,-33.00,39.01
140.75,-33.00,38.42
141.00,-33.00,37.82
141.25,-33.00,37.50
141.50,-33.00,37.42
141.75,-33.00,37.44
142.00,-33.00,37.48
142.25,-33.00,37.42
142.50,-33.00,36.74
142.75,-33.00,35.33
143.00,-33.00,34.09
143.25,-33.00,33.41
143.50,-33.00,33.19
143.75,-33.00,33.22
144.00,-33.00,33.48
144.25,-33.00,33.93
144.50,-33.00,34.50
144.75,-33.00,35.24
145.00,-33.00,35.55
145.25,-33.00,35.45
145.50,-33.00,35.88
145.75,-33.00,36.33
146.00,-33.00,36.73
146.25,-33.00,36.98
146.50,-33.00,36.96
146.75,-33.00,36.64
147.00,-33.00,36.07
147.25,-33.00,35.86
147.50,-33.00,35.90
147.75,-33.00,35.88
148.00,-33.00,35.72
148.25,-33.00,35.61
148.50,-33.00,35.88
148.75,-33.00,36.76
149.00,-33.00,37.76
149.25,-33.00,38.53
149.50,-33.00,39.26
149.75,-33.00,39.56
150.00,-33.00,39.41
150.25,-33.00,39.32
150.50,-33.00,39.26
150.75,-33.00,38.78
151.00,-33.00,37.77
151.25,-33.00,36.66
151.50,-33.00,35.80
151.75,-33.00,35.14
152.00,-33.00,34.46
152.25,-33.00,33.48
152.50,-33.00,31.81
152.75,-33.00,28.99
153.00,-33.00,24.86
153.25,-33.00,20.16
153.50,-33.00,16.25
153.75,-33.00,14.04
154.00,-33.00,13.15
154.25,-33.00,12.87
154.50,-33.00,12.83
154.75,-33.00,12.88
155.00,-33.00,12.96
155.25,-33.00,13.20
155.50,-33.00,14.00
155.75,-33.00,15.44
110.25,-32.75,13.69
110.50,-32.75,14.52
110.75,-32.75,14.32
111.00,-32.75,14.13
111.25,-32.75,14.05
111.50,-32.75,14.02
111.75,-32.75,14.05
112.00,-32.75,14.30
112.25,-32.75,15.20
112.50,-32.75,16.34
112.75,-32.75,17.15
113.00,-32.75,17.99
113.25,-32.75,18.96
113.50,-32.75,20.08
113.75,-32.75,21.50
114.00,-32.75,23.61
114.25,-32.75,26.91
114.50,-32.75,31.04
114.75,-32.75,34.44
115.00,-32.75,36.28
115.25,-32.75,37.14
115.50,-32.75,37.65
115.75,-32.75,38.23
116.00,-32.75,38.86
116.25,-32.75,39.01
116.50,-32.75,39.11
116.75,-32.75,39.48
117.00,-32.75,39.81
117.25,-32.75,39.97
117.50,-32.75,39.91
117.75,-32.75,39.65
118.00,-32.75,39.32
118.25,-32.75,39.04
118.50,-32.75,38.88
118.75,-32.75,38.95
119.00,-32.75,39.13
119.25,-32.75,39.15
119.50,-32.75,38.98
119.75,-32.75,38.76
120.00,-32.75,38.53
120.25,-32.75,38.20
120.50,-32.75,37.62
120.75,-32.75,37.22
121.00,-32.75,37.37
121.25,-32.75,37.90
121.50,-32.75,38.71
121.75,-32.75,39.55
122.00,-32.75,40.10
122.25,-32.75,40.27
122.50,-32.75,40.21
122.75,-32.75,40.06
123.00,-32.75,39.78
123.25,-32.75,39.32
123.50,-32.75,38.85
123.75,-32.75,38.56
124.00,-32.75,38.47
124.25,-32.75,38.44
124.50,-32.75,38.25
124.75,-32.75,37.47
125.00,-32.75,35.33
125.25,-32.75,32.43
125.50,-32.75,30.63
125.75,-32.75,29.83
126.00,-32.75,29.41
126.25,-32.75,29.15
126.50,-32.75,28.98
126.75,-32.75,28.85
127.00,-32.75,28.77
127.25,-32.75,28.75
127.50,-32.75,28.76
127.75,-32.75,28.75
128.00,-32.75,28.73
128.25,-32.75,28.72
128.50,-32.75,28.73
128.75,-32.75,28.77
129.00,-32.75,28.81
129.25,-32.75,28.83
129.50,-32.75,28.86
129.75,-32.75,28.93
130.00,-32.75,29.08
130.25,-32.75,29.32
130.50,-32.75,29.60
130.75,-32.75,29.83
131.00,-32.75,30.05
131.25,-32.75,30.32
131.50,-32.75,30.72
131.75,-32.75,31.35
132.00,-32.75,32.27
132.25,-32.75,33.48
132.50,-32.75,34.76
132.75,-32.75,35.72
133.00,-32.75,36.15
133.25,-32.75,36.06
133.50,-32.75,35.69
133.75,-32.75,35.77
134.00,-32.75,37.36
134.25,-32.75,39.61
134.50,-32.75,40.95
134.75,-32.75,41.57
135.00,-32.75,42.10
135.25,-32.75,42.67
135.50,-32.75,42.31
135.75,-32.75,41.53
136.00,-32.75,41.22
136.25,-32.75,41.25
136.50,-32.75,41.37
136.75,-32.75,41.43
137.00,-32.75,41.49
137.25,-32.75,41.46
137.50,-32.75,41.28
137.75,-32.75,40.94
138.00,-32.75,40.10
138.25,-32.75,39.08
138.50,-32.75,38.43
138.75,-32.75,38.20
139.00,-32.75,38.40
139.25,-32.75,39.01
139.50,-32.75,39.90
139.75,-32.75,40.64
140.00,-32.75,40.86
140.25,-32.75,40.57
140.50,-32.75,40.12
140.75,-32.75,39.70
141.00,-32.75,39.46
141.25,-32.75,39.44
141.50,-32.75,39.54
141.75,-32.75,39.72
142.00,-32.75,39.76
142.25,-32.75,39.76
142.50,-32.75,39.29
142.75,-32.75,37.19
143.00,-32.75,34.72
143.25,-32.75,33.40
143.50,-32.75,32.92
143.75,-32.75,32.92
144.00,-32.75,33.28
144.25,-32.75,33.87
144.50,-32.75,34.57
144.75,-32.75,35.32
145.00,-32.75,35.78
145.25,-32.75,36.34
145.50,-32.75,36.94
145.75,-32.75,37.24
146.00,-32.75,37.29
146.25,-32.75,37.38
146.50,-32.75,37.26
146.75,-32.75,36.89
147.00,-32.75,36.43
147.25,-32.75,36.12
147.50,-32.75,35.94
147.75,-32.75,35.74
148.00,-32.75,35.49
148.25,-32.75,35.42
148.50,-32.75,35.74
148.75,-32.75,36.52
149.00,-32.75,37.60
149.25,-32.75,38.73
149.50,-32.75,39.62
149.75,-32.75,39.98
150.00,-32.75,39.92
150.25,-32.75,39.72
150.50,-32.75,39.43
150.75,-32.75,38.85
151.00,-32.75,37.94
151.25,-32.75,37.02
151.50,-32.75,36.32
151.75,-32.75,35.75
152.00,-32.75,35.12
152.25,-32.75,34.26
152.50,-32.75,33.01
152.75,-32.75,30.99
153.00,-32.75,27.58
153.25,-32.75,22.63
153.50,-32.75,17.66
153.75,-32.75,14.62
154.00,-32.75,13.39
154.25,-32.75,12.99
154.50,-32.75,12.88
154.75,-32.75,12.86
155.00,-32.75,12.91
155.25,-32.75,13.17
155.50,-32.75,14.04
155.75,-32.75,15.60
110.25,-32.50,12.85
110.50,-32.50,13.81
110.75,-32.50,13.99
111.00,-32.50,13.93
111.25,-32.50,13.87
111.50,-32.50,13.84
111.75,-32.50,13.85
112.00,-32.50,13.99
112.25,-32.50,14.58
112.50,-32.50,15.49
112.75,-32.50,16.39
113.00,-32.50,17.36
113.25,-32.50,18.35
113.50,-32.50,19.38
113.75,-32.50,20.65
114.00,-32.50,22.76
114.25,-32.50,26.32
114.50,-32.50,30.91
114.75,-32.50,34.77
115.00,-32.50,36.90
115.25,-32.50,37.94
115.50,-32.50,38.68
115.75,-32.50,39.47
116.00,-32.50,40.17
116.25,-32.50,40.26
116.50,-32.50,39.86
116.75,-32.50,39.40
117.00,-32.50,39.17
117.25,-32.50,39.12
117.50,-32.50,39.05
117.75,-32.50,38.87
118.00,-32.50,38.71
118.25,-32.50,38.65
118.50,-32.50,38.93
118.75,-32.50,39.77
119.00,-32.50,40.63
119.25,-32.50,40.97
119.50,-32.50,40.84
119.75,-32.50,40.46
120.00,-32.50,39.90
120.25,-32.50,39.10
120.50,-32.50,37.92
120.75,-32.50,37.23
121.00,-32.50,37.44
121.25,-32.50,37.91
121.50,-32.50,38.47
121.75,-32.50,39.06
122.00,-32.50,39.74
122.25,-32.50,40.58
122.50,-32.50,41.33
122.75,-32.50,41.60
123.00,-32.50,41.33
123.25,-32.50,40.65
123.50,-32.50,39.87
123.75,-32.50,39.37
124.00,-32.50,39.19
124.25,-32.50,39.12
124.50,-32.50,38.98
124.75,-32.50,38.49
125.00,-32.50,37.22
125.25,-32.50,35.05
125.50,-32.50,33.00
125.75,-32.50,31.71
126.00,-32.50,30.97
126.25,-32.50,30.57
126.50,-32.50,30.38
126.75,-32.50,30.29
127.00,-32.50,30.25
127.25,-32.50,30.27
127.50,-32.50,30.32
127.75,-32.50,30.36
128.00,-32.50,30.39
128.25,-32.50,30.40
128.50,-32.50,30.41
128.75,-32.50,30.42
129.00,-32.50,30.41
129.25,-32.50,30.36
129.50,-32.50,30.29
129.75,-32.50,30.24
130.00,-32.50,30.26
130.25,-32.50,30.40
130.50,-32.50,30.60
130.75,-32.50,30.78
131.00,-32.50,30.95
131.25,-32.50,31.14
131.50,-32.50,31.85
131.75,-32.50,32.42
132.00,-32.50,34.02
132.25,-32.50,36.09
132.50,-32.50,37.83
132.75,-32.50,38.83
133.00,-32.50,39.16
133.25,-32.50,38.97
133.50,-32.50,38.29
133.75,-32.50,37.59
134.00,-32.50,38.34
134.25,-32.50,40.01
134.50,-32.50,40.98
134.75,-32.50,41.46
135.00,-32.50,41.74
135.25,-32.50,41.97
135.50,-32.50,41.90
135.75,-32.50,41.52
136.00,-32.50,41.28
136.25,-32.50,41.29
136.50,-32.50,41.46
136.75,-32.50,41.66
137.00,-32.50,41.86
137.25,-32.50,41.94
137.50,-32.50,41.86
137.75,-32.50,41.50
138.00,-32.50,40.40
138.25,-32.50,38.98
138.50,-32.50,38.08
138.75,-32.50,37.83
139.00,-32.50,38.19
139.25,-32.50,39.14
139.50,-32.50,40.34
139.75,-32.50,41.18
140.00,-32.50,41.41
140.25,-32.50,41.40
140.50,-32.50,41.35
140.75,-32.50,40.99
141.00,-32.50,40.41
141.25,-32.50,40.01
141.50,-32.50,40.28
141.75,-32.50,40.72
142.00,-32.50,40.49
142.25,-32.50,40.24
142.50,-32.50,40.24
142.75,-32.50,39.03
143.00,-32.50,36.04
143.25,-32.50,33.75
143.50,-32.50,32.99
143.75,-32.50,32.95
144.00,-32.50,33.34
144.25,-32.50,33.95
144.50,-32.50,34.86
144.75,-32.50,36.31
145.00,-32.50,37.22
145.25,-32.50,38.18
145.50,-32.50,39.00
145.75,-32.50,39.15
146.00,-32.50,39.04
146.25,-32.50,39.25
146.50,-32.50,39.11
146.75,-32.50,38.57
147.00,-32.50,37.94
147.25,-32.50,37.27
147.50,-32.50,36.69
147.75,-32.50,36.30
148.00,-32.50,36.11
148.25,-32.50,36.15
148.50,-32.50,36.42
148.75,-32.50,36.99
149.00,-32.50,37.88
149.25,-32.50,38.92
149.50,-32.50,39.70
149.75,-32.50,39.97
150.00,-32.50,39.85
150.25,-32.50,39.56
150.50,-32.50,39.17
150.75,-32.50,38.60
151.00,-32.50,37.85
151.25,-32.50,37.12
151.50,-32.50,36.50
151.75,-32.50,35.95
152.00,-32.50,35.33
152.25,-32.50,34.55
152.50,-32.50,33.55
152.75,-32.50,32.04
153.00,-32.50,29.22
153.25,-32.50,24.33
153.50,-32.50,18.75
153.75,-32.50,15.12
154.00,-32.50,13.61
154.25,-32.50,13.11
154.50,-32.50,12.94
154.75,-32.50,12.88
155.00,-32.50,12.89
155.25,-32.50,13.13
155.50,-32.50,13.91
155.75,-32.50,15.26
110.25,-32.25,12.26
110.50,-32.25,13.01
110.75,-32.25,13.52
111.00,-32.25,13.66
111.25,-32.25,13.66
111.50,-32.25,13.64
111.75,-32.25,13.61
112.00,-32.25,13.64
112.25,-32.25,13.94
112.50,-32.25,14.53
112.75,-32.25,15.31
113.00,-32.25,16.22
113.25,-32.25,17.19
113.50,-32.25,18.21
113.75,-32.25,19.54
114.00,-32.25,21.84
114.25,-32.25,25.84
114.50,-32.25,30.90
114.75,-32.25,35.03
115.00,-32.25,37.28
115.25,-32.25,38.50
115.50,-32.25,39.49
115.75,-32.25,40.43
116.00,-32.25,41.18
116.25,-32.25,41.40
116.50,-32.25,40.91
116.75,-32.25,39.95
117.00,-32.25,39.13
117.25,-32.25,38.68
117.50,-32.25,38.41
117.75,-32.25,38.17
118.00,-32.25,38.00
118.25,-32.25,38.04
118.50,-32.25,38.68
118.75,-32.25,40.14
119.00,-32.25,41.55
119.25,-32.25,42.21
119.50,-32.25,42.29
119.75,-32.25,41.98
120.00,-32.25,41.29
120.25,-32.25,40.04
120.50,-32.25,38.19
120.75,-32.25,37.13
121.00,-32.25,37.40
121.25,-32.25,37.82
121.50,-32.25,38.18
121.75,-32.25,38.65
122.00,-32.25,39.48
122.25,-32.25,40.73
122.50,-32.25,41.90
122.75,-32.25,42.53
123.00,-32.25,42.52
123.25,-32.25,41.98
123.50,-32.25,41.10
123.75,-32.25,40.39
124.00,-32.25,40.02
124.25,-32.25,39.80
124.50,-32.25,39.55
124.75,-32.25,39.17
125.00,-32.25,38.57
125.25,-32.25,37.66
125.50,-32.25,36.43
125.75,-32.25,34.92
126.00,-32.25,33.38
126.25,-32.25,32.41
126.50,-32.25,32.06
126.75,-32.25,32.02
127.00,-32.25,32.07
127.25,-32.25,32.16
127.50,-32.25,32.26
127.75,-32.25,32.35
128.00,-32.25,32.40
128.25,-32.25,32.38
128.50,-32.25,32.31
128.75,-32.25,32.20
129.00,-32.25,32.06
129.25,-32.25,31.88
129.50,-32.25,31.67
129.75,-32.25,31.48
130.00,-32.25,31.37
130.25,-32.25,31.39
130.50,-32.25,31.51
130.75,-32.25,31.68
131.00,-32.25,31.84
131.25,-32.25,32.01
131.50,-32.25,32.46
131.75,-32.25,33.71
132.00,-32.25,36.02
132.25,-32.25,38.40
132.50,-32.25,39.85
132.75,-32.25,40.51
133.00,-32.25,40.70
133.25,-32.25,40.57
133.50,-32.25,40.07
133.75,-32.25,39.27
134.00,-32.25,39.32
134.25,-32.25,40.34
134.50,-32.25,40.99
134.75,-32.25,41.34
135.00,-32.25,41.60
135.25,-32.25,41.81
135.50,-32.25,41.96
135.75,-32.25,41.93
136.00,-32.25,41.80
136.25,-32.25,41.75
136.50,-32.25,41.84
136.75,-32.25,42.07
137.00,-32.25,42.39
137.25,-32.25,42.64
137.50,-32.25,42.65
137.75,-32.25,42.28
138.00,-32.25,41.33
138.25,-32.25,40.07
138.50,-32.25,39.16
138.75,-32.25,38.73
139.00,-32.25,38.90
139.25,-32.25,39.74
139.50,-32.25,40.77
139.75,-32.25,41.40
140.00,-32.25,41.54
140.25,-32.25,41.80
140.50,-32.25,42.17
140.75,-32.25,42.19
141.00,-32.25,41.54
141.25,-32.25,40.53
141.50,-32.25,40.44
141.75,-32.25,40.92
142.00,-32.25,40.78
142.25,-32.25,40.86
142.50,-32.25,42.09
142.75,-32.25,42.24
143.00,-32.25,40.53
143.25,-32.25,36.32
143.50,-32.25,33.51
143.75,-32.25,33.13
144.00,-32.25,33.38
144.25,-32.25,33.80
144.50,-32.25,34.77
144.75,-32.25,36.81
145.00,-32.25,37.84
145.25,-32.25,38.33
145.50,-32.25,39.24
145.75,-32.25,39.53
146.00,-32.25,39.34
146.25,-32.25,39.81
146.50,-32.25,40.20
146.75,-32.25,40.11
147.00,-32.25,39.57
147.25,-32.25,38.71
147.50,-32.25,37.80
147.75,-32.25,37.20
148.00,-32.25,36.98
148.25,-32.25,36.99
148.50,-32.25,37.12
148.75,-32.25,37.41
149.00,-32.25,38.01
149.25,-32.25,38.86
149.50,-32.25,39.50
149.75,-32.25,39.69
150.00,-32.25,39.55
150.25,-32.25,39.24
150.50,-32.25,38.83
150.75,-32.25,38.31
151.00,-32.25,37.71
151.25,-32.25,37.08
151.50,-32.25,36.45
151.75,-32.25,35.83
152.00,-32.25,35.14
152.25,-32.25,34.34
152.50,-32.25,33.42
152.75,-32.25,32.17
153.00,-32.25,29.83
153.25,-32.25,25.34
153.50,-32.25,19.70
153.75,-32.25,15.74
154.00,-32.25,13.93
154.25,-32.25,13.26
154.50,-32.25,13.02
154.75,-32.25,12.92
155.00,-32.25,12.91
155.25,-32.25,13.07
155.50,-32.25,13.56
155.75,-32.25,14.39
110.25,-32.00,11.92
110.50,-32.00,12.28
110.75,-32.00,12.66
111.00,-32.00,12.99
111.25,-32.00,13.15
111.50,-32.00,13.15
111.75,-32.00,13.09
112.00,-32.00,13.07
112.25,-32.00,13.27
112.50,-32.00,13.66
112.75,-32.00,14.24
113.00,-32.00,14.95
113.25,-32.00,15.77
113.50,-32.00,16.68
113.75,-32.00,18.03
114.00,-32.00,20.61
114.25,-32.00,25.15
114.50,-32.00,30.77
114.75,-32.00,35.13
115.00,-32.00,37.36
115.25,-32.00,38.59
115.50,-32.00,39.65
115.75,-32.00,40.70
116.00,-32.00,41.54
116.25,-32.00,41.84
116.50,-32.00,41.36
116.75,-32.00,40.30
117.00,-32.00,39.27
117.25,-32.00,38.58
117.50,-32.00,38.09
117.75,-32.00,37.69
118.00,-32.00,37.41
118.25,-32.00,37.42
118.50,-32.00,38.08
118.75,-32.00,39.70
119.00,-32.00,41.40
119.25,-32.00,42.30
119.50,-32.00,42.47
119.75,-32.00,42.09
120.00,-32.00,41.10
120.25,-32.00,39.36
120.50,-32.00,37.41
120.75,-32.00,36.72
121.00,-32.00,37.06
121.25,-32.00,37.43
121.50,-32.00,37.71
121.75,-32.00,38.14
122.00,-32.00,38.99
122.25,-32.00,40.31
122.50,-32.00,41.70
122.75,-32.00,42.70
123.00,-32.00,43.12
123.25,-32.00,42.99
123.50,-32.00,42.44
123.75,-32.00,41.76
124.00,-32.00,41.19
124.25,-32.00,40.68
124.50,-32.00,40.22
124.75,-32.00,39.81
125.00,-32.00,39.46
125.25,-32.00,39.11
125.50,-32.00,38.62
125.75,-32.00,37.79
126.00,-32.00,36.40
126.25,-32.00,34.93
126.50,-32.00,34.27
126.75,-32.00,34.22
127.00,-32.00,34.33
127.25,-32.00,34.49
127.50,-32.00,34.67
127.75,-32.00,34.86
128.00,-32.00,34.95
128.25,-32.00,34.87
128.50,-32.00,34.63
128.75,-32.00,34.30
129.00,-32.00,33.93
129.25,-32.00,33.54
129.50,-32.00,33.15
129.75,-32.00,32.81
130.00,-32.00,32.60
130.25,-32.00,32.54
130.50,-32.00,33.07
130.75,-32.00,32.73
131.00,-32.00,32.86
131.25,-32.00,33.00
131.50,-32.00,33.92
131.75,-32.00,34.90
132.00,-32.00,37.42
132.25,-32.00,39.58
132.50,-32.00,40.67
132.75,-32.00,41.11
133.00,-32.00,41.23
133.25,-32.00,41.14
133.50,-32.00,40.80
133.75,-32.00,40.14
134.00,-32.00,39.83
134.25,-32.00,40.43
134.50,-32.00,40.93
134.75,-32.00,41.26
135.00,-32.00,41.56
135.25,-32.00,41.88
135.50,-32.00,42.26
135.75,-32.00,42.60
136.00,-32.00,42.71
136.25,-32.00,42.63
136.50,-32.00,42.58
136.75,-32.00,42.66
137.00,-32.00,42.85
137.25,-32.00,42.97
137.50,-32.00,42.90
137.75,-32.00,42.56
138.00,-32.00,41.96
138.25,-32.00,41.38
138.50,-32.00,40.84
138.75,-32.00,40.18
139.00,-32.00,39.94
139.25,-32.00,40.38
139.50,-32.00,41.09
139.75,-32.00,41.38
140.00,-32.00,40.85
140.25,-32.00,40.46
140.50,-32.00,40.96
140.75,-32.00,41.43
141.00,-32.00,41.22
141.25,-32.00,40.62
141.50,-32.00,40.38
141.75,-32.00,40.48
142.00,-32.00,40.51
142.25,-32.00,41.08
142.50,-32.00,42.50
142.75,-32.00,42.99
143.00,-32.00,42.35
143.25,-32.00,40.09
143.50,-32.00,36.03
143.75,-32.00,33.87
144.00,-32.00,33.33
144.25,-32.00,32.94
144.50,-32.00,32.82
144.75,-32.00,33.96
145.00,-32.00,35.93
145.25,-32.00,37.41
145.50,-32.00,39.17
145.75,-32.00,40.33
146.00,-32.00,40.41
146.25,-32.00,40.82
146.50,-32.00,41.14
146.75,-32.00,41.06
147.00,-32.00,40.62
147.25,-32.00,39.86
147.50,-32.00,39.02
147.75,-32.00,38.39
148.00,-32.00,38.03
148.25,-32.00,37.87
148.50,-32.00,37.80
148.75,-32.00,37.86
149.00,-32.00,38.21
149.25,-32.00,38.85
149.50,-32.00,39.36
149.75,-32.00,39.50
150.00,-32.00,39.37
150.25,-32.00,39.07
150.50,-32.00,38.64
150.75,-32.00,38.13
151.00,-32.00,37.57
151.25,-32.00,36.94
151.50,-32.00,36.23
151.75,-32.00,35.49
152.00,-32.00,34.74
152.25,-32.00,33.72
152.50,-32.00,32.83
152.75,-32.00,31.90
153.00,-32.00,30.24
153.25,-32.00,26.58
153.50,-32.00,21.02
153.75,-32.00,16.53
154.00,-32.00,14.26
154.25,-32.00,13.37
154.50,-32.00,13.06
154.75,-32.00,12.94
155.00,-32.00,12.91
155.25,-32.00,12.98
155.50,-32.00,13.24
155.75,-32.00,13.49
110.25,-31.75,11.88
110.50,-31.75,12.07
110.75,-31.75,12.26
111.00,-31.75,12.43
111.25,-31.75,12.57
111.50,-31.75,12.66
111.75,-31.75,12.73
112.00,-31.75,12.84
112.25,-31.75,13.00
112.50,-31.75,13.23
112.75,-31.75,13.54
113.00,-31.75,13.87
113.25,-31.75,14.05
113.50,-31.75,14.19
113.75,-31.75,14.97
114.00,-31.75,17.54
114.25,-31.75,23.19
114.50,-31.75,30.29
114.75,-31.75,35.09
115.00,-31.75,37.19
115.25,-31.75,38.21
115.50,-31.75,39.12
115.75,-31.75,40.10
116.00,-31.75,40.98
116.25,-31.75,41.37
116.50,-31.75,41.03
116.75,-31.75,40.10
117.00,-31.75,39.08
117.25,-31.75,38.31
117.50,-31.75,37.74
117.75,-31.75,37.31
118.00,-31.75,37.08
118.25,-31.75,37.10
118.50,-31.75,37.49
118.75,-31.75,38.57
119.00,-31.75,40.07
119.25,-31.75,41.07
119.50,-31.75,41.18
119.75,-31.75,40.47
120.00,-31.75,39.06
120.25,-31.75,37.46
120.50,-31.75,36.65
120.75,-31.75,36.75
121.00,-31.75,37.07
121.25,-31.75,37.27
121.50,-31.75,37.35
121.75,-31.75,37.61
122.00,-31.75,38.24
122.25,-31.75,39.45
122.50,-31.75,40.98
122.75,-31.75,42.32
123.00,-31.75,43.24
123.25,-31.75,43.68
123.50,-31.75,43.60
123.75,-31.75,43.11
124.00,-31.75,42.44
124.25,-31.75,41.71
124.50,-31.75,41.01
124.75,-31.75,40.43
125.00,-31.75,39.98
125.25,-31.75,39.65
125.50,-31.75,39.36
125.75,-31.75,38.98
126.00,-31.75,38.28
126.25,-31.75,37.22
126.50,-31.75,36.51
126.75,-31.75,36.42
127.00,-31.75,36.55
127.25,-31.75,36.79
127.50,-31.75,37.14
127.75,-31.75,37.53
128.00,-31.75,37.74
128.25,-31.75,37.63
128.50,-31.75,37.20
128.75,-31.75,36.56
129.00,-31.75,35.88
129.25,-31.75,35.23
129.50,-31.75,34.65
129.75,-31.75,34.22
130.00,-31.75,34.01
130.25,-31.75,33.97
130.50,-31.75,33.99
130.75,-31.75,34.03
131.00,-31.75,34.08
131.25,-31.75,34.18
131.50,-31.75,34.60
131.75,-31.75,35.90
132.00,-31.75,38.12
132.25,-31.75,39.97
132.50,-31.75,40.89
132.75,-31.75,41.26
133.00,-31.75,41.36
133.25,-31.75,41.29
133.50,-31.75,41.02
133.75,-31.75,40.49
134.00,-31.75,40.12
134.25,-31.75,40.53
134.50,-31.75,41.01
134.75,-31.75,41.37
135.00,-31.75,41.71
135.25,-31.75,42.09
135.50,-31.75,42.56
135.75,-31.75,43.07
136.00,-31.75,43.36
136.25,-31.75,43.27
136.50,-31.75,43.02
136.75,-31.75,42.87
137.00,-31.75,42.91
137.25,-31.75,43.06
137.50,-31.75,43.13
137.75,-31.75,42.79
138.00,-31.75,42.20
138.25,-31.75,41.80
138.50,-31.75,41.39
138.75,-31.75,40.66
139.00,-31.75,40.21
139.25,-31.75,40.42
139.50,-31.75,41.11
139.75,-31.75,41.37
140.00,-31.75,40.43
140.25,-31.75,39.64
140.50,-31.75,39.58
140.75,-31.75,39.77
141.00,-31.75,39.74
141.25,-31.75,39.78
141.50,-31.75,39.89
141.75,-31.75,40.08
142.00,-31.75,40.48
142.25,-31.75,41.38
142.50,-31.75,42.54
142.75,-31.75,42.88
143.00,-31.75,42.05
143.25,-31.75,39.59
143.50,-31.75,36.74
143.75,-31.75,34.47
144.00,-31.75,33.09
144.25,-31.75,31.91
144.50,-31.75,31.06
144.75,-31.75,31.00
145.00,-31.75,32.69
145.25,-31.75,36.79
145.50,-31.75,40.03
145.75,-31.75,41.14
146.00,-31.75,41.32
146.25,-31.75,41.44
146.50,-31.75,41.49
146.75,-31.75,41.33
147.00,-31.75,40.90
147.25,-31.75,40.30
147.50,-31.75,39.82
147.75,-31.75,39.53
148.00,-31.75,39.36
148.25,-31.75,39.24
148.50,-31.75,39.10
148.75,-31.75,38.97
149.00,-31.75,39.02
149.25,-31.75,39.28
149.50,-31.75,39.51
149.75,-31.75,39.52
150.00,-31.75,39.37
150.25,-31.75,39.07
150.50,-31.75,38.60
150.75,-31.75,37.99
151.00,-31.75,37.30
151.25,-31.75,36.57
151.50,-31.75,35.82
151.75,-31.75,35.05
152.00,-31.75,34.13
152.25,-31.75,33.11
152.50,-31.75,32.35
152.75,-31.75,31.77
153.00,-31.75,30.80
153.25,-31.75,28.14
153.50,-31.75,22.82
153.75,-31.75,17.52
154.00,-31.75,14.52
154.25,-31.75,13.34
154.50,-31.75,12.98
154.75,-31.75,12.85
155.00,-31.75,12.80
155.25,-31.75,12.84
155.50,-31.75,12.92
155.75,-31.75,13.04
110.25,-31.50,11.97
110.50,-31.50,12.10
110.75,-31.50,12.25
111.00,-31.50,12.39
111.25,-31.50,12.51
111.50,-31.50,12.62
111.75,-31.50,12.73
112.00,-31.50,12.84
112.25,-31.50,12.94
112.50,-31.50,13.05
112.75,-31.50,13.10
113.00,-31.50,12.86
113.25,-31.50,12.28
113.50,-31.50,11.78
113.75,-31.50,12.16
114.00,-31.50,13.45
114.25,-31.50,18.37
114.50,-31.50,28.36
114.75,-31.50,34.77
115.00,-31.50,36.83
115.25,-31.50,37.55
115.50,-31.50,38.13
115.75,-31.50,38.85
116.00,-31.50,39.63
116.25,-31.50,40.13
116.50,-31.50,40.03
116.75,-31.50,39.35
117.00,-31.50,38.47
117.25,-31.50,37.73
117.50,-31.50,37.23
117.75,-31.50,36.96
118.00,-31.50,36.92
118.25,-31.50,37.02
118.50,-31.50,37.19
118.75,-31.50,37.58
119.00,-31.50,38.29
119.25,-31.50,38.92
119.50,-31.50,38.84
119.75,-31.50,38.00
120.00,-31.50,36.93
120.25,-31.50,36.41
120.50,-31.50,36.63
120.75,-31.50,37.05
121.00,-31.50,37.32
121.25,-31.50,37.45
121.50,-31.50,37.52
121.75,-31.50,37.63
122.00,-31.50,37.95
122.25,-31.50,38.79
122.50,-31.50,40.07
122.75,-31.50,41.47
123.00,-31.50,42.84
123.25,-31.50,43.89
123.50,-31.50,44.26
123.75,-31.50,43.96
124.00,-31.50,43.31
124.25,-31.50,42.52
124.50,-31.50,41.71
124.75,-31.50,40.83
125.00,-31.50,40.19
125.25,-31.50,39.79
125.50,-31.50,39.57
125.75,-31.50,39.43
126.00,-31.50,39.25
126.25,-31.50,38.86
126.50,-31.50,38.38
126.75,-31.50,38.22
127.00,-31.50,38.29
127.25,-31.50,38.59
127.50,-31.50,39.07
127.75,-31.50,39.50
128.00,-31.50,39.70
128.25,-31.50,39.64
128.50,-31.50,39.25
128.75,-31.50,38.53
129.00,-31.50,37.59
129.25,-31.50,36.66
129.50,-31.50,35.90
129.75,-31.50,35.44
130.00,-31.50,35.28
130.25,-31.50,35.27
130.50,-31.50,35.27
130.75,-31.50,35.27
131.00,-31.50,35.35
131.25,-31.50,35.69
131.50,-31.50,36.44
131.75,-31.50,37.56
132.00,-31.50,38.89
132.25,-31.50,40.08
132.50,-31.50,40.81
132.75,-31.50,41.15
133.00,-31.50,41.29
133.25,-31.50,41.29
133.50,-31.50,41.15
133.75,-31.50,40.88
134.00,-31.50,40.77
134.25,-31.50,41.19
134.50,-31.50,41.65
134.75,-31.50,41.93
135.00,-31.50,42.16
135.25,-31.50,42.46
135.50,-31.50,42.89
135.75,-31.50,43.44
136.00,-31.50,43.81
136.25,-31.50,43.70
136.50,-31.50,43.32
136.75,-31.50,43.00
137.00,-31.50,42.93
137.25,-31.50,43.07
137.50,-31.50,43.22
137.75,-31.50,43.06
138.00,-31.50,42.45
138.25,-31.50,41.86
138.50,-31.50,41.54
138.75,-31.50,41.25
139.00,-31.50,40.93
139.25,-31.50,40.96
139.50,-31.50,41.32
139.75,-31.50,41.37
140.00,-31.50,40.63
140.25,-31.50,40.14
140.50,-31.50,39.81
140.75,-31.50,39.54
141.00,-31.50,39.43
141.25,-31.50,39.53
141.50,-31.50,39.82
141.75,-31.50,40.18
142.00,-31.50,40.56
142.25,-31.50,41.35
142.50,-31.50,42.30
142.75,-31.50,42.47
143.00,-31.50,40.91
143.25,-31.50,37.55
143.50,-31.50,35.17
143.75,-31.50,33.36
144.00,-31.50,32.40
144.25,-31.50,31.63
144.50,-31.50,30.56
144.75,-31.50,30.37
145.00,-31.50,32.44
145.25,-31.50,37.27
145.50,-31.50,40.01
145.75,-31.50,40.88
146.00,-31.50,41.21
146.25,-31.50,41.45
146.50,-31.50,41.49
146.75,-31.50,41.29
147.00,-31.50,40.81
147.25,-31.50,40.29
147.50,-31.50,40.03
147.75,-31.50,40.02
148.00,-31.50,40.21
148.25,-31.50,40.38
148.50,-31.50,40.35
148.75,-31.50,40.15
149.00,-31.50,39.89
149.25,-31.50,39.76
149.50,-31.50,39.26
149.75,-31.50,39.61
150.00,-31.50,39.37
150.25,-31.50,38.98
150.50,-31.50,38.41
150.75,-31.50,37.67
151.00,-31.50,36.84
151.25,-31.50,36.06
151.50,-31.50,35.40
151.75,-31.50,34.75
152.00,-31.50,33.87
152.25,-31.50,32.87
152.50,-31.50,32.18
152.75,-31.50,31.76
153.00,-31.50,31.09
153.25,-31.50,28.89
153.50,-31.50,23.76
153.75,-31.50,17.98
154.00,-31.50,14.54
154.25,-31.50,13.22
154.50,-31.50,12.87
154.75,-31.50,12.75
155.00,-31.50,12.69
155.25,-31.50,12.70
155.50,-31.50,12.78
155.75,-31.50,12.93
110.25,-31.25,12.06
110.50,-31.25,12.15
110.75,-31.25,12.25
111.00,-31.25,12.34
111.25,-31.25,12.43
111.50,-31.25,12.51
111.75,-31.25,12.62
112.00,-31.25,12.74
112.25,-31.25,12.87
112.50,-31.25,12.97
112.75,-31.25,12.90
113.00,-31.25,12.29
113.25,-31.25,11.65
113.50,-31.25,11.40
113.75,-31.25,11.43
114.00,-31.25,11.97
114.25,-31.25,14.86
114.50,-31.25,25.43
114.75,-31.25,34.28
115.00,-31.25,36.40
115.25,-31.25,36.94
115.50,-31.25,37.28
115.75,-31.25,37.74
116.00,-31.25,38.31
116.25,-31.25,38.74
116.50,-31.25,38.71
116.75,-31.25,38.16
117.00,-31.25,37.39
117.25,-31.25,36.81
117.50,-31.25,36.54
117.75,-31.25,36.51
118.00,-31.25,36.64
118.25,-31.25,36.80
118.50,-31.25,36.90
118.75,-31.25,37.02
119.00,-31.25,37.24
119.25,-31.25,37.41
119.50,-31.25,37.16
119.75,-31.25,36.56
120.00,-31.25,36.18
120.25,-31.25,36.37
120.50,-31.25,36.92
120.75,-31.25,37.41
121.00,-31.25,37.66
121.25,-31.25,37.77
121.50,-31.25,38.01
121.75,-31.25,38.20
122.00,-31.25,38.34
122.25,-31.25,38.73
122.50,-31.25,39.43
122.75,-31.25,40.38
123.00,-31.25,41.83
123.25,-31.25,43.56
123.50,-31.25,44.56
123.75,-31.25,44.45
124.00,-31.25,43.81
124.25,-31.25,43.03
124.50,-31.25,42.08
124.75,-31.25,41.06
125.00,-31.25,40.29
125.25,-31.25,39.98
125.50,-31.25,39.98
125.75,-31.25,40.19
126.00,-31.25,40.50
126.25,-31.25,40.49
126.50,-31.25,40.17
126.75,-31.25,39.98
127.00,-31.25,40.16
127.25,-31.25,40.69
127.50,-31.25,40.83
127.75,-31.25,40.67
128.00,-31.25,40.55
128.25,-31.25,40.45
128.50,-31.25,40.22
128.75,-31.25,39.71
129.00,-31.25,38.94
129.25,-31.25,38.04
129.50,-31.25,37.19
129.75,-31.25,36.56
130.00,-31.25,36.24
130.25,-31.25,36.11
130.50,-31.25,36.05
130.75,-31.25,36.08
131.00,-31.25,36.42
131.25,-31.25,37.50
131.50,-31.25,39.23
131.75,-31.25,40.70
132.00,-31.25,41.26
132.25,-31.25,41.12
132.50,-31.25,40.97
132.75,-31.25,41.17
133.00,-31.25,41.56
133.25,-31.25,42.00
133.50,-31.25,42.28
133.75,-31.25,42.26
134.00,-31.25,42.14
134.25,-31.25,42.33
134.50,-31.25,42.62
134.75,-31.25,42.75
135.00,-31.25,42.82
135.25,-31.25,43.01
135.50,-31.25,43.40
135.75,-31.25,43.94
136.00,-31.25,44.29
136.25,-31.25,44.12
136.50,-31.25,43.57
136.75,-31.25,42.92
137.00,-31.25,42.72
137.25,-31.25,42.95
137.50,-31.25,43.13
137.75,-31.25,43.08
138.00,-31.25,42.60
138.25,-31.25,42.01
138.50,-31.25,41.77
138.75,-31.25,41.76
139.00,-31.25,41.85
139.25,-31.25,41.93
139.50,-31.25,41.89
139.75,-31.25,41.53
140.00,-31.25,41.08
140.25,-31.25,40.95
140.50,-31.25,40.34
140.75,-31.25,39.49
141.00,-31.25,39.33
141.25,-31.25,39.61
141.50,-31.25,40.50
141.75,-31.25,41.39
142.00,-31.25,41.72
142.25,-31.25,41.60
142.50,-31.25,41.56
142.75,-31.25,41.14
143.00,-31.25,39.25
143.25,-31.25,36.47
143.50,-31.25,34.23
143.75,-31.25,32.74
144.00,-31.25,32.36
144.25,-31.25,32.03
144.50,-31.25,31.06
144.75,-31.25,30.52
145.00,-31.25,32.18
145.25,-31.25,36.68
145.50,-31.25,39.52
145.75,-31.25,40.44
146.00,-31.25,40.98
146.25,-31.25,41.44
146.50,-31.25,41.51
146.75,-31.25,41.29
147.00,-31.25,40.79
147.25,-31.25,40.31
147.50,-31.25,40.12
147.75,-31.25,40.20
148.00,-31.25,40.54
148.25,-31.25,40.90
148.50,-31.25,41.00
148.75,-31.25,40.81
149.00,-31.25,40.43
149.25,-31.25,40.11
149.50,-31.25,39.94
149.75,-31.25,39.70
150.00,-31.25,39.23
150.25,-31.25,38.62
150.50,-31.25,37.93
150.75,-31.25,37.15
151.00,-31.25,36.36
151.25,-31.25,35.72
151.50,-31.25,35.28
151.75,-31.25,34.83
152.00,-31.25,34.08
152.25,-31.25,33.09
152.50,-31.25,32.35
152.75,-31.25,31.88
153.00,-31.25,31.11
153.25,-31.25,28.60
153.50,-31.25,23.07
153.75,-31.25,17.36
154.00,-31.25,14.19
154.25,-31.25,13.06
154.50,-31.25,12.80
154.75,-31.25,12.72
155.00,-31.25,12.65
155.25,-31.25,12.65
155.50,-31.25,12.81
155.75,-31.25,13.17
110.25,-31.00,12.09
110.50,-31.00,12.12
110.75,-31.00,12.14
111.00,-31.00,12.16
111.25,-31.00,12.19
111.50,-31.00,12.23
111.75,-31.00,12.32
112.00,-31.00,12.46
112.25,-31.00,12.64
112.50,-31.00,12.84
112.75,-31.00,12.86
113.00,-31.00,12.44
113.25,-31.00,11.93
113.50,-31.00,11.59
113.75,-31.00,11.47
114.00,-31.00,11.78
114.25,-31.00,14.04
114.50,-31.00,24.25
114.75,-31.00,33.99
115.00,-31.00,36.12
115.25,-31.00,36.61
115.50,-31.00,36.90
115.75,-31.00,37.27
116.00,-31.00,37.68
116.25,-31.00,37.87
116.50,-31.00,37.55
116.75,-31.00,36.82
117.00,-31.00,36.05
117.25,-31.00,35.60
117.50,-31.00,35.56
117.75,-31.00,35.75
118.00,-31.00,35.98
118.25,-31.00,36.16
118.50,-31.00,36.31
118.75,-31.00,36.47
119.00,-31.00,36.61
119.25,-31.00,36.61
119.50,-31.00,36.34
119.75,-31.00,36.06
120.00,-31.00,36.24
120.25,-31.00,36.78
120.50,-31.00,37.38
120.75,-31.00,37.91
121.00,-31.00,38.27
121.25,-31.00,38.48
121.50,-31.00,38.72
121.75,-31.00,38.88
122.00,-31.00,38.97
122.25,-31.00,39.12
122.50,-31.00,39.32
122.75,-31.00,39.68
123.00,-31.00,40.92
123.25,-31.00,43.03
123.50,-31.00,44.63
123.75,-31.00,44.68
124.00,-31.00,44.01
124.25,-31.00,43.23
124.50,-31.00,42.26
124.75,-31.00,41.14
125.00,-31.00,40.34
125.25,-31.00,40.14
125.50,-31.00,40.27
125.75,-31.00,40.59
126.00,-31.00,40.89
126.25,-31.00,40.81
126.50,-31.00,40.50
126.75,-31.00,40.39
127.00,-31.00,40.81
127.25,-31.00,41.72
127.50,-31.00,41.85
127.75,-31.00,41.23
128.00,-31.00,40.70
128.25,-31.00,40.44
128.50,-31.00,40.15
128.75,-31.00,39.71
129.00,-31.00,39.59
129.25,-31.00,40.12
129.50,-31.00,40.59
129.75,-31.00,40.12
130.00,-31.00,39.28
130.25,-31.00,38.18
130.50,-31.00,37.61
130.75,-31.00,37.55
131.00,-31.00,38.14
131.25,-31.00,39.76
131.50,-31.00,42.07
131.75,-31.00,43.76
132.00,-31.00,44.28
132.25,-31.00,43.60
132.50,-31.00,42.70
132.75,-31.00,43.11
133.00,-31.00,44.02
133.25,-31.00,44.59
133.50,-31.00,44.62
133.75,-31.00,44.08
134.00,-31.00,43.34
134.25,-31.00,42.94
134.50,-31.00,43.02
134.75,-31.00,43.35
135.00,-31.00,43.59
135.25,-31.00,43.80
135.50,-31.00,44.13
135.75,-31.00,44.51
136.00,-31.00,44.63
136.25,-31.00,44.30
136.50,-31.00,43.48
136.75,-31.00,42.36
137.00,-31.00,42.02
137.25,-31.00,42.41
137.50,-31.00,42.76
137.75,-31.00,42.93
138.00,-31.00,42.91
138.25,-31.00,42.39
138.50,-31.00,42.06
138.75,-31.00,41.92
139.00,-31.00,41.94
139.25,-31.00,41.97
139.50,-31.00,41.84
139.75,-31.00,41.43
140.00,-31.00,41.17
140.25,-31.00,41.10
140.50,-31.00,40.42
140.75,-31.00,39.32
141.00,-31.00,39.00
141.25,-31.00,39.21
141.50,-31.00,40.39
141.75,-31.00,41.83
142.00,-31.00,42.45
142.25,-31.00,42.61
142.50,-31.00,42.51
142.75,-31.00,41.73
143.00,-31.00,40.36
143.25,-31.00,38.84
143.50,-31.00,36.43
143.75,-31.00,33.95
144.00,-31.00,33.20
144.25,-31.00,32.50
144.50,-31.00,31.91
144.75,-31.00,31.86
145.00,-31.00,32.64
145.25,-31.00,35.41
145.50,-31.00,38.17
145.75,-31.00,39.82
146.00,-31.00,40.95
146.25,-31.00,41.62
146.50,-31.00,41.78
146.75,-31.00,41.57
147.00,-31.00,41.05
147.25,-31.00,40.57
147.50,-31.00,40.39
147.75,-31.00,40.47
148.00,-31.00,40.84
148.25,-31.00,41.28
148.50,-31.00,41.45
148.75,-31.00,41.37
149.00,-31.00,41.12
149.25,-31.00,40.85
149.50,-31.00,40.60
149.75,-31.00,40.23
150.00,-31.00,39.51
150.25,-31.00,38.64
150.50,-31.00,37.87
150.75,-31.00,37.13
151.00,-31.00,36.34
151.25,-31.00,35.83
151.50,-31.00,35.62
151.75,-31.00,35.39
152.00,-31.00,34.82
152.25,-31.00,33.83
152.50,-31.00,32.89
152.75,-31.00,32.22
153.00,-31.00,31.24
153.25,-31.00,28.33
153.50,-31.00,22.46
153.75,-31.00,16.95
154.00,-31.00,14.09
154.25,-31.00,13.06
154.50,-31.00,12.80
154.75,-31.00,12.72
155.00,-31.00,12.69
155.25,-31.00,12.75
155.50,-31.00,13.11
155.75,-31.00,13.81
110.25,-30.75,12.04
110.50,-30.75,11.99
110.75,-30.75,11.94
111.00,-30.75,11.90
111.25,-30.75,11.88
111.50,-30.75,11.90
111.75,-30.75,11.96
112.00,-30.75,12.09
112.25,-30.75,12.28
112.50,-30.75,12.59
112.75,-30.75,12.92
113.00,-30.75,12.95
113.25,-30.75,12.76
113.50,-30.75,12.48
113.75,-30.75,12.23
114.00,-30.75,12.43
114.25,-30.75,15.07
114.50,-30.75,25.82
114.75,-30.75,34.34
115.00,-30.75,36.25
115.25,-30.75,36.72
115.50,-30.75,36.97
115.75,-30.75,37.24
116.00,-30.75,37.46
116.25,-30.75,37.31
116.50,-30.75,36.68
116.75,-30.75,35.83
117.00,-30.75,35.07
117.25,-30.75,34.64
117.50,-30.75,34.64
117.75,-30.75,34.90
118.00,-30.75,35.15
118.25,-30.75,35.33
118.50,-30.75,35.52
118.75,-30.75,35.77
119.00,-30.75,36.00
119.25,-30.75,36.04
119.50,-30.75,35.90
119.75,-30.75,36.09
120.00,-30.75,36.81
120.25,-30.75,37.40
120.50,-30.75,37.81
120.75,-30.75,38.29
121.00,-30.75,38.78
121.25,-30.75,39.10
121.50,-30.75,39.22
121.75,-30.75,39.34
122.00,-30.75,39.49
122.25,-30.75,39.65
122.50,-30.75,39.79
122.75,-30.75,39.98
123.00,-30.75,40.83
123.25,-30.75,42.62
123.50,-30.75,44.32
123.75,-30.75,44.70
124.00,-30.75,44.24
124.25,-30.75,43.47
124.50,-30.75,42.31
124.75,-30.75,40.95
125.00,-30.75,40.01
125.25,-30.75,39.71
125.50,-30.75,39.76
125.75,-30.75,40.04
126.00,-30.75,40.45
126.25,-30.75,40.55
126.50,-30.75,40.37
126.75,-30.75,40.34
127.00,-30.75,40.80
127.25,-30.75,41.61
127.50,-30.75,41.67
127.75,-30.75,41.16
128.00,-30.75,40.71
128.25,-30.75,40.45
128.50,-30.75,40.09
128.75,-30.75,39.65
129.00,-30.75,39.76
129.25,-30.75,40.85
129.50,-30.75,41.98
129.75,-30.75,42.32
130.00,-30.75,42.04
130.25,-30.75,41.39
130.50,-30.75,40.86
130.75,-30.75,41.14
131.00,-30.75,41.96
131.25,-30.75,43.02
131.50,-30.75,44.74
131.75,-30.75,46.81
132.00,-30.75,47.75
132.25,-30.75,46.58
132.50,-30.75,45.63
132.75,-30.75,47.34
133.00,-30.75,48.50
133.25,-30.75,48.06
133.50,-30.75,46.65
133.75,-30.75,45.03
134.00,-30.75,43.74
134.25,-30.75,42.98
134.50,-30.75,42.84
134.75,-30.75,43.32
135.00,-30.75,44.13
135.25,-30.75,44.58
135.50,-30.75,44.78
135.75,-30.75,44.76
136.00,-30.75,44.49
136.25,-30.75,43.96
136.50,-30.75,42.95
136.75,-30.75,41.72
137.00,-30.75,41.37
137.25,-30.75,41.86
137.50,-30.75,42.47
137.75,-30.75,43.00
138.00,-30.75,43.26
138.25,-30.75,43.02
138.50,-30.75,42.53
138.75,-30.75,42.09
139.00,-30.75,41.77
139.25,-30.75,41.48
139.50,-30.75,41.13
139.75,-30.75,40.76
140.00,-30.75,40.82
140.25,-30.75,40.87
140.50,-30.75,40.26
140.75,-30.75,39.35
141.00,-30.75,38.83
141.25,-30.75,38.59
141.50,-30.75,38.91
141.75,-30.75,40.46
142.00,-30.75,42.18
142.25,-30.75,43.03
142.50,-30.75,43.33
142.75,-30.75,43.06
143.00,-30.75,42.10
143.25,-30.75,41.28
143.50,-30.75,40.02
143.75,-30.75,36.75
144.00,-30.75,35.23
144.25,-30.75,34.04
144.50,-30.75,33.10
144.75,-30.75,33.27
145.00,-30.75,34.76
145.25,-30.75,37.58
145.50,-30.75,39.21
145.75,-30.75,40.23
146.00,-30.75,41.17
146.25,-30.75,41.91
146.50,-30.75,42.16
146.75,-30.75,41.97
147.00,-30.75,41.43
147.25,-30.75,40.92
147.50,-30.75,40.74
147.75,-30.75,40.82
148.00,-30.75,41.21
148.25,-30.75,41.68
148.50,-30.75,41.91
148.75,-30.75,41.92
149.00,-30.75,41.83
149.25,-30.75,41.67
149.50,-30.75,41.40
149.75,-30.75,41.01
150.00,-30.75,40.32
150.25,-30.75,39.45
150.50,-30.75,38.57
150.75,-30.75,37.69
151.00,-30.75,36.85
151.25,-30.75,36.28
151.50,-30.75,36.06
151.75,-30.75,35.89
152.00,-30.75,35.41
152.25,-30.75,34.44
152.50,-30.75,33.34
152.75,-30.75,32.56
153.00,-30.75,31.65
153.25,-30.75,29.16
153.50,-30.75,23.75
153.75,-30.75,18.14
154.00,-30.75,14.91
154.25,-30.75,13.47
154.50,-30.75,12.89
154.75,-30.75,12.72
155.00,-30.75,12.80
155.25,-30.75,13.14
155.50,-30.75,13.88
155.75,-30.75,14.96
110.25,-30.50,11.92
110.50,-30.50,11.82
110.75,-30.50,11.73
111.00,-30.50,11.67
111.25,-30.50,11.64
111.50,-30.50,11.65
111.75,-30.50,11.69
112.00,-30.50,11.78
112.25,-30.50,11.95
112.50,-30.50,12.36
112.75,-30.50,12.96
113.00,-30.50,13.14
113.25,-30.50,13.14
113.50,-30.50,13.10
113.75,-30.50,13.10
114.00,-30.50,13.58
114.25,-30.50,17.21
114.50,-30.50,28.02
114.75,-30.50,34.87
115.00,-30.50,36.72
115.25,-30.50,37.21
115.50,-30.50,37.37
115.75,-30.50,37.45
116.00,-30.50,37.34
116.25,-30.50,36.84
116.50,-30.50,36.03
116.75,-30.50,35.23
117.00,-30.50,34.56
117.25,-30.50,34.15
117.50,-30.50,34.12
117.75,-30.50,34.36
118.00,-30.50,34.58
118.25,-30.50,34.73
118.50,-30.50,34.89
118.75,-30.50,35.13
119.00,-30.50,35.39
119.25,-30.50,35.52
119.50,-30.50,35.67
119.75,-30.50,36.27
120.00,-30.50,37.17
120.25,-30.50,37.71
120.50,-30.50,38.04
120.75,-30.50,38.47
121.00,-30.50,38.92
121.25,-30.50,39.28
121.50,-30.50,39.46
121.75,-30.50,39.64
122.00,-30.50,39.79
122.25,-30.50,40.01
122.50,-30.50,40.28
122.75,-30.50,40.44
123.00,-30.50,40.85
123.25,-30.50,41.97
123.50,-30.50,43.62
123.75,-30.50,44.46
124.00,-30.50,44.31
124.25,-30.50,43.61
124.50,-30.50,42.26
124.75,-30.50,40.62
125.00,-30.50,39.56
125.25,-30.50,39.22
125.50,-30.50,39.24
125.75,-30.50,39.40
126.00,-30.50,39.63
126.25,-30.50,39.83
126.50,-30.50,39.91
126.75,-30.50,39.99
127.00,-30.50,40.24
127.25,-30.50,40.66
127.50,-30.50,40.87
127.75,-30.50,40.88
128.00,-30.50,40.82
128.25,-30.50,40.71
128.50,-30.50,40.44
128.75,-30.50,39.99
129.00,-30.50,39.94
129.25,-30.50,40.91
129.50,-30.50,41.90
129.75,-30.50,42.26
130.00,-30.50,42.14
130.25,-30.50,41.76
130.50,-30.50,41.56
130.75,-30.50,42.15
131.00,-30.50,43.06
131.25,-30.50,43.92
131.50,-30.50,45.60
131.75,-30.50,48.07
132.00,-30.50,49.17
132.25,-30.50,47.47
132.50,-30.50,46.04
132.75,-30.50,47.75
133.00,-30.50,49.18
133.25,-30.50,48.69
133.50,-30.50,47.10
133.75,-30.50,45.36
134.00,-30.50,44.02
134.25,-30.50,43.16
134.50,-30.50,42.91
134.75,-30.50,43.30
135.00,-30.50,44.22
135.25,-30.50,44.84
135.50,-30.50,44.86
135.75,-30.50,44.40
136.00,-30.50,43.81
136.25,-30.50,43.19
136.50,-30.50,42.20
136.75,-30.50,41.31
137.00,-30.50,41.21
137.25,-30.50,41.90
137.50,-30.50,42.80
137.75,-30.50,43.44
138.00,-30.50,43.73
138.25,-30.50,43.55
138.50,-30.50,43.06
138.75,-30.50,42.38
139.00,-30.50,41.60
139.25,-30.50,40.84
139.50,-30.50,40.15
139.75,-30.50,39.67
140.00,-30.50,39.86
140.25,-30.50,40.08
140.50,-30.50,39.89
140.75,-30.50,39.44
141.00,-30.50,38.77
141.25,-30.50,38.12
141.50,-30.50,37.83
141.75,-30.50,38.22
142.00,-30.50,40.27
142.25,-30.50,42.49
142.50,-30.50,43.27
142.75,-30.50,43.34
143.00,-30.50,42.83
143.25,-30.50,42.03
143.50,-30.50,41.28
143.75,-30.50,38.94
144.00,-30.50,37.43
144.25,-30.50,36.64
144.50,-30.50,35.95
144.75,-30.50,36.10
145.00,-30.50,37.28
145.25,-30.50,39.07
145.50,-30.50,39.85
145.75,-30.50,40.40
146.00,-30.50,41.19
146.25,-30.50,41.96
146.50,-30.50,42.23
146.75,-30.50,42.06
147.00,-30.50,41.51
147.25,-30.50,41.01
147.50,-30.50,40.85
147.75,-30.50,40.96
148.00,-30.50,41.36
148.25,-30.50,41.84
148.50,-30.50,42.08
148.75,-30.50,42.07
149.00,-30.50,41.95
149.25,-30.50,41.80
149.50,-30.50,41.55
149.75,-30.50,41.18
150.00,-30.50,40.47
150.25,-30.50,39.53
150.50,-30.50,38.61
150.75,-30.50,37.62
151.00,-30.50,36.87
151.25,-30.50,36.43
151.50,-30.50,36.25
151.75,-30.50,36.10
152.00,-30.50,35.67
152.25,-30.50,34.73
152.50,-30.50,33.60
152.75,-30.50,32.77
153.00,-30.50,31.96
153.25,-30.50,29.90
153.50,-30.50,25.13
153.75,-30.50,19.50
154.00,-30.50,15.76
154.25,-30.50,13.90
154.50,-30.50,13.11
154.75,-30.50,12.87
155.00,-30.50,12.96
155.25,-30.50,13.48
155.50,-30.50,14.50
155.75,-30.50,15.72
110.25,-30.25,11.78
110.50,-30.25,11.67
110.75,-30.25,11.58
111.00,-30.25,11.52
111.25,-30.25,11.49
111.50,-30.25,11.48
111.75,-30.25,11.50
112.00,-30.25,11.56
112.25,-30.25,11.69
112.50,-30.25,12.09
112.75,-30.25,12.86
113.00,-30.25,13.19
113.25,-30.25,13.25
113.50,-30.25,13.29
113.75,-30.25,13.45
114.00,-30.25,14.31
114.25,-30.25,18.81
114.50,-30.25,28.72
114.75,-30.25,34.91
115.00,-30.25,37.11
115.25,-30.25,37.75
115.50,-30.25,37.89
115.75,-30.25,37.76
116.00,-30.25,37.25
116.25,-30.25,36.38
116.50,-30.25,35.52
116.75,-30.25,34.87
117.00,-30.25,34.36
117.25,-30.25,34.00
117.50,-30.25,33.93
117.75,-30.25,34.11
118.00,-30.25,34.30
118.25,-30.25,34.44
118.50,-30.25,34.58
118.75,-30.25,34.79
119.00,-30.25,34.98
119.25,-30.25,35.08
119.50,-30.25,35.37
119.75,-30.25,36.09
120.00,-30.25,36.92
120.25,-30.25,37.60
120.50,-30.25,38.24
120.75,-30.25,38.87
121.00,-30.25,39.34
121.25,-30.25,39.70
121.50,-30.25,40.01
121.75,-30.25,40.28
122.00,-30.25,40.44
122.25,-30.25,40.63
122.50,-30.25,40.84
122.75,-30.25,40.91
123.00,-30.25,41.02
123.25,-30.25,41.49
123.50,-30.25,42.64
123.75,-30.25,43.78
124.00,-30.25,43.90
124.25,-30.25,43.25
124.50,-30.25,41.89
124.75,-30.25,40.27
125.00,-30.25,39.28
125.25,-30.25,39.01
125.50,-30.25,39.07
125.75,-30.25,39.25
126.00,-30.25,39.43
126.25,-30.25,39.59
126.50,-30.25,39.73
126.75,-30.25,39.87
127.00,-30.25,40.03
127.25,-30.25,40.29
127.50,-30.25,40.57
127.75,-30.25,40.74
128.00,-30.25,40.80
128.25,-30.25,40.77
128.50,-30.25,40.63
128.75,-30.25,40.34
129.00,-30.25,40.25
129.25,-30.25,40.97
129.50,-30.25,41.78
129.75,-30.25,42.02
130.00,-30.25,41.72
130.25,-30.25,41.11
130.50,-30.25,40.54
130.75,-30.25,40.64
131.00,-30.25,41.33
131.25,-30.25,42.10
131.50,-30.25,44.25
131.75,-30.25,47.22
132.00,-30.25,48.24
132.25,-30.25,46.74
132.50,-30.25,45.12
132.75,-30.25,45.73
133.00,-30.25,46.75
133.25,-30.25,46.92
133.50,-30.25,46.32
133.75,-30.25,45.28
134.00,-30.25,44.19
134.25,-30.25,43.34
134.50,-30.25,43.02
134.75,-30.25,43.32
135.00,-30.25,44.12
135.25,-30.25,44.68
135.50,-30.25,44.46
135.75,-30.25,43.69
136.00,-30.25,42.97
136.25,-30.25,42.54
136.50,-30.25,42.22
136.75,-30.25,42.03
137.00,-30.25,42.25
137.25,-30.25,42.76
137.50,-30.25,43.31
137.75,-30.25,43.62
138.00,-30.25,43.69
138.25,-30.25,43.58
138.50,-30.25,43.32
138.75,-30.25,42.76
139.00,-30.25,41.68
139.25,-30.25,40.30
139.50,-30.25,39.03
139.75,-30.25,38.46
140.00,-30.25,38.68
140.25,-30.25,38.85
140.50,-30.25,38.91
140.75,-30.25,38.80
141.00,-30.25,37.99
141.25,-30.25,36.90
141.50,-30.25,36.07
141.75,-30.25,35.69
142.00,-30.25,36.54
142.25,-30.25,39.48
142.50,-30.25,42.19
142.75,-30.25,43.01
143.00,-30.25,42.69
143.25,-30.25,41.88
143.50,-30.25,41.43
143.75,-30.25,40.17
144.00,-30.25,38.74
144.25,-30.25,38.79
144.50,-30.25,39.40
144.75,-30.25,39.29
145.00,-30.25,38.82
145.25,-30.25,39.16
145.50,-30.25,39.63
145.75,-30.25,40.08
146.00,-30.25,40.86
146.25,-30.25,41.64
146.50,-30.25,41.94
146.75,-30.25,41.79
147.00,-30.25,41.32
147.25,-30.25,40.95
147.50,-30.25,40.91
147.75,-30.25,41.10
148.00,-30.25,41.48
148.25,-30.25,41.88
148.50,-30.25,42.06
148.75,-30.25,42.05
149.00,-30.25,41.93
149.25,-30.25,41.77
149.50,-30.25,41.55
149.75,-30.25,41.12
150.00,-30.25,40.20
150.25,-30.25,39.14
150.50,-30.25,38.27
150.75,-30.25,37.35
151.00,-30.25,36.63
151.25,-30.25,36.35
151.50,-30.25,36.28
151.75,-30.25,36.16
152.00,-30.25,35.78
152.25,-30.25,34.98
152.50,-30.25,34.00
152.75,-30.25,33.23
153.00,-30.25,32.35
153.25,-30.25,30.20
153.50,-30.25,25.30
153.75,-30.25,18.98
154.00,-30.25,14.96
154.25,-30.25,13.56
154.50,-30.25,13.16
154.75,-30.25,13.04
155.00,-30.25,13.02
155.25,-30.25,13.24
155.50,-30.25,14.00
155.75,-30.25,14.92
110.25,-30.00,11.67
110.50,-30.00,11.57
110.75,-30.00,11.49
111.00,-30.00,11.43
111.25,-30.00,11.40
111.50,-30.00,11.39
111.75,-30.00,11.41
112.00,-30.00,11.47
112.25,-30.00,11.62
112.50,-30.00,11.90
112.75,-30.00,12.58
113.00,-30.00,13.21
113.25,-30.00,13.41
113.50,-30.00,13.55
113.75,-30.00,14.00
114.00,-30.00,15.78
114.25,-30.00,21.31
114.50,-30.00,28.58
114.75,-30.00,33.91
115.00,-30.00,36.77
115.25,-30.00,37.84
115.50,-30.00,38.10
115.75,-30.00,37.86
116.00,-30.00,37.01
116.25,-30.00,35.90
116.50,-30.00,35.17
116.75,-30.00,34.75
117.00,-30.00,34.43
117.25,-30.00,34.16
117.50,-30.00,34.01
117.75,-30.00,34.07
118.00,-30.00,34.23
118.25,-30.00,34.42
118.50,-30.00,34.69
118.75,-30.00,34.94
119.00,-30.00,34.97
119.25,-30.00,34.84
119.50,-30.00,34.88
119.75,-30.00,35.51
120.00,-30.00,36.58
120.25,-30.00,37.58
120.50,-30.00,38.51
120.75,-30.00,39.33
121.00,-30.00,39.94
121.25,-30.00,40.39
121.50,-30.00,40.75
121.75,-30.00,41.04
122.00,-30.00,41.26
122.25,-30.00,41.44
122.50,-30.00,41.55
122.75,-30.00,41.56
123.00,-30.00,41.54
123.25,-30.00,41.58
123.50,-30.00,41.91
123.75,-30.00,42.49
124.00,-30.00,42.55
124.25,-30.00,41.94
124.50,-30.00,41.29
124.75,-30.00,39.75
125.00,-30.00,39.09
125.25,-30.00,38.92
125.50,-30.00,39.00
125.75,-30.00,39.12
126.00,-30.00,39.24
126.25,-30.00,39.38
126.50,-30.00,39.56
126.75,-30.00,39.77
127.00,-30.00,39.98
127.25,-30.00,40.22
127.50,-30.00,40.44
127.75,-30.00,40.60
128.00,-30.00,40.65
128.25,-30.00,40.60
128.50,-30.00,40.44
128.75,-30.00,40.30
129.00,-30.00,40.75
129.25,-30.00,41.96
129.50,-30.00,42.90
129.75,-30.00,43.19
130.00,-30.00,42.95
130.25,-30.00,42.28
130.50,-30.00,41.45
130.75,-30.00,40.43
131.00,-30.00,39.95
131.25,-30.00,40.13
131.50,-30.00,41.96
131.75,-30.00,44.54
132.00,-30.00,45.28
132.25,-30.00,44.38
132.50,-30.00,43.32
132.75,-30.00,43.84
133.00,-30.00,45.21
133.25,-30.00,46.06
133.50,-30.00,46.12
133.75,-30.00,45.53
134.00,-30.00,44.55
134.25,-30.00,43.60
134.50,-30.00,43.25
134.75,-30.00,43.49
135.00,-30.00,44.22
135.25,-30.00,44.52
135.50,-30.00,44.05
135.75,-30.00,43.18
136.00,-30.00,42.49
136.25,-30.00,42.14
136.50,-30.00,42.28
136.75,-30.00,42.60
137.00,-30.00,42.74
137.25,-30.00,42.76
137.50,-30.00,42.95
137.75,-30.00,43.03
138.00,-30.00,42.97
138.25,-30.00,42.97
138.50,-30.00,43.02
138.75,-30.00,42.79
139.00,-30.00,41.66
139.25,-30.00,39.65
139.50,-30.00,37.99
139.75,-30.00,37.55
140.00,-30.00,37.38
140.25,-30.00,36.89
140.50,-30.00,36.88
140.75,-30.00,36.80
141.00,-30.00,35.89
141.25,-30.00,34.58
141.50,-30.00,33.59
141.75,-30.00,33.07
142.00,-30.00,33.41
142.25,-30.00,35.05
142.50,-30.00,37.90
142.75,-30.00,40.08
143.00,-30.00,40.49
143.25,-30.00,40.53
143.50,-30.00,40.53
143.75,-30.00,40.29
144.00,-30.00,39.86
144.25,-30.00,40.46
144.50,-30.00,41.12
144.75,-30.00,40.74
145.00,-30.00,39.05
145.25,-30.00,38.26
145.50,-30.00,38.51
145.75,-30.00,39.03
146.00,-30.00,39.93
146.25,-30.00,40.81
146.50,-30.00,41.17
146.75,-30.00,41.13
147.00,-30.00,40.96
147.25,-30.00,40.98
147.50,-30.00,41.23
147.75,-30.00,41.57
148.00,-30.00,41.90
148.25,-30.00,42.09
148.50,-30.00,42.12
148.75,-30.00,42.08
149.00,-30.00,42.09
149.25,-30.00,42.14
149.50,-30.00,42.02
149.75,-30.00,41.48
150.00,-30.00,40.38
150.25,-30.00,39.27
150.50,-30.00,38.44
150.75,-30.00,37.52
151.00,-30.00,36.71
151.25,-30.00,36.38
151.50,-30.00,36.31
151.75,-30.00,36.20
152.00,-30.00,35.93
152.25,-30.00,35.49
152.50,-30.00,35.01
152.75,-30.00,34.49
153.00,-30.00,33.49
153.25,-30.00,30.85
153.50,-30.00,24.61
153.75,-30.00,16.91
154.00,-30.00,13.89
154.25,-30.00,13.24
154.50,-30.00,13.11
154.75,-30.00,13.05
155.00,-30.00,13.00
155.25,-30.00,13.00
155.50,-30.00,13.24
155.75,-30.00,13.62
110.25,-29.75,11.60
110.50,-29.75,11.51
110.75,-29.75,11.44
111.00,-29.75,11.39
111.25,-29.75,11.36
111.50,-29.75,11.35
111.75,-29.75,11.39
112.00,-29.75,11.53
112.25,-29.75,11.81
112.50,-29.75,12.06
112.75,-29.75,12.41
113.00,-29.75,13.22
113.25,-29.75,14.11
113.50,-29.75,14.85
113.75,-29.75,16.41
114.00,-29.75,19.97
114.25,-29.75,24.75
114.50,-29.75,28.62
114.75,-29.75,32.17
115.00,-29.75,35.22
115.25,-29.75,37.00
115.50,-29.75,37.74
115.75,-29.75,37.77
116.00,-29.75,37.04
116.25,-29.75,35.94
116.50,-29.75,35.21
116.75,-29.75,34.85
117.00,-29.75,34.63
117.25,-29.75,34.45
117.50,-29.75,34.28
117.75,-29.75,34.24
118.00,-29.75,34.43
118.25,-29.75,34.82
118.50,-29.75,35.18
118.75,-29.75,35.26
119.00,-29.75,35.09
119.25,-29.75,34.82
119.50,-29.75,34.64
119.75,-29.75,34.83
120.00,-29.75,35.92
120.25,-29.75,37.62
120.50,-29.75,39.07
120.75,-29.75,40.11
121.00,-29.75,40.76
121.25,-29.75,41.16
121.50,-29.75,41.41
121.75,-29.75,41.61
122.00,-29.75,41.81
122.25,-29.75,42.02
122.50,-29.75,42.14
122.75,-29.75,42.16
123.00,-29.75,42.11
123.25,-29.75,42.00
123.50,-29.75,41.76
123.75,-29.75,41.30
124.00,-29.75,40.80
124.25,-29.75,40.30
124.50,-29.75,39.74
124.75,-29.75,39.33
125.00,-29.75,39.06
125.25,-29.75,38.93
125.50,-29.75,38.91
125.75,-29.75,38.95
126.00,-29.75,39.04
126.25,-29.75,39.22
126.50,-29.75,39.46
126.75,-29.75,39.73
127.00,-29.75,40.01
127.25,-29.75,40.28
127.50,-29.75,40.50
127.75,-29.75,40.62
128.00,-29.75,40.64
128.25,-29.75,40.57
128.50,-29.75,40.46
128.75,-29.75,40.53
129.00,-29.75,41.34
129.25,-29.75,42.85
129.50,-29.75,43.59
129.75,-29.75,43.76
130.00,-29.75,43.62
130.25,-29.75,43.06
130.50,-29.75,41.99
130.75,-29.75,41.05
131.00,-29.75,40.53
131.25,-29.75,40.50
131.50,-29.75,41.37
131.75,-29.75,42.73
132.00,-29.75,43.12
132.25,-29.75,42.64
132.50,-29.75,42.53
132.75,-29.75,43.74
133.00,-29.75,45.30
133.25,-29.75,46.24
133.50,-29.75,46.49
133.75,-29.75,46.20
134.00,-29.75,45.43
134.25,-29.75,44.52
134.50,-29.75,44.22
134.75,-29.75,44.22
135.00,-29.75,44.40
135.25,-29.75,44.32
135.50,-29.75,43.73
135.75,-29.75,42.95
136.00,-29.75,42.34
136.25,-29.75,42.00
136.50,-29.75,41.98
136.75,-29.75,42.15
137.00,-29.75,42.19
137.25,-29.75,42.07
137.50,-29.75,42.13
137.75,-29.75,42.20
138.00,-29.75,42.09
138.25,-29.75,41.99
138.50,-29.75,42.04
138.75,-29.75,41.95
139.00,-29.75,40.86
139.25,-29.75,38.65
139.50,-29.75,37.09
139.75,-29.75,36.47
140.00,-29.75,35.59
140.25,-29.75,34.97
140.50,-29.75,35.18
140.75,-29.75,35.11
141.00,-29.75,34.26
141.25,-29.75,33.17
141.50,-29.75,32.45
141.75,-29.75,32.11
142.00,-29.75,32.39
142.25,-29.75,33.48
142.50,-29.75,35.05
142.75,-29.75,36.64
143.00,-29.75,38.11
143.25,-29.75,39.06
143.50,-29.75,39.42
143.75,-29.75,39.64
144.00,-29.75,39.95
144.25,-29.75,40.41
144.50,-29.75,40.68
144.75,-29.75,39.89
145.00,-29.75,38.12
145.25,-29.75,37.39
145.50,-29.75,37.49
145.75,-29.75,38.04
146.00,-29.75,39.14
146.25,-29.75,40.20
146.50,-29.75,40.65
146.75,-29.75,40.76
147.00,-29.75,40.90
147.25,-29.75,41.25
147.50,-29.75,41.67
147.75,-29.75,42.05
148.00,-29.75,42.32
148.25,-29.75,42.41
148.50,-29.75,42.35
148.75,-29.75,42.33
149.00,-29.75,42.54
149.25,-29.75,42.84
149.50,-29.75,42.82
149.75,-29.75,42.25
150.00,-29.75,41.04
150.25,-29.75,39.91
150.50,-29.75,39.16
150.75,-29.75,38.30
151.00,-29.75,37.30
151.25,-29.75,36.73
151.50,-29.75,36.53
151.75,-29.75,36.41
152.00,-29.75,36.29
152.25,-29.75,36.24
152.50,-29.75,36.19
152.75,-29.75,35.89
153.00,-29.75,34.91
153.25,-29.75,32.16
153.50,-29.75,24.77
153.75,-29.75,16.12
154.00,-29.75,13.62
154.25,-29.75,13.18
154.50,-29.75,13.10
154.75,-29.75,13.06
155.00,-29.75,12.98
155.25,-29.75,12.91
155.50,-29.75,12.91
155.75,-29.75,13.00
110.25,-29.50,11.56
110.50,-29.50,11.48
110.75,-29.50,11.42
111.00,-29.50,11.34
111.25,-29.50,11.35
111.50,-29.50,11.35
111.75,-29.50,11.44
112.00,-29.50,11.73
112.25,-29.50,12.08
112.50,-29.50,12.27
112.75,-29.50,12.47
113.00,-29.50,13.22
113.25,-29.50,15.51
113.50,-29.50,17.68
113.75,-29.50,21.49
114.00,-29.50,23.79
114.25,-29.50,27.01
114.50,-29.50,29.08
114.75,-29.50,31.14
115.00,-29.50,33.63
115.25,-29.50,36.11
115.50,-29.50,37.75
115.75,-29.50,38.44
116.00,-29.50,38.32
116.25,-29.50,37.36
116.50,-29.50,36.07
116.75,-29.50,35.20
117.00,-29.50,34.81
117.25,-29.50,34.62
117.50,-29.50,34.47
117.75,-29.50,34.55
118.00,-29.50,34.94
118.25,-29.50,35.38
118.50,-29.50,35.55
118.75,-29.50,35.46
119.00,-29.50,35.23
119.25,-29.50,34.94
119.50,-29.50,34.71
119.75,-29.50,34.85
120.00,-29.50,35.92
120.25,-29.50,38.16
120.50,-29.50,40.07
120.75,-29.50,41.12
121.00,-29.50,41.59
121.25,-29.50,41.79
121.50,-29.50,41.88
121.75,-29.50,41.94
122.00,-29.50,42.08
122.25,-29.50,42.28
122.50,-29.50,42.41
122.75,-29.50,42.45
123.00,-29.50,42.42
123.25,-29.50,42.28
123.50,-29.50,41.85
123.75,-29.50,41.02
124.00,-29.50,40.30
124.25,-29.50,39.95
124.50,-29.50,39.74
124.75,-29.50,39.51
125.00,-29.50,39.26
125.25,-29.50,38.92
125.50,-29.50,38.78
125.75,-29.50,38.80
126.00,-29.50,39.08
126.25,-29.50,39.18
126.50,-29.50,39.47
126.75,-29.50,39.78
127.00,-29.50,40.11
127.25,-29.50,40.45
127.50,-29.50,40.54
127.75,-29.50,40.94
128.00,-29.50,40.83
128.25,-29.50,41.12
128.50,-29.50,41.30
128.75,-29.50,41.61
129.00,-29.50,42.86
129.25,-29.50,43.52
129.50,-29.50,43.95
129.75,-29.50,43.84
130.00,-29.50,43.89
130.25,-29.50,43.44
130.50,-29.50,42.32
130.75,-29.50,41.25
131.00,-29.50,41.02
131.25,-29.50,40.83
131.50,-29.50,41.22
131.75,-29.50,41.36
132.00,-29.50,41.82
132.25,-29.50,42.13
132.50,-29.50,43.10
132.75,-29.50,43.58
133.00,-29.50,44.80
133.25,-29.50,45.57
133.50,-29.50,45.89
133.75,-29.50,45.92
134.00,-29.50,45.63
134.25,-29.50,45.27
134.50,-29.50,45.25
134.75,-29.50,44.89
135.00,-29.50,44.21
135.25,-29.50,43.71
135.50,-29.50,43.12
135.75,-29.50,42.58
136.00,-29.50,42.20
136.25,-29.50,41.83
136.50,-29.50,41.59
136.75,-29.50,41.52
137.00,-29.50,41.54
137.25,-29.50,41.53
137.50,-29.50,41.57
137.75,-29.50,41.57
138.00,-29.50,41.37
138.25,-29.50,41.02
138.50,-29.50,40.87
138.75,-29.50,40.50
139.00,-29.50,39.62
139.25,-29.50,37.55
139.50,-29.50,36.33
139.75,-29.50,35.09
140.00,-29.50,34.49
140.25,-29.50,34.55
140.50,-29.50,33.35
140.75,-29.50,34.60
141.00,-29.50,33.87
141.25,-29.50,33.02
141.50,-29.50,32.49
141.75,-29.50,32.29
142.00,-29.50,32.66
142.25,-29.50,33.71
142.50,-29.50,34.97
142.75,-29.50,36.19
143.00,-29.50,37.55
143.25,-29.50,38.59
143.50,-29.50,39.38
143.75,-29.50,39.36
144.00,-29.50,39.79
144.25,-29.50,39.86
144.50,-29.50,37.53
144.75,-29.50,38.34
145.00,-29.50,37.40
145.25,-29.50,37.03
145.50,-29.50,37.13
145.75,-29.50,37.70
146.00,-29.50,38.89
146.25,-29.50,40.05
146.50,-29.50,39.01
146.75,-29.50,40.71
147.00,-29.50,40.97
147.25,-29.50,41.43
147.50,-29.50,41.88
147.75,-29.50,42.26
148.00,-29.50,42.50
148.25,-29.50,42.57
148.50,-29.50,42.95
148.75,-29.50,42.52
149.00,-29.50,42.79
149.25,-29.50,43.11
149.50,-29.50,40.32
149.75,-29.50,42.50
150.00,-29.50,41.29
150.25,-29.50,40.20
150.50,-29.50,39.56
150.75,-29.50,38.80
151.00,-29.50,37.88
151.25,-29.50,37.08
151.50,-29.50,36.80
151.75,-29.50,36.63
152.00,-29.50,36.58
152.25,-29.50,36.54
152.50,-29.50,35.36
152.75,-29.50,36.18
153.00,-29.50,35.19
153.25,-29.50,32.82
153.50,-29.50,26.90
153.75,-29.50,17.69
154.00,-29.50,14.01
154.25,-29.50,13.29
154.50,-29.50,13.15
154.75,-29.50,13.08
155.00,-29.50,13.00
155.25,-29.50,12.89
155.50,-29.50,12.86
155.75,-29.50,12.90
110.25,-29.25,11.54
110.50,-29.25,11.47
110.75,-29.25,11.42
111.00,-29.25,11.38
111.25,-29.25,11.35
111.50,-29.25,11.37
111.75,-29.25,11.53
112.00,-29.25,11.91
112.25,-29.25,12.22
112.50,-29.25,12.39
112.75,-29.25,12.61
113.00,-29.25,13.49
113.25,-29.25,16.62
113.50,-29.25,21.22
113.75,-29.25,24.32
114.00,-29.25,26.50
114.25,-29.25,28.15
114.50,-29.25,29.55
114.75,-29.25,31.13
115.00,-29.25,33.57
115.25,-29.25,36.25
115.50,-29.25,37.88
115.75,-29.25,38.61
116.00,-29.25,38.79
116.25,-29.25,38.39
116.50,-29.25,37.17
116.75,-29.25,35.54
117.00,-29.25,34.42
117.25,-29.25,33.94
117.50,-29.25,33.86
117.75,-29.25,34.22
118.00,-29.25,34.96
118.25,-29.25,35.47
118.50,-29.25,35.64
118.75,-29.25,35.60
119.00,-29.25,35.47
119.25,-29.25,35.34
119.50,-29.25,35.45
119.75,-29.25,36.18
120.00,-29.25,37.52
120.25,-29.25,38.73
120.50,-29.25,39.87
120.75,-29.25,40.93
121.00,-29.25,41.56
121.25,-29.25,41.78
121.50,-29.25,41.84
121.75,-29.25,41.91
122.00,-29.25,42.12
122.25,-29.25,42.35
122.50,-29.25,42.46
122.75,-29.25,42.50
123.00,-29.25,42.51
123.25,-29.25,42.44
123.50,-29.25,42.14
123.75,-29.25,41.36
124.00,-29.25,40.67
124.25,-29.25,41.34
124.50,-29.25,41.08
124.75,-29.25,40.57
125.00,-29.25,40.00
125.25,-29.25,39.09
125.50,-29.25,38.71
125.75,-29.25,38.74
126.00,-29.25,38.94
126.25,-29.25,39.24
126.50,-29.25,39.57
126.75,-29.25,39.89
127.00,-29.25,40.21
127.25,-29.25,40.55
127.50,-29.25,40.89
127.75,-29.25,41.22
128.00,-29.25,41.65
128.25,-29.25,42.37
128.50,-29.25,43.33
128.75,-29.25,44.09
129.00,-29.25,44.27
129.25,-29.25,44.04
129.50,-29.25,43.98
129.75,-29.25,43.87
130.00,-29.25,43.77
130.25,-29.25,43.60
130.50,-29.25,42.85
130.75,-29.25,42.02
131.00,-29.25,41.86
131.25,-29.25,41.81
131.50,-29.25,41.80
131.75,-29.25,41.94
132.00,-29.25,42.40
132.25,-29.25,42.81
132.50,-29.25,43.02
132.75,-29.25,43.17
133.00,-29.25,43.35
133.25,-29.25,43.51
133.50,-29.25,43.67
133.75,-29.25,43.85
134.00,-29.25,43.90
134.25,-29.25,44.05
134.50,-29.25,44.36
134.75,-29.25,44.06
135.00,-29.25,43.24
135.25,-29.25,42.70
135.50,-29.25,42.20
135.75,-29.25,41.84
136.00,-29.25,41.62
136.25,-29.25,41.41
136.50,-29.25,41.17
136.75,-29.25,40.99
137.00,-29.25,40.93
137.25,-29.25,40.96
137.50,-29.25,41.04
137.75,-29.25,41.00
138.00,-29.25,40.68
138.25,-29.25,40.23
138.50,-29.25,39.88
138.75,-29.25,39.53
139.00,-29.25,38.71
139.25,-29.25,37.17
139.50,-29.25,35.67
139.75,-29.25,34.67
140.00,-29.25,34.14
140.25,-29.25,34.06
140.50,-29.25,34.16
140.75,-29.25,34.12
141.00,-29.25,33.76
141.25,-29.25,33.30
141.50,-29.25,33.00
141.75,-29.25,32.94
142.00,-29.25,33.42
142.25,-29.25,34.46
142.50,-29.25,35.50
142.75,-29.25,36.43
143.00,-29.25,37.58
143.25,-29.25,38.50
143.50,-29.25,38.93
143.75,-29.25,39.26
144.00,-29.25,39.68
144.25,-29.25,39.61
144.50,-29.25,38.84
144.75,-29.25,37.88
145.00,-29.25,37.18
145.25,-29.25,36.91
145.50,-29.25,37.04
145.75,-29.25,37.60
146.00,-29.25,38.76
146.25,-29.25,39.89
146.50,-29.25,40.39
146.75,-29.25,40.60
147.00,-29.25,40.96
147.25,-29.25,41.51
147.50,-29.25,41.99
147.75,-29.25,42.35
148.00,-29.25,42.57
148.25,-29.25,42.64
148.50,-29.25,42.64
148.75,-29.25,42.71
149.00,-29.25,42.90
149.25,-29.25,43.00
149.50,-29.25,42.81
149.75,-29.25,42.15
150.00,-29.25,40.95
150.25,-29.25,39.95
150.50,-29.25,39.39
150.75,-29.25,38.70
151.00,-29.25,37.76
151.25,-29.25,37.10
151.50,-29.25,36.79
151.75,-29.25,36.58
152.00,-29.25,36.43
152.25,-29.25,36.34
152.50,-29.25,36.17
152.75,-29.25,35.63
153.00,-29.25,34.41
153.25,-29.25,32.48
153.50,-29.25,29.74
153.75,-29.25,23.79
154.00,-29.25,16.77
154.25,-29.25,14.10
154.50,-29.25,13.45
154.75,-29.25,13.24
155.00,-29.25,13.08
155.25,-29.25,12.93
155.50,-29.25,12.76
155.75,-29.25,12.97
110.25,-29.00,11.54
110.50,-29.00,11.47
110.75,-29.00,11.42
111.00,-29.00,11.38
111.25,-29.00,11.36
111.50,-29.00,11.39
111.75,-29.00,11.58
112.00,-29.00,11.98
112.25,-29.00,12.33
112.50,-29.00,12.58
112.75,-29.00,13.05
113.00,-29.00,14.66
113.25,-29.00,18.90
113.50,-29.00,23.40
113.75,-29.00,26.01
114.00,-29.00,27.68
114.25,-29.00,28.84
114.50,-29.00,29.85
114.75,-29.00,31.31
115.00,-29.00,33.56
115.25,-29.00,35.52
115.50,-29.00,36.67
115.75,-29.00,37.33
116.00,-29.00,37.60
116.25,-29.00,37.24
116.50,-29.00,35.82
116.75,-29.00,33.70
117.00,-29.00,32.22
117.25,-29.00,31.82
117.50,-29.00,32.12
117.75,-29.00,32.89
118.00,-29.00,33.98
118.25,-29.00,34.87
118.50,-29.00,35.34
118.75,-29.00,35.54
119.00,-29.00,35.69
119.25,-29.00,36.06
119.50,-29.00,36.95
119.75,-29.00,37.97
120.00,-29.00,38.42
120.25,-29.00,38.63
120.50,-29.00,39.13
120.75,-29.00,40.08
121.00,-29.00,40.95
121.25,-29.00,41.24
121.50,-29.00,41.38
121.75,-29.00,41.57
122.00,-29.00,41.86
122.25,-29.00,42.20
122.50,-29.00,42.47
122.75,-29.00,42.61
123.00,-29.00,42.67
123.25,-29.00,42.63
123.50,-29.00,42.37
123.75,-29.00,41.63
124.00,-29.00,41.53
124.25,-29.00,43.86
124.50,-29.00,43.66
124.75,-29.00,42.88
125.00,-29.00,41.63
125.25,-29.00,39.31
125.50,-29.00,38.72
125.75,-29.00,38.76
126.00,-29.00,39.01
126.25,-29.00,39.33
126.50,-29.00,39.65
126.75,-29.00,39.95
127.00,-29.00,40.24
127.25,-29.00,40.55
127.50,-29.00,40.91
127.75,-29.00,41.44
128.00,-29.00,42.43
128.25,-29.00,43.98
128.50,-29.00,45.29
128.75,-29.00,45.92
129.00,-29.00,45.92
129.25,-29.00,44.94
129.50,-29.00,44.44
129.75,-29.00,44.32
130.00,-29.00,44.04
130.25,-29.00,43.89
130.50,-29.00,43.75
130.75,-29.00,43.78
131.00,-29.00,43.89
131.25,-29.00,43.79
131.50,-29.00,43.57
131.75,-29.00,43.22
132.00,-29.00,43.13
132.25,-29.00,43.27
132.50,-29.00,43.27
132.75,-29.00,42.94
133.00,-29.00,42.19
133.25,-29.00,41.47
133.50,-29.00,41.23
133.75,-29.00,41.37
134.00,-29.00,41.43
134.25,-29.00,41.62
134.50,-29.00,42.22
134.75,-29.00,42.46
135.00,-29.00,42.20
135.25,-29.00,41.80
135.50,-29.00,41.40
135.75,-29.00,41.09
136.00,-29.00,40.96
136.25,-29.00,40.90
136.50,-29.00,40.78
136.75,-29.00,40.61
137.00,-29.00,40.48
137.25,-29.00,40.42
137.50,-29.00,40.41
137.75,-29.00,40.31
138.00,-29.00,39.99
138.25,-29.00,39.65
138.50,-29.00,39.44
138.75,-29.00,39.25
139.00,-29.00,38.80
139.25,-29.00,37.66
139.50,-29.00,35.68
139.75,-29.00,33.93
140.00,-29.00,33.13
140.25,-29.00,32.98
140.50,-29.00,33.07
140.75,-29.00,33.29
141.00,-29.00,33.68
141.25,-29.00,34.10
141.50,-29.00,34.27
141.75,-29.00,34.37
142.00,-29.00,34.85
142.25,-29.00,35.74
142.50,-29.00,36.48
142.75,-29.00,37.11
143.00,-29.00,37.90
143.25,-29.00,38.56
143.50,-29.00,38.89
143.75,-29.00,39.22
144.00,-29.00,39.70
144.25,-29.00,39.77
144.50,-29.00,39.12
144.75,-29.00,38.16
145.00,-29.00,37.42
145.25,-29.00,37.16
145.50,-29.00,37.32
145.75,-29.00,37.81
146.00,-29.00,38.69
146.25,-29.00,39.55
146.50,-29.00,39.99
146.75,-29.00,40.31
147.00,-29.00,40.93
147.25,-29.00,41.67
147.50,-29.00,42.13
147.75,-29.00,42.40
148.00,-29.00,42.58
148.25,-29.00,42.70
148.50,-29.00,42.83
148.75,-29.00,42.98
149.00,-29.00,42.98
149.25,-29.00,42.66
149.50,-29.00,42.34
149.75,-29.00,41.20
150.00,-29.00,40.00
150.25,-29.00,39.17
150.50,-29.00,38.76
150.75,-29.00,38.22
151.00,-29.00,37.50
151.25,-29.00,37.01
151.50,-29.00,36.74
151.75,-29.00,36.50
152.00,-29.00,36.31
152.25,-29.00,36.13
152.50,-29.00,35.76
152.75,-29.00,34.90
153.00,-29.00,33.47
153.25,-29.00,32.04
153.50,-29.00,31.07
153.75,-29.00,29.61
154.00,-29.00,25.37
154.25,-29.00,19.04
154.50,-29.00,15.47
154.75,-29.00,14.24
155.00,-29.00,13.73
155.25,-29.00,13.34
155.50,-29.00,12.90
155.75,-29.00,12.91
110.25,-28.75,11.52
110.50,-28.75,11.47
110.75,-28.75,11.41
111.00,-28.75,11.37
111.25,-28.75,11.36
111.50,-28.75,11.42
111.75,-28.75,11.66
112.00,-28.75,12.16
112.25,-28.75,12.77
112.50,-28.75,13.47
112.75,-28.75,14.89
113.00,-28.75,18.10
113.25,-28.75,22.45
113.50,-28.75,25.47
113.75,-28.75,27.18
114.00,-28.75,28.30
114.25,-28.75,29.09
114.50,-28.75,29.93
114.75,-28.75,31.39
115.00,-28.75,33.21
115.25,-28.75,34.32
115.50,-28.75,34.92
115.75,-28.75,35.32
116.00,-28.75,35.44
116.25,-28.75,34.86
116.50,-28.75,33.30
116.75,-28.75,31.72
117.00,-28.75,31.05
117.25,-28.75,31.11
117.50,-28.75,31.53
117.75,-28.75,32.17
118.00,-28.75,33.06
118.25,-28.75,33.99
118.50,-28.75,34.74
118.75,-28.75,35.24
119.00,-28.75,35.70
119.25,-28.75,36.54
119.50,-28.75,37.82
119.75,-28.75,38.54
120.00,-28.75,38.48
120.25,-28.75,38.31
120.50,-28.75,38.49
120.75,-28.75,39.23
121.00,-28.75,40.37
121.25,-28.75,41.17
121.50,-28.75,41.62
121.75,-28.75,41.86
122.00,-28.75,41.88
122.25,-28.75,41.94
122.50,-28.75,42.21
122.75,-28.75,42.54
123.00,-28.75,42.72
123.25,-28.75,42.64
123.50,-28.75,42.28
123.75,-28.75,41.48
124.00,-28.75,41.22
124.25,-28.75,44.58
124.50,-28.75,45.47
124.75,-28.75,44.80
125.00,-28.75,42.51
125.25,-28.75,39.34
125.50,-28.75,38.83
125.75,-28.75,38.88
126.00,-28.75,39.09
126.25,-28.75,39.37
126.50,-28.75,39.64
126.75,-28.75,39.90
127.00,-28.75,40.16
127.25,-28.75,40.47
127.50,-28.75,40.88
127.75,-28.75,41.63
128.00,-28.75,43.19
128.25,-28.75,45.10
128.50,-28.75,46.18
128.75,-28.75,46.57
129.00,-28.75,46.54
129.25,-28.75,45.58
129.50,-28.75,44.80
129.75,-28.75,44.60
130.00,-28.75,44.28
130.25,-28.75,43.99
130.50,-28.75,44.03
130.75,-28.75,44.37
131.00,-28.75,44.62
131.25,-28.75,44.71
131.50,-28.75,44.81
131.75,-28.75,44.66
132.00,-28.75,43.85
132.25,-28.75,43.46
132.50,-28.75,43.36
132.75,-28.75,42.93
133.00,-28.75,41.84
133.25,-28.75,40.56
133.50,-28.75,40.02
133.75,-28.75,40.10
134.00,-28.75,39.28
134.25,-28.75,38.58
134.50,-28.75,39.54
134.75,-28.75,41.41
135.00,-28.75,41.76
135.25,-28.75,41.36
135.50,-28.75,40.88
135.75,-28.75,40.52
136.00,-28.75,40.40
136.25,-28.75,40.44
136.50,-28.75,40.45
136.75,-28.75,40.34
137.00,-28.75,40.15
137.25,-28.75,39.95
137.50,-28.75,39.76
137.75,-28.75,39.52
138.00,-28.75,39.30
138.25,-28.75,39.20
138.50,-28.75,39.13
138.75,-28.75,39.05
139.00,-28.75,38.82
139.25,-28.75,38.01
139.50,-28.75,35.56
139.75,-28.75,33.15
140.00,-28.75,32.50
140.25,-28.75,32.45
140.50,-28.75,32.55
140.75,-28.75,32.88
141.00,-28.75,33.78
141.25,-28.75,34.99
141.50,-28.75,35.61
141.75,-28.75,35.85
142.00,-28.75,36.25
142.25,-28.75,36.87
142.50,-28.75,37.33
142.75,-28.75,37.69
143.00,-28.75,38.19
143.25,-28.75,38.64
143.50,-28.75,38.91
143.75,-28.75,39.25
144.00,-28.75,39.85
144.25,-28.75,40.28
144.50,-28.75,40.07
144.75,-28.75,39.31
145.00,-28.75,38.42
145.25,-28.75,37.96
145.50,-28.75,37.97
145.75,-28.75,38.24
146.00,-28.75,38.76
146.25,-28.75,39.33
146.50,-28.75,39.69
146.75,-28.75,40.12
147.00,-28.75,41.01
147.25,-28.75,41.92
147.50,-28.75,42.34
147.75,-28.75,42.47
148.00,-28.75,42.55
148.25,-28.75,42.73
148.50,-28.75,42.96
148.75,-28.75,43.09
149.00,-28.75,42.85
149.25,-28.75,42.09
149.50,-28.75,41.30
149.75,-28.75,40.48
150.00,-28.75,39.37
150.25,-28.75,38.69
150.50,-28.75,38.40
150.75,-28.75,38.02
151.00,-28.75,37.50
151.25,-28.75,37.13
151.50,-28.75,36.88
151.75,-28.75,36.62
152.00,-28.75,36.37
152.25,-28.75,36.11
152.50,-28.75,35.59
152.75,-28.75,34.53
153.00,-28.75,33.06
153.25,-28.75,31.97
153.50,-28.75,31.54
153.75,-28.75,31.18
154.00,-28.75,29.89
154.25,-28.75,26.27
154.50,-28.75,20.91
154.75,-28.75,17.38
155.00,-28.75,15.66
155.25,-28.75,14.41
155.50,-28.75,13.31
155.75,-28.75,12.76
110.25,-28.50,11.49
110.50,-28.50,11.44
110.75,-28.50,11.37
111.00,-28.50,11.33
111.25,-28.50,11.36
111.50,-28.50,11.55
111.75,-28.50,12.08
112.00,-28.50,13.03
112.25,-28.50,14.47
112.50,-28.50,16.43
112.75,-28.50,19.28
113.00,-28.50,22.69
113.25,-28.50,25.37
113.50,-28.50,27.01
113.75,-28.50,27.97
114.00,-28.50,28.59
114.25,-28.50,29.11
114.50,-28.50,29.86
114.75,-28.50,31.35
115.00,-28.50,32.91
115.25,-28.50,33.62
115.50,-28.50,33.90
115.75,-28.50,34.02
116.00,-28.50,33.91
116.25,-28.50,33.19
116.50,-28.50,31.89
116.75,-28.50,30.98
117.00,-28.50,30.80
117.25,-28.50,31.04
117.50,-28.50,31.45
117.75,-28.50,31.94
118.00,-28.50,32.53
118.25,-28.50,33.09
118.50,-28.50,33.79
118.75,-28.50,34.59
119.00,-28.50,35.50
119.25,-28.50,36.69
119.50,-28.50,38.00
119.75,-28.50,38.50
120.00,-28.50,38.20
120.25,-28.50,37.79
120.50,-28.50,37.76
120.75,-28.50,38.35
121.00,-28.50,39.67
121.25,-28.50,41.15
121.50,-28.50,42.07
121.75,-28.50,42.41
122.00,-28.50,42.41
122.25,-28.50,42.29
122.50,-28.50,42.31
122.75,-28.50,42.47
123.00,-28.50,42.48
123.25,-28.50,42.21
123.50,-28.50,41.82
123.75,-28.50,41.48
124.00,-28.50,41.51
124.25,-28.50,42.89
124.50,-28.50,44.51
124.75,-28.50,44.26
125.00,-28.50,43.48
125.25,-28.50,40.98
125.50,-28.50,39.11
125.75,-28.50,39.08
126.00,-28.50,39.33
126.25,-28.50,39.45
126.50,-28.50,39.67
126.75,-28.50,39.89
127.00,-28.50,40.14
127.25,-28.50,40.46
127.50,-28.50,40.92
127.75,-28.50,41.79
128.00,-28.50,43.56
128.25,-28.50,45.48
128.50,-28.50,46.43
128.75,-28.50,46.74
129.00,-28.50,46.79
129.25,-28.50,46.43
129.50,-28.50,45.58
129.75,-28.50,44.93
130.00,-28.50,44.45
130.25,-28.50,43.86
130.50,-28.50,44.11
130.75,-28.50,44.31
131.00,-28.50,44.57
131.25,-28.50,44.83
131.50,-28.50,45.17
131.75,-28.50,45.32
132.00,-28.50,44.70
132.25,-28.50,43.55
132.50,-28.50,43.28
132.75,-28.50,42.91
133.00,-28.50,41.99
133.25,-28.50,40.99
133.50,-28.50,41.15
133.75,-28.50,41.77
134.00,-28.50,40.07
134.25,-28.50,38.93
134.50,-28.50,40.18
134.75,-28.50,42.40
135.00,-28.50,42.16
135.25,-28.50,41.44
135.50,-28.50,40.70
135.75,-28.50,40.17
136.00,-28.50,39.99
136.25,-28.50,40.09
136.50,-28.50,40.25
136.75,-28.50,40.23
137.00,-28.50,40.07
137.25,-28.50,39.55
137.50,-28.50,39.03
137.75,-28.50,38.58
138.00,-28.50,38.57
138.25,-28.50,38.63
138.50,-28.50,38.64
138.75,-28.50,38.60
139.00,-28.50,38.43
139.25,-28.50,37.79
139.50,-28.50,35.50
139.75,-28.50,32.97
140.00,-28.50,32.37
140.25,-28.50,32.35
140.50,-28.50,32.46
140.75,-28.50,32.81
141.00,-28.50,33.82
141.25,-28.50,35.24
141.50,-28.50,36.00
141.75,-28.50,36.29
142.00,-28.50,36.66
142.25,-28.50,37.15
142.50,-28.50,37.50
142.75,-28.50,37.80
143.00,-28.50,38.23
143.25,-28.50,38.65
143.50,-28.50,38.92
143.75,-28.50,39.24
144.00,-28.50,39.88
144.25,-28.50,40.39
144.50,-28.50,40.49
144.75,-28.50,40.06
145.00,-28.50,39.18
145.25,-28.50,38.45
145.50,-28.50,38.22
145.75,-28.50,38.30
146.00,-28.50,38.71
146.25,-28.50,39.26
146.50,-28.50,39.64
146.75,-28.50,40.11
147.00,-28.50,41.03
147.25,-28.50,41.95
147.50,-28.50,42.33
147.75,-28.50,42.37
148.00,-28.50,42.36
148.25,-28.50,42.55
148.50,-28.50,42.75
148.75,-28.50,42.91
149.00,-28.50,42.46
149.25,-28.50,41.32
149.50,-28.50,40.98
149.75,-28.50,40.12
150.00,-28.50,39.20
150.25,-28.50,38.60
150.50,-28.50,38.35
150.75,-28.50,38.02
151.00,-28.50,37.57
151.25,-28.50,37.25
151.50,-28.50,37.03
151.75,-28.50,36.78
152.00,-28.50,36.51
152.25,-28.50,36.20
152.50,-28.50,35.59
152.75,-28.50,34.42
153.00,-28.50,32.97
153.25,-28.50,32.03
153.50,-28.50,31.74
153.75,-28.50,31.55
154.00,-28.50,30.70
154.25,-28.50,28.04
154.50,-28.50,23.16
154.75,-28.50,19.18
155.00,-28.50,16.98
155.25,-28.50,15.21
155.50,-28.50,13.47
155.75,-28.50,12.13
110.25,-28.25,11.43
110.50,-28.25,11.35
110.75,-28.25,11.25
111.00,-28.25,11.23
111.25,-28.25,11.43
111.50,-28.25,11.99
111.75,-28.25,13.13
112.00,-28.25,14.84
112.25,-28.25,17.10
112.50,-28.25,19.79
112.75,-28.25,22.63
113.00,-28.25,25.12
113.25,-28.25,26.78
113.50,-28.25,27.76
113.75,-28.25,28.30
114.00,-28.25,28.65
114.25,-28.25,29.01
114.50,-28.25,29.65
114.75,-28.25,31.07
115.00,-28.25,32.60
115.25,-28.25,33.29
115.50,-28.25,33.50
115.75,-28.25,33.52
116.00,-28.25,33.30
116.25,-28.25,32.54
116.50,-28.25,31.41
116.75,-28.25,30.79
117.00,-28.25,30.80
117.25,-28.25,31.11
117.50,-28.25,31.53
117.75,-28.25,31.99
118.00,-28.25,32.48
118.25,-28.25,32.77
118.50,-28.25,33.25
118.75,-28.25,34.14
119.00,-28.25,35.17
119.25,-28.25,36.20
119.50,-28.25,37.15
119.75,-28.25,37.41
120.00,-28.25,37.12
120.25,-28.25,36.71
120.50,-28.25,36.57
120.75,-28.25,37.08
121.00,-28.25,38.53
121.25,-28.25,40.57
121.50,-28.25,41.95
121.75,-28.25,42.55
122.00,-28.25,42.84
122.25,-28.25,42.96
122.50,-28.25,42.96
122.75,-28.25,42.86
123.00,-28.25,42.56
123.25,-28.25,42.04
123.50,-28.25,41.69
123.75,-28.25,42.00
124.00,-28.25,42.84
124.25,-28.25,43.91
124.50,-28.25,44.39
124.75,-28.25,44.06
125.00,-28.25,43.39
125.25,-28.25,42.24
125.50,-28.25,39.88
125.75,-28.25,39.47
126.00,-28.25,39.56
126.25,-28.25,39.71
126.50,-28.25,39.89
126.75,-28.25,40.09
127.00,-28.25,40.35
127.25,-28.25,40.70
127.50,-28.25,41.18
127.75,-28.25,41.98
128.00,-28.25,43.52
128.25,-28.25,45.32
128.50,-28.25,46.31
128.75,-28.25,46.66
129.00,-28.25,46.74
129.25,-28.25,46.61
129.50,-28.25,45.89
129.75,-28.25,44.60
130.00,-28.25,43.86
130.25,-28.25,43.54
130.50,-28.25,43.81
130.75,-28.25,44.08
131.00,-28.25,44.26
131.25,-28.25,44.47
131.50,-28.25,44.88
131.75,-28.25,45.12
132.00,-28.25,44.48
132.25,-28.25,43.24
132.50,-28.25,42.95
132.75,-28.25,42.79
133.00,-28.25,42.77
133.25,-28.25,43.61
133.50,-28.25,45.34
133.75,-28.25,45.70
134.00,-28.25,43.75
134.25,-28.25,43.19
134.50,-28.25,44.60
134.75,-28.25,44.38
135.00,-28.25,42.98
135.25,-28.25,41.78
135.50,-28.25,40.71
135.75,-28.25,39.98
136.00,-28.25,39.75
136.25,-28.25,39.93
136.50,-28.25,40.21
136.75,-28.25,40.30
137.00,-28.25,40.03
137.25,-28.25,39.33
137.50,-28.25,38.24
137.75,-28.25,37.61
138.00,-28.25,37.82
138.25,-28.25,38.01
138.50,-28.25,38.08
138.75,-28.25,38.05
139.00,-28.25,37.91
139.25,-28.25,37.44
139.50,-28.25,35.75
139.75,-28.25,33.18
140.00,-28.25,32.36
140.25,-28.25,32.31
140.50,-28.25,32.39
140.75,-28.25,32.69
141.00,-28.25,33.59
141.25,-28.25,34.97
141.50,-28.25,35.87
141.75,-28.25,36.24
142.00,-28.25,36.56
142.25,-28.25,36.96
142.50,-28.25,37.23
142.75,-28.25,37.54
143.00,-28.25,38.08
143.25,-28.25,38.62
143.50,-28.25,38.93
143.75,-28.25,39.18
144.00,-28.25,39.55
144.25,-28.25,39.92
144.50,-28.25,40.05
144.75,-28.25,39.77
145.00,-28.25,38.97
145.25,-28.25,38.15
145.50,-28.25,37.79
145.75,-28.25,37.82
146.00,-28.25,38.34
146.25,-28.25,39.15
146.50,-28.25,39.71
146.75,-28.25,40.18
147.00,-28.25,40.93
147.25,-28.25,41.65
147.50,-28.25,41.92
147.75,-28.25,41.84
148.00,-28.25,41.68
148.25,-28.25,41.79
148.50,-28.25,42.06
148.75,-28.25,42.22
149.00,-28.25,41.95
149.25,-28.25,41.09
149.50,-28.25,40.44
149.75,-28.25,39.87
150.00,-28.25,39.03
150.25,-28.25,38.52
150.50,-28.25,38.29
150.75,-28.25,37.96
151.00,-28.25,37.52
151.25,-28.25,37.22
151.50,-28.25,37.03
151.75,-28.25,36.81
152.00,-28.25,36.58
152.25,-28.25,36.28
152.50,-28.25,35.66
152.75,-28.25,34.51
153.00,-28.25,33.13
153.25,-28.25,32.21
153.50,-28.25,31.85
153.75,-28.25,31.56
154.00,-28.25,30.57
154.25,-28.25,27.81
154.50,-28.25,23.29
154.75,-28.25,19.76
155.00,-28.25,17.57
155.25,-28.25,15.28
155.50,-28.25,12.47
155.75,-28.25,10.80
110.25,-28.00,11.33
110.50,-28.00,11.17
110.75,-28.00,11.14
111.00,-28.00,11.24
111.25,-28.00,11.74
111.50,-28.00,12.80
111.75,-28.00,14.56
112.00,-28.00,16.85
112.25,-28.00,19.46
112.50,-28.00,22.11
112.75,-28.00,24.48
113.00,-28.00,26.33
113.25,-28.00,27.46
113.50,-28.00,28.07
113.75,-28.00,28.39
114.00,-28.00,28.61
114.25,-28.00,28.86
114.50,-28.00,29.35
114.75,-28.00,30.48
115.00,-28.00,32.03
115.25,-28.00,32.94
115.50,-28.00,33.26
115.75,-28.00,33.30
116.00,-28.00,33.07
116.25,-28.00,32.31
116.50,-28.00,31.27
116.75,-28.00,30.79
117.00,-28.00,30.90
117.25,-28.00,31.25
117.50,-28.00,31.65
117.75,-28.00,32.10
118.00,-28.00,32.67
118.25,-28.00,32.98
118.50,-28.00,33.47
118.75,-28.00,34.37
119.00,-28.00,35.06
119.25,-28.00,35.45
119.50,-28.00,35.58
119.75,-28.00,35.28
120.00,-28.00,35.00
120.25,-28.00,35.01
120.50,-28.00,35.19
120.75,-28.00,35.76
121.00,-28.00,36.96
121.25,-28.00,39.37
121.50,-28.00,41.42
121.75,-28.00,42.39
122.00,-28.00,42.88
122.25,-28.00,43.16
122.50,-28.00,43.29
122.75,-28.00,43.23
123.00,-28.00,42.90
123.25,-28.00,42.07
123.50,-28.00,41.60
123.75,-28.00,42.08
124.00,-28.00,43.04
124.25,-28.00,44.02
124.50,-28.00,44.33
124.75,-28.00,43.49
125.00,-28.00,42.77
125.25,-28.00,42.14
125.50,-28.00,41.03
125.75,-28.00,40.45
126.00,-28.00,40.16
126.25,-28.00,40.14
126.50,-28.00,40.28
126.75,-28.00,40.48
127.00,-28.00,40.90
127.25,-28.00,41.10
127.50,-28.00,41.57
127.75,-28.00,42.24
128.00,-28.00,43.31
128.25,-28.00,44.73
128.50,-28.00,45.80
128.75,-28.00,46.28
129.00,-28.00,46.40
129.25,-28.00,46.09
129.50,-28.00,44.68
129.75,-28.00,44.04
130.00,-28.00,43.90
130.25,-28.00,43.26
130.50,-28.00,42.97
130.75,-28.00,43.14
131.00,-28.00,43.42
131.25,-28.00,43.28
131.50,-28.00,43.26
131.75,-28.00,43.04
132.00,-28.00,42.42
132.25,-28.00,42.06
132.50,-28.00,42.47
132.75,-28.00,43.12
133.00,-28.00,44.39
133.25,-28.00,45.68
133.50,-28.00,46.85
133.75,-28.00,47.26
134.00,-28.00,46.49
134.25,-28.00,46.38
134.50,-28.00,46.69
134.75,-28.00,45.26
135.00,-28.00,43.63
135.25,-28.00,41.96
135.50,-28.00,40.65
135.75,-28.00,39.81
136.00,-28.00,39.54
136.25,-28.00,39.72
136.50,-28.00,40.04
136.75,-28.00,40.21
137.00,-28.00,39.98
137.25,-28.00,39.07
137.50,-28.00,37.39
137.75,-28.00,36.84
138.00,-28.00,37.29
138.25,-28.00,37.57
138.50,-28.00,37.68
138.75,-28.00,37.68
139.00,-28.00,37.55
139.25,-28.00,37.22
139.50,-28.00,36.16
139.75,-28.00,33.82
140.00,-28.00,32.42
140.25,-28.00,32.18
140.50,-28.00,32.20
140.75,-28.00,32.48
141.00,-28.00,33.31
141.25,-28.00,34.67
141.50,-28.00,35.73
141.75,-28.00,36.15
142.00,-28.00,36.51
142.25,-28.00,36.44
142.50,-28.00,36.44
142.75,-28.00,36.72
143.00,-28.00,37.70
143.25,-28.00,38.54
143.50,-28.00,38.98
143.75,-28.00,39.07
144.00,-28.00,39.04
144.25,-28.00,39.03
144.50,-28.00,39.10
144.75,-28.00,38.84
145.00,-28.00,38.25
145.25,-28.00,37.53
145.50,-28.00,37.13
145.75,-28.00,37.18
146.00,-28.00,37.94
146.25,-28.00,39.26
146.50,-28.00,40.16
146.75,-28.00,40.54
147.00,-28.00,40.85
147.25,-28.00,41.14
147.50,-28.00,41.20
147.75,-28.00,40.97
148.00,-28.00,40.57
148.25,-28.00,40.35
148.50,-28.00,40.44
148.75,-28.00,40.55
149.00,-28.00,40.63
149.25,-28.00,40.51
149.50,-28.00,40.56
149.75,-28.00,39.75
150.00,-28.00,39.09
150.25,-28.00,38.65
150.50,-28.00,38.41
150.75,-28.00,38.04
151.00,-28.00,37.56
151.25,-28.00,37.25
151.50,-28.00,37.07
151.75,-28.00,36.93
152.00,-28.00,36.82
152.25,-28.00,36.53
152.50,-28.00,36.01
152.75,-28.00,35.15
153.00,-28.00,34.18
153.25,-28.00,33.27
153.50,-28.00,32.25
153.75,-28.00,31.29
154.00,-28.00,29.71
154.25,-28.00,26.54
154.50,-28.00,22.74
154.75,-28.00,19.98
155.00,-28.00,17.78
155.25,-28.00,14.64
155.50,-28.00,11.40
155.75,-28.00,10.22
110.25,-27.75,11.19
110.50,-27.75,11.14
110.75,-27.75,11.20
111.00,-27.75,11.59
111.25,-27.75,12.53
111.50,-27.75,14.00
111.75,-27.75,16.03
112.00,-27.75,18.47
112.25,-27.75,21.16
112.50,-27.75,23.68
112.75,-27.75,25.61
113.00,-27.75,26.94
113.25,-27.75,27.69
113.50,-27.75,28.10
113.75,-27.75,28.33
114.00,-27.75,28.52
114.25,-27.75,28.74
114.50,-27.75,29.11
114.75,-27.75,29.84
115.00,-27.75,31.09
115.25,-27.75,32.26
115.50,-27.75,32.87
115.75,-27.75,33.06
116.00,-27.75,32.91
116.25,-27.75,32.24
116.50,-27.75,31.34
116.75,-27.75,31.01
117.00,-27.75,31.24
117.25,-27.75,31.64
117.50,-27.75,32.00
117.75,-27.75,32.37
118.00,-27.75,32.84
118.25,-27.75,33.19
118.50,-27.75,33.69
118.75,-27.75,34.52
119.00,-27.75,35.08
119.25,-27.75,35.31
119.50,-27.75,35.29
119.75,-27.75,34.88
120.00,-27.75,34.46
120.25,-27.75,34.58
120.50,-27.75,34.93
120.75,-27.75,35.43
121.00,-27.75,36.20
121.25,-27.75,38.08
121.50,-27.75,40.34
121.75,-27.75,41.77
122.00,-27.75,42.56
122.25,-27.75,42.98
122.50,-27.75,43.15
122.75,-27.75,43.07
123.00,-27.75,42.62
123.25,-27.75,41.76
123.50,-27.75,41.08
123.75,-27.75,41.18
124.00,-27.75,41.95
124.25,-27.75,42.96
124.50,-27.75,43.23
124.75,-27.75,42.81
125.00,-27.75,42.71
125.25,-27.75,42.89
125.50,-27.75,42.77
125.75,-27.75,42.19
126.00,-27.75,41.35
126.25,-27.75,40.87
126.50,-27.75,40.88
126.75,-27.75,41.06
127.00,-27.75,41.30
127.25,-27.75,41.62
127.50,-27.75,42.06
127.75,-27.75,42.66
128.00,-27.75,43.40
128.25,-27.75,44.26
128.50,-27.75,45.05
128.75,-27.75,45.52
129.00,-27.75,45.65
129.25,-27.75,45.34
129.50,-27.75,44.54
129.75,-27.75,44.31
130.00,-27.75,44.06
130.25,-27.75,43.21
130.50,-27.75,41.84
130.75,-27.75,41.34
131.00,-27.75,41.20
131.25,-27.75,41.10
131.50,-27.75,40.91
131.75,-27.75,40.63
132.00,-27.75,40.48
132.25,-27.75,40.83
132.50,-27.75,41.98
132.75,-27.75,43.69
133.00,-27.75,45.05
133.25,-27.75,45.90
133.50,-27.75,46.65
133.75,-27.75,47.33
134.00,-27.75,47.38
134.25,-27.75,47.10
134.50,-27.75,46.52
134.75,-27.75,45.31
135.00,-27.75,43.73
135.25,-27.75,41.91
135.50,-27.75,40.56
135.75,-27.75,39.70
136.00,-27.75,39.26
136.25,-27.75,39.27
136.50,-27.75,39.53
136.75,-27.75,39.69
137.00,-27.75,39.41
137.25,-27.75,38.22
137.50,-27.75,36.26
137.75,-27.75,36.16
138.00,-27.75,36.89
138.25,-27.75,37.26
138.50,-27.75,37.41
138.75,-27.75,37.44
139.00,-27.75,37.38
139.25,-27.75,37.22
139.50,-27.75,36.78
139.75,-27.75,35.29
140.00,-27.75,33.07
140.25,-27.75,32.15
140.50,-27.75,32.10
140.75,-27.75,32.53
141.00,-27.75,33.58
141.25,-27.75,35.03
141.50,-27.75,35.98
141.75,-27.75,36.27
142.00,-27.75,36.27
142.25,-27.75,36.25
142.50,-27.75,36.19
142.75,-27.75,36.42
143.00,-27.75,37.31
143.25,-27.75,38.34
143.50,-27.75,38.89
143.75,-27.75,38.91
144.00,-27.75,38.69
144.25,-27.75,38.53
144.50,-27.75,38.49
144.75,-27.75,38.44
145.00,-27.75,38.13
145.25,-27.75,37.57
145.50,-27.75,37.18
145.75,-27.75,37.27
146.00,-27.75,38.21
146.25,-27.75,39.75
146.50,-27.75,40.69
146.75,-27.75,40.93
147.00,-27.75,40.93
147.25,-27.75,40.95
147.50,-27.75,40.87
147.75,-27.75,40.56
148.00,-27.75,40.03
148.25,-27.75,39.54
148.50,-27.75,39.27
148.75,-27.75,39.22
149.00,-27.75,39.47
149.25,-27.75,39.94
149.50,-27.75,40.22
149.75,-27.75,40.07
150.00,-27.75,39.56
150.25,-27.75,39.10
150.50,-27.75,38.79
150.75,-27.75,38.32
151.00,-27.75,37.67
151.25,-27.75,37.34
151.50,-27.75,37.28
151.75,-27.75,37.42
152.00,-27.75,37.67
152.25,-27.75,37.13
152.50,-27.75,36.45
152.75,-27.75,35.68
153.00,-27.75,34.91
153.25,-27.75,34.16
153.50,-27.75,32.89
153.75,-27.75,31.01
154.00,-27.75,28.63
154.25,-27.75,25.30
154.50,-27.75,22.28
154.75,-27.75,19.97
155.00,-27.75,17.62
155.25,-27.75,14.01
155.50,-27.75,11.12
155.75,-27.75,10.21
110.25,-27.50,11.09
110.50,-27.50,11.37
110.75,-27.50,11.43
111.00,-27.50,12.76
111.25,-27.50,13.57
111.50,-27.50,15.40
111.75,-27.50,17.54
112.00,-27.50,19.95
112.25,-27.50,22.55
112.50,-27.50,24.86
112.75,-27.50,26.39
113.00,-27.50,27.30
113.25,-27.50,27.77
113.50,-27.50,28.04
113.75,-27.50,28.25
114.00,-27.50,28.45
114.25,-27.50,28.68
114.50,-27.50,28.99
114.75,-27.50,29.53
115.00,-27.50,30.45
115.25,-27.50,31.65
115.50,-27.50,32.60
115.75,-27.50,33.08
116.00,-27.50,33.15
116.25,-27.50,32.78
116.50,-27.50,32.21
116.75,-27.50,32.23
117.00,-27.50,32.81
117.25,-27.50,33.34
117.50,-27.50,33.56
117.75,-27.50,33.38
118.00,-27.50,33.25
118.25,-27.50,33.34
118.50,-27.50,33.87
118.75,-27.50,34.56
119.00,-27.50,34.89
119.25,-27.50,35.09
119.50,-27.50,35.35
119.75,-27.50,35.49
120.00,-27.50,35.34
120.25,-27.50,35.31
120.50,-27.50,35.36
120.75,-27.50,35.75
121.00,-27.50,36.47
121.25,-27.50,37.91
121.50,-27.50,39.62
121.75,-27.50,40.97
122.00,-27.50,41.88
122.25,-27.50,42.37
122.50,-27.50,42.55
122.75,-27.50,42.46
123.00,-27.50,42.25
123.25,-27.50,41.47
123.50,-27.50,41.00
123.75,-27.50,40.91
124.00,-27.50,41.55
124.25,-27.50,42.82
124.50,-27.50,43.31
124.75,-27.50,43.30
125.00,-27.50,43.67
125.25,-27.50,43.77
125.50,-27.50,43.69
125.75,-27.50,43.39
126.00,-27.50,42.69
126.25,-27.50,41.84
126.50,-27.50,41.55
126.75,-27.50,41.65
127.00,-27.50,41.85
127.25,-27.50,42.15
127.50,-27.50,42.74
127.75,-27.50,43.18
128.00,-27.50,43.81
128.25,-27.50,44.32
128.50,-27.50,44.68
128.75,-27.50,44.87
129.00,-27.50,45.02
129.25,-27.50,45.17
129.50,-27.50,45.01
129.75,-27.50,44.68
130.00,-27.50,45.07
130.25,-27.50,43.38
130.50,-27.50,41.76
130.75,-27.50,40.80
131.00,-27.50,40.49
131.25,-27.50,40.33
131.50,-27.50,40.07
131.75,-27.50,39.91
132.00,-27.50,39.84
132.25,-27.50,40.33
132.50,-27.50,41.78
132.75,-27.50,43.60
133.00,-27.50,44.92
133.25,-27.50,45.80
133.50,-27.50,46.48
133.75,-27.50,46.84
134.00,-27.50,46.74
134.25,-27.50,46.27
134.50,-27.50,45.79
134.75,-27.50,45.16
135.00,-27.50,43.82
135.25,-27.50,41.64
135.50,-27.50,40.50
135.75,-27.50,39.83
136.00,-27.50,39.12
136.25,-27.50,38.77
136.50,-27.50,38.75
136.75,-27.50,38.73
137.00,-27.50,38.16
137.25,-27.50,36.48
137.50,-27.50,34.73
137.75,-27.50,35.37
138.00,-27.50,36.73
138.25,-27.50,37.00
138.50,-27.50,37.30
138.75,-27.50,37.36
139.00,-27.50,37.57
139.25,-27.50,37.67
139.50,-27.50,37.86
139.75,-27.50,37.40
140.00,-27.50,35.84
140.25,-27.50,32.85
140.50,-27.50,32.43
140.75,-27.50,32.91
141.00,-27.50,34.25
141.25,-27.50,35.58
141.50,-27.50,35.71
141.75,-27.50,36.33
142.00,-27.50,36.26
142.25,-27.50,36.24
142.50,-27.50,36.13
142.75,-27.50,36.56
143.00,-27.50,37.20
143.25,-27.50,38.04
143.50,-27.50,38.57
143.75,-27.50,38.65
144.00,-27.50,38.53
144.25,-27.50,38.47
144.50,-27.50,38.53
144.75,-27.50,38.62
145.00,-27.50,38.59
145.25,-27.50,38.14
145.50,-27.50,37.79
145.75,-27.50,37.92
146.00,-27.50,38.89
146.25,-27.50,40.23
146.50,-27.50,40.92
146.75,-27.50,41.02
147.00,-27.50,40.93
147.25,-27.50,40.89
147.50,-27.50,40.78
147.75,-27.50,40.46
148.00,-27.50,39.93
148.25,-27.50,39.40
148.50,-27.50,39.01
148.75,-27.50,38.80
149.00,-27.50,38.99
149.25,-27.50,39.59
149.50,-27.50,37.65
149.75,-27.50,39.71
150.00,-27.50,39.12
150.25,-27.50,38.71
150.50,-27.50,38.29
150.75,-27.50,37.69
151.00,-27.50,37.03
151.25,-27.50,36.78
151.50,-27.50,36.84
151.75,-27.50,37.20
152.00,-27.50,37.59
152.25,-27.50,37.04
152.50,-27.50,36.26
152.75,-27.50,35.36
153.00,-27.50,34.44
153.25,-27.50,33.59
153.50,-27.50,32.51
153.75,-27.50,30.97
154.00,-27.50,28.34
154.25,-27.50,24.81
154.50,-27.50,21.97
154.75,-27.50,19.69
155.00,-27.50,16.93
155.25,-27.50,13.36
155.50,-27.50,11.10
155.75,-27.50,10.72
110.25,-27.25,11.13
110.50,-27.25,11.33
110.75,-27.25,11.92
111.00,-27.25,13.02
111.25,-27.25,14.76
111.50,-27.25,16.92
111.75,-27.25,19.24
112.00,-27.25,21.62
112.25,-27.25,23.90
112.50,-27.25,25.77
112.75,-27.25,26.93
113.00,-27.25,27.55
113.25,-27.25,27.86
113.50,-27.25,28.07
113.75,-27.25,28.31
114.00,-27.25,28.57
114.25,-27.25,28.80
114.50,-27.25,29.09
114.75,-27.25,29.69
115.00,-27.25,30.99
115.25,-27.25,32.67
115.50,-27.25,33.72
115.75,-27.25,34.15
116.00,-27.25,34.26
116.25,-27.25,34.15
116.50,-27.25,33.98
116.75,-27.25,34.22
117.00,-27.25,34.60
117.25,-27.25,34.69
117.50,-27.25,34.36
117.75,-27.25,33.95
118.00,-27.25,33.88
118.25,-27.25,34.02
118.50,-27.25,34.30
118.75,-27.25,34.49
119.00,-27.25,34.63
119.25,-27.25,34.79
119.50,-27.25,35.03
119.75,-27.25,35.39
120.00,-27.25,35.75
120.25,-27.25,36.04
120.50,-27.25,36.36
120.75,-27.25,36.87
121.00,-27.25,37.73
121.25,-27.25,38.98
121.50,-27.25,40.30
121.75,-27.25,41.38
122.00,-27.25,42.05
122.25,-27.25,42.28
122.50,-27.25,42.26
122.75,-27.25,42.15
123.00,-27.25,41.97
123.25,-27.25,41.75
123.50,-27.25,41.60
123.75,-27.25,41.74
124.00,-27.25,42.84
124.25,-27.25,43.46
124.50,-27.25,43.27
124.75,-27.25,43.28
125.00,-27.25,43.86
125.25,-27.25,43.96
125.50,-27.25,43.91
125.75,-27.25,43.91
126.00,-27.25,43.61
126.25,-27.25,42.81
126.50,-27.25,42.20
126.75,-27.25,42.10
127.00,-27.25,42.25
127.25,-27.25,42.60
127.50,-27.25,43.11
127.75,-27.25,43.73
128.00,-27.25,44.28
128.25,-27.25,44.58
128.50,-27.25,44.68
128.75,-27.25,44.72
129.00,-27.25,44.93
129.25,-27.25,45.25
129.50,-27.25,45.43
129.75,-27.25,45.36
130.00,-27.25,45.03
130.25,-27.25,43.87
130.50,-27.25,42.01
130.75,-27.25,41.14
131.00,-27.25,40.81
131.25,-27.25,40.59
131.50,-27.25,40.32
131.75,-27.25,39.96
132.00,-27.25,39.77
132.25,-27.25,40.19
132.50,-27.25,41.50
132.75,-27.25,43.11
133.00,-27.25,44.48
133.25,-27.25,45.96
133.50,-27.25,46.64
133.75,-27.25,46.33
134.00,-27.25,45.85
134.25,-27.25,45.52
134.50,-27.25,45.26
134.75,-27.25,44.94
135.00,-27.25,44.19
135.25,-27.25,42.64
135.50,-27.25,41.39
135.75,-27.25,40.37
136.00,-27.25,39.26
136.25,-27.25,38.47
136.50,-27.25,38.00
136.75,-27.25,37.48
137.00,-27.25,36.30
137.25,-27.25,34.50
137.50,-27.25,33.78
137.75,-27.25,34.75
138.00,-27.25,36.04
138.25,-27.25,36.78
138.50,-27.25,37.16
138.75,-27.25,37.47
139.00,-27.25,37.87
139.25,-27.25,38.42
139.50,-27.25,38.86
139.75,-27.25,38.80
140.00,-27.25,37.60
140.25,-27.25,34.76
140.50,-27.25,33.00
140.75,-27.25,33.61
141.00,-27.25,35.01
141.25,-27.25,35.98
141.50,-27.25,36.31
141.75,-27.25,36.31
142.00,-27.25,36.23
142.25,-27.25,36.22
142.50,-27.25,36.33
142.75,-27.25,36.57
143.00,-27.25,37.04
143.25,-27.25,37.68
143.50,-27.25,38.19
143.75,-27.25,38.42
144.00,-27.25,38.53
144.25,-27.25,38.67
144.50,-27.25,38.83
144.75,-27.25,39.00
145.00,-27.25,39.06
145.25,-27.25,38.89
145.50,-27.25,38.70
145.75,-27.25,38.93
146.00,-27.25,39.79
146.25,-27.25,40.74
146.50,-27.25,41.13
146.75,-27.25,41.07
147.00,-27.25,40.85
147.25,-27.25,40.92
147.50,-27.25,40.91
147.75,-27.25,40.39
148.00,-27.25,39.88
148.25,-27.25,39.33
148.50,-27.25,38.82
148.75,-27.25,38.24
149.00,-27.25,38.18
149.25,-27.25,38.62
149.50,-27.25,39.02
149.75,-27.25,38.69
150.00,-27.25,38.25
150.25,-27.25,38.08
150.50,-27.25,37.83
150.75,-27.25,37.33
151.00,-27.25,36.76
151.25,-27.25,36.27
151.50,-27.25,36.29
151.75,-27.25,36.69
152.00,-27.25,36.82
152.25,-27.25,36.36
152.50,-27.25,35.66
152.75,-27.25,34.79
153.00,-27.25,33.94
153.25,-27.25,33.22
153.50,-27.25,32.47
153.75,-27.25,31.13
154.00,-27.25,28.25
154.25,-27.25,24.30
154.50,-27.25,21.27
154.75,-27.25,18.91
155.00,-27.25,15.76
155.25,-27.25,12.59
155.50,-27.25,11.48
155.75,-27.25,11.18
110.25,-27.00,11.36
110.50,-27.00,11.76
110.75,-27.00,12.63
111.00,-27.00,14.03
111.25,-27.00,16.04
111.50,-27.00,18.42
111.75,-27.00,20.90
112.00,-27.00,23.21
112.25,-27.00,25.12
112.50,-27.00,26.52
112.75,-27.00,27.35
113.00,-27.00,27.78
113.25,-27.00,28.02
113.50,-27.00,28.29
113.75,-27.00,28.66
114.00,-27.00,29.08
114.25,-27.00,29.13
114.50,-27.00,29.32
114.75,-27.00,29.95
115.00,-27.00,31.85
115.25,-27.00,33.75
115.50,-27.00,34.50
115.75,-27.00,34.72
116.00,-27.00,34.77
116.25,-27.00,34.73
116.50,-27.00,34.71
116.75,-27.00,34.90
117.00,-27.00,35.05
117.25,-27.00,34.96
117.50,-27.00,34.71
117.75,-27.00,34.56
118.00,-27.00,34.69
118.25,-27.00,34.74
118.50,-27.00,34.63
118.75,-27.00,34.71
119.00,-27.00,34.96
119.25,-27.00,35.30
119.50,-27.00,35.54
119.75,-27.00,35.63
120.00,-27.00,35.77
120.25,-27.00,36.19
120.50,-27.00,37.01
120.75,-27.00,38.06
121.00,-27.00,39.19
121.25,-27.00,40.61
121.50,-27.00,41.92
121.75,-27.00,42.72
122.00,-27.00,43.06
122.25,-27.00,43.07
122.50,-27.00,42.85
122.75,-27.00,42.55
123.00,-27.00,42.33
123.25,-27.00,42.17
123.50,-27.00,42.08
123.75,-27.00,42.17
124.00,-27.00,42.92
124.25,-27.00,43.46
124.50,-27.00,43.33
124.75,-27.00,43.53
125.00,-27.00,44.04
125.25,-27.00,43.98
125.50,-27.00,44.00
125.75,-27.00,44.31
126.00,-27.00,44.48
126.25,-27.00,44.01
126.50,-27.00,43.05
126.75,-27.00,42.68
127.00,-27.00,42.74
127.25,-27.00,43.12
127.50,-27.00,43.76
127.75,-27.00,44.25
128.00,-27.00,44.67
128.25,-27.00,44.77
128.50,-27.00,44.66
128.75,-27.00,44.60
129.00,-27.00,44.82
129.25,-27.00,45.19
129.50,-27.00,45.70
129.75,-27.00,45.64
130.00,-27.00,45.40
130.25,-27.00,44.00
130.50,-27.00,42.54
130.75,-27.00,41.88
131.00,-27.00,41.60
131.25,-27.00,41.35
131.50,-27.00,41.00
131.75,-27.00,40.45
132.00,-27.00,40.02
132.25,-27.00,40.24
132.50,-27.00,41.37
132.75,-27.00,42.65
133.00,-27.00,44.16
133.25,-27.00,46.27
133.50,-27.00,46.66
133.75,-27.00,45.66
134.00,-27.00,45.15
134.25,-27.00,44.93
134.50,-27.00,44.69
134.75,-27.00,44.45
135.00,-27.00,44.20
135.25,-27.00,43.46
135.50,-27.00,42.40
135.75,-27.00,41.00
136.00,-27.00,39.55
136.25,-27.00,38.36
136.50,-27.00,37.37
136.75,-27.00,36.30
137.00,-27.00,36.44
137.25,-27.00,35.31
137.50,-27.00,35.62
137.75,-27.00,35.72
138.00,-27.00,35.96
138.25,-27.00,36.54
138.50,-27.00,37.33
138.75,-27.00,37.71
139.00,-27.00,38.40
139.25,-27.00,39.04
139.50,-27.00,39.39
139.75,-27.00,39.35
140.00,-27.00,38.70
140.25,-27.00,36.74
140.50,-27.00,34.25
140.75,-27.00,34.45
141.00,-27.00,35.56
141.25,-27.00,36.14
141.50,-27.00,36.29
141.75,-27.00,36.25
142.00,-27.00,36.19
142.25,-27.00,36.21
142.50,-27.00,36.34
142.75,-27.00,36.57
143.00,-27.00,36.93
143.25,-27.00,37.40
143.50,-27.00,37.91
143.75,-27.00,38.35
144.00,-27.00,38.69
144.25,-27.00,38.97
144.50,-27.00,39.19
144.75,-27.00,39.32
145.00,-27.00,39.35
145.25,-27.00,39.43
145.50,-27.00,39.68
145.75,-27.00,40.38
146.00,-27.00,41.35
146.25,-27.00,42.10
146.50,-27.00,42.09
146.75,-27.00,41.62
147.00,-27.00,40.82
147.25,-27.00,41.10
147.50,-27.00,41.33
147.75,-27.00,40.37
148.00,-27.00,39.61
148.25,-27.00,38.93
148.50,-27.00,38.35
148.75,-27.00,37.60
149.00,-27.00,37.56
149.25,-27.00,37.96
149.50,-27.00,38.46
149.75,-27.00,38.44
150.00,-27.00,38.15
150.25,-27.00,38.08
150.50,-27.00,37.98
150.75,-27.00,37.65
151.00,-27.00,37.19
151.25,-27.00,36.66
151.50,-27.00,36.52
151.75,-27.00,36.58
152.00,-27.00,36.39
152.25,-27.00,35.79
152.50,-27.00,35.14
152.75,-27.00,34.50
153.00,-27.00,33.96
153.25,-27.00,33.45
153.50,-27.00,32.74
153.75,-27.00,31.17
154.00,-27.00,27.77
154.25,-27.00,23.40
154.50,-27.00,20.29
154.75,-27.00,18.01
155.00,-27.00,15.11
155.25,-27.00,12.37
155.50,-27.00,11.48
155.75,-27.00,11.29
110.25,-26.75,11.88
110.50,-26.75,12.52
110.75,-26.75,13.65
111.00,-26.75,15.27
111.25,-26.75,17.40
111.50,-26.75,19.80
111.75,-26.75,22.22
112.00,-26.75,24.37
112.25,-26.75,25.97
112.50,-26.75,27.06
112.75,-26.75,27.67
113.00,-26.75,28.01
113.25,-26.75,28.30
113.50,-26.75,28.71
113.75,-26.75,29.06
114.00,-26.75,29.24
114.25,-26.75,29.35
114.50,-26.75,29.49
114.75,-26.75,29.99
115.00,-26.75,31.97
115.25,-26.75,34.21
115.50,-26.75,34.87
115.75,-26.75,35.02
116.00,-26.75,35.04
116.25,-26.75,35.00
116.50,-26.75,34.99
116.75,-26.75,35.11
117.00,-26.75,35.15
117.25,-26.75,34.93
117.50,-26.75,34.78
117.75,-26.75,34.91
118.00,-26.75,35.06
118.25,-26.75,35.03
118.50,-26.75,35.09
118.75,-26.75,35.48
119.00,-26.75,36.15
119.25,-26.75,36.59
119.50,-26.75,36.31
119.75,-26.75,35.85
120.00,-26.75,35.67
120.25,-26.75,35.88
120.50,-26.75,36.74
120.75,-26.75,38.50
121.00,-26.75,40.59
121.25,-26.75,42.28
121.50,-26.75,43.15
121.75,-26.75,43.50
122.00,-26.75,43.62
122.25,-26.75,43.60
122.50,-26.75,43.45
122.75,-26.75,43.09
123.00,-26.75,42.65
123.25,-26.75,42.32
123.50,-26.75,42.10
123.75,-26.75,42.01
124.00,-26.75,42.29
124.25,-26.75,43.07
124.50,-26.75,43.52
124.75,-26.75,43.83
125.00,-26.75,44.06
125.25,-26.75,44.01
125.50,-26.75,44.22
125.75,-26.75,44.63
126.00,-26.75,45.11
126.25,-26.75,45.69
126.50,-26.75,45.20
126.75,-26.75,43.96
127.00,-26.75,43.67
127.25,-26.75,43.92
127.50,-26.75,44.35
127.75,-26.75,44.70
128.00,-26.75,44.87
128.25,-26.75,44.79
128.50,-26.75,44.51
128.75,-26.75,44.25
129.00,-26.75,44.42
129.25,-26.75,44.91
129.50,-26.75,45.29
129.75,-26.75,45.43
130.00,-26.75,45.10
130.25,-26.75,44.22
130.50,-26.75,43.45
130.75,-26.75,43.07
131.00,-26.75,42.85
131.25,-26.75,42.60
131.50,-26.75,42.17
131.75,-26.75,41.46
132.00,-26.75,40.68
132.25,-26.75,40.57
132.50,-26.75,41.57
132.75,-26.75,42.78
133.00,-26.75,44.01
133.25,-26.75,45.45
133.50,-26.75,45.42
133.75,-26.75,44.56
134.00,-26.75,44.25
134.25,-26.75,44.01
134.50,-26.75,43.75
134.75,-26.75,43.57
135.00,-26.75,43.41
135.25,-26.75,43.11
135.50,-26.75,42.47
135.75,-26.75,41.32
136.00,-26.75,39.74
136.25,-26.75,38.16
136.50,-26.75,36.97
136.75,-26.75,36.58
137.00,-26.75,37.14
137.25,-26.75,37.84
137.50,-26.75,38.17
137.75,-26.75,38.04
138.00,-26.75,37.37
138.25,-26.75,36.79
138.50,-26.75,37.15
138.75,-26.75,38.01
139.00,-26.75,38.83
139.25,-26.75,39.36
139.50,-26.75,39.56
139.75,-26.75,39.46
140.00,-26.75,38.96
140.25,-26.75,37.56
140.50,-26.75,35.27
140.75,-26.75,35.00
141.00,-26.75,35.78
141.25,-26.75,36.17
141.50,-26.75,36.25
141.75,-26.75,36.21
142.00,-26.75,36.17
142.25,-26.75,36.22
142.50,-26.75,36.39
142.75,-26.75,36.80
143.00,-26.75,37.09
143.25,-26.75,37.38
143.50,-26.75,37.88
143.75,-26.75,38.41
144.00,-26.75,38.74
144.25,-26.75,39.06
144.50,-26.75,39.31
144.75,-26.75,39.24
145.00,-26.75,39.10
145.25,-26.75,39.51
145.50,-26.75,40.26
145.75,-26.75,41.44
146.00,-26.75,42.28
146.25,-26.75,42.74
146.50,-26.75,42.36
146.75,-26.75,41.67
147.00,-26.75,40.69
147.25,-26.75,40.78
147.50,-26.75,40.94
147.75,-26.75,40.23
148.00,-26.75,39.49
148.25,-26.75,38.88
148.50,-26.75,38.43
148.75,-26.75,37.70
149.00,-26.75,37.39
149.25,-26.75,37.45
149.50,-26.75,37.70
149.75,-26.75,37.72
150.00,-26.75,37.51
150.25,-26.75,37.43
150.50,-26.75,37.36
150.75,-26.75,37.07
151.00,-26.75,36.66
151.25,-26.75,36.36
151.50,-26.75,36.16
151.75,-26.75,35.93
152.00,-26.75,35.58
152.25,-26.75,35.14
152.50,-26.75,34.72
152.75,-26.75,34.37
153.00,-26.75,34.05
153.25,-26.75,33.62
153.50,-26.75,32.77
153.75,-26.75,30.74
154.00,-26.75,26.67
154.25,-26.75,22.15
154.50,-26.75,19.19
154.75,-26.75,17.13
155.00,-26.75,14.94
155.25,-26.75,12.63
155.50,-26.75,11.60
155.75,-26.75,11.36
110.25,-26.50,12.68
110.50,-26.50,13.54
110.75,-26.50,14.89
111.00,-26.50,16.66
111.25,-26.50,18.79
111.50,-26.50,21.08
111.75,-26.50,23.31
112.00,-26.50,25.23
112.25,-26.50,26.59
112.50,-26.50,27.47
112.75,-26.50,27.95
113.00,-26.50,28.25
113.25,-26.50,28.61
113.50,-26.50,29.01
113.75,-26.50,29.24
114.00,-26.50,29.37
114.25,-26.50,29.61
114.50,-26.50,29.94
114.75,-26.50,30.59
115.00,-26.50,32.19
115.25,-26.50,34.35
115.50,-26.50,35.44
115.75,-26.50,35.68
116.00,-26.50,35.62
116.25,-26.50,35.36
116.50,-26.50,35.29
116.75,-26.50,35.35
117.00,-26.50,35.13
117.25,-26.50,34.82
117.50,-26.50,34.83
117.75,-26.50,35.11
118.00,-26.50,35.27
118.25,-26.50,35.36
118.50,-26.50,35.72
118.75,-26.50,36.53
119.00,-26.50,37.49
119.25,-26.50,37.83
119.50,-26.50,37.14
119.75,-26.50,36.25
120.00,-26.50,35.78
120.25,-26.50,35.80
120.50,-26.50,36.56
120.75,-26.50,38.79
121.00,-26.50,41.70
121.25,-26.50,43.12
121.50,-26.50,43.58
121.75,-26.50,43.72
122.00,-26.50,43.77
122.25,-26.50,43.76
122.50,-26.50,43.68
122.75,-26.50,43.40
123.00,-26.50,42.83
123.25,-26.50,42.30
123.50,-26.50,41.94
123.75,-26.50,41.70
124.00,-26.50,41.67
124.25,-26.50,42.14
124.50,-26.50,43.33
124.75,-26.50,43.47
125.00,-26.50,43.72
125.25,-26.50,43.86
125.50,-26.50,44.22
125.75,-26.50,44.93
126.00,-26.50,45.95
126.25,-26.50,46.69
126.50,-26.50,47.11
126.75,-26.50,46.99
127.00,-26.50,45.87
127.25,-26.50,45.22
127.50,-26.50,45.23
127.75,-26.50,45.19
128.00,-26.50,45.04
128.25,-26.50,44.77
128.50,-26.50,44.33
128.75,-26.50,43.79
129.00,-26.50,43.73
129.25,-26.50,44.31
129.50,-26.50,44.93
129.75,-26.50,45.29
130.00,-26.50,45.30
130.25,-26.50,45.05
130.50,-26.50,44.76
130.75,-26.50,44.66
131.00,-26.50,44.47
131.25,-26.50,44.31
131.50,-26.50,43.95
131.75,-26.50,43.07
132.00,-26.50,41.90
132.25,-26.50,41.34
132.50,-26.50,42.50
132.75,-26.50,44.14
133.00,-26.50,44.65
133.25,-26.50,43.80
133.50,-26.50,43.33
133.75,-26.50,43.76
134.00,-26.50,43.47
134.25,-26.50,42.87
134.50,-26.50,42.50
134.75,-26.50,42.37
135.00,-26.50,42.32
135.25,-26.50,42.16
135.50,-26.50,41.75
135.75,-26.50,40.81
136.00,-26.50,39.20
136.25,-26.50,37.72
136.50,-26.50,37.26
136.75,-26.50,37.69
137.00,-26.50,38.43
137.25,-26.50,38.98
137.50,-26.50,39.26
137.75,-26.50,39.25
138.00,-26.50,38.81
138.25,-26.50,37.93
138.50,-26.50,37.64
138.75,-26.50,38.20
139.00,-26.50,38.84
139.25,-26.50,39.22
139.50,-26.50,39.31
139.75,-26.50,39.16
140.00,-26.50,38.67
140.25,-26.50,37.53
140.50,-26.50,35.82
140.75,-26.50,35.54
141.00,-26.50,36.03
141.25,-26.50,36.28
141.50,-26.50,36.31
141.75,-26.50,36.24
142.00,-26.50,36.21
142.25,-26.50,36.28
142.50,-26.50,36.45
142.75,-26.50,36.85
143.00,-26.50,37.09
143.25,-26.50,37.36
143.50,-26.50,37.94
143.75,-26.50,38.53
144.00,-26.50,38.94
144.25,-26.50,39.34
144.50,-26.50,39.57
144.75,-26.50,39.44
145.00,-26.50,39.51
145.25,-26.50,39.97
145.50,-26.50,40.29
145.75,-26.50,41.07
146.00,-26.50,41.57
146.25,-26.50,41.52
146.50,-26.50,40.93
146.75,-26.50,40.36
147.00,-26.50,40.06
147.25,-26.50,40.18
147.50,-26.50,40.28
147.75,-26.50,40.04
148.00,-26.50,39.57
148.25,-26.50,39.04
148.50,-26.50,38.60
148.75,-26.50,37.90
149.00,-26.50,37.25
149.25,-26.50,36.77
149.50,-26.50,36.63
149.75,-26.50,35.86
150.00,-26.50,35.60
150.25,-26.50,35.85
150.50,-26.50,36.88
150.75,-26.50,36.48
151.00,-26.50,36.35
151.25,-26.50,35.92
151.50,-26.50,35.32
151.75,-26.50,34.82
152.00,-26.50,34.55
152.25,-26.50,34.44
152.50,-26.50,34.34
152.75,-26.50,34.18
153.00,-26.50,33.90
153.25,-26.50,33.35
153.50,-26.50,32.07
153.75,-26.50,29.25
154.00,-26.50,24.73
154.25,-26.50,20.68
154.50,-26.50,18.10
154.75,-26.50,16.23
155.00,-26.50,14.57
155.25,-26.50,13.02
155.50,-26.50,11.97
155.75,-26.50,11.59
110.25,-26.25,13.81
110.50,-26.25,14.83
110.75,-26.25,16.33
111.00,-26.25,18.16
111.25,-26.25,20.19
111.50,-26.25,22.26
111.75,-26.25,24.21
112.00,-26.25,25.86
112.25,-26.25,27.03
112.50,-26.25,27.77
112.75,-26.25,28.18
113.00,-26.25,28.45
113.25,-26.25,28.80
113.50,-26.25,29.14
113.75,-26.25,29.30
114.00,-26.25,29.48
114.25,-26.25,29.93
114.50,-26.25,30.44
114.75,-26.25,31.32
115.00,-26.25,33.03
115.25,-26.25,35.20
115.50,-26.25,37.48
115.75,-26.25,38.01
116.00,-26.25,37.04
116.25,-26.25,36.02
116.50,-26.25,35.97
116.75,-26.25,36.04
117.00,-26.25,35.32
117.25,-26.25,34.90
117.50,-26.25,34.99
117.75,-26.25,35.23
118.00,-26.25,35.44
118.25,-26.25,35.75
118.50,-26.25,36.47
118.75,-26.25,37.57
119.00,-26.25,38.59
119.25,-26.25,38.90
119.50,-26.25,38.19
119.75,-26.25,37.02
120.00,-26.25,36.19
120.25,-26.25,36.02
120.50,-26.25,36.77
120.75,-26.25,39.29
121.00,-26.25,42.30
121.25,-26.25,43.41
121.50,-26.25,43.70
121.75,-26.25,43.78
122.00,-26.25,43.81
122.25,-26.25,43.79
122.50,-26.25,43.69
122.75,-26.25,43.33
123.00,-26.25,42.62
123.25,-26.25,42.07
123.50,-26.25,41.74
123.75,-26.25,41.47
124.00,-26.25,41.28
124.25,-26.25,41.32
124.50,-26.25,41.73
124.75,-26.25,42.32
125.00,-26.25,42.78
125.25,-26.25,43.06
125.50,-26.25,43.45
125.75,-26.25,45.10
126.00,-26.25,46.67
126.25,-26.25,47.28
126.50,-26.25,47.82
126.75,-26.25,48.72
127.00,-26.25,49.71
127.25,-26.25,48.76
127.50,-26.25,46.81
127.75,-26.25,45.90
128.00,-26.25,45.33
128.25,-26.25,44.88
128.50,-26.25,44.31
128.75,-26.25,43.54
129.00,-26.25,43.14
129.25,-26.25,43.61
129.50,-26.25,44.49
129.75,-26.25,45.34
130.00,-26.25,45.99
130.25,-26.25,46.32
130.50,-26.25,46.42
130.75,-26.25,46.41
131.00,-26.25,46.34
131.25,-26.25,46.18
131.50,-26.25,45.81
131.75,-26.25,44.99
132.00,-26.25,43.55
132.25,-26.25,42.61
132.50,-26.25,44.21
132.75,-26.25,46.47
133.00,-26.25,46.81
133.25,-26.25,44.81
133.50,-26.25,43.95
133.75,-26.25,44.40
134.00,-26.25,43.41
134.25,-26.25,42.20
134.50,-26.25,41.49
134.75,-26.25,41.15
135.00,-26.25,41.01
135.25,-26.25,40.84
135.50,-26.25,40.45
135.75,-26.25,39.59
136.00,-26.25,38.28
136.25,-26.25,37.53
136.50,-26.25,37.60
136.75,-26.25,38.20
137.00,-26.25,38.91
137.25,-26.25,39.41
137.50,-26.25,39.68
137.75,-26.25,39.72
138.00,-26.25,39.44
138.25,-26.25,38.68
138.50,-26.25,38.12
138.75,-26.25,38.19
139.00,-26.25,38.40
139.25,-26.25,38.48
139.50,-26.25,38.42
139.75,-26.25,38.19
140.00,-26.25,37.73
140.25,-26.25,36.96
140.50,-26.25,36.35
140.75,-26.25,36.63
141.00,-26.25,36.90
141.25,-26.25,36.90
141.50,-26.25,36.68
141.75,-26.25,36.25
142.00,-26.25,36.20
142.25,-26.25,36.48
142.50,-26.25,36.69
142.75,-26.25,36.89
143.00,-26.25,37.07
143.25,-26.25,37.42
143.50,-26.25,38.01
143.75,-26.25,38.69
144.00,-26.25,39.32
144.25,-26.25,39.83
144.50,-26.25,40.14
144.75,-26.25,40.29
145.00,-26.25,40.75
145.25,-26.25,40.89
145.50,-26.25,40.48
145.75,-26.25,40.72
146.00,-26.25,41.02
146.25,-26.25,40.67
146.50,-26.25,39.90
146.75,-26.25,39.39
147.00,-26.25,39.36
147.25,-26.25,39.67
147.50,-26.25,39.94
147.75,-26.25,39.88
148.00,-26.25,39.51
148.25,-26.25,38.97
148.50,-26.25,38.39
148.75,-26.25,37.69
149.00,-26.25,36.98
149.25,-26.25,36.26
149.50,-26.25,35.48
149.75,-26.25,34.86
150.00,-26.25,35.02
150.25,-26.25,36.11
150.50,-26.25,36.95
150.75,-26.25,37.25
151.00,-26.25,37.21
151.25,-26.25,36.86
151.50,-26.25,36.02
151.75,-26.25,34.74
152.00,-26.25,33.81
152.25,-26.25,33.65
152.50,-26.25,33.68
152.75,-26.25,33.53
153.00,-26.25,33.10
153.25,-26.25,32.15
153.50,-26.25,30.14
153.75,-26.25,26.64
154.00,-26.25,22.53
154.25,-26.25,19.37
154.50,-26.25,17.14
154.75,-26.25,15.36
155.00,-26.25,13.90
155.25,-26.25,12.85
155.50,-26.25,12.18
155.75,-26.25,11.91
110.25,-26.00,15.00
110.50,-26.00,16.12
110.75,-26.00,17.68
111.00,-26.00,19.52
111.25,-26.00,21.44
111.50,-26.00,23.31
111.75,-26.00,24.99
112.00,-26.00,26.40
112.25,-26.00,27.40
112.50,-26.00,28.05
112.75,-26.00,28.37
113.00,-26.00,28.51
113.25,-26.00,28.68
113.50,-26.00,28.99
113.75,-26.00,29.22
114.00,-26.00,29.41
114.25,-26.00,29.78
114.50,-26.00,30.23
114.75,-26.00,31.21
115.00,-26.00,33.55
115.25,-26.00,36.03
115.50,-26.00,38.44
115.75,-26.00,39.46
116.00,-26.00,38.48
116.25,-26.00,37.52
116.50,-26.00,37.70
116.75,-26.00,37.57
117.00,-26.00,36.38
117.25,-26.00,35.60
117.50,-26.00,35.34
117.75,-26.00,35.41
118.00,-26.00,35.78
118.25,-26.00,36.43
118.50,-26.00,37.48
118.75,-26.00,38.64
119.00,-26.00,39.50
119.25,-26.00,39.79
119.50,-26.00,39.35
119.75,-26.00,38.32
120.00,-26.00,37.22
120.25,-26.00,36.76
120.50,-26.00,37.55
120.75,-26.00,40.00
121.00,-26.00,42.45
121.25,-26.00,43.43
121.50,-26.00,43.70
121.75,-26.00,43.78
122.00,-26.00,43.79
122.25,-26.00,43.74
122.50,-26.00,43.47
122.75,-26.00,42.77
123.00,-26.00,42.10
123.25,-26.00,41.82
123.50,-26.00,41.65
123.75,-26.00,41.43
124.00,-26.00,41.16
124.25,-26.00,40.96
124.50,-26.00,40.92
124.75,-26.00,41.06
125.00,-26.00,41.34
125.25,-26.00,41.70
125.50,-26.00,42.23
125.75,-26.00,43.72
126.00,-26.00,46.65
126.25,-26.00,47.52
126.50,-26.00,48.55
126.75,-26.00,50.13
127.00,-26.00,51.70
127.25,-26.00,52.34
127.50,-26.00,50.68
127.75,-26.00,47.62
128.00,-26.00,45.75
128.25,-26.00,45.07
128.50,-26.00,44.54
128.75,-26.00,43.79
129.00,-26.00,43.15
129.25,-26.00,43.34
129.50,-26.00,44.27
129.75,-26.00,45.60
130.00,-26.00,46.87
130.25,-26.00,47.54
130.50,-26.00,47.73
130.75,-26.00,47.77
131.00,-26.00,47.73
131.25,-26.00,47.59
131.50,-26.00,47.26
131.75,-26.00,46.45
132.00,-26.00,44.93
132.25,-26.00,43.84
132.50,-26.00,45.48
132.75,-26.00,47.59
133.00,-26.00,48.18
133.25,-26.00,46.98
133.50,-26.00,46.16
133.75,-26.00,45.59
134.00,-26.00,43.72
134.25,-26.00,42.01
134.50,-26.00,40.79
134.75,-26.00,40.02
135.00,-26.00,39.80
135.25,-26.00,39.52
135.50,-26.00,39.47
135.75,-26.00,38.63
136.00,-26.00,37.79
136.25,-26.00,37.47
136.50,-26.00,37.71
136.75,-26.00,38.37
137.00,-26.00,39.25
137.25,-26.00,39.59
137.50,-26.00,39.86
137.75,-26.00,39.92
138.00,-26.00,39.89
138.25,-26.00,38.96
138.50,-26.00,38.29
138.75,-26.00,38.07
139.00,-26.00,37.77
139.25,-26.00,37.32
139.50,-26.00,37.03
139.75,-26.00,36.72
140.00,-26.00,36.37
140.25,-26.00,36.24
140.50,-26.00,36.90
140.75,-26.00,37.62
141.00,-26.00,37.90
141.25,-26.00,37.88
141.50,-26.00,37.56
141.75,-26.00,36.90
142.00,-26.00,36.67
142.25,-26.00,36.87
142.50,-26.00,37.16
142.75,-26.00,37.43
143.00,-26.00,37.62
143.25,-26.00,37.90
143.50,-26.00,38.14
143.75,-26.00,38.67
144.00,-26.00,39.45
144.25,-26.00,40.18
144.50,-26.00,40.60
144.75,-26.00,40.61
145.00,-26.00,40.56
145.25,-26.00,40.52
145.50,-26.00,40.41
145.75,-26.00,40.77
146.00,-26.00,40.92
146.25,-26.00,40.32
146.50,-26.00,39.38
146.75,-26.00,38.86
147.00,-26.00,38.84
147.25,-26.00,39.14
147.50,-26.00,39.50
147.75,-26.00,39.53
148.00,-26.00,39.16
148.25,-26.00,38.78
148.50,-26.00,38.36
148.75,-26.00,37.41
149.00,-26.00,36.39
149.25,-26.00,35.49
149.50,-26.00,34.91
149.75,-26.00,34.24
150.00,-26.00,35.16
150.25,-26.00,36.69
150.50,-26.00,37.39
150.75,-26.00,37.56
151.00,-26.00,37.53
151.25,-26.00,37.33
151.50,-26.00,36.81
151.75,-26.00,35.60
152.00,-26.00,33.84
152.25,-26.00,32.83
152.50,-26.00,32.68
152.75,-26.00,31.95
153.00,-26.00,31.06
153.25,-26.00,29.51
153.50,-26.00,27.02
153.75,-26.00,23.82
154.00,-26.00,20.76
154.25,-26.00,18.30
154.50,-26.00,16.29
154.75,-26.00,14.59
155.00,-26.00,13.27
155.25,-26.00,12.49
155.50,-26.00,12.09
155.75,-26.00,11.94
110.25,-25.75,16.02
110.50,-25.75,17.16
110.75,-25.75,18.67
111.00,-25.75,20.43
111.25,-25.75,22.31
111.50,-25.75,24.12
111.75,-25.75,25.65
112.00,-25.75,26.88
112.25,-25.75,27.74
112.50,-25.75,28.27
112.75,-25.75,28.36
113.00,-25.75,28.02
113.25,-25.75,27.65
113.50,-25.75,27.82
113.75,-25.75,28.41
114.00,-25.75,28.95
114.25,-25.75,29.31
114.50,-25.75,29.59
114.75,-25.75,30.22
115.00,-25.75,32.38
115.25,-25.75,35.31
115.50,-25.75,37.70
115.75,-25.75,39.17
116.00,-25.75,39.58
116.25,-25.75,39.69
116.50,-25.75,40.01
116.75,-25.75,39.77
117.00,-25.75,38.50
117.25,-25.75,37.30
117.50,-25.75,36.55
117.75,-25.75,36.41
118.00,-25.75,36.90
118.25,-25.75,37.83
118.50,-25.75,38.94
118.75,-25.75,39.82
119.00,-25.75,40.31
119.25,-25.75,40.45
119.50,-25.75,40.26
119.75,-25.75,39.72
120.00,-25.75,38.90
120.25,-25.75,38.29
120.50,-25.75,38.82
120.75,-25.75,40.44
121.00,-25.75,42.05
121.25,-25.75,43.10
121.50,-25.75,43.53
121.75,-25.75,43.67
122.00,-25.75,43.66
122.25,-25.75,43.43
122.50,-25.75,42.76
122.75,-25.75,42.08
123.00,-25.75,41.82
123.25,-25.75,41.74
123.50,-25.75,41.68
123.75,-25.75,41.55
124.00,-25.75,41.30
124.25,-25.75,41.04
124.50,-25.75,40.88
124.75,-25.75,40.84
125.00,-25.75,40.93
125.25,-25.75,41.22
125.50,-25.75,41.76
125.75,-25.75,42.65
126.00,-25.75,44.12
126.25,-25.75,46.47
126.50,-25.75,49.17
126.75,-25.75,51.36
127.00,-25.75,52.78
127.25,-25.75,52.84
127.50,-25.75,51.63
127.75,-25.75,49.56
128.00,-25.75,46.70
128.25,-25.75,45.27
128.50,-25.75,44.78
128.75,-25.75,44.39
129.00,-25.75,43.90
129.25,-25.75,43.84
129.50,-25.75,44.53
129.75,-25.75,45.78
130.00,-25.75,47.17
130.25,-25.75,47.95
130.50,-25.75,48.21
130.75,-25.75,48.26
131.00,-25.75,48.21
131.25,-25.75,48.07
131.50,-25.75,47.75
131.75,-25.75,47.03
132.00,-25.75,45.64
132.25,-25.75,44.58
132.50,-25.75,45.62
132.75,-25.75,46.78
133.00,-25.75,47.26
133.25,-25.75,47.17
133.50,-25.75,46.91
133.75,-25.75,45.98
134.00,-25.75,43.87
134.25,-25.75,41.88
134.50,-25.75,40.20
134.75,-25.75,39.02
135.00,-25.75,38.48
135.25,-25.75,38.39
135.50,-25.75,38.35
135.75,-25.75,38.00
136.00,-25.75,37.48
136.25,-25.75,37.36
136.50,-25.75,37.68
136.75,-25.75,38.39
137.00,-25.75,39.15
137.25,-25.75,39.65
137.50,-25.75,39.93
137.75,-25.75,40.00
138.00,-25.75,39.77
138.25,-25.75,39.04
138.50,-25.75,38.30
138.75,-25.75,37.91
139.00,-25.75,37.39
139.25,-25.75,37.14
139.50,-25.75,36.93
139.75,-25.75,36.04
140.00,-25.75,35.50
140.25,-25.75,36.16
140.50,-25.75,37.58
140.75,-25.75,38.34
141.00,-25.75,38.64
141.25,-25.75,38.74
141.50,-25.75,38.67
141.75,-25.75,38.45
142.00,-25.75,38.11
142.25,-25.75,37.80
142.50,-25.75,37.57
142.75,-25.75,37.69
143.00,-25.75,37.99
143.25,-25.75,38.29
143.50,-25.75,38.23
143.75,-25.75,38.55
144.00,-25.75,39.74
144.25,-25.75,40.51
144.50,-25.75,40.65
144.75,-25.75,40.34
145.00,-25.75,39.91
145.25,-25.75,39.94
145.50,-25.75,40.35
145.75,-25.75,40.78
146.00,-25.75,40.88
146.25,-25.75,40.22
146.50,-25.75,39.19
146.75,-25.75,38.64
147.00,-25.75,38.54
147.25,-25.75,38.67
147.50,-25.75,38.79
147.75,-25.75,38.61
148.00,-25.75,38.38
148.25,-25.75,38.47
148.50,-25.75,38.15
148.75,-25.75,36.62
149.00,-25.75,35.10
149.25,-25.75,34.25
149.50,-25.75,33.61
149.75,-25.75,33.60
150.00,-25.75,35.01
150.25,-25.75,36.73
150.50,-25.75,37.41
150.75,-25.75,37.55
151.00,-25.75,37.51
151.25,-25.75,37.37
151.50,-25.75,37.05
151.75,-25.75,36.20
152.00,-25.75,34.33
152.25,-25.75,32.41
152.50,-25.75,31.25
152.75,-25.75,30.09
153.00,-25.75,28.63
153.25,-25.75,26.78
153.50,-25.75,24.50
153.75,-25.75,21.98
154.00,-25.75,19.54
154.25,-25.75,17.38
154.50,-25.75,15.50
154.75,-25.75,13.98
155.00,-25.75,12.90
155.25,-25.75,12.36
155.50,-25.75,12.14
155.75,-25.75,12.04
110.25,-25.50,16.83
110.50,-25.50,17.91
110.75,-25.50,19.38
111.00,-25.50,21.06
111.25,-25.50,22.93
111.50,-25.50,24.70
111.75,-25.50,26.10
112.00,-25.50,27.15
112.25,-25.50,27.85
112.50,-25.50,28.16
112.75,-25.50,27.76
113.00,-25.50,26.88
113.25,-25.50,26.24
113.50,-25.50,26.09
113.75,-25.50,26.45
114.00,-25.50,27.36
114.25,-25.50,28.48
114.50,-25.50,29.28
114.75,-25.50,29.89
115.00,-25.50,30.89
115.25,-25.50,32.73
115.50,-25.50,35.35
115.75,-25.50,38.06
116.00,-25.50,39.49
116.25,-25.50,39.99
116.50,-25.50,40.43
116.75,-25.50,40.41
117.00,-25.50,39.62
117.25,-25.50,38.96
117.50,-25.50,38.51
117.75,-25.50,38.42
118.00,-25.50,38.89
118.25,-25.50,39.71
118.50,-25.50,40.45
118.75,-25.50,40.82
119.00,-25.50,40.87
119.25,-25.50,40.75
119.50,-25.50,40.51
119.75,-25.50,40.19
120.00,-25.50,39.75
120.25,-25.50,39.33
120.50,-25.50,39.48
120.75,-25.50,40.29
121.00,-25.50,41.19
121.25,-25.50,42.17
121.50,-25.50,42.88
121.75,-25.50,43.18
122.00,-25.50,43.29
122.25,-25.50,42.60
122.50,-25.50,42.02
122.75,-25.50,41.79
123.00,-25.50,41.74
123.25,-25.50,41.72
123.50,-25.50,41.69
123.75,-25.50,41.62
124.00,-25.50,41.45
124.25,-25.50,41.21
124.50,-25.50,41.05
124.75,-25.50,41.00
125.00,-25.50,41.08
125.25,-25.50,41.33
125.50,-25.50,41.74
125.75,-25.50,42.32
126.00,-25.50,43.09
126.25,-25.50,44.23
126.50,-25.50,46.53
126.75,-25.50,50.72
127.00,-25.50,52.75
127.25,-25.50,52.34
127.50,-25.50,51.01
127.75,-25.50,49.46
128.00,-25.50,47.76
128.25,-25.50,46.09
128.50,-25.50,44.95
128.75,-25.50,44.60
129.00,-25.50,44.38
129.25,-25.50,44.33
129.50,-25.50,44.73
129.75,-25.50,45.49
130.00,-25.50,46.56
130.25,-25.50,47.43
130.50,-25.50,47.93
130.75,-25.50,47.96
131.00,-25.50,47.95
131.25,-25.50,47.85
131.50,-25.50,47.67
131.75,-25.50,47.03
132.00,-25.50,45.92
132.25,-25.50,44.95
132.50,-25.50,45.29
132.75,-25.50,45.64
133.00,-25.50,45.74
133.25,-25.50,46.04
133.50,-25.50,46.30
133.75,-25.50,45.55
134.00,-25.50,43.46
134.25,-25.50,41.45
134.50,-25.50,39.69
134.75,-25.50,38.27
135.00,-25.50,37.54
135.25,-25.50,37.40
135.50,-25.50,37.81
135.75,-25.50,37.24
136.00,-25.50,37.52
136.25,-25.50,37.00
136.50,-25.50,37.40
136.75,-25.50,38.19
137.00,-25.50,39.01
137.25,-25.50,39.56
137.50,-25.50,39.86
137.75,-25.50,39.93
138.00,-25.50,39.67
138.25,-25.50,38.89
138.50,-25.50,38.10
138.75,-25.50,37.69
139.00,-25.50,37.52
139.25,-25.50,38.33
139.50,-25.50,38.86
139.75,-25.50,37.61
140.00,-25.50,36.39
140.25,-25.50,37.20
140.50,-25.50,38.55
140.75,-25.50,39.06
141.00,-25.50,39.29
141.25,-25.50,39.41
141.50,-25.50,39.31
141.75,-25.50,39.03
142.00,-25.50,38.65
142.25,-25.50,38.21
142.50,-25.50,37.68
142.75,-25.50,37.72
143.00,-25.50,37.83
143.25,-25.50,37.76
143.50,-25.50,37.83
143.75,-25.50,38.16
144.00,-25.50,39.27
144.25,-25.50,40.03
144.50,-25.50,39.95
144.75,-25.50,39.79
145.00,-25.50,39.67
145.25,-25.50,39.95
145.50,-25.50,40.67
145.75,-25.50,41.10
146.00,-25.50,41.10
146.25,-25.50,40.53
146.50,-25.50,39.28
146.75,-25.50,38.63
147.00,-25.50,38.32
147.25,-25.50,38.02
147.50,-25.50,37.44
147.75,-25.50,36.67
148.00,-25.50,36.30
148.25,-25.50,36.58
148.50,-25.50,36.05
148.75,-25.50,35.12
149.00,-25.50,34.13
149.25,-25.50,33.25
149.50,-25.50,32.95
149.75,-25.50,32.94
150.00,-25.50,34.53
150.25,-25.50,36.10
150.50,-25.50,37.12
150.75,-25.50,37.37
151.00,-25.50,37.36
151.25,-25.50,37.25
151.50,-25.50,37.00
151.75,-25.50,36.32
152.00,-25.50,35.24
152.25,-25.50,32.23
152.50,-25.50,30.61
152.75,-25.50,29.15
153.00,-25.50,27.48
153.25,-25.50,25.54
153.50,-25.50,23.35
153.75,-25.50,20.96
154.00,-25.50,18.61
154.25,-25.50,16.51
154.50,-25.50,14.78
154.75,-25.50,13.54
155.00,-25.50,13.27
155.25,-25.50,12.43
155.50,-25.50,12.32
155.75,-25.50,12.25
110.25,-25.25,17.34
110.50,-25.25,18.38
110.75,-25.25,19.80
111.00,-25.25,21.49
111.25,-25.25,23.31
111.50,-25.25,24.96
111.75,-25.25,26.14
112.00,-25.25,26.96
112.25,-25.25,27.47
112.50,-25.25,27.52
112.75,-25.25,26.81
113.00,-25.25,25.97
113.25,-25.25,25.53
113.50,-25.25,25.40
113.75,-25.25,25.56
114.00,-25.25,26.27
114.25,-25.25,27.80
114.50,-25.25,29.11
114.75,-25.25,29.84
115.00,-25.25,30.71
115.25,-25.25,32.21
115.50,-25.25,34.64
115.75,-25.25,37.67
116.00,-25.25,39.08
116.25,-25.25,39.33
116.50,-25.25,39.75
116.75,-25.25,39.93
117.00,-25.25,39.72
117.25,-25.25,39.73
117.50,-25.25,39.74
117.75,-25.25,39.78
118.00,-25.25,40.10
118.25,-25.25,40.71
118.50,-25.25,41.14
118.75,-25.25,41.18
119.00,-25.25,40.93
119.25,-25.25,40.53
119.50,-25.25,40.06
119.75,-25.25,39.54
120.00,-25.25,38.96
120.25,-25.25,38.47
120.50,-25.25,38.61
120.75,-25.25,39.54
121.00,-25.25,40.30
121.25,-25.25,40.86
121.50,-25.25,41.43
121.75,-25.25,41.85
122.00,-25.25,41.93
122.25,-25.25,41.78
122.50,-25.25,41.71
122.75,-25.25,41.70
123.00,-25.25,41.71
123.25,-25.25,41.70
123.50,-25.25,41.68
123.75,-25.25,41.63
124.00,-25.25,41.47
124.25,-25.25,41.26
124.50,-25.25,41.12
124.75,-25.25,41.11
125.00,-25.25,41.23
125.25,-25.25,41.50
125.50,-25.25,41.89
125.75,-25.25,42.37
126.00,-25.25,42.98
126.25,-25.25,43.82
126.50,-25.25,45.07
126.75,-25.25,47.15
127.00,-25.25,50.00
127.25,-25.25,50.57
127.50,-25.25,49.61
127.75,-25.25,48.58
128.00,-25.25,47.72
128.25,-25.25,46.64
128.50,-25.25,45.30
128.75,-25.25,44.62
129.00,-25.25,44.41
129.25,-25.25,44.37
129.50,-25.25,44.53
129.75,-25.25,44.81
130.00,-25.25,45.38
130.25,-25.25,46.28
130.50,-25.25,46.99
130.75,-25.25,47.35
131.00,-25.25,47.46
131.25,-25.25,47.43
131.50,-25.25,47.27
131.75,-25.25,46.87
132.00,-25.25,46.02
132.25,-25.25,45.06
132.50,-25.25,44.76
132.75,-25.25,44.68
133.00,-25.25,44.59
133.25,-25.25,44.73
133.50,-25.25,45.01
133.75,-25.25,44.49
134.00,-25.25,42.20
134.25,-25.25,40.32
134.50,-25.25,39.34
134.75,-25.25,37.95
135.00,-25.25,37.07
135.25,-25.25,36.73
135.50,-25.25,36.55
135.75,-25.25,36.17
136.00,-25.25,35.90
136.25,-25.25,36.14
136.50,-25.25,36.68
136.75,-25.25,37.58
137.00,-25.25,38.55
137.25,-25.25,39.22
137.50,-25.25,39.57
137.75,-25.25,39.62
138.00,-25.25,39.28
138.25,-25.25,38.43
138.50,-25.25,37.66
138.75,-25.25,37.49
139.00,-25.25,37.89
139.25,-25.25,39.54
139.50,-25.25,40.23
139.75,-25.25,39.59
140.00,-25.25,38.45
140.25,-25.25,39.03
140.50,-25.25,39.71
140.75,-25.25,39.89
141.00,-25.25,39.92
141.25,-25.25,39.89
141.50,-25.25,39.68
141.75,-25.25,39.25
142.00,-25.25,38.61
142.25,-25.25,37.94
142.50,-25.25,37.57
142.75,-25.25,37.59
143.00,-25.25,37.64
143.25,-25.25,37.66
143.50,-25.25,37.87
143.75,-25.25,38.09
144.00,-25.25,38.53
144.25,-25.25,38.85
144.50,-25.25,39.00
144.75,-25.25,39.16
145.00,-25.25,39.33
145.25,-25.25,39.90
145.50,-25.25,41.06
145.75,-25.25,41.48
146.00,-25.25,41.51
146.25,-25.25,41.15
146.50,-25.25,39.77
146.75,-25.25,38.74
147.00,-25.25,37.94
147.25,-25.25,36.89
147.50,-25.25,35.69
147.75,-25.25,34.73
148.00,-25.25,34.22
148.25,-25.25,34.89
148.50,-25.25,35.52
148.75,-25.25,35.37
149.00,-25.25,34.38
149.25,-25.25,32.95
149.50,-25.25,32.56
149.75,-25.25,32.50
150.00,-25.25,33.00
150.25,-25.25,34.60
150.50,-25.25,36.28
150.75,-25.25,36.98
151.00,-25.25,37.12
151.25,-25.25,37.05
151.50,-25.25,36.80
151.75,-25.25,36.08
152.00,-25.25,34.28
152.25,-25.25,31.98
152.50,-25.25,30.41
152.75,-25.25,29.10
153.00,-25.25,27.56
153.25,-25.25,25.55
153.50,-25.25,23.15
153.75,-25.25,20.47
154.00,-25.25,17.85
154.25,-25.25,15.70
154.50,-25.25,14.15
154.75,-25.25,13.30
155.00,-25.25,12.89
155.25,-25.25,12.68
155.50,-25.25,12.58
155.75,-25.25,12.55
110.25,-25.00,17.55
110.50,-25.00,18.54
110.75,-25.00,20.01
111.00,-25.00,21.66
111.25,-25.00,23.48
111.50,-25.00,24.96
111.75,-25.00,25.92
112.00,-25.00,26.53
112.25,-25.00,26.90
112.50,-25.00,26.85
112.75,-25.00,26.21
113.00,-25.00,25.59
113.25,-25.00,25.31
113.50,-25.00,25.26
113.75,-25.00,25.44
114.00,-25.00,26.10
114.25,-25.00,27.59
114.50,-25.00,29.08
114.75,-25.00,30.00
115.00,-25.00,31.00
115.25,-25.00,32.52
115.50,-25.00,34.77
115.75,-25.00,37.45
116.00,-25.00,38.65
116.25,-25.00,38.70
116.50,-25.00,38.91
116.75,-25.00,39.29
117.00,-25.00,39.62
117.25,-25.00,39.91
117.50,-25.00,40.02
117.75,-25.00,40.00
118.00,-25.00,40.09
118.25,-25.00,40.47
118.50,-25.00,40.80
118.75,-25.00,40.77
119.00,-25.00,40.38
119.25,-25.00,39.69
119.50,-25.00,38.86
119.75,-25.00,38.01
120.00,-25.00,37.23
120.25,-25.00,36.71
120.50,-25.00,36.94
120.75,-25.00,38.26
121.00,-25.00,39.42
121.25,-25.00,39.85
121.50,-25.00,40.07
121.75,-25.00,40.34
122.00,-25.00,40.77
122.25,-25.00,41.26
122.50,-25.00,41.53
122.75,-25.00,41.64
123.00,-25.00,41.68
123.25,-25.00,41.67
123.50,-25.00,41.64
123.75,-25.00,41.54
124.00,-25.00,41.35
124.25,-25.00,41.15
124.50,-25.00,41.06
124.75,-25.00,41.11
125.00,-25.00,41.29
125.25,-25.00,41.61
125.50,-25.00,42.03
125.75,-25.00,42.50
126.00,-25.00,43.06
126.25,-25.00,43.76
126.50,-25.00,44.69
126.75,-25.00,45.88
127.00,-25.00,46.91
127.25,-25.00,47.04
127.50,-25.00,46.44
127.75,-25.00,46.42
128.00,-25.00,46.46
128.25,-25.00,46.07
128.50,-25.00,45.19
128.75,-25.00,44.53
129.00,-25.00,44.32
129.25,-25.00,44.31
129.50,-25.00,44.40
129.75,-25.00,44.47
130.00,-25.00,44.63
130.25,-25.00,45.17
130.50,-25.00,46.02
130.75,-25.00,46.61
131.00,-25.00,46.95
131.25,-25.00,47.06
131.50,-25.00,47.05
131.75,-25.00,46.71
132.00,-25.00,46.01
132.25,-25.00,45.03
132.50,-25.00,44.28
132.75,-25.00,43.94
133.00,-25.00,43.87
133.25,-25.00,43.93
133.50,-25.00,44.03
133.75,-25.00,43.86
134.00,-25.00,42.65
134.25,-25.00,41.02
134.50,-25.00,39.95
134.75,-25.00,38.67
135.00,-25.00,37.83
135.25,-25.00,37.37
135.50,-25.00,37.37
135.75,-25.00,35.98
136.00,-25.00,35.24
136.25,-25.00,35.30
136.50,-25.00,35.81
136.75,-25.00,36.65
137.00,-25.00,37.65
137.25,-25.00,38.44
137.50,-25.00,38.85
137.75,-25.00,38.88
138.00,-25.00,38.43
138.25,-25.00,37.59
138.50,-25.00,37.18
138.75,-25.00,37.80
139.00,-25.00,38.86
139.25,-25.00,40.16
139.50,-25.00,40.64
139.75,-25.00,40.45
140.00,-25.00,40.08
140.25,-25.00,40.31
140.50,-25.00,40.56
140.75,-25.00,40.55
141.00,-25.00,40.37
141.25,-25.00,40.08
141.50,-25.00,39.70
141.75,-25.00,39.21
142.00,-25.00,38.58
142.25,-25.00,37.96
142.50,-25.00,37.68
142.75,-25.00,37.62
143.00,-25.00,37.74
143.25,-25.00,37.87
143.50,-25.00,37.97
143.75,-25.00,38.11
144.00,-25.00,38.33
144.25,-25.00,38.50
144.50,-25.00,38.64
144.75,-25.00,38.72
145.00,-25.00,38.88
145.25,-25.00,39.25
145.50,-25.00,40.00
145.75,-25.00,40.55
146.00,-25.00,40.94
146.25,-25.00,40.68
146.50,-25.00,39.64
146.75,-25.00,38.64
147.00,-25.00,37.33
147.25,-25.00,35.84
147.50,-25.00,34.61
147.75,-25.00,33.80
148.00,-25.00,33.44
148.25,-25.00,34.34
148.50,-25.00,35.23
148.75,-25.00,35.04
149.00,-25.00,33.84
149.25,-25.00,32.83
149.50,-25.00,32.71
149.75,-25.00,32.40
150.00,-25.00,32.45
150.25,-25.00,33.11
150.50,-25.00,34.67
150.75,-25.00,36.11
151.00,-25.00,36.67
151.25,-25.00,36.69
151.50,-25.00,36.36
151.75,-25.00,35.40
152.00,-25.00,34.14
152.25,-25.00,31.55
152.50,-25.00,30.31
152.75,-25.00,29.29
153.00,-25.00,27.99
153.25,-25.00,26.03
153.50,-25.00,23.45
153.75,-25.00,20.37
154.00,-25.00,17.39
154.25,-25.00,15.10
154.50,-25.00,13.66
154.75,-25.00,13.13
155.00,-25.00,13.02
155.25,-25.00,12.90
155.50,-25.00,12.82
155.75,-25.00,12.92
110.25,-24.75,17.35
110.50,-24.75,18.39
110.75,-24.75,19.96
111.00,-24.75,21.73
111.25,-24.75,23.36
111.50,-24.75,24.65
111.75,-24.75,25.46
112.00,-24.75,25.96
112.25,-24.75,26.25
112.50,-24.75,26.12
112.75,-24.75,25.61
113.00,-24.75,25.30
113.25,-24.75,25.24
113.50,-24.75,25.33
113.75,-24.75,25.62
114.00,-24.75,26.28
114.25,-24.75,27.62
114.50,-24.75,29.33
114.75,-24.75,30.78
115.00,-24.75,32.22
115.25,-24.75,33.79
115.50,-24.75,35.60
115.75,-24.75,37.41
116.00,-24.75,38.17
116.25,-24.75,38.21
116.50,-24.75,38.47
116.75,-24.75,39.00
117.00,-24.75,39.56
117.25,-24.75,39.89
117.50,-24.75,39.88
117.75,-24.75,39.66
118.00,-24.75,39.47
118.25,-24.75,39.58
118.50,-24.75,39.79
118.75,-24.75,39.76
119.00,-24.75,39.28
119.25,-24.75,38.27
119.50,-24.75,37.10
119.75,-24.75,36.12
120.00,-24.75,35.48
120.25,-24.75,35.25
120.50,-24.75,35.59
120.75,-24.75,36.77
121.00,-24.75,38.25
121.25,-24.75,38.88
121.50,-24.75,39.05
121.75,-24.75,39.23
122.00,-24.75,39.72
122.25,-24.75,40.56
122.50,-24.75,41.19
122.75,-24.75,41.46
123.00,-24.75,41.54
123.25,-24.75,41.53
123.50,-24.75,41.44
123.75,-24.75,41.22
124.00,-24.75,40.95
124.25,-24.75,40.82
124.50,-24.75,40.83
124.75,-24.75,40.97
125.00,-24.75,41.22
125.25,-24.75,41.58
125.50,-24.75,42.01
125.75,-24.75,42.48
126.00,-24.75,43.01
126.25,-24.75,43.63
126.50,-24.75,44.35
126.75,-24.75,45.16
127.00,-24.75,45.77
127.25,-24.75,45.69
127.50,-24.75,45.13
127.75,-24.75,44.87
128.00,-24.75,44.97
128.25,-24.75,44.95
128.50,-24.75,44.62
128.75,-24.75,44.32
129.00,-24.75,44.22
129.25,-24.75,44.28
129.50,-24.75,44.35
129.75,-24.75,44.34
130.00,-24.75,44.34
130.25,-24.75,44.53
130.50,-24.75,45.04
130.75,-24.75,45.77
131.00,-24.75,46.40
131.25,-24.75,46.75
131.50,-24.75,46.86
131.75,-24.75,46.70
132.00,-24.75,46.12
132.25,-24.75,45.25
132.50,-24.75,44.39
132.75,-24.75,43.85
133.00,-24.75,43.76
133.25,-24.75,43.93
133.50,-24.75,44.12
133.75,-24.75,44.13
134.00,-24.75,43.57
134.25,-24.75,42.31
134.50,-24.75,40.84
134.75,-24.75,39.65
135.00,-24.75,38.93
135.25,-24.75,38.55
135.50,-24.75,38.16
135.75,-24.75,37.44
136.00,-24.75,36.54
136.25,-24.75,36.36
136.50,-24.75,36.75
136.75,-24.75,37.27
137.00,-24.75,37.79
137.25,-24.75,38.18
137.50,-24.75,38.35
137.75,-24.75,38.19
138.00,-24.75,37.70
138.25,-24.75,37.09
138.50,-24.75,37.18
138.75,-24.75,38.38
139.00,-24.75,39.95
139.25,-24.75,42.11
139.50,-24.75,42.77
139.75,-24.75,42.13
140.00,-24.75,41.00
140.25,-24.75,40.89
140.50,-24.75,41.01
140.75,-24.75,40.87
141.00,-24.75,40.51
141.25,-24.75,40.01
141.50,-24.75,39.48
141.75,-24.75,38.99
142.00,-24.75,38.55
142.25,-24.75,38.13
142.50,-24.75,37.82
142.75,-24.75,37.77
143.00,-24.75,38.07
143.25,-24.75,38.01
143.50,-24.75,37.67
143.75,-24.75,37.71
144.00,-24.75,37.96
144.25,-24.75,38.25
144.50,-24.75,38.42
144.75,-24.75,38.46
145.00,-24.75,38.50
145.25,-24.75,38.62
145.50,-24.75,38.84
145.75,-24.75,39.09
146.00,-24.75,39.33
146.25,-24.75,39.30
146.50,-24.75,38.94
146.75,-24.75,38.11
147.00,-24.75,36.71
147.25,-24.75,35.22
147.50,-24.75,34.10
147.75,-24.75,33.41
148.00,-24.75,33.05
148.25,-24.75,33.11
148.50,-24.75,33.56
148.75,-24.75,33.46
149.00,-24.75,33.12
149.25,-24.75,33.01
149.50,-24.75,32.81
149.75,-24.75,32.58
150.00,-24.75,32.47
150.25,-24.75,32.62
150.50,-24.75,33.33
150.75,-24.75,34.65
151.00,-24.75,35.70
151.25,-24.75,35.91
151.50,-24.75,35.40
151.75,-24.75,34.16
152.00,-24.75,32.50
152.25,-24.75,31.15
152.50,-24.75,30.18
152.75,-24.75,29.36
153.00,-24.75,28.33
153.25,-24.75,26.66
153.50,-24.75,24.20
153.75,-24.75,20.87
154.00,-24.75,17.51
154.25,-24.75,14.99
154.50,-24.75,13.46
154.75,-24.75,12.96
155.00,-24.75,12.93
155.25,-24.75,12.90
155.50,-24.75,12.98
155.75,-24.75,13.40
110.25,-24.50,16.94
110.50,-24.50,18.38
110.75,-24.50,19.67
111.00,-24.50,21.42
111.25,-24.50,22.92
111.50,-24.50,24.05
111.75,-24.50,24.74
112.00,-24.50,24.75
112.25,-24.50,24.62
112.50,-24.50,23.02
112.75,-24.50,22.04
113.00,-24.50,22.89
113.25,-24.50,24.35
113.50,-24.50,25.34
113.75,-24.50,25.98
114.00,-24.50,26.71
114.25,-24.50,28.03
114.50,-24.50,30.35
114.75,-24.50,32.67
115.00,-24.50,34.23
115.25,-24.50,35.31
115.50,-24.50,36.33
115.75,-24.50,37.28
116.00,-24.50,37.76
116.25,-24.50,37.96
116.50,-24.50,38.31
116.75,-24.50,38.90
117.00,-24.50,39.55
117.25,-24.50,39.89
117.50,-24.50,39.69
117.75,-24.50,39.20
118.00,-24.50,38.72
118.25,-24.50,38.52
118.50,-24.50,38.60
118.75,-24.50,38.57
119.00,-24.50,38.06
119.25,-24.50,36.88
119.50,-24.50,35.59
119.75,-24.50,34.89
120.00,-24.50,34.67
120.25,-24.50,34.78
120.50,-24.50,35.14
120.75,-24.50,35.82
121.00,-24.50,36.94
121.25,-24.50,37.80
121.50,-24.50,38.17
121.75,-24.50,38.31
122.00,-24.50,38.75
122.25,-24.50,39.55
122.50,-24.50,40.39
122.75,-24.50,40.89
123.00,-24.50,41.06
123.25,-24.50,41.02
123.50,-24.50,40.80
123.75,-24.50,40.53
124.00,-24.50,40.39
124.25,-24.50,40.41
124.50,-24.50,40.62
124.75,-24.50,40.76
125.00,-24.50,41.06
125.25,-24.50,41.44
125.50,-24.50,41.86
125.75,-24.50,42.33
126.00,-24.50,42.79
126.25,-24.50,43.37
126.50,-24.50,43.94
126.75,-24.50,44.48
127.00,-24.50,44.81
127.25,-24.50,44.73
127.50,-24.50,44.64
127.75,-24.50,44.35
128.00,-24.50,44.50
128.25,-24.50,44.32
128.50,-24.50,44.23
128.75,-24.50,44.17
129.00,-24.50,44.21
129.25,-24.50,44.28
129.50,-24.50,44.36
129.75,-24.50,44.23
130.00,-24.50,44.11
130.25,-24.50,44.02
130.50,-24.50,44.29
130.75,-24.50,44.90
131.00,-24.50,45.81
131.25,-24.50,46.59
131.50,-24.50,47.07
131.75,-24.50,46.97
132.00,-24.50,46.56
132.25,-24.50,45.89
132.50,-24.50,45.14
132.75,-24.50,44.55
133.00,-24.50,44.38
133.25,-24.50,44.56
133.50,-24.50,44.82
133.75,-24.50,44.85
134.00,-24.50,44.28
134.25,-24.50,42.99
134.50,-24.50,41.47
134.75,-24.50,40.29
135.00,-24.50,39.77
135.25,-24.50,39.79
135.50,-24.50,39.80
135.75,-24.50,39.10
136.00,-24.50,39.00
136.25,-24.50,38.63
136.50,-24.50,39.03
136.75,-24.50,39.42
137.00,-24.50,39.04
137.25,-24.50,39.59
137.50,-24.50,39.28
137.75,-24.50,38.72
138.00,-24.50,37.94
138.25,-24.50,37.36
138.50,-24.50,37.46
138.75,-24.50,38.76
139.00,-24.50,41.20
139.25,-24.50,44.51
139.50,-24.50,45.28
139.75,-24.50,44.03
140.00,-24.50,42.01
140.25,-24.50,41.09
140.50,-24.50,41.41
140.75,-24.50,40.88
141.00,-24.50,40.38
141.25,-24.50,39.78
141.50,-24.50,39.19
141.75,-24.50,38.72
142.00,-24.50,38.41
142.25,-24.50,38.22
142.50,-24.50,38.01
142.75,-24.50,37.75
143.00,-24.50,37.95
143.25,-24.50,38.10
143.50,-24.50,37.81
143.75,-24.50,37.70
144.00,-24.50,37.76
144.25,-24.50,37.95
144.50,-24.50,38.09
144.75,-24.50,38.14
145.00,-24.50,38.17
145.25,-24.50,38.24
145.50,-24.50,38.35
145.75,-24.50,38.46
146.00,-24.50,38.51
146.25,-24.50,38.50
146.50,-24.50,38.11
146.75,-24.50,37.53
147.00,-24.50,36.28
147.25,-24.50,34.93
147.50,-24.50,33.93
147.75,-24.50,33.32
148.00,-24.50,33.01
148.25,-24.50,32.92
148.50,-24.50,32.89
148.75,-24.50,33.20
149.00,-24.50,33.43
149.25,-24.50,33.50
149.50,-24.50,33.31
149.75,-24.50,33.02
150.00,-24.50,32.83
150.25,-24.50,32.83
150.50,-24.50,33.04
150.75,-24.50,33.74
151.00,-24.50,34.43
151.25,-24.50,34.54
151.50,-24.50,33.88
151.75,-24.50,32.82
152.00,-24.50,31.76
152.25,-24.50,30.83
152.50,-24.50,30.02
152.75,-24.50,29.30
153.00,-24.50,28.43
153.25,-24.50,27.05
153.50,-24.50,24.87
153.75,-24.50,21.68
154.00,-24.50,18.25
154.25,-24.50,15.46
154.50,-24.50,13.63
154.75,-24.50,13.00
155.00,-24.50,12.96
155.25,-24.50,13.08
155.50,-24.50,14.14
155.75,-24.50,14.16
110.25,-24.25,16.44
110.50,-24.25,17.53
110.75,-24.25,19.02
111.00,-24.25,20.61
111.25,-24.25,22.01
111.50,-24.25,23.06
111.75,-24.25,23.48
112.00,-24.25,22.71
112.25,-24.25,19.98
112.50,-24.25,17.33
112.75,-24.25,16.50
113.00,-24.25,17.23
113.25,-24.25,19.80
113.50,-24.25,23.72
113.75,-24.25,26.17
114.00,-24.25,27.33
114.25,-24.25,29.10
114.50,-24.25,32.14
114.75,-24.25,34.21
115.00,-24.25,35.08
115.25,-24.25,35.63
115.50,-24.25,36.30
115.75,-24.25,37.13
116.00,-24.25,37.67
116.25,-24.25,37.96
116.50,-24.25,38.35
116.75,-24.25,38.95
117.00,-24.25,39.62
117.25,-24.25,39.94
117.50,-24.25,39.58
117.75,-24.25,38.89
118.00,-24.25,38.20
118.25,-24.25,37.73
118.50,-24.25,37.66
118.75,-24.25,37.64
119.00,-24.25,37.16
119.25,-24.25,36.04
119.50,-24.25,35.01
119.75,-24.25,34.63
120.00,-24.25,34.68
120.25,-24.25,34.88
120.50,-24.25,35.11
120.75,-24.25,35.43
121.00,-24.25,36.01
121.25,-24.25,36.76
121.50,-24.25,37.24
121.75,-24.25,37.64
122.00,-24.25,38.18
122.25,-24.25,38.89
122.50,-24.25,39.58
122.75,-24.25,40.00
123.00,-24.25,40.16
123.25,-24.25,40.09
123.50,-24.25,39.93
123.75,-24.25,39.85
124.00,-24.25,39.89
124.25,-24.25,40.04
124.50,-24.25,40.25
124.75,-24.25,40.52
125.00,-24.25,40.84
125.25,-24.25,41.20
125.50,-24.25,41.60
125.75,-24.25,42.03
126.00,-24.25,42.49
126.25,-24.25,42.94
126.50,-24.25,43.38
126.75,-24.25,43.80
127.00,-24.25,44.04
127.25,-24.25,43.96
127.50,-24.25,43.74
127.75,-24.25,43.62
128.00,-24.25,43.70
128.25,-24.25,43.87
128.50,-24.25,44.10
128.75,-24.25,44.30
129.00,-24.25,44.42
129.25,-24.25,44.47
129.50,-24.25,44.42
129.75,-24.25,44.21
130.00,-24.25,43.82
130.25,-24.25,43.54
130.50,-24.25,43.63
130.75,-24.25,44.24
131.00,-24.25,45.40
131.25,-24.25,46.69
131.50,-24.25,47.33
131.75,-24.25,47.34
132.00,-24.25,47.02
132.25,-24.25,46.63
132.50,-24.25,46.22
132.75,-24.25,45.82
133.00,-24.25,45.63
133.25,-24.25,45.73
133.50,-24.25,45.99
133.75,-24.25,46.14
134.00,-24.25,45.76
134.25,-24.25,44.51
134.50,-24.25,42.75
134.75,-24.25,41.38
135.00,-24.25,40.87
135.25,-24.25,41.16
135.50,-24.25,41.50
135.75,-24.25,41.52
136.00,-24.25,41.11
136.25,-24.25,41.28
136.50,-24.25,41.43
136.75,-24.25,41.43
137.00,-24.25,41.26
137.25,-24.25,40.87
137.50,-24.25,40.27
137.75,-24.25,39.46
138.00,-24.25,38.57
138.25,-24.25,37.83
138.50,-24.25,37.94
138.75,-24.25,39.36
139.00,-24.25,42.12
139.25,-24.25,45.17
139.50,-24.25,45.79
139.75,-24.25,44.56
140.00,-24.25,41.86
140.25,-24.25,41.10
140.50,-24.25,40.95
140.75,-24.25,40.61
141.00,-24.25,40.09
141.25,-24.25,39.50
141.50,-24.25,38.93
141.75,-24.25,38.47
142.00,-24.25,38.20
142.25,-24.25,38.05
142.50,-24.25,37.90
142.75,-24.25,37.61
143.00,-24.25,37.61
143.25,-24.25,37.96
143.50,-24.25,37.97
143.75,-24.25,37.83
144.00,-24.25,37.75
144.25,-24.25,37.79
144.50,-24.25,37.88
144.75,-24.25,37.94
145.00,-24.25,37.98
145.25,-24.25,38.04
145.50,-24.25,38.10
145.75,-24.25,38.11
146.00,-24.25,38.05
146.25,-24.25,37.89
146.50,-24.25,37.58
146.75,-24.25,36.94
147.00,-24.25,35.94
147.25,-24.25,34.83
147.50,-24.25,33.96
147.75,-24.25,33.43
148.00,-24.25,33.21
148.25,-24.25,33.28
148.50,-24.25,33.61
148.75,-24.25,33.89
149.00,-24.25,34.15
149.25,-24.25,34.30
149.50,-24.25,34.15
149.75,-24.25,33.82
150.00,-24.25,33.56
150.25,-24.25,33.50
150.50,-24.25,33.66
150.75,-24.25,33.96
151.00,-24.25,34.09
151.25,-24.25,33.70
151.50,-24.25,32.87
151.75,-24.25,32.00
152.00,-24.25,31.24
152.25,-24.25,30.51
152.50,-24.25,29.80
152.75,-24.25,29.08
153.00,-24.25,28.16
153.25,-24.25,26.82
153.50,-24.25,25.01
153.75,-24.25,22.65
154.00,-24.25,19.86
154.25,-24.25,16.86
154.50,-24.25,14.50
154.75,-24.25,13.58
155.00,-24.25,13.57
155.25,-24.25,13.92
155.50,-24.25,14.54
155.75,-24.25,15.53
110.25,-24.00,15.89
110.50,-24.00,16.96
110.75,-24.00,18.16
111.00,-24.00,19.47
111.25,-24.00,20.70
111.50,-24.00,21.53
111.75,-24.00,20.82
112.00,-24.00,18.27
112.25,-24.00,15.98
112.50,-24.00,14.95
112.75,-24.00,14.75
113.00,-24.00,14.98
113.25,-24.00,16.21
113.50,-24.00,19.76
113.75,-24.00,25.35
114.00,-24.00,28.19
114.25,-24.00,30.85
114.50,-24.00,33.33
114.75,-24.00,34.36
115.00,-24.00,34.78
115.25,-24.00,35.13
115.50,-24.00,35.78
115.75,-24.00,36.79
116.00,-24.00,37.64
116.25,-24.00,38.13
116.50,-24.00,38.57
116.75,-24.00,39.13
117.00,-24.00,39.67
117.25,-24.00,39.79
117.50,-24.00,39.29
117.75,-24.00,38.58
118.00,-24.00,37.93
118.25,-24.00,37.37
118.50,-24.00,37.10
118.75,-24.00,36.96
119.00,-24.00,36.55
119.25,-24.00,35.73
119.50,-24.00,35.01
119.75,-24.00,34.81
120.00,-24.00,34.87
120.25,-24.00,35.01
120.50,-24.00,35.14
120.75,-24.00,35.31
121.00,-24.00,35.61
121.25,-24.00,36.13
121.50,-24.00,36.88
121.75,-24.00,37.22
122.00,-24.00,38.05
122.25,-24.00,38.71
122.50,-24.00,39.40
122.75,-24.00,39.76
123.00,-24.00,40.01
123.25,-24.00,39.67
123.50,-24.00,39.47
123.75,-24.00,39.43
124.00,-24.00,39.53
124.25,-24.00,39.74
124.50,-24.00,40.02
124.75,-24.00,40.28
125.00,-24.00,40.58
125.25,-24.00,40.92
125.50,-24.00,41.31
125.75,-24.00,41.68
126.00,-24.00,42.06
126.25,-24.00,42.40
126.50,-24.00,42.75
126.75,-24.00,43.11
127.00,-24.00,43.24
127.25,-24.00,43.42
127.50,-24.00,43.20
127.75,-24.00,42.91
128.00,-24.00,43.40
128.25,-24.00,43.63
128.50,-24.00,44.89
128.75,-24.00,44.99
129.00,-24.00,45.32
129.25,-24.00,45.23
129.50,-24.00,45.11
129.75,-24.00,44.69
130.00,-24.00,44.10
130.25,-24.00,43.62
130.50,-24.00,46.13
130.75,-24.00,44.23
131.00,-24.00,44.68
131.25,-24.00,46.96
131.50,-24.00,47.63
131.75,-24.00,47.47
132.00,-24.00,47.04
132.25,-24.00,46.75
132.50,-24.00,46.86
132.75,-24.00,46.98
133.00,-24.00,47.03
133.25,-24.00,47.20
133.50,-24.00,47.59
133.75,-24.00,48.00
134.00,-24.00,48.16
134.25,-24.00,47.21
134.50,-24.00,45.33
134.75,-24.00,43.40
135.00,-24.00,42.42
135.25,-24.00,42.84
135.50,-24.00,43.93
135.75,-24.00,44.91
136.00,-24.00,43.93
136.25,-24.00,43.59
136.50,-24.00,43.39
136.75,-24.00,42.95
137.00,-24.00,42.14
137.25,-24.00,41.70
137.50,-24.00,40.91
137.75,-24.00,39.99
138.00,-24.00,38.99
138.25,-24.00,38.29
138.50,-24.00,39.30
138.75,-24.00,39.97
139.00,-24.00,42.68
139.25,-24.00,44.50
139.50,-24.00,45.35
139.75,-24.00,44.69
140.00,-24.00,42.94
140.25,-24.00,41.07
140.50,-24.00,41.04
140.75,-24.00,40.14
141.00,-24.00,39.71
141.25,-24.00,39.23
141.50,-24.00,38.71
141.75,-24.00,38.24
142.00,-24.00,37.93
142.25,-24.00,37.71
142.50,-24.00,37.60
142.75,-24.00,37.49
143.00,-24.00,37.72
143.25,-24.00,37.93
143.50,-24.00,37.94
143.75,-24.00,37.83
144.00,-24.00,37.77
144.25,-24.00,37.80
144.50,-24.00,37.85
144.75,-24.00,37.88
145.00,-24.00,37.91
145.25,-24.00,37.94
145.50,-24.00,37.94
145.75,-24.00,37.87
146.00,-24.00,37.67
146.25,-24.00,37.37
146.50,-24.00,37.21
146.75,-24.00,36.38
147.00,-24.00,35.65
147.25,-24.00,34.85
147.50,-24.00,34.18
147.75,-24.00,33.78
148.00,-24.00,33.72
148.25,-24.00,34.10
148.50,-24.00,34.50
148.75,-24.00,34.70
149.00,-24.00,35.02
149.25,-24.00,35.34
149.50,-24.00,35.24
149.75,-24.00,34.98
150.00,-24.00,34.68
150.25,-24.00,34.55
150.50,-24.00,34.58
150.75,-24.00,34.60
151.00,-24.00,34.63
151.25,-24.00,33.64
151.50,-24.00,32.49
151.75,-24.00,31.48
152.00,-24.00,30.80
152.25,-24.00,30.14
152.50,-24.00,29.38
152.75,-24.00,28.80
153.00,-24.00,27.87
153.25,-24.00,26.59
153.50,-24.00,26.06
153.75,-24.00,23.84
154.00,-24.00,21.91
154.25,-24.00,18.98
154.50,-24.00,16.22
154.75,-24.00,14.89
155.00,-24.00,15.24
155.25,-24.00,15.26
155.50,-24.00,16.46
155.75,-24.00,17.24
110.25,-23.75,15.04
110.50,-23.75,15.88
110.75,-23.75,16.76
111.00,-23.75,17.40
111.25,-23.75,18.16
111.50,-23.75,18.68
111.75,-23.75,17.37
112.00,-23.75,15.74
112.25,-23.75,14.85
112.50,-23.75,14.41
112.75,-23.75,14.33
113.00,-23.75,14.59
113.25,-23.75,15.33
113.50,-23.75,17.87
113.75,-23.75,24.74
114.00,-23.75,29.92
114.25,-23.75,32.29
114.50,-23.75,33.54
114.75,-23.75,34.00
115.00,-23.75,34.22
115.25,-23.75,34.46
115.50,-23.75,35.05
115.75,-23.75,36.25
116.00,-23.75,37.51
116.25,-23.75,38.35
116.50,-23.75,38.95
116.75,-23.75,39.34
117.00,-23.75,39.37
117.25,-23.75,38.96
117.50,-23.75,38.36
117.75,-23.75,37.86
118.00,-23.75,37.47
118.25,-23.75,37.04
118.50,-23.75,36.67
118.75,-23.75,36.42
119.00,-23.75,36.15
119.25,-23.75,35.73
119.50,-23.75,35.29
119.75,-23.75,35.07
120.00,-23.75,35.05
120.25,-23.75,35.11
120.50,-23.75,35.21
120.75,-23.75,35.35
121.00,-23.75,35.61
121.25,-23.75,36.01
121.50,-23.75,36.48
121.75,-23.75,37.11
122.00,-23.75,37.95
122.25,-23.75,39.01
122.50,-23.75,39.97
122.75,-23.75,40.45
123.00,-23.75,40.49
123.25,-23.75,40.18
123.50,-23.75,39.67
123.75,-23.75,39.35
124.00,-23.75,39.36
124.25,-23.75,39.55
124.50,-23.75,39.80
124.75,-23.75,40.05
125.00,-23.75,40.32
125.25,-23.75,40.62
125.50,-23.75,40.95
125.75,-23.75,41.28
126.00,-23.75,41.58
126.25,-23.75,41.80
126.50,-23.75,42.05
126.75,-23.75,42.41
127.00,-23.75,42.78
127.25,-23.75,43.04
127.50,-23.75,43.04
127.75,-23.75,42.75
128.00,-23.75,42.81
128.25,-23.75,44.09
128.50,-23.75,45.52
128.75,-23.75,46.24
129.00,-23.75,46.54
129.25,-23.75,46.60
129.50,-23.75,46.33
129.75,-23.75,45.64
130.00,-23.75,44.85
130.25,-23.75,44.47
130.50,-23.75,44.54
130.75,-23.75,45.00
131.00,-23.75,45.99
131.25,-23.75,47.21
131.50,-23.75,47.61
131.75,-23.75,47.47
132.00,-23.75,46.93
132.25,-23.75,46.39
132.50,-23.75,46.78
132.75,-23.75,47.40
133.00,-23.75,47.84
133.25,-23.75,48.42
133.50,-23.75,49.07
133.75,-23.75,49.70
134.00,-23.75,50.04
134.25,-23.75,49.65
134.50,-23.75,48.06
134.75,-23.75,45.93
135.00,-23.75,44.75
135.25,-23.75,45.94
135.50,-23.75,47.76
135.75,-23.75,48.29
136.00,-23.75,45.71
136.25,-23.75,44.01
136.50,-23.75,44.09
136.75,-23.75,43.68
137.00,-23.75,43.00
137.25,-23.75,42.20
137.50,-23.75,41.32
137.75,-23.75,40.35
138.00,-23.75,39.37
138.25,-23.75,38.73
138.50,-23.75,39.26
138.75,-23.75,40.42
139.00,-23.75,41.60
139.25,-23.75,43.79
139.50,-23.75,44.97
139.75,-23.75,44.58
140.00,-23.75,42.57
140.25,-23.75,41.03
140.50,-23.75,40.40
140.75,-23.75,39.93
141.00,-23.75,39.50
141.25,-23.75,39.08
141.50,-23.75,38.59
141.75,-23.75,38.09
142.00,-23.75,37.69
142.25,-23.75,37.41
142.50,-23.75,37.22
142.75,-23.75,37.20
143.00,-23.75,37.46
143.25,-23.75,37.76
143.50,-23.75,37.86
143.75,-23.75,37.87
144.00,-23.75,37.92
144.25,-23.75,37.99
144.50,-23.75,38.01
144.75,-23.75,37.97
145.00,-23.75,37.92
145.25,-23.75,37.88
145.50,-23.75,37.83
145.75,-23.75,37.69
146.00,-23.75,37.42
146.25,-23.75,37.00
146.50,-23.75,36.47
146.75,-23.75,35.92
147.00,-23.75,35.39
147.25,-23.75,34.89
147.50,-23.75,34.54
147.75,-23.75,34.45
148.00,-23.75,34.65
148.25,-23.75,35.01
148.50,-23.75,35.07
148.75,-23.75,35.00
149.00,-23.75,35.36
149.25,-23.75,36.07
149.50,-23.75,36.44
149.75,-23.75,36.17
150.00,-23.75,35.68
150.25,-23.75,35.34
150.50,-23.75,35.14
150.75,-23.75,34.97
151.00,-23.75,34.62
151.25,-23.75,33.81
151.50,-23.75,32.41
151.75,-23.75,31.09
152.00,-23.75,30.29
152.25,-23.75,29.71
152.50,-23.75,29.16
152.75,-23.75,28.56
153.00,-23.75,27.86
153.25,-23.75,27.00
153.50,-23.75,26.16
153.75,-23.75,25.39
154.00,-23.75,24.11
154.25,-23.75,21.80
154.50,-23.75,19.21
154.75,-23.75,17.29
155.00,-23.75,16.47
155.25,-23.75,17.01
155.50,-23.75,18.12
155.75,-23.75,19.09
110.25,-23.50,13.97
110.50,-23.50,14.51
110.75,-23.50,15.21
111.00,-23.50,15.71
111.25,-23.50,16.30
111.50,-23.50,16.97
111.75,-23.50,16.44
112.00,-23.50,15.46
112.25,-23.50,14.86
112.50,-23.50,14.50
112.75,-23.50,14.35
113.00,-23.50,14.60
113.25,-23.50,15.61
113.50,-23.50,19.28
113.75,-23.50,27.46
114.00,-23.50,31.42
114.25,-23.50,32.59
114.50,-23.50,33.19
114.75,-23.50,33.46
115.00,-23.50,33.57
115.25,-23.50,33.72
115.50,-23.50,34.22
115.75,-23.50,35.43
116.00,-23.50,37.05
116.25,-23.50,38.34
116.50,-23.50,39.15
116.75,-23.50,39.21
117.00,-23.50,38.40
117.25,-23.50,37.54
117.50,-23.50,36.95
117.75,-23.50,36.65
118.00,-23.50,36.53
118.25,-23.50,36.39
118.50,-23.50,36.09
118.75,-23.50,35.76
119.00,-23.50,35.75
119.25,-23.50,35.76
119.50,-23.50,35.58
119.75,-23.50,35.36
120.00,-23.50,35.15
120.25,-23.50,35.16
120.50,-23.50,35.36
120.75,-23.50,35.54
121.00,-23.50,35.80
121.25,-23.50,36.11
121.50,-23.50,36.48
121.75,-23.50,37.15
122.00,-23.50,38.27
122.25,-23.50,39.77
122.50,-23.50,40.86
122.75,-23.50,41.29
123.00,-23.50,41.32
123.25,-23.50,41.02
123.50,-23.50,40.35
123.75,-23.50,39.59
124.00,-23.50,39.29
124.25,-23.50,39.37
124.50,-23.50,39.56
124.75,-23.50,39.77
125.00,-23.50,40.00
125.25,-23.50,40.26
125.50,-23.50,40.54
125.75,-23.50,40.81
126.00,-23.50,41.05
126.25,-23.50,41.18
126.50,-23.50,41.28
126.75,-23.50,41.63
127.00,-23.50,42.14
127.25,-23.50,42.63
127.50,-23.50,42.88
127.75,-23.50,42.77
128.00,-23.50,43.01
128.25,-23.50,44.66
128.50,-23.50,46.45
128.75,-23.50,47.33
129.00,-23.50,47.65
129.25,-23.50,47.60
129.50,-23.50,47.04
129.75,-23.50,46.06
130.00,-23.50,45.31
130.25,-23.50,45.22
130.50,-23.50,45.53
130.75,-23.50,45.93
131.00,-23.50,46.45
131.25,-23.50,47.10
131.50,-23.50,47.35
131.75,-23.50,47.26
132.00,-23.50,46.95
132.25,-23.50,46.64
132.50,-23.50,46.80
132.75,-23.50,47.30
133.00,-23.50,47.96
133.25,-23.50,49.01
133.50,-23.50,50.08
133.75,-23.50,50.76
134.00,-23.50,51.01
134.25,-23.50,50.72
134.50,-23.50,49.56
134.75,-23.50,47.67
135.00,-23.50,46.35
135.25,-23.50,48.15
135.50,-23.50,49.86
135.75,-23.50,48.25
136.00,-23.50,43.22
136.25,-23.50,42.32
136.50,-23.50,43.44
136.75,-23.50,43.80
137.00,-23.50,43.35
137.25,-23.50,42.55
137.50,-23.50,41.63
137.75,-23.50,40.64
138.00,-23.50,39.70
138.25,-23.50,39.25
138.50,-23.50,40.15
138.75,-23.50,40.78
139.00,-23.50,41.06
139.25,-23.50,42.72
139.50,-23.50,44.43
139.75,-23.50,44.30
140.00,-23.50,42.33
140.25,-23.50,40.83
140.50,-23.50,40.76
140.75,-23.50,40.84
141.00,-23.50,40.51
141.25,-23.50,39.95
141.50,-23.50,39.32
141.75,-23.50,38.55
142.00,-23.50,37.86
142.25,-23.50,37.42
142.50,-23.50,37.20
142.75,-23.50,37.18
143.00,-23.50,37.45
143.25,-23.50,37.82
143.50,-23.50,38.05
143.75,-23.50,38.17
144.00,-23.50,38.26
144.25,-23.50,38.31
144.50,-23.50,38.28
144.75,-23.50,38.15
145.00,-23.50,37.97
145.25,-23.50,37.81
145.50,-23.50,37.71
145.75,-23.50,37.55
146.00,-23.50,37.26
146.25,-23.50,36.82
146.50,-23.50,36.29
146.75,-23.50,35.81
147.00,-23.50,35.41
147.25,-23.50,35.17
147.50,-23.50,35.23
147.75,-23.50,35.57
148.00,-23.50,35.94
148.25,-23.50,36.10
148.50,-23.50,35.84
148.75,-23.50,35.48
149.00,-23.50,35.69
149.25,-23.50,36.36
149.50,-23.50,37.08
149.75,-23.50,37.02
150.00,-23.50,36.11
150.25,-23.50,35.53
150.50,-23.50,35.24
150.75,-23.50,35.03
151.00,-23.50,34.68
151.25,-23.50,33.89
151.50,-23.50,32.34
151.75,-23.50,30.77
152.00,-23.50,29.88
152.25,-23.50,29.33
152.50,-23.50,28.85
152.75,-23.50,28.43
153.00,-23.50,28.04
153.25,-23.50,27.66
153.50,-23.50,27.29
153.75,-23.50,26.86
154.00,-23.50,26.04
154.25,-23.50,24.44
154.50,-23.50,22.27
154.75,-23.50,19.89
155.00,-23.50,18.38
155.25,-23.50,18.68
155.50,-23.50,19.74
155.75,-23.50,20.54
110.25,-23.25,13.57
110.50,-23.25,13.90
110.75,-23.25,14.60
111.00,-23.25,15.32
111.25,-23.25,16.19
111.50,-23.25,17.24
111.75,-23.25,17.10
112.00,-23.25,16.04
112.25,-23.25,15.26
112.50,-23.25,14.85
112.75,-23.25,14.76
113.00,-23.25,15.32
113.25,-23.25,17.80
113.50,-23.25,24.50
113.75,-23.25,30.01
114.00,-23.25,31.55
114.25,-23.25,32.22
114.50,-23.25,32.63
114.75,-23.25,32.81
115.00,-23.25,32.86
115.25,-23.25,33.01
115.50,-23.25,33.55
115.75,-23.25,34.70
116.00,-23.25,36.21
116.25,-23.25,37.55
116.50,-23.25,38.36
116.75,-23.25,38.12
117.00,-23.25,37.01
117.25,-23.25,36.23
117.50,-23.25,35.73
117.75,-23.25,35.46
118.00,-23.25,35.42
118.25,-23.25,35.53
118.50,-23.25,35.38
118.75,-23.25,35.07
119.00,-23.25,35.30
119.25,-23.25,35.68
119.50,-23.25,35.79
119.75,-23.25,35.67
120.00,-23.25,35.36
120.25,-23.25,35.30
120.50,-23.25,35.48
120.75,-23.25,35.64
121.00,-23.25,35.87
121.25,-23.25,36.14
121.50,-23.25,36.48
121.75,-23.25,37.23
122.00,-23.25,38.69
122.25,-23.25,40.41
122.50,-23.25,41.37
122.75,-23.25,41.67
123.00,-23.25,41.68
123.25,-23.25,41.45
123.50,-23.25,40.86
123.75,-23.25,39.95
124.00,-23.25,39.36
124.25,-23.25,39.25
124.50,-23.25,39.29
124.75,-23.25,39.40
125.00,-23.25,39.57
125.25,-23.25,39.80
125.50,-23.25,40.09
125.75,-23.25,40.89
126.00,-23.25,42.15
126.25,-23.25,41.76
126.50,-23.25,40.56
126.75,-23.25,40.38
127.00,-23.25,41.24
127.25,-23.25,42.09
127.50,-23.25,42.58
127.75,-23.25,42.70
128.00,-23.25,43.16
128.25,-23.25,44.94
128.50,-23.25,46.75
128.75,-23.25,47.58
129.00,-23.25,47.81
129.25,-23.25,47.58
129.50,-23.25,46.79
129.75,-23.25,45.69
130.00,-23.25,45.11
130.25,-23.25,45.39
130.50,-23.25,46.05
130.75,-23.25,46.37
131.00,-23.25,46.25
131.25,-23.25,46.35
131.50,-23.25,46.62
131.75,-23.25,46.62
132.00,-23.25,46.48
132.25,-23.25,46.39
132.50,-23.25,46.41
132.75,-23.25,46.76
133.00,-23.25,47.67
133.25,-23.25,49.11
133.50,-23.25,50.46
133.75,-23.25,51.18
134.00,-23.25,51.30
134.25,-23.25,50.91
134.50,-23.25,49.92
134.75,-23.25,48.37
135.00,-23.25,46.84
135.25,-23.25,48.04
135.50,-23.25,48.67
135.75,-23.25,44.79
136.00,-23.25,40.52
136.25,-23.25,40.64
136.50,-23.25,41.98
136.75,-23.25,43.10
137.00,-23.25,43.31
137.25,-23.25,42.74
137.50,-23.25,41.88
137.75,-23.25,41.03
138.00,-23.25,40.23
138.25,-23.25,39.73
138.50,-23.25,40.17
138.75,-23.25,40.61
139.00,-23.25,40.77
139.25,-23.25,41.64
139.50,-23.25,43.57
139.75,-23.25,43.94
140.00,-23.25,42.27
140.25,-23.25,41.11
140.50,-23.25,41.47
140.75,-23.25,42.10
141.00,-23.25,42.15
141.25,-23.25,41.55
141.50,-23.25,40.72
141.75,-23.25,39.65
142.00,-23.25,38.60
142.25,-23.25,37.91
142.50,-23.25,37.58
142.75,-23.25,37.57
143.00,-23.25,37.89
143.25,-23.25,38.30
143.50,-23.25,38.50
143.75,-23.25,38.36
144.00,-23.25,38.32
144.25,-23.25,38.45
144.50,-23.25,38.39
144.75,-23.25,38.17
145.00,-23.25,37.90
145.25,-23.25,37.66
145.50,-23.25,37.55
145.75,-23.25,37.48
146.00,-23.25,37.35
146.25,-23.25,37.11
146.50,-23.25,36.79
146.75,-23.25,36.45
147.00,-23.25,36.11
147.25,-23.25,35.97
147.50,-23.25,36.16
147.75,-23.25,36.47
148.00,-23.25,36.70
148.25,-23.25,36.83
148.50,-23.25,36.88
148.75,-23.25,36.78
149.00,-23.25,36.66
149.25,-23.25,36.86
149.50,-23.25,37.33
149.75,-23.25,37.18
150.00,-23.25,36.11
150.25,-23.25,35.47
150.50,-23.25,35.18
150.75,-23.25,34.96
151.00,-23.25,34.59
151.25,-23.25,33.73
151.50,-23.25,32.09
151.75,-23.25,30.45
152.00,-23.25,29.60
152.25,-23.25,29.11
152.50,-23.25,28.74
152.75,-23.25,28.49
153.00,-23.25,28.33
153.25,-23.25,28.24
153.50,-23.25,28.11
153.75,-23.25,27.81
154.00,-23.25,27.18
154.25,-23.25,25.98
154.50,-23.25,24.15
154.75,-23.25,21.78
155.00,-23.25,19.94
155.25,-23.25,19.67
155.50,-23.25,20.24
155.75,-23.25,20.86
110.25,-23.00,13.45
110.50,-23.00,13.68
110.75,-23.00,14.41
111.00,-23.00,15.52
111.25,-23.00,16.89
111.50,-23.00,18.19
111.75,-23.00,18.23
112.00,-23.00,17.13
112.25,-23.00,16.02
112.50,-23.00,15.48
112.75,-23.00,15.75
113.00,-23.00,17.83
113.25,-23.00,23.22
113.50,-23.00,28.40
113.75,-23.00,30.23
114.00,-23.00,30.99
114.25,-23.00,31.56
114.50,-23.00,32.03
114.75,-23.00,32.29
115.00,-23.00,32.43
115.25,-23.00,32.70
115.50,-23.00,33.30
115.75,-23.00,34.36
116.00,-23.00,35.68
116.25,-23.00,36.77
116.50,-23.00,37.32
116.75,-23.00,37.01
117.00,-23.00,36.09
117.25,-23.00,35.38
117.50,-23.00,34.91
117.75,-23.00,34.61
118.00,-23.00,34.54
118.25,-23.00,34.66
118.50,-23.00,34.71
118.75,-23.00,34.69
119.00,-23.00,35.00
119.25,-23.00,35.48
119.50,-23.00,35.82
119.75,-23.00,35.83
120.00,-23.00,35.58
120.25,-23.00,35.38
120.50,-23.00,35.32
120.75,-23.00,35.41
121.00,-23.00,35.66
121.25,-23.00,36.01
121.50,-23.00,36.45
121.75,-23.00,37.28
122.00,-23.00,38.87
122.25,-23.00,40.59
122.50,-23.00,41.45
122.75,-23.00,41.69
123.00,-23.00,41.67
123.25,-23.00,41.43
123.50,-23.00,40.92
123.75,-23.00,40.30
124.00,-23.00,39.94
124.25,-23.00,39.70
124.50,-23.00,39.44
124.75,-23.00,39.50
125.00,-23.00,39.86
125.25,-23.00,40.41
125.50,-23.00,41.64
125.75,-23.00,43.63
126.00,-23.00,44.17
126.25,-23.00,42.66
126.50,-23.00,40.61
126.75,-23.00,40.24
127.00,-23.00,41.19
127.25,-23.00,42.16
127.50,-23.00,42.65
127.75,-23.00,42.79
128.00,-23.00,43.13
128.25,-23.00,44.72
128.50,-23.00,46.20
128.75,-23.00,46.76
129.00,-23.00,46.77
129.25,-23.00,46.41
129.50,-23.00,45.64
129.75,-23.00,44.76
130.00,-23.00,44.51
130.25,-23.00,45.14
130.50,-23.00,46.02
130.75,-23.00,46.04
131.00,-23.00,45.17
131.25,-23.00,44.86
131.50,-23.00,45.19
131.75,-23.00,45.29
132.00,-23.00,45.17
132.25,-23.00,45.16
132.50,-23.00,45.33
132.75,-23.00,45.67
133.00,-23.00,46.83
133.25,-23.00,48.54
133.50,-23.00,49.95
133.75,-23.00,50.65
134.00,-23.00,50.69
134.25,-23.00,50.12
134.50,-23.00,49.17
134.75,-23.00,48.11
135.00,-23.00,47.22
135.25,-23.00,48.06
135.50,-23.00,47.65
135.75,-23.00,43.14
136.00,-23.00,39.78
136.25,-23.00,40.01
136.50,-23.00,40.86
136.75,-23.00,41.74
137.00,-23.00,42.46
137.25,-23.00,42.48
137.50,-23.00,41.98
137.75,-23.00,41.54
138.00,-23.00,41.08
138.25,-23.00,40.45
138.50,-23.00,40.20
138.75,-23.00,40.53
139.00,-23.00,40.84
139.25,-23.00,41.48
139.50,-23.00,42.96
139.75,-23.00,43.44
140.00,-23.00,42.34
140.25,-23.00,42.02
140.50,-23.00,43.26
140.75,-23.00,44.53
141.00,-23.00,44.21
141.25,-23.00,42.86
141.50,-23.00,41.54
141.75,-23.00,40.45
142.00,-23.00,39.41
142.25,-23.00,38.63
142.50,-23.00,38.26
142.75,-23.00,38.32
143.00,-23.00,38.68
143.25,-23.00,38.92
143.50,-23.00,38.63
143.75,-23.00,38.18
144.00,-23.00,38.20
144.25,-23.00,38.44
144.50,-23.00,38.24
144.75,-23.00,37.89
145.00,-23.00,37.60
145.25,-23.00,37.40
145.50,-23.00,37.43
145.75,-23.00,37.64
146.00,-23.00,37.81
146.25,-23.00,37.85
146.50,-23.00,37.74
146.75,-23.00,37.50
147.00,-23.00,37.16
147.25,-23.00,36.92
147.50,-23.00,36.87
147.75,-23.00,36.92
148.00,-23.00,36.97
148.25,-23.00,37.02
148.50,-23.00,37.06
148.75,-23.00,37.10
149.00,-23.00,37.15
149.25,-23.00,37.20
149.50,-23.00,37.19
149.75,-23.00,36.71
150.00,-23.00,35.83
150.25,-23.00,35.29
150.50,-23.00,35.00
150.75,-23.00,34.73
151.00,-23.00,34.23
151.25,-23.00,33.17
151.50,-23.00,31.46
151.75,-23.00,30.06
152.00,-23.00,29.40
152.25,-23.00,29.03
152.50,-23.00,28.78
152.75,-23.00,28.68
153.00,-23.00,28.68
153.25,-23.00,28.72
153.50,-23.00,28.67
153.75,-23.00,28.37
154.00,-23.00,27.74
154.25,-23.00,26.64
154.50,-23.00,24.97
154.75,-23.00,22.71
155.00,-23.00,20.71
155.25,-23.00,19.83
155.50,-23.00,19.83
155.75,-23.00,20.44
110.25,-22.75,13.49
110.50,-22.75,13.77
110.75,-22.75,14.73
111.00,-22.75,16.45
111.25,-22.75,18.16
111.50,-22.75,19.18
111.75,-22.75,19.15
112.00,-22.75,18.25
112.25,-22.75,17.13
112.50,-22.75,16.67
112.75,-22.75,18.06
113.00,-22.75,22.12
113.25,-22.75,26.35
113.50,-22.75,28.77
113.75,-22.75,29.80
114.00,-22.75,30.34
114.25,-22.75,30.81
114.50,-22.75,31.38
114.75,-22.75,32.01
115.00,-22.75,32.43
115.25,-22.75,32.76
115.50,-22.75,33.23
115.75,-22.75,34.11
116.00,-22.75,35.43
116.25,-22.75,36.68
116.50,-22.75,37.34
116.75,-22.75,37.00
117.00,-22.75,35.76
117.25,-22.75,34.77
117.50,-22.75,34.25
117.75,-22.75,33.96
118.00,-22.75,33.83
118.25,-22.75,33.77
118.50,-22.75,33.73
118.75,-22.75,33.82
119.00,-22.75,34.21
119.25,-22.75,34.85
119.50,-22.75,35.45
119.75,-22.75,35.52
120.00,-22.75,35.20
120.25,-22.75,34.93
120.50,-22.75,34.83
120.75,-22.75,34.91
121.00,-22.75,35.22
121.25,-22.75,35.77
121.50,-22.75,36.51
121.75,-22.75,37.54
122.00,-22.75,38.91
122.25,-22.75,40.32
122.50,-22.75,41.10
122.75,-22.75,41.30
123.00,-22.75,41.20
123.25,-22.75,40.95
123.50,-22.75,40.69
123.75,-22.75,40.60
124.00,-22.75,40.61
124.25,-22.75,40.56
124.50,-22.75,40.76
124.75,-22.75,41.44
125.00,-22.75,41.71
125.25,-22.75,41.98
125.50,-22.75,42.73
125.75,-22.75,44.00
126.00,-22.75,44.58
126.25,-22.75,43.29
126.50,-22.75,40.68
126.75,-22.75,40.44
127.00,-22.75,41.38
127.25,-22.75,42.22
127.50,-22.75,42.68
127.75,-22.75,42.83
128.00,-22.75,42.95
128.25,-22.75,44.13
128.50,-22.75,45.09
128.75,-22.75,45.32
129.00,-22.75,45.17
129.25,-22.75,44.80
129.50,-22.75,44.27
129.75,-22.75,43.83
130.00,-22.75,43.96
130.25,-22.75,44.81
130.50,-22.75,45.65
130.75,-22.75,45.10
131.00,-22.75,43.53
131.25,-22.75,42.88
131.50,-22.75,43.26
131.75,-22.75,43.53
132.00,-22.75,43.54
132.25,-22.75,43.57
132.50,-22.75,43.71
132.75,-22.75,44.25
133.00,-22.75,45.71
133.25,-22.75,47.45
133.50,-22.75,48.70
133.75,-22.75,49.23
134.00,-22.75,49.07
134.25,-22.75,48.28
134.50,-22.75,47.46
134.75,-22.75,47.03
135.00,-22.75,47.05
135.25,-22.75,47.49
135.50,-22.75,46.68
135.75,-22.75,42.17
136.00,-22.75,39.74
136.25,-22.75,39.92
136.50,-22.75,40.30
136.75,-22.75,40.68
137.00,-22.75,41.25
137.25,-22.75,41.80
137.50,-22.75,41.87
137.75,-22.75,41.80
138.00,-22.75,41.64
138.25,-22.75,41.23
138.50,-22.75,40.60
138.75,-22.75,40.57
139.00,-22.75,40.84
139.25,-22.75,41.39
139.50,-22.75,42.43
139.75,-22.75,42.61
140.00,-22.75,41.88
140.25,-22.75,42.15
140.50,-22.75,44.19
140.75,-22.75,45.70
141.00,-22.75,45.05
141.25,-22.75,43.68
141.50,-22.75,42.15
141.75,-22.75,40.88
142.00,-22.75,39.99
142.25,-22.75,39.34
142.50,-22.75,39.09
142.75,-22.75,39.28
143.00,-22.75,39.58
143.25,-22.75,39.39
143.50,-22.75,38.65
143.75,-22.75,38.37
144.00,-22.75,38.61
144.25,-22.75,38.48
144.50,-22.75,37.94
144.75,-22.75,37.54
145.00,-22.75,37.29
145.25,-22.75,37.20
145.50,-22.75,37.51
145.75,-22.75,38.04
146.00,-22.75,38.43
146.25,-22.75,38.64
146.50,-22.75,38.65
146.75,-22.75,38.47
147.00,-22.75,38.13
147.25,-22.75,37.77
147.50,-22.75,37.46
147.75,-22.75,37.28
148.00,-22.75,37.18
148.25,-22.75,37.13
148.50,-22.75,37.09
148.75,-22.75,37.03
149.00,-22.75,36.91
149.25,-22.75,36.78
149.50,-22.75,36.56
149.75,-22.75,36.05
150.00,-22.75,35.34
150.25,-22.75,34.83
150.50,-22.75,34.50
150.75,-22.75,34.11
151.00,-22.75,33.39
151.25,-22.75,32.14
151.50,-22.75,30.69
151.75,-22.75,29.77
152.00,-22.75,29.34
152.25,-22.75,29.11
152.50,-22.75,28.98
152.75,-22.75,28.97
153.00,-22.75,29.03
153.25,-22.75,29.08
153.50,-22.75,28.98
153.75,-22.75,28.56
154.00,-22.75,27.74
154.25,-22.75,26.39
154.50,-22.75,24.53
154.75,-22.75,22.21
155.00,-22.75,20.05
155.25,-22.75,18.75
155.50,-22.75,18.51
155.75,-22.75,19.47
110.25,-22.50,13.83
110.50,-22.50,14.40
110.75,-22.50,15.76
111.00,-22.50,17.67
111.25,-22.50,19.01
111.50,-22.50,19.35
111.75,-22.50,18.83
112.00,-22.50,17.84
112.25,-22.50,17.12
112.50,-22.50,17.68
112.75,-22.50,20.64
113.00,-22.50,23.80
113.25,-22.50,26.13
113.50,-22.50,28.19
113.75,-22.50,29.32
114.00,-22.50,29.98
114.25,-22.50,30.20
114.50,-22.50,30.84
114.75,-22.50,31.91
115.00,-22.50,32.57
115.25,-22.50,32.85
115.50,-22.50,33.17
115.75,-22.50,33.85
116.00,-22.50,35.24
116.25,-22.50,36.83
116.50,-22.50,37.65
116.75,-22.50,37.22
117.00,-22.50,35.53
117.25,-22.50,34.14
117.50,-22.50,33.63
117.75,-22.50,33.42
118.00,-22.50,33.20
118.25,-22.50,32.91
118.50,-22.50,32.68
118.75,-22.50,32.72
119.00,-22.50,33.00
119.25,-22.50,33.56
119.50,-22.50,34.16
119.75,-22.50,34.37
120.00,-22.50,34.26
120.25,-22.50,34.18
120.50,-22.50,34.18
120.75,-22.50,34.31
121.00,-22.50,34.68
121.25,-22.50,35.59
121.50,-22.50,37.14
121.75,-22.50,38.56
122.00,-22.50,39.47
122.25,-22.50,40.05
122.50,-22.50,40.38
122.75,-22.50,40.44
123.00,-22.50,40.57
123.25,-22.50,40.34
123.50,-22.50,40.22
123.75,-22.50,40.23
124.00,-22.50,40.52
124.25,-22.50,40.90
124.50,-22.50,41.50
124.75,-22.50,41.95
125.00,-22.50,42.00
125.25,-22.50,42.10
125.50,-22.50,42.65
125.75,-22.50,43.49
126.00,-22.50,44.32
126.25,-22.50,42.94
126.50,-22.50,40.18
126.75,-22.50,40.34
127.00,-22.50,41.43
127.25,-22.50,42.07
127.50,-22.50,42.48
127.75,-22.50,42.48
128.00,-22.50,42.59
128.25,-22.50,43.50
128.50,-22.50,44.36
128.75,-22.50,44.27
129.00,-22.50,44.12
129.25,-22.50,43.84
129.50,-22.50,43.51
129.75,-22.50,43.35
130.00,-22.50,43.77
130.25,-22.50,44.61
130.50,-22.50,45.28
130.75,-22.50,44.33
131.00,-22.50,42.45
131.25,-22.50,41.48
131.50,-22.50,41.92
131.75,-22.50,42.24
132.00,-22.50,42.38
132.25,-22.50,42.56
132.50,-22.50,42.96
132.75,-22.50,43.77
133.00,-22.50,45.13
133.25,-22.50,46.66
133.50,-22.50,47.61
133.75,-22.50,47.82
134.00,-22.50,47.31
134.25,-22.50,46.32
134.50,-22.50,45.56
134.75,-22.50,45.45
135.00,-22.50,45.63
135.25,-22.50,45.58
135.50,-22.50,44.62
135.75,-22.50,41.46
136.00,-22.50,40.10
136.25,-22.50,40.05
136.50,-22.50,40.12
136.75,-22.50,40.19
137.00,-22.50,40.41
137.25,-22.50,41.08
137.50,-22.50,41.58
137.75,-22.50,41.74
138.00,-22.50,41.76
138.25,-22.50,41.62
138.50,-22.50,41.20
138.75,-22.50,40.86
139.00,-22.50,41.13
139.25,-22.50,41.62
139.50,-22.50,41.97
139.75,-22.50,41.86
140.00,-22.50,41.52
140.25,-22.50,41.78
140.50,-22.50,43.15
140.75,-22.50,43.90
141.00,-22.50,43.70
141.25,-22.50,43.07
141.50,-22.50,42.09
141.75,-22.50,41.06
142.00,-22.50,40.39
142.25,-22.50,40.01
142.50,-22.50,39.94
142.75,-22.50,40.08
143.00,-22.50,40.17
143.25,-22.50,39.98
143.50,-22.50,39.43
143.75,-22.50,39.33
144.00,-22.50,39.34
144.25,-22.50,38.48
144.50,-22.50,37.70
144.75,-22.50,37.30
145.00,-22.50,37.10
145.25,-22.50,37.15
145.50,-22.50,37.74
145.75,-22.50,38.44
146.00,-22.50,38.90
146.25,-22.50,39.19
146.50,-22.50,39.27
146.75,-22.50,39.12
147.00,-22.50,38.79
147.25,-22.50,38.39
147.50,-22.50,37.98
147.75,-22.50,37.66
148.00,-22.50,37.44
148.25,-22.50,37.28
148.50,-22.50,37.14
148.75,-22.50,36.94
149.00,-22.50,36.64
149.25,-22.50,36.30
149.50,-22.50,35.87
149.75,-22.50,35.23
150.00,-22.50,34.42
150.25,-22.50,33.76
150.50,-22.50,34.00
150.75,-22.50,32.75
151.00,-22.50,31.95
151.25,-22.50,30.96
151.50,-22.50,30.12
151.75,-22.50,29.62
152.00,-22.50,29.43
152.25,-22.50,29.22
152.50,-22.50,29.19
152.75,-22.50,29.23
153.00,-22.50,29.29
153.25,-22.50,29.31
153.50,-22.50,29.13
153.75,-22.50,28.54
154.00,-22.50,27.46
154.25,-22.50,25.73
154.50,-22.50,23.56
154.75,-22.50,21.15
155.00,-22.50,19.56
155.25,-22.50,17.49
155.50,-22.50,17.24
155.75,-22.50,18.62
110.25,-22.25,14.89
110.50,-22.25,15.72
110.75,-22.25,16.82
111.00,-22.25,17.93
111.25,-22.25,18.50
111.50,-22.25,18.00
111.75,-22.25,16.66
112.00,-22.25,15.61
112.25,-22.25,15.38
112.50,-22.25,16.55
112.75,-22.25,20.18
113.00,-22.25,23.02
113.25,-22.25,24.86
113.50,-22.25,26.97
113.75,-22.25,28.52
114.00,-22.25,29.25
114.25,-22.25,29.67
114.50,-22.25,30.41
114.75,-22.25,31.80
115.00,-22.25,32.62
115.25,-22.25,32.92
115.50,-22.25,33.19
115.75,-22.25,33.78
116.00,-22.25,35.10
116.25,-22.25,36.74
116.50,-22.25,37.50
116.75,-22.25,36.91
117.00,-22.25,35.04
117.25,-22.25,33.59
117.50,-22.25,33.11
117.75,-22.25,32.92
118.00,-22.25,32.69
118.25,-22.25,32.30
118.50,-22.25,31.94
118.75,-22.25,31.82
119.00,-22.25,31.86
119.25,-22.25,31.98
119.50,-22.25,32.13
119.75,-22.25,32.43
120.00,-22.25,32.83
120.25,-22.25,33.18
120.50,-22.25,33.45
120.75,-22.25,33.73
121.00,-22.25,34.30
121.25,-22.25,35.90
121.50,-22.25,38.12
121.75,-22.25,39.38
122.00,-22.25,39.96
122.25,-22.25,40.33
122.50,-22.25,40.64
122.75,-22.25,40.69
123.00,-22.25,40.60
123.25,-22.25,40.23
123.50,-22.25,39.68
123.75,-22.25,39.53
124.00,-22.25,40.05
124.25,-22.25,40.80
124.50,-22.25,41.30
124.75,-22.25,41.87
125.00,-22.25,41.86
125.25,-22.25,41.68
125.50,-22.25,41.67
125.75,-22.25,41.67
126.00,-22.25,40.51
126.25,-22.25,38.13
126.50,-22.25,37.42
126.75,-22.25,38.17
127.00,-22.25,39.24
127.25,-22.25,40.16
127.50,-22.25,40.73
127.75,-22.25,41.17
128.00,-22.25,42.00
128.25,-22.25,43.05
128.50,-22.25,43.77
128.75,-22.25,43.95
129.00,-22.25,43.90
129.25,-22.25,43.72
129.50,-22.25,43.48
129.75,-22.25,43.39
130.00,-22.25,43.73
130.25,-22.25,44.58
130.50,-22.25,45.24
130.75,-22.25,44.50
131.00,-22.25,42.87
131.25,-22.25,41.90
131.50,-22.25,41.92
131.75,-22.25,42.00
132.00,-22.25,42.04
132.25,-22.25,42.27
132.50,-22.25,42.90
132.75,-22.25,43.95
133.00,-22.25,45.31
133.25,-22.25,46.62
133.50,-22.25,47.15
133.75,-22.25,46.91
134.00,-22.25,45.99
134.25,-22.25,44.68
134.50,-22.25,43.76
134.75,-22.25,43.64
135.00,-22.25,43.83
135.25,-22.25,43.72
135.50,-22.25,43.46
135.75,-22.25,42.44
136.00,-22.25,41.02
136.25,-22.25,40.43
136.50,-22.25,40.16
136.75,-22.25,39.86
137.00,-22.25,39.58
137.25,-22.25,40.04
137.50,-22.25,40.90
137.75,-22.25,41.39
138.00,-22.25,41.61
138.25,-22.25,41.71
138.50,-22.25,41.77
138.75,-22.25,41.94
139.00,-22.25,42.40
139.25,-22.25,42.85
139.50,-22.25,43.05
139.75,-22.25,43.04
140.00,-22.25,42.92
140.25,-22.25,42.71
140.50,-22.25,42.22
140.75,-22.25,41.40
141.00,-22.25,41.31
141.25,-22.25,41.78
141.50,-22.25,41.55
141.75,-22.25,40.97
142.00,-22.25,40.55
142.25,-22.25,40.30
142.50,-22.25,40.11
142.75,-22.25,39.94
143.00,-22.25,40.08
143.25,-22.25,40.31
143.50,-22.25,40.35
143.75,-22.25,40.36
144.00,-22.25,39.86
144.25,-22.25,38.62
144.50,-22.25,37.60
144.75,-22.25,37.13
145.00,-22.25,36.96
145.25,-22.25,37.22
145.50,-22.25,38.01
145.75,-22.25,38.73
146.00,-22.25,39.22
146.25,-22.25,39.56
146.50,-22.25,39.70
146.75,-22.25,39.58
147.00,-22.25,39.26
147.25,-22.25,38.83
147.50,-22.25,38.38
147.75,-22.25,38.00
148.00,-22.25,37.70
148.25,-22.25,37.44
148.50,-22.25,37.18
148.75,-22.25,36.86
149.00,-22.25,36.46
149.25,-22.25,35.98
149.50,-22.25,35.35
149.75,-22.25,34.46
150.00,-22.25,33.37
150.25,-22.25,32.41
150.50,-22.25,31.74
150.75,-22.25,31.25
151.00,-22.25,30.75
151.25,-22.25,30.27
151.50,-22.25,29.87
151.75,-22.25,29.58
152.00,-22.25,29.39
152.25,-22.25,29.32
152.50,-22.25,29.31
152.75,-22.25,29.32
153.00,-22.25,29.34
153.25,-22.25,29.33
153.50,-22.25,29.10
153.75,-22.25,28.36
154.00,-22.25,27.03
154.25,-22.25,24.98
154.50,-22.25,22.59
154.75,-22.25,20.24
155.00,-22.25,18.22
155.25,-22.25,16.97
155.50,-22.25,16.92
155.75,-22.25,18.54
110.25,-22.00,16.53
110.50,-22.00,16.91
110.75,-22.00,17.07
111.00,-22.00,17.04
111.25,-22.00,16.63
111.50,-22.00,15.71
111.75,-22.00,14.90
112.00,-22.00,14.60
112.25,-22.00,14.77
112.50,-22.00,16.06
112.75,-22.00,19.59
113.00,-22.00,22.12
113.25,-22.00,23.50
113.50,-22.00,25.15
113.75,-22.00,26.87
114.00,-22.00,28.01
114.25,-22.00,28.69
114.50,-22.00,29.63
114.75,-22.00,31.39
115.00,-22.00,32.59
115.25,-22.00,33.19
115.50,-22.00,33.72
115.75,-22.00,34.39
116.00,-22.00,35.23
116.25,-22.00,36.05
116.50,-22.00,36.37
116.75,-22.00,35.73
117.00,-22.00,34.23
117.25,-22.00,33.13
117.50,-22.00,32.72
117.75,-22.00,32.53
118.00,-22.00,32.32
118.25,-22.00,31.96
118.50,-22.00,31.58
118.75,-22.00,31.30
119.00,-22.00,31.08
119.25,-22.00,30.85
119.50,-22.00,30.73
119.75,-22.00,30.89
120.00,-22.00,31.29
120.25,-22.00,31.85
120.50,-22.00,32.46
120.75,-22.00,33.18
121.00,-22.00,34.27
121.25,-22.00,36.21
121.50,-22.00,38.35
121.75,-22.00,39.45
122.00,-22.00,40.03
122.25,-22.00,40.79
122.50,-22.00,41.76
122.75,-22.00,41.95
123.00,-22.00,41.28
123.25,-22.00,40.51
123.50,-22.00,39.77
123.75,-22.00,39.55
124.00,-22.00,39.97
124.25,-22.00,40.64
124.50,-22.00,41.08
124.75,-22.00,40.84
125.00,-22.00,39.74
125.25,-22.00,38.05
125.50,-22.00,37.15
125.75,-22.00,36.58
126.00,-22.00,36.33
126.25,-22.00,36.13
126.50,-22.00,36.28
126.75,-22.00,36.78
127.00,-22.00,37.48
127.25,-22.00,38.29
127.50,-22.00,39.17
127.75,-22.00,40.15
128.00,-22.00,41.24
128.25,-22.00,42.55
128.50,-22.00,43.55
128.75,-22.00,43.90
129.00,-22.00,43.95
129.25,-22.00,43.86
129.50,-22.00,43.67
129.75,-22.00,43.57
130.00,-22.00,43.99
130.25,-22.00,44.73
130.50,-22.00,45.71
130.75,-22.00,45.36
131.00,-22.00,44.56
131.25,-22.00,43.54
131.50,-22.00,42.68
131.75,-22.00,42.46
132.00,-22.00,42.33
132.25,-22.00,42.49
132.50,-22.00,43.23
132.75,-22.00,44.62
133.00,-22.00,46.23
133.25,-22.00,47.11
133.50,-22.00,46.93
133.75,-22.00,46.06
134.00,-22.00,44.75
134.25,-22.00,43.30
134.50,-22.00,42.33
134.75,-22.00,42.27
135.00,-22.00,42.77
135.25,-22.00,43.10
135.50,-22.00,43.29
135.75,-22.00,43.36
136.00,-22.00,42.39
136.25,-22.00,41.21
136.50,-22.00,40.34
136.75,-22.00,39.56
137.00,-22.00,39.01
137.25,-22.00,39.21
137.50,-22.00,40.04
137.75,-22.00,40.86
138.00,-22.00,41.40
138.25,-22.00,41.86
138.50,-22.00,42.54
138.75,-22.00,43.08
139.00,-22.00,43.49
139.25,-22.00,43.96
139.50,-22.00,44.16
139.75,-22.00,44.35
140.00,-22.00,44.33
140.25,-22.00,43.51
140.50,-22.00,42.17
140.75,-22.00,40.78
141.00,-22.00,40.47
141.25,-22.00,40.82
141.50,-22.00,41.18
141.75,-22.00,40.97
142.00,-22.00,40.61
142.25,-22.00,40.21
142.50,-22.00,39.66
142.75,-22.00,39.45
143.00,-22.00,39.88
143.25,-22.00,40.44
143.50,-22.00,40.64
143.75,-22.00,40.60
144.00,-22.00,40.09
144.25,-22.00,38.81
144.50,-22.00,37.50
144.75,-22.00,36.86
145.00,-22.00,37.05
145.25,-22.00,37.28
145.50,-22.00,38.12
145.75,-22.00,38.83
146.00,-22.00,39.35
146.25,-22.00,39.75
146.50,-22.00,39.93
146.75,-22.00,39.84
147.00,-22.00,39.53
147.25,-22.00,39.10
147.50,-22.00,38.60
147.75,-22.00,38.18
148.00,-22.00,37.83
148.25,-22.00,37.49
148.50,-22.00,37.15
148.75,-22.00,36.77
149.00,-22.00,36.31
149.25,-22.00,35.73
149.50,-22.00,35.59
149.75,-22.00,33.82
150.00,-22.00,32.53
150.25,-22.00,31.47
150.50,-22.00,30.82
150.75,-22.00,30.47
151.00,-22.00,30.23
151.25,-22.00,30.00
151.50,-22.00,29.78
151.75,-22.00,29.58
152.00,-22.00,29.52
152.25,-22.00,29.39
152.50,-22.00,29.31
152.75,-22.00,29.30
153.00,-22.00,29.24
153.25,-22.00,29.16
153.50,-22.00,28.84
153.75,-22.00,27.97
154.00,-22.00,26.48
154.25,-22.00,24.31
154.50,-22.00,21.88
154.75,-22.00,19.63
155.00,-22.00,18.36
155.25,-22.00,16.84
155.50,-22.00,18.07
155.75,-22.00,18.82
110.25,-21.75,17.38
110.50,-21.75,16.99
110.75,-21.75,16.36
111.00,-21.75,15.60
111.25,-21.75,14.89
111.50,-21.75,14.42
111.75,-21.75,14.29
112.00,-21.75,14.41
112.25,-21.75,14.90
112.50,-21.75,16.76
112.75,-21.75,20.09
113.00,-21.75,21.87
113.25,-21.75,22.87
113.50,-21.75,23.88
113.75,-21.75,25.02
114.00,-21.75,26.08
114.25,-21.75,26.93
114.50,-21.75,28.05
114.75,-21.75,30.30
115.00,-21.75,32.63
115.25,-21.75,34.08
115.50,-21.75,34.95
115.75,-21.75,35.43
116.00,-21.75,35.59
116.25,-21.75,35.46
116.50,-21.75,35.00
116.75,-21.75,34.24
117.00,-21.75,33.35
117.25,-21.75,32.69
117.50,-21.75,32.37
117.75,-21.75,32.20
118.00,-21.75,32.01
118.25,-21.75,31.72
118.50,-21.75,31.32
118.75,-21.75,30.89
119.00,-21.75,30.52
119.25,-21.75,30.31
119.50,-21.75,30.22
119.75,-21.75,30.22
120.00,-21.75,30.37
120.25,-21.75,30.76
120.50,-21.75,31.61
120.75,-21.75,32.90
121.00,-21.75,34.19
121.25,-21.75,35.91
121.50,-21.75,38.09
121.75,-21.75,39.22
122.00,-21.75,39.81
122.25,-21.75,40.81
122.50,-21.75,41.75
122.75,-21.75,41.94
123.00,-21.75,41.12
123.25,-21.75,40.37
123.50,-21.75,40.00
123.75,-21.75,40.04
124.00,-21.75,40.22
124.25,-21.75,40.17
124.50,-21.75,39.37
124.75,-21.75,37.72
125.00,-21.75,36.03
125.25,-21.75,35.39
125.50,-21.75,35.29
125.75,-21.75,35.29
126.00,-21.75,35.29
126.25,-21.75,35.28
126.50,-21.75,35.42
126.75,-21.75,35.88
127.00,-21.75,36.55
127.25,-21.75,37.30
127.50,-21.75,38.13
127.75,-21.75,39.09
128.00,-21.75,40.18
128.25,-21.75,41.50
128.50,-21.75,42.64
128.75,-21.75,43.16
129.00,-21.75,43.34
129.25,-21.75,43.35
129.50,-21.75,43.26
129.75,-21.75,43.36
130.00,-21.75,43.96
130.25,-21.75,44.98
130.50,-21.75,45.87
130.75,-21.75,46.39
131.00,-21.75,47.00
131.25,-21.75,45.96
131.50,-21.75,43.87
131.75,-21.75,43.19
132.00,-21.75,43.01
132.25,-21.75,43.23
132.50,-21.75,44.33
132.75,-21.75,46.14
133.00,-21.75,47.51
133.25,-21.75,47.46
133.50,-21.75,46.37
133.75,-21.75,44.99
134.00,-21.75,43.56
134.25,-21.75,42.26
134.50,-21.75,41.46
134.75,-21.75,41.49
135.00,-21.75,42.18
135.25,-21.75,42.94
135.50,-21.75,43.36
135.75,-21.75,43.62
136.00,-21.75,42.88
136.25,-21.75,41.60
136.50,-21.75,40.39
136.75,-21.75,39.44
137.00,-21.75,38.93
137.25,-21.75,39.04
137.50,-21.75,39.73
137.75,-21.75,40.67
138.00,-21.75,41.56
138.25,-21.75,42.48
138.50,-21.75,43.57
138.75,-21.75,43.77
139.00,-21.75,43.81
139.25,-21.75,44.13
139.50,-21.75,44.21
139.75,-21.75,44.38
140.00,-21.75,44.49
140.25,-21.75,43.89
140.50,-21.75,42.63
140.75,-21.75,41.42
141.00,-21.75,41.00
141.25,-21.75,41.12
141.50,-21.75,41.59
141.75,-21.75,41.34
142.00,-21.75,40.64
142.25,-21.75,40.01
142.50,-21.75,39.57
142.75,-21.75,39.65
143.00,-21.75,40.17
143.25,-21.75,40.50
143.50,-21.75,40.57
143.75,-21.75,40.47
144.00,-21.75,39.92
144.25,-21.75,38.59
144.50,-21.75,37.07
144.75,-21.75,36.36
145.00,-21.75,36.44
145.25,-21.75,37.16
145.50,-21.75,38.06
145.75,-21.75,38.78
146.00,-21.75,39.32
146.25,-21.75,39.76
146.50,-21.75,39.99
146.75,-21.75,39.92
147.00,-21.75,39.64
147.25,-21.75,39.21
147.50,-21.75,38.66
147.75,-21.75,38.17
148.00,-21.75,37.76
148.25,-21.75,37.39
148.50,-21.75,37.00
148.75,-21.75,36.59
149.00,-21.75,36.08
149.25,-21.75,35.41
149.50,-21.75,34.44
149.75,-21.75,33.21
150.00,-21.75,31.91
150.25,-21.75,30.95
150.50,-21.75,30.43
150.75,-21.75,30.18
151.00,-21.75,30.01
151.25,-21.75,29.86
151.50,-21.75,29.71
151.75,-21.75,29.58
152.00,-21.75,29.48
152.25,-21.75,29.44
152.50,-21.75,29.38
152.75,-21.75,29.22
153.00,-21.75,29.00
153.25,-21.75,28.73
153.50,-21.75,28.22
153.75,-21.75,27.21
154.00,-21.75,25.75
154.25,-21.75,23.86
154.50,-21.75,21.71
154.75,-21.75,19.50
155.00,-21.75,17.68
155.25,-21.75,16.81
155.50,-21.75,17.20
155.75,-21.75,19.14
110.25,-21.50,16.53
110.50,-21.50,15.80
110.75,-21.50,15.17
111.00,-21.50,14.69
111.25,-21.50,14.39
111.50,-21.50,14.27
111.75,-21.50,14.44
112.00,-21.50,15.00
112.25,-21.50,16.27
112.50,-21.50,18.81
112.75,-21.50,20.92
113.00,-21.50,21.95
113.25,-21.50,22.73
113.50,-21.50,23.47
113.75,-21.50,24.18
114.00,-21.50,24.87
114.25,-21.50,25.54
114.50,-21.50,26.49
114.75,-21.50,28.79
115.00,-21.50,32.40
115.25,-21.50,34.72
115.50,-21.50,35.58
115.75,-21.50,35.81
116.00,-21.50,35.71
116.25,-21.50,35.21
116.50,-21.50,34.21
116.75,-21.50,33.18
117.00,-21.50,32.54
117.25,-21.50,32.12
117.50,-21.50,31.88
117.75,-21.50,31.75
118.00,-21.50,31.61
118.25,-21.50,31.31
118.50,-21.50,30.78
118.75,-21.50,30.29
119.00,-21.50,30.10
119.25,-21.50,30.08
119.50,-21.50,30.06
119.75,-21.50,30.04
120.00,-21.50,30.10
120.25,-21.50,30.47
120.50,-21.50,31.47
120.75,-21.50,32.71
121.00,-21.50,33.70
121.25,-21.50,35.24
121.50,-21.50,37.62
121.75,-21.50,38.96
122.00,-21.50,39.48
122.25,-21.50,40.23
122.50,-21.50,40.83
122.75,-21.50,40.67
123.00,-21.50,39.86
123.25,-21.50,39.37
123.50,-21.50,39.31
123.75,-21.50,39.33
124.00,-21.50,39.09
124.25,-21.50,38.33
124.50,-21.50,36.90
124.75,-21.50,35.36
125.00,-21.50,34.54
125.25,-21.50,34.35
125.50,-21.50,34.38
125.75,-21.50,34.43
126.00,-21.50,34.47
126.25,-21.50,34.49
126.50,-21.50,34.61
126.75,-21.50,34.98
127.00,-21.50,35.57
127.25,-21.50,36.28
127.50,-21.50,37.07
127.75,-21.50,38.00
128.00,-21.50,38.99
128.25,-21.50,39.88
128.50,-21.50,40.44
128.75,-21.50,40.75
129.00,-21.50,41.01
129.25,-21.50,41.30
129.50,-21.50,41.80
129.75,-21.50,42.68
130.00,-21.50,43.87
130.25,-21.50,45.07
130.50,-21.50,46.07
130.75,-21.50,47.41
131.00,-21.50,48.14
131.25,-21.50,46.63
131.50,-21.50,44.31
131.75,-21.50,44.05
132.00,-21.50,44.00
132.25,-21.50,44.39
132.50,-21.50,45.64
132.75,-21.50,47.04
133.00,-21.50,47.48
133.25,-21.50,46.69
133.50,-21.50,45.25
133.75,-21.50,43.85
134.00,-21.50,42.64
134.25,-21.50,41.68
134.50,-21.50,41.11
134.75,-21.50,41.16
135.00,-21.50,41.84
135.25,-21.50,42.88
135.50,-21.50,43.48
135.75,-21.50,43.49
136.00,-21.50,42.63
136.25,-21.50,41.35
136.50,-21.50,40.18
136.75,-21.50,39.35
137.00,-21.50,38.98
137.25,-21.50,39.20
137.50,-21.50,39.99
137.75,-21.50,41.10
138.00,-21.50,42.25
138.25,-21.50,43.41
138.50,-21.50,44.46
138.75,-21.50,44.77
139.00,-21.50,44.66
139.25,-21.50,44.67
139.50,-21.50,44.67
139.75,-21.50,44.81
140.00,-21.50,45.08
140.25,-21.50,45.05
140.50,-21.50,44.30
140.75,-21.50,43.01
141.00,-21.50,42.14
141.25,-21.50,42.42
141.50,-21.50,42.82
141.75,-21.50,41.88
142.00,-21.50,40.84
142.25,-21.50,40.31
142.50,-21.50,40.03
142.75,-21.50,40.15
143.00,-21.50,40.35
143.25,-21.50,40.44
143.50,-21.50,40.42
143.75,-21.50,40.17
144.00,-21.50,39.37
144.25,-21.50,37.87
144.50,-21.50,36.48
144.75,-21.50,35.92
145.00,-21.50,36.12
145.25,-21.50,36.93
145.50,-21.50,37.90
145.75,-21.50,38.68
146.00,-21.50,39.26
146.25,-21.50,39.73
146.50,-21.50,39.97
146.75,-21.50,39.92
147.00,-21.50,39.66
147.25,-21.50,39.23
147.50,-21.50,38.62
147.75,-21.50,38.01
148.00,-21.50,37.52
148.25,-21.50,37.10
148.50,-21.50,36.68
148.75,-21.50,36.22
149.00,-21.50,35.63
149.25,-21.50,34.82
149.50,-21.50,33.72
149.75,-21.50,32.45
150.00,-21.50,31.31
150.25,-21.50,30.58
150.50,-21.50,30.21
150.75,-21.50,30.01
151.00,-21.50,29.87
151.25,-21.50,29.75
151.50,-21.50,29.64
151.75,-21.50,29.56
152.00,-21.50,29.51
152.25,-21.50,29.47
152.50,-21.50,29.37
152.75,-21.50,29.12
153.00,-21.50,28.74
153.25,-21.50,28.23
153.50,-21.50,27.48
153.75,-21.50,26.35
154.00,-21.50,24.98
154.25,-21.50,23.47
154.50,-21.50,21.67
154.75,-21.50,19.49
155.00,-21.50,17.60
155.25,-21.50,16.83
155.50,-21.50,17.40
155.75,-21.50,19.49
110.25,-21.25,15.10
110.50,-21.25,14.73
110.75,-21.25,14.57
111.00,-21.25,14.52
111.25,-21.25,14.58
111.50,-21.25,15.02
111.75,-21.25,16.50
112.00,-21.25,19.18
112.25,-21.25,21.17
112.50,-21.25,21.35
112.75,-21.25,21.58
113.00,-21.25,22.17
113.25,-21.25,22.79
113.50,-21.25,23.38
113.75,-21.25,23.92
114.00,-21.25,24.40
114.25,-21.25,24.83
114.50,-21.25,25.46
114.75,-21.25,27.23
115.00,-21.25,31.02
115.25,-21.25,34.15
115.50,-21.25,35.35
115.75,-21.25,35.63
116.00,-21.25,35.42
116.25,-21.25,34.58
116.50,-21.25,33.24
116.75,-21.25,32.27
117.00,-21.25,31.78
117.25,-21.25,31.43
117.50,-21.25,31.19
117.75,-21.25,31.08
118.00,-21.25,30.93
118.25,-21.25,30.47
118.50,-21.25,29.79
118.75,-21.25,29.51
119.00,-21.25,29.69
119.25,-21.25,29.93
119.50,-21.25,30.02
119.75,-21.25,30.04
120.00,-21.25,30.11
120.25,-21.25,30.52
120.50,-21.25,31.48
120.75,-21.25,32.58
121.00,-21.25,33.52
121.25,-21.25,34.83
121.50,-21.25,36.95
121.75,-21.25,38.61
122.00,-21.25,39.31
122.25,-21.25,39.74
122.50,-21.25,39.94
122.75,-21.25,39.61
123.00,-21.25,38.55
123.25,-21.25,37.52
123.50,-21.25,37.02
123.75,-21.25,36.58
124.00,-21.25,35.93
124.25,-21.25,35.05
124.50,-21.25,34.14
124.75,-21.25,33.56
125.00,-21.25,33.36
125.25,-21.25,33.37
125.50,-21.25,33.48
125.75,-21.25,33.69
126.00,-21.25,33.97
126.25,-21.25,34.16
126.50,-21.25,34.28
126.75,-21.25,34.43
127.00,-21.25,34.71
127.25,-21.25,35.25
127.50,-21.25,36.03
127.75,-21.25,36.98
128.00,-21.25,37.98
128.25,-21.25,38.64
128.50,-21.25,38.79
128.75,-21.25,38.84
129.00,-21.25,39.02
129.25,-21.25,39.47
129.50,-21.25,40.47
129.75,-21.25,41.96
130.00,-21.25,43.47
130.25,-21.25,44.70
130.50,-21.25,45.84
130.75,-21.25,47.46
131.00,-21.25,47.91
131.25,-21.25,45.59
131.50,-21.25,44.54
131.75,-21.25,44.73
132.00,-21.25,44.89
132.25,-21.25,45.03
132.50,-21.25,45.40
132.75,-21.25,45.70
133.00,-21.25,45.53
133.25,-21.25,44.83
133.50,-21.25,43.79
133.75,-21.25,42.77
134.00,-21.25,41.97
134.25,-21.25,41.43
134.50,-21.25,41.17
134.75,-21.25,41.21
135.00,-21.25,41.71
135.25,-21.25,42.66
135.50,-21.25,43.35
135.75,-21.25,43.15
136.00,-21.25,42.12
136.25,-21.25,40.87
136.50,-21.25,39.85
136.75,-21.25,39.23
137.00,-21.25,39.11
137.25,-21.25,39.63
137.50,-21.25,40.68
137.75,-21.25,41.99
138.00,-21.25,43.26
138.25,-21.25,44.34
138.50,-21.25,45.06
138.75,-21.25,45.30
139.00,-21.25,45.40
139.25,-21.25,45.62
139.50,-21.25,45.73
139.75,-21.25,45.78
140.00,-21.25,46.34
140.25,-21.25,46.95
140.50,-21.25,46.63
140.75,-21.25,45.41
141.00,-21.25,44.08
141.25,-21.25,44.09
141.50,-21.25,43.88
141.75,-21.25,42.42
142.00,-21.25,41.41
142.25,-21.25,41.02
142.50,-21.25,40.68
142.75,-21.25,40.47
143.00,-21.25,40.41
143.25,-21.25,40.38
143.50,-21.25,40.24
143.75,-21.25,39.76
144.00,-21.25,38.69
144.25,-21.25,37.23
144.50,-21.25,36.16
144.75,-21.25,35.71
145.00,-21.25,35.88
145.25,-21.25,36.71
145.50,-21.25,37.79
145.75,-21.25,38.70
146.00,-21.25,39.35
146.25,-21.25,39.80
146.50,-21.25,39.98
146.75,-21.25,39.89
147.00,-21.25,39.60
147.25,-21.25,39.15
147.50,-21.25,38.47
147.75,-21.25,37.69
148.00,-21.25,37.03
148.25,-21.25,36.52
148.50,-21.25,36.04
148.75,-21.25,35.50
149.00,-21.25,34.78
149.25,-21.25,33.86
149.50,-21.25,32.73
149.75,-21.25,31.63
150.00,-21.25,30.78
150.25,-21.25,30.30
150.50,-21.25,30.05
150.75,-21.25,29.90
151.00,-21.25,29.77
151.25,-21.25,29.66
151.50,-21.25,29.57
151.75,-21.25,29.52
152.00,-21.25,29.48
152.25,-21.25,29.43
152.50,-21.25,29.31
152.75,-21.25,29.03
153.00,-21.25,28.56
153.25,-21.25,27.81
153.50,-21.25,26.81
153.75,-21.25,25.56
154.00,-21.25,24.26
154.25,-21.25,22.97
154.50,-21.25,21.39
154.75,-21.25,19.27
155.00,-21.25,17.44
155.25,-21.25,16.91
155.50,-21.25,17.73
155.75,-21.25,19.86
110.25,-21.00,14.60
110.50,-21.00,14.45
110.75,-21.00,14.46
111.00,-21.00,14.65
111.25,-21.00,15.35
111.50,-21.00,17.51
111.75,-21.00,21.36
112.00,-21.00,24.25
112.25,-21.00,24.75
112.50,-21.00,23.31
112.75,-21.00,22.36
113.00,-21.00,22.48
113.25,-21.00,22.83
113.50,-21.00,23.23
113.75,-21.00,23.62
114.00,-21.00,23.95
114.25,-21.00,24.21
114.50,-21.00,24.57
114.75,-21.00,25.59
115.00,-21.00,28.32
115.25,-21.00,31.97
115.50,-21.00,34.07
115.75,-21.00,34.72
116.00,-21.00,34.37
116.25,-21.00,33.21
116.50,-21.00,32.13
116.75,-21.00,31.61
117.00,-21.00,31.33
117.25,-21.00,31.05
117.50,-21.00,30.82
117.75,-21.00,30.66
118.00,-21.00,30.38
118.25,-21.00,29.69
118.50,-21.00,29.07
118.75,-21.00,28.99
119.00,-21.00,29.28
119.25,-21.00,29.71
119.50,-21.00,29.97
119.75,-21.00,30.07
120.00,-21.00,30.18
120.25,-21.00,30.51
120.50,-21.00,31.30
120.75,-21.00,32.44
121.00,-21.00,33.51
121.25,-21.00,34.55
121.50,-21.00,36.16
121.75,-21.00,37.94
122.00,-21.00,38.87
122.25,-21.00,39.18
122.50,-21.00,39.06
122.75,-21.00,38.16
123.00,-21.00,36.17
123.25,-21.00,34.48
123.50,-21.00,33.76
123.75,-21.00,33.39
124.00,-21.00,33.08
124.25,-21.00,32.76
124.50,-21.00,32.50
124.75,-21.00,32.39
125.00,-21.00,32.39
125.25,-21.00,32.48
125.50,-21.00,32.79
125.75,-21.00,33.47
126.00,-21.00,34.04
126.25,-21.00,34.30
126.50,-21.00,34.38
126.75,-21.00,34.38
127.00,-21.00,34.36
127.25,-21.00,34.47
127.50,-21.00,35.01
127.75,-21.00,36.02
128.00,-21.00,37.21
128.25,-21.00,38.11
128.50,-21.00,38.38
128.75,-21.00,38.45
129.00,-21.00,38.61
129.25,-21.00,39.01
129.50,-21.00,39.87
129.75,-21.00,40.99
130.00,-21.00,42.42
130.25,-21.00,43.79
130.50,-21.00,45.10
130.75,-21.00,45.54
131.00,-21.00,44.48
131.25,-21.00,43.08
131.50,-21.00,43.35
131.75,-21.00,44.21
132.00,-21.00,44.64
132.25,-21.00,44.30
132.50,-21.00,43.79
132.75,-21.00,43.58
133.00,-21.00,43.42
133.25,-21.00,43.07
133.50,-21.00,42.52
133.75,-21.00,41.91
134.00,-21.00,41.48
134.25,-21.00,41.32
134.50,-21.00,41.37
134.75,-21.00,41.53
135.00,-21.00,41.94
135.25,-21.00,42.77
135.50,-21.00,43.40
135.75,-21.00,42.99
136.00,-21.00,41.78
136.25,-21.00,40.54
136.50,-21.00,39.65
136.75,-21.00,39.23
137.00,-21.00,39.44
137.25,-21.00,40.40
137.50,-21.00,41.72
137.75,-21.00,43.04
138.00,-21.00,44.17
138.25,-21.00,44.89
138.50,-21.00,45.15
138.75,-21.00,45.46
139.00,-21.00,45.93
139.25,-21.00,46.54
139.50,-21.00,47.27
139.75,-21.00,47.84
140.00,-21.00,48.69
140.25,-21.00,49.08
140.50,-21.00,48.35
140.75,-21.00,47.18
141.00,-21.00,45.59
141.25,-21.00,44.58
141.50,-21.00,43.87
141.75,-21.00,42.69
142.00,-21.00,42.03
142.25,-21.00,41.74
142.50,-21.00,41.27
142.75,-21.00,40.86
143.00,-21.00,40.62
143.25,-21.00,40.41
143.50,-21.00,40.00
143.75,-21.00,39.21
144.00,-21.00,38.50
144.25,-21.00,36.89
144.50,-21.00,36.09
144.75,-21.00,35.64
145.00,-21.00,35.71
145.25,-21.00,36.50
145.50,-21.00,37.72
145.75,-21.00,38.84
146.00,-21.00,39.72
146.25,-21.00,40.14
146.50,-21.00,40.11
146.75,-21.00,39.87
147.00,-21.00,39.45
147.25,-21.00,38.92
147.50,-21.00,38.12
147.75,-21.00,37.09
148.00,-21.00,36.14
148.25,-21.00,35.46
148.50,-21.00,34.87
148.75,-21.00,34.22
149.00,-21.00,33.42
149.25,-21.00,32.53
149.50,-21.00,32.37
149.75,-21.00,30.87
150.00,-21.00,30.36
150.25,-21.00,30.09
150.50,-21.00,29.93
150.75,-21.00,29.79
151.00,-21.00,29.66
151.25,-21.00,29.54
151.50,-21.00,29.45
151.75,-21.00,29.42
152.00,-21.00,29.39
152.25,-21.00,29.32
152.50,-21.00,29.16
152.75,-21.00,28.85
153.00,-21.00,28.29
153.25,-21.00,27.34
153.50,-21.00,26.13
153.75,-21.00,24.75
154.00,-21.00,23.43
154.25,-21.00,22.25
154.50,-21.00,20.82
154.75,-21.00,18.85
155.00,-21.00,17.22
155.25,-21.00,16.94
155.50,-21.00,17.91
155.75,-21.00,19.90
110.25,-20.75,14.34
110.50,-20.75,14.64
110.75,-20.75,14.71
111.00,-20.75,15.31
111.25,-20.75,17.62
111.50,-20.75,21.83
111.75,-20.75,24.84
112.00,-20.75,25.87
112.25,-20.75,25.70
112.50,-20.75,24.74
112.75,-20.75,23.90
113.00,-20.75,23.19
113.25,-20.75,22.81
113.50,-20.75,22.83
113.75,-20.75,23.02
114.00,-20.75,23.26
114.25,-20.75,23.50
114.50,-20.75,23.82
114.75,-20.75,24.40
115.00,-20.75,25.75
115.25,-20.75,28.32
115.50,-20.75,30.98
115.75,-20.75,32.44
116.00,-20.75,32.49
116.25,-20.75,31.92
116.50,-20.75,31.53
116.75,-20.75,31.35
117.00,-20.75,31.20
117.25,-20.75,30.96
117.50,-20.75,30.72
117.75,-20.75,30.52
118.00,-20.75,30.10
118.25,-20.75,29.29
118.50,-20.75,28.85
118.75,-20.75,28.86
119.00,-20.75,29.09
119.25,-20.75,29.48
119.50,-20.75,29.86
119.75,-20.75,30.10
120.00,-20.75,30.29
120.25,-20.75,30.57
120.50,-20.75,31.13
120.75,-20.75,32.05
121.00,-20.75,33.12
121.25,-20.75,34.22
121.50,-20.75,35.73
121.75,-20.75,37.18
122.00,-20.75,37.80
122.25,-20.75,37.82
122.50,-20.75,37.18
122.75,-20.75,35.52
123.00,-20.75,33.47
123.25,-20.75,32.49
123.50,-20.75,32.23
123.75,-20.75,32.15
124.00,-20.75,32.06
124.25,-20.75,31.92
124.50,-20.75,31.78
124.75,-20.75,31.70
125.00,-20.75,31.67
125.25,-20.75,31.77
125.50,-20.75,32.46
125.75,-20.75,33.58
126.00,-20.75,34.20
126.25,-20.75,34.41
126.50,-20.75,34.46
126.75,-20.75,34.43
127.00,-20.75,34.31
127.25,-20.75,34.11
127.50,-20.75,34.19
127.75,-20.75,35.09
128.00,-20.75,36.56
128.25,-20.75,37.91
128.50,-20.75,38.42
128.75,-20.75,38.61
129.00,-20.75,38.97
129.25,-20.75,39.25
129.50,-20.75,39.59
129.75,-20.75,40.14
130.00,-20.75,41.17
130.25,-20.75,42.93
130.50,-20.75,44.03
130.75,-20.75,43.42
131.00,-20.75,41.51
131.25,-20.75,40.95
131.50,-20.75,41.38
131.75,-20.75,42.24
132.00,-20.75,42.83
132.25,-20.75,42.55
132.50,-20.75,42.11
132.75,-20.75,41.99
133.00,-20.75,41.99
133.25,-20.75,41.94
133.50,-20.75,41.76
133.75,-20.75,41.49
134.00,-20.75,41.36
134.25,-20.75,41.48
134.50,-20.75,41.75
134.75,-20.75,42.02
135.00,-20.75,42.48
135.25,-20.75,43.34
135.50,-20.75,43.91
135.75,-20.75,43.29
136.00,-20.75,41.91
136.25,-20.75,40.67
136.50,-20.75,39.90
136.75,-20.75,39.71
137.00,-20.75,40.31
137.25,-20.75,41.62
137.50,-20.75,42.87
137.75,-20.75,43.86
138.00,-20.75,44.60
138.25,-20.75,44.86
138.50,-20.75,44.98
138.75,-20.75,45.38
139.00,-20.75,46.11
139.25,-20.75,46.93
139.50,-20.75,48.14
139.75,-20.75,49.48
140.00,-20.75,50.36
140.25,-20.75,50.01
140.50,-20.75,48.54
140.75,-20.75,47.43
141.00,-20.75,46.07
141.25,-20.75,44.46
141.50,-20.75,43.50
141.75,-20.75,43.03
142.00,-20.75,42.71
142.25,-20.75,42.30
142.50,-20.75,41.71
142.75,-20.75,41.25
143.00,-20.75,40.96
143.25,-20.75,40.60
143.50,-20.75,39.88
143.75,-20.75,38.78
144.00,-20.75,37.73
144.25,-20.75,36.89
144.50,-20.75,36.21
144.75,-20.75,35.73
145.00,-20.75,35.70
145.25,-20.75,36.53
145.50,-20.75,37.99
145.75,-20.75,39.28
146.00,-20.75,40.20
146.25,-20.75,40.45
146.50,-20.75,40.32
146.75,-20.75,39.88
147.00,-20.75,39.20
147.25,-20.75,38.44
147.50,-20.75,37.43
147.75,-20.75,36.17
148.00,-20.75,34.92
148.25,-20.75,34.00
148.50,-20.75,33.29
148.75,-20.75,32.62
149.00,-20.75,31.91
149.25,-20.75,31.26
149.50,-20.75,30.71
149.75,-20.75,30.32
150.00,-20.75,30.08
150.25,-20.75,29.93
150.50,-20.75,29.80
150.75,-20.75,29.66
151.00,-20.75,29.51
151.25,-20.75,29.37
151.50,-20.75,29.26
151.75,-20.75,29.22
152.00,-20.75,29.20
152.25,-20.75,29.09
152.50,-20.75,28.87
152.75,-20.75,28.44
153.00,-20.75,27.75
153.25,-20.75,26.69
153.50,-20.75,25.34
153.75,-20.75,23.79
154.00,-20.75,22.31
154.25,-20.75,21.12
154.50,-20.75,19.85
154.75,-20.75,18.26
155.00,-20.75,16.98
155.25,-20.75,16.81
155.50,-20.75,17.60
155.75,-20.75,19.19
110.25,-20.50,13.95
110.50,-20.50,14.74
110.75,-20.50,16.04
111.00,-20.50,17.38
111.25,-20.50,20.97
111.50,-20.50,24.69
111.75,-20.50,25.71
112.00,-20.50,26.00
112.25,-20.50,25.87
112.50,-20.50,25.94
112.75,-20.50,25.43
113.00,-20.50,24.45
113.25,-20.50,22.99
113.50,-20.50,22.46
113.75,-20.50,22.36
114.00,-20.50,22.59
114.25,-20.50,22.95
114.50,-20.50,23.39
114.75,-20.50,23.92
115.00,-20.50,25.42
115.25,-20.50,25.80
115.50,-20.50,27.44
115.75,-20.50,29.32
116.00,-20.50,31.12
116.25,-20.50,31.24
116.50,-20.50,31.39
116.75,-20.50,31.47
117.00,-20.50,31.45
117.25,-20.50,31.18
117.50,-20.50,30.79
117.75,-20.50,30.45
118.00,-20.50,29.89
118.25,-20.50,29.07
118.50,-20.50,28.84
118.75,-20.50,28.94
119.00,-20.50,29.16
119.25,-20.50,29.46
119.50,-20.50,29.78
119.75,-20.50,30.07
120.00,-20.50,30.37
120.25,-20.50,30.73
120.50,-20.50,31.30
120.75,-20.50,32.24
121.00,-20.50,33.62
121.25,-20.50,35.30
121.50,-20.50,36.88
121.75,-20.50,37.23
122.00,-20.50,37.24
122.25,-20.50,36.91
122.50,-20.50,35.89
122.75,-20.50,33.86
123.00,-20.50,32.77
123.25,-20.50,31.64
123.50,-20.50,31.84
123.75,-20.50,31.77
124.00,-20.50,31.72
124.25,-20.50,31.59
124.50,-20.50,31.62
124.75,-20.50,31.30
125.00,-20.50,31.18
125.25,-20.50,31.28
125.50,-20.50,32.95
125.75,-20.50,33.60
126.00,-20.50,34.23
126.25,-20.50,34.43
126.50,-20.50,34.47
126.75,-20.50,34.43
127.00,-20.50,34.30
127.25,-20.50,33.98
127.50,-20.50,34.15
127.75,-20.50,34.39
128.00,-20.50,36.54
128.25,-20.50,37.74
128.50,-20.50,38.30
128.75,-20.50,38.70
129.00,-20.50,39.31
129.25,-20.50,39.54
129.50,-20.50,39.47
129.75,-20.50,39.67
130.00,-20.50,40.08
130.25,-20.50,41.54
130.50,-20.50,42.04
130.75,-20.50,40.71
131.00,-20.50,39.81
131.25,-20.50,39.65
131.50,-20.50,39.58
131.75,-20.50,40.00
132.00,-20.50,40.30
132.25,-20.50,40.65
132.50,-20.50,40.71
132.75,-20.50,40.99
133.00,-20.50,41.23
133.25,-20.50,41.47
133.50,-20.50,41.71
133.75,-20.50,41.95
134.00,-20.50,42.24
134.25,-20.50,42.70
134.50,-20.50,43.01
134.75,-20.50,43.08
135.00,-20.50,43.39
135.25,-20.50,44.19
135.50,-20.50,44.69
135.75,-20.50,43.99
136.00,-20.50,42.50
136.25,-20.50,41.31
136.50,-20.50,40.70
136.75,-20.50,40.79
137.00,-20.50,41.56
137.25,-20.50,42.71
137.50,-20.50,43.61
137.75,-20.50,44.16
138.00,-20.50,44.51
138.25,-20.50,44.60
138.50,-20.50,44.92
138.75,-20.50,45.59
139.00,-20.50,46.19
139.25,-20.50,46.79
139.50,-20.50,47.70
139.75,-20.50,49.19
140.00,-20.50,50.89
140.25,-20.50,50.65
140.50,-20.50,48.83
140.75,-20.50,47.53
141.00,-20.50,45.97
141.25,-20.50,43.90
141.50,-20.50,43.15
141.75,-20.50,43.13
142.00,-20.50,43.01
142.25,-20.50,42.43
142.50,-20.50,41.76
142.75,-20.50,41.30
143.00,-20.50,41.06
143.25,-20.50,40.74
143.50,-20.50,39.98
143.75,-20.50,38.76
144.00,-20.50,37.91
144.25,-20.50,37.09
144.50,-20.50,36.50
144.75,-20.50,35.91
145.00,-20.50,35.82
145.25,-20.50,36.85
145.50,-20.50,38.54
145.75,-20.50,39.75
146.00,-20.50,40.50
146.25,-20.50,40.62
146.50,-20.50,40.39
146.75,-20.50,39.76
147.00,-20.50,38.82
147.25,-20.50,37.52
147.50,-20.50,36.21
147.75,-20.50,34.96
148.00,-20.50,33.71
148.25,-20.50,32.66
148.50,-20.50,32.53
148.75,-20.50,31.29
149.00,-20.50,31.32
149.25,-20.50,30.43
149.50,-20.50,30.38
149.75,-20.50,30.00
150.00,-20.50,29.90
150.25,-20.50,29.80
150.50,-20.50,29.66
150.75,-20.50,29.53
151.00,-20.50,29.34
151.25,-20.50,29.19
151.50,-20.50,29.08
151.75,-20.50,29.05
152.00,-20.50,29.00
152.25,-20.50,28.88
152.50,-20.50,28.48
152.75,-20.50,27.97
153.00,-20.50,27.11
153.25,-20.50,25.94
153.50,-20.50,24.24
153.75,-20.50,22.80
154.00,-20.50,21.65
154.25,-20.50,19.91
154.50,-20.50,18.77
154.75,-20.50,17.62
155.00,-20.50,16.75
155.25,-20.50,16.59
155.50,-20.50,17.57
155.75,-20.50,18.35
110.25,-20.25,13.94
110.50,-20.25,15.32
110.75,-20.25,17.28
111.00,-20.25,18.68
111.25,-20.25,21.01
111.50,-20.25,23.38
111.75,-20.25,24.59
112.00,-20.25,25.30
112.25,-20.25,25.87
112.50,-20.25,26.05
112.75,-20.25,25.89
113.00,-20.25,25.03
113.25,-20.25,23.08
113.50,-20.25,21.94
113.75,-20.25,21.92
114.00,-20.25,22.30
114.25,-20.25,22.89
114.50,-20.25,23.57
114.75,-20.25,24.25
115.00,-20.25,24.85
115.25,-20.25,25.40
115.50,-20.25,26.02
115.75,-20.25,27.14
116.00,-20.25,28.97
116.25,-20.25,30.67
116.50,-20.25,31.77
116.75,-20.25,32.52
117.00,-20.25,32.86
117.25,-20.25,32.51
117.50,-20.25,31.48
117.75,-20.25,30.50
118.00,-20.25,29.61
118.25,-20.25,28.98
118.50,-20.25,28.94
118.75,-20.25,29.11
119.00,-20.25,29.33
119.25,-20.25,29.57
119.50,-20.25,29.78
119.75,-20.25,30.02
120.00,-20.25,30.34
120.25,-20.25,30.90
120.50,-20.25,31.93
120.75,-20.25,33.63
121.00,-20.25,35.90
121.25,-20.25,37.79
121.50,-20.25,38.31
121.75,-20.25,37.86
122.00,-20.25,37.34
122.25,-20.25,36.76
122.50,-20.25,35.49
122.75,-20.25,33.18
123.00,-20.25,31.43
123.25,-20.25,31.30
123.50,-20.25,31.66
123.75,-20.25,31.80
124.00,-20.25,31.75
124.25,-20.25,31.62
124.50,-20.25,31.45
124.75,-20.25,31.25
125.00,-20.25,31.07
125.25,-20.25,31.08
125.50,-20.25,31.97
125.75,-20.25,33.41
126.00,-20.25,34.14
126.25,-20.25,34.39
126.50,-20.25,34.45
126.75,-20.25,34.41
127.00,-20.25,34.27
127.25,-20.25,33.94
127.50,-20.25,33.69
127.75,-20.25,34.45
128.00,-20.25,36.08
128.25,-20.25,37.28
128.50,-20.25,37.05
128.75,-20.25,37.69
129.00,-20.25,38.95
129.25,-20.25,39.43
129.50,-20.25,39.44
129.75,-20.25,39.29
130.00,-20.25,39.15
130.25,-20.25,39.49
130.50,-20.25,39.60
130.75,-20.25,39.06
131.00,-20.25,38.81
131.25,-20.25,38.50
131.50,-20.25,38.17
131.75,-20.25,38.06
132.00,-20.25,38.35
132.25,-20.25,38.98
132.50,-20.25,39.67
132.75,-20.25,40.29
133.00,-20.25,40.87
133.25,-20.25,41.55
133.50,-20.25,42.44
133.75,-20.25,43.51
134.00,-20.25,44.45
134.25,-20.25,45.00
134.50,-20.25,45.08
134.75,-20.25,44.78
135.00,-20.25,44.62
135.25,-20.25,45.13
135.50,-20.25,45.52
135.75,-20.25,44.77
136.00,-20.25,43.38
136.25,-20.25,42.29
136.50,-20.25,41.76
136.75,-20.25,41.82
137.00,-20.25,42.32
137.25,-20.25,43.04
137.50,-20.25,43.69
137.75,-20.25,44.01
138.00,-20.25,43.98
138.25,-20.25,43.90
138.50,-20.25,44.09
138.75,-20.25,44.41
139.00,-20.25,44.84
139.25,-20.25,45.13
139.50,-20.25,45.42
139.75,-20.25,46.48
140.00,-20.25,48.95
140.25,-20.25,49.16
140.50,-20.25,46.81
140.75,-20.25,45.36
141.00,-20.25,44.09
141.25,-20.25,42.83
141.50,-20.25,42.87
141.75,-20.25,43.19
142.00,-20.25,42.97
142.25,-20.25,42.24
142.50,-20.25,41.55
142.75,-20.25,41.20
143.00,-20.25,41.01
143.25,-20.25,40.74
143.50,-20.25,40.03
143.75,-20.25,38.90
144.00,-20.25,38.05
144.25,-20.25,37.41
144.50,-20.25,36.79
144.75,-20.25,36.18
145.00,-20.25,36.04
145.25,-20.25,37.26
145.50,-20.25,38.94
145.75,-20.25,39.84
146.00,-20.25,40.37
146.25,-20.25,40.52
146.50,-20.25,40.28
146.75,-20.25,39.58
147.00,-20.25,38.24
147.25,-20.25,36.28
147.50,-20.25,34.98
147.75,-20.25,34.15
148.00,-20.25,33.19
148.25,-20.25,32.08
148.50,-20.25,31.17
148.75,-20.25,30.65
149.00,-20.25,30.31
149.25,-20.25,30.08
149.50,-20.25,29.92
149.75,-20.25,29.85
150.00,-20.25,29.80
150.25,-20.25,29.71
150.50,-20.25,29.56
150.75,-20.25,29.37
151.00,-20.25,29.19
151.25,-20.25,29.07
151.50,-20.25,29.01
151.75,-20.25,28.99
152.00,-20.25,28.94
152.25,-20.25,28.78
152.50,-20.25,28.38
152.75,-20.25,27.59
153.00,-20.25,26.51
153.25,-20.25,25.18
153.50,-20.25,23.64
153.75,-20.25,21.93
154.00,-20.25,20.28
154.25,-20.25,18.93
154.50,-20.25,17.86
154.75,-20.25,17.06
155.00,-20.25,16.53
155.25,-20.25,16.38
155.50,-20.25,16.79
155.75,-20.25,17.96
110.25,-20.00,14.26
110.50,-20.00,15.79
110.75,-20.00,17.58
111.00,-20.00,19.11
111.25,-20.00,20.16
111.50,-20.00,21.66
111.75,-20.00,22.61
112.00,-20.00,24.02
112.25,-20.00,25.50
112.50,-20.00,25.97
112.75,-20.00,25.75
113.00,-20.00,24.43
113.25,-20.00,22.53
113.50,-20.00,21.90
113.75,-20.00,21.90
114.00,-20.00,22.39
114.25,-20.00,23.27
114.50,-20.00,24.18
114.75,-20.00,24.99
115.00,-20.00,25.56
115.25,-20.00,25.88
115.50,-20.00,26.03
115.75,-20.00,26.30
116.00,-20.00,27.22
116.25,-20.00,29.68
116.50,-20.00,32.53
116.75,-20.00,34.01
117.00,-20.00,34.47
117.25,-20.00,34.27
117.50,-20.00,33.12
117.75,-20.00,30.99
118.00,-20.00,29.48
118.25,-20.00,29.02
118.50,-20.00,29.09
118.75,-20.00,29.28
119.00,-20.00,29.48
119.25,-20.00,29.65
119.50,-20.00,29.78
119.75,-20.00,29.93
120.00,-20.00,30.22
120.25,-20.00,30.94
120.50,-20.00,32.45
120.75,-20.00,34.52
121.00,-20.00,36.55
121.25,-20.00,38.00
121.50,-20.00,38.81
121.75,-20.00,38.00
122.00,-20.00,37.14
122.25,-20.00,36.42
122.50,-20.00,34.83
122.75,-20.00,32.30
123.00,-20.00,30.93
123.25,-20.00,31.20
123.50,-20.00,31.80
123.75,-20.00,32.01
124.00,-20.00,31.94
124.25,-20.00,31.78
124.50,-20.00,31.54
124.75,-20.00,31.41
125.00,-20.00,31.28
125.25,-20.00,31.32
125.50,-20.00,31.82
125.75,-20.00,32.97
126.00,-20.00,33.85
126.25,-20.00,34.24
126.50,-20.00,34.36
126.75,-20.00,34.35
127.00,-20.00,34.24
127.25,-20.00,34.12
127.50,-20.00,35.71
127.75,-20.00,36.38
128.00,-20.00,37.78
128.25,-20.00,37.91
128.50,-20.00,37.16
128.75,-20.00,37.74
129.00,-20.00,38.98
129.25,-20.00,39.79
129.50,-20.00,39.76
129.75,-20.00,39.18
130.00,-20.00,38.61
130.25,-20.00,38.45
130.50,-20.00,38.47
130.75,-20.00,38.48
131.00,-20.00,38.10
131.25,-20.00,37.52
131.50,-20.00,36.80
131.75,-20.00,36.63
132.00,-20.00,36.88
132.25,-20.00,37.59
132.50,-20.00,38.44
132.75,-20.00,39.42
133.00,-20.00,40.32
133.25,-20.00,41.38
133.50,-20.00,42.82
133.75,-20.00,44.60
134.00,-20.00,45.92
134.25,-20.00,46.45
134.50,-20.00,46.37
134.75,-20.00,45.90
135.00,-20.00,45.56
135.25,-20.00,45.87
135.50,-20.00,46.08
135.75,-20.00,45.41
136.00,-20.00,44.23
136.25,-20.00,43.34
136.50,-20.00,42.98
136.75,-20.00,42.96
137.00,-20.00,42.99
137.25,-20.00,43.20
137.50,-20.00,43.65
137.75,-20.00,43.75
138.00,-20.00,43.37
138.25,-20.00,42.96
138.50,-20.00,42.69
138.75,-20.00,42.80
139.00,-20.00,43.29
139.25,-20.00,43.67
139.50,-20.00,43.63
139.75,-20.00,43.97
140.00,-20.00,45.02
140.25,-20.00,45.80
140.50,-20.00,44.86
140.75,-20.00,43.46
141.00,-20.00,42.30
141.25,-20.00,41.75
141.50,-20.00,42.23
141.75,-20.00,42.87
142.00,-20.00,42.63
142.25,-20.00,41.87
142.50,-20.00,41.31
142.75,-20.00,41.06
143.00,-20.00,40.89
143.25,-20.00,40.57
143.50,-20.00,39.83
143.75,-20.00,38.92
144.00,-20.00,38.27
144.25,-20.00,37.81
144.50,-20.00,37.27
144.75,-20.00,36.65
145.00,-20.00,36.35
145.25,-20.00,37.48
145.50,-20.00,39.46
145.75,-20.00,39.26
146.00,-20.00,39.30
146.25,-20.00,39.61
146.50,-20.00,39.75
146.75,-20.00,39.15
147.00,-20.00,37.25
147.25,-20.00,35.24
147.50,-20.00,34.41
147.75,-20.00,33.96
148.00,-20.00,33.77
148.25,-20.00,32.14
148.50,-20.00,31.39
148.75,-20.00,30.38
149.00,-20.00,30.08
149.25,-20.00,29.92
149.50,-20.00,29.84
149.75,-20.00,29.72
150.00,-20.00,29.67
150.25,-20.00,29.54
150.50,-20.00,29.35
150.75,-20.00,29.13
151.00,-20.00,28.98
151.25,-20.00,28.97
151.50,-20.00,29.01
151.75,-20.00,29.03
152.00,-20.00,28.96
152.25,-20.00,28.75
152.50,-20.00,28.25
152.75,-20.00,27.27
153.00,-20.00,25.99
153.25,-20.00,24.52
153.50,-20.00,22.92
153.75,-20.00,21.18
154.00,-20.00,19.52
154.25,-20.00,18.15
154.50,-20.00,17.16
154.75,-20.00,16.66
155.00,-20.00,16.39
155.25,-20.00,16.24
155.50,-20.00,17.40
155.75,-20.00,17.86
110.25,-19.75,15.17
110.50,-19.75,16.94
110.75,-19.75,18.23
111.00,-19.75,19.26
111.25,-19.75,20.77
111.50,-19.75,21.89
111.75,-19.75,22.37
112.00,-19.75,22.90
112.25,-19.75,24.11
112.50,-19.75,25.15
112.75,-19.75,24.75
113.00,-19.75,23.00
113.25,-19.75,22.13
113.50,-19.75,22.01
113.75,-19.75,22.08
114.00,-19.75,22.66
114.25,-19.75,23.74
114.50,-19.75,24.75
114.75,-19.75,25.60
115.00,-19.75,26.18
115.25,-19.75,26.46
115.50,-19.75,26.47
115.75,-19.75,26.35
116.00,-19.75,26.32
116.25,-19.75,27.80
116.50,-19.75,31.83
116.75,-19.75,34.15
117.00,-19.75,34.74
117.25,-19.75,34.63
117.50,-19.75,33.61
117.75,-19.75,31.20
118.00,-19.75,29.53
118.25,-19.75,29.18
118.50,-19.75,29.24
118.75,-19.75,29.41
119.00,-19.75,29.56
119.25,-19.75,29.66
119.50,-19.75,29.70
119.75,-19.75,29.86
120.00,-19.75,30.38
120.25,-19.75,31.52
120.50,-19.75,33.32
120.75,-19.75,35.22
121.00,-19.75,36.63
121.25,-19.75,37.22
121.50,-19.75,37.66
121.75,-19.75,37.27
122.00,-19.75,36.17
122.25,-19.75,35.46
122.50,-19.75,34.12
122.75,-19.75,31.73
123.00,-19.75,30.80
123.25,-19.75,31.35
123.50,-19.75,32.09
123.75,-19.75,32.28
124.00,-19.75,32.16
124.25,-19.75,31.96
124.50,-19.75,31.81
124.75,-19.75,31.87
125.00,-19.75,32.33
125.25,-19.75,33.03
125.50,-19.75,33.54
125.75,-19.75,33.83
126.00,-19.75,34.14
126.25,-19.75,34.44
126.50,-19.75,34.59
126.75,-19.75,34.68
127.00,-19.75,34.90
127.25,-19.75,35.78
127.50,-19.75,37.83
127.75,-19.75,39.60
128.00,-19.75,40.35
128.25,-19.75,40.18
128.50,-19.75,39.28
128.75,-19.75,39.46
129.00,-19.75,39.98
129.25,-19.75,40.67
129.50,-19.75,40.35
129.75,-19.75,38.98
130.00,-19.75,37.93
130.25,-19.75,38.17
130.50,-19.75,38.39
130.75,-19.75,38.45
131.00,-19.75,38.09
131.25,-19.75,37.12
131.50,-19.75,36.17
131.75,-19.75,35.76
132.00,-19.75,35.91
132.25,-19.75,36.49
132.50,-19.75,37.32
132.75,-19.75,38.23
133.00,-19.75,39.19
133.25,-19.75,40.27
133.50,-19.75,41.82
133.75,-19.75,43.96
134.00,-19.75,45.66
134.25,-19.75,46.22
134.50,-19.75,46.06
134.75,-19.75,45.70
135.00,-19.75,45.70
135.25,-19.75,46.22
135.50,-19.75,46.53
135.75,-19.75,46.03
136.00,-19.75,45.07
136.25,-19.75,44.39
136.50,-19.75,44.28
136.75,-19.75,44.19
137.00,-19.75,43.83
137.25,-19.75,43.43
137.50,-19.75,43.66
137.75,-19.75,43.56
138.00,-19.75,42.76
138.25,-19.75,42.03
138.50,-19.75,41.91
138.75,-19.75,42.33
139.00,-19.75,42.75
139.25,-19.75,42.98
139.50,-19.75,42.80
139.75,-19.75,42.66
140.00,-19.75,42.63
140.25,-19.75,42.70
140.50,-19.75,42.44
140.75,-19.75,41.89
141.00,-19.75,41.22
141.25,-19.75,40.04
141.50,-19.75,38.77
141.75,-19.75,38.91
142.00,-19.75,40.41
142.25,-19.75,40.95
142.50,-19.75,40.88
142.75,-19.75,40.76
143.00,-19.75,40.55
143.25,-19.75,40.05
143.50,-19.75,39.27
143.75,-19.75,38.73
144.00,-19.75,38.50
144.25,-19.75,38.28
144.50,-19.75,38.00
144.75,-19.75,37.54
145.00,-19.75,37.06
145.25,-19.75,38.08
145.50,-19.75,39.80
145.75,-19.75,39.51
146.00,-19.75,38.92
146.25,-19.75,39.07
146.50,-19.75,39.32
146.75,-19.75,38.27
147.00,-19.75,35.98
147.25,-19.75,34.62
147.50,-19.75,34.21
147.75,-19.75,33.94
148.00,-19.75,33.40
148.25,-19.75,32.31
148.50,-19.75,30.95
148.75,-19.75,30.19
149.00,-19.75,29.91
149.25,-19.75,29.74
149.50,-19.75,29.60
149.75,-19.75,29.51
150.00,-19.75,29.38
150.25,-19.75,29.16
150.50,-19.75,28.90
150.75,-19.75,28.71
151.00,-19.75,28.65
151.25,-19.75,28.80
151.50,-19.75,29.01
151.75,-19.75,29.11
152.00,-19.75,29.04
152.25,-19.75,28.73
152.50,-19.75,28.08
152.75,-19.75,26.96
153.00,-19.75,25.59
153.25,-19.75,24.11
153.50,-19.75,22.48
153.75,-19.75,20.62
154.00,-19.75,18.87
154.25,-19.75,17.61
154.50,-19.75,16.83
154.75,-19.75,16.57
155.00,-19.75,16.45
155.25,-19.75,16.28
155.50,-19.75,16.60
155.75,-19.75,17.96
110.25,-19.50,16.88
110.50,-19.50,18.19
110.75,-19.50,19.17
111.00,-19.50,19.93
111.25,-19.50,20.82
111.50,-19.50,21.83
111.75,-19.50,22.37
112.00,-19.50,22.61
112.25,-19.50,22.86
112.50,-19.50,23.22
112.75,-19.50,22.85
113.00,-19.50,22.15
113.25,-19.50,22.04
113.50,-19.50,22.06
113.75,-19.50,22.24
114.00,-19.50,22.93
114.25,-19.50,23.99
114.50,-19.50,24.95
114.75,-19.50,25.81
115.00,-19.50,26.45
115.25,-19.50,26.77
115.50,-19.50,26.74
115.75,-19.50,26.35
116.00,-19.50,25.89
116.25,-19.50,25.94
116.50,-19.50,28.35
116.75,-19.50,32.27
117.00,-19.50,33.69
117.25,-19.50,33.57
117.50,-19.50,32.20
117.75,-19.50,30.28
118.00,-19.50,29.59
118.25,-19.50,29.53
118.50,-19.50,29.55
118.75,-19.50,29.59
119.00,-19.50,29.61
119.25,-19.50,29.58
119.50,-19.50,29.51
119.75,-19.50,29.64
120.00,-19.50,30.41
120.25,-19.50,32.07
120.50,-19.50,34.34
120.75,-19.50,36.48
121.00,-19.50,37.49
121.25,-19.50,37.14
121.50,-19.50,36.73
121.75,-19.50,36.44
122.00,-19.50,35.48
122.25,-19.50,34.41
122.50,-19.50,33.50
122.75,-19.50,32.08
123.00,-19.50,31.23
123.25,-19.50,31.74
123.50,-19.50,32.43
123.75,-19.50,32.56
124.00,-19.50,32.41
124.25,-19.50,32.31
124.50,-19.50,32.43
124.75,-19.50,33.09
125.00,-19.50,34.47
125.25,-19.50,35.82
125.50,-19.50,36.47
125.75,-19.50,36.57
126.00,-19.50,36.51
126.25,-19.50,36.56
126.50,-19.50,36.71
126.75,-19.50,37.03
127.00,-19.50,37.54
127.25,-19.50,38.53
127.50,-19.50,40.65
127.75,-19.50,41.16
128.00,-19.50,41.64
128.25,-19.50,41.24
128.50,-19.50,40.11
128.75,-19.50,40.05
129.00,-19.50,40.33
129.25,-19.50,40.74
129.50,-19.50,40.48
129.75,-19.50,38.89
130.00,-19.50,38.01
130.25,-19.50,38.31
130.50,-19.50,38.46
130.75,-19.50,38.67
131.00,-19.50,38.40
131.25,-19.50,37.21
131.50,-19.50,35.84
131.75,-19.50,35.31
132.00,-19.50,35.31
132.25,-19.50,35.74
132.50,-19.50,36.43
132.75,-19.50,37.26
133.00,-19.50,38.23
133.25,-19.50,39.30
133.50,-19.50,40.72
133.75,-19.50,42.73
134.00,-19.50,44.53
134.25,-19.50,45.14
134.50,-19.50,45.01
134.75,-19.50,44.94
135.00,-19.50,45.45
135.25,-19.50,46.30
135.50,-19.50,46.82
135.75,-19.50,46.80
136.00,-19.50,46.14
136.25,-19.50,45.26
136.50,-19.50,44.63
136.75,-19.50,44.53
137.00,-19.50,44.27
137.25,-19.50,43.57
137.50,-19.50,43.63
137.75,-19.50,43.41
138.00,-19.50,42.27
138.25,-19.50,41.39
138.50,-19.50,41.36
138.75,-19.50,41.97
139.00,-19.50,42.30
139.25,-19.50,42.34
139.50,-19.50,42.12
139.75,-19.50,41.75
140.00,-19.50,41.29
140.25,-19.50,40.71
140.50,-19.50,40.09
140.75,-19.50,40.14
141.00,-19.50,40.03
141.25,-19.50,38.25
141.50,-19.50,36.19
141.75,-19.50,35.07
142.00,-19.50,35.07
142.25,-19.50,36.45
142.50,-19.50,39.22
142.75,-19.50,39.98
143.00,-19.50,39.73
143.25,-19.50,39.13
143.50,-19.50,38.56
143.75,-19.50,38.46
144.00,-19.50,38.56
144.25,-19.50,38.59
144.50,-19.50,38.54
144.75,-19.50,38.35
145.00,-19.50,37.92
145.25,-19.50,38.36
145.50,-19.50,39.94
145.75,-19.50,40.54
146.00,-19.50,39.78
146.25,-19.50,39.18
146.50,-19.50,38.59
146.75,-19.50,36.75
147.00,-19.50,34.89
147.25,-19.50,34.25
147.50,-19.50,34.06
147.75,-19.50,33.84
148.00,-19.50,33.31
148.25,-19.50,32.18
148.50,-19.50,30.73
148.75,-19.50,29.91
149.00,-19.50,29.61
149.25,-19.50,29.44
149.50,-19.50,29.28
149.75,-19.50,29.11
150.00,-19.50,28.88
150.25,-19.50,28.54
150.50,-19.50,28.22
150.75,-19.50,28.05
151.00,-19.50,28.08
151.25,-19.50,28.37
151.50,-19.50,28.71
151.75,-19.50,28.90
152.00,-19.50,28.86
152.25,-19.50,28.48
152.50,-19.50,27.72
152.75,-19.50,26.51
153.00,-19.50,25.13
153.25,-19.50,23.77
153.50,-19.50,22.22
153.75,-19.50,20.27
154.00,-19.50,18.46
154.25,-19.50,17.35
154.50,-19.50,16.81
154.75,-19.50,16.71
155.00,-19.50,16.66
155.25,-19.50,16.48
155.50,-19.50,16.78
155.75,-19.50,18.15
110.25,-19.25,17.50
110.50,-19.25,18.65
110.75,-19.25,19.44
111.00,-19.25,20.00
111.25,-19.25,20.48
111.50,-19.25,21.37
111.75,-19.25,22.26
112.00,-19.25,22.59
112.25,-19.25,22.62
112.50,-19.25,22.36
112.75,-19.25,21.82
113.00,-19.25,21.86
113.25,-19.25,22.01
113.50,-19.25,22.15
113.75,-19.25,22.48
114.00,-19.25,23.20
114.25,-19.25,24.03
114.50,-19.25,24.88
114.75,-19.25,25.73
115.00,-19.25,26.43
115.25,-19.25,26.81
115.50,-19.25,26.69
115.75,-19.25,26.13
116.00,-19.25,25.65
116.25,-19.25,25.41
116.50,-19.25,25.62
116.75,-19.25,27.57
117.00,-19.25,29.74
117.25,-19.25,29.93
117.50,-19.25,29.25
117.75,-19.25,29.20
118.00,-19.25,29.79
118.25,-19.25,30.33
118.50,-19.25,30.52
118.75,-19.25,30.40
119.00,-19.25,30.13
119.25,-19.25,29.81
119.50,-19.25,29.49
119.75,-19.25,29.38
120.00,-19.25,29.83
120.25,-19.25,31.27
120.50,-19.25,33.69
120.75,-19.25,36.18
121.00,-19.25,37.23
121.25,-19.25,36.80
121.50,-19.25,36.01
121.75,-19.25,35.63
122.00,-19.25,35.14
122.25,-19.25,34.05
122.50,-19.25,32.75
122.75,-19.25,31.72
123.00,-19.25,31.91
123.25,-19.25,32.45
123.50,-19.25,32.83
123.75,-19.25,32.86
124.00,-19.25,32.87
124.25,-19.25,33.14
124.50,-19.25,33.62
124.75,-19.25,34.57
125.00,-19.25,36.15
125.25,-19.25,37.49
125.50,-19.25,38.01
125.75,-19.25,38.02
126.00,-19.25,37.87
126.25,-19.25,37.89
126.50,-19.25,38.16
126.75,-19.25,38.61
127.00,-19.25,39.05
127.25,-19.25,39.66
127.50,-19.25,40.85
127.75,-19.25,41.61
128.00,-19.25,41.79
128.25,-19.25,41.68
128.50,-19.25,40.87
128.75,-19.25,40.70
129.00,-19.25,40.95
129.25,-19.25,40.87
129.50,-19.25,40.46
129.75,-19.25,39.50
130.00,-19.25,38.57
130.25,-19.25,38.38
130.50,-19.25,38.52
130.75,-19.25,38.88
131.00,-19.25,38.74
131.25,-19.25,37.42
131.50,-19.25,35.95
131.75,-19.25,35.18
132.00,-19.25,35.07
132.25,-19.25,35.41
132.50,-19.25,36.04
132.75,-19.25,36.95
133.00,-19.25,38.11
133.25,-19.25,39.31
133.50,-19.25,40.64
133.75,-19.25,42.29
134.00,-19.25,43.72
134.25,-19.25,44.28
134.50,-19.25,44.29
134.75,-19.25,44.53
135.00,-19.25,45.35
135.25,-19.25,46.34
135.50,-19.25,47.20
135.75,-19.25,47.72
136.00,-19.25,47.16
136.25,-19.25,45.99
136.50,-19.25,44.70
136.75,-19.25,44.40
137.00,-19.25,44.20
137.25,-19.25,43.84
137.50,-19.25,43.98
137.75,-19.25,43.77
138.00,-19.25,43.11
138.25,-19.25,42.06
138.50,-19.25,41.35
138.75,-19.25,41.50
139.00,-19.25,41.89
139.25,-19.25,41.90
139.50,-19.25,41.62
139.75,-19.25,41.14
140.00,-19.25,40.71
140.25,-19.25,40.21
140.50,-19.25,39.33
140.75,-19.25,38.62
141.00,-19.25,37.87
141.25,-19.25,36.98
141.50,-19.25,35.57
141.75,-19.25,34.44
142.00,-19.25,34.22
142.25,-19.25,34.66
142.50,-19.25,36.23
142.75,-19.25,38.74
143.00,-19.25,38.86
143.25,-19.25,38.30
143.50,-19.25,37.93
143.75,-19.25,38.15
144.00,-19.25,38.45
144.25,-19.25,38.51
144.50,-19.25,38.65
144.75,-19.25,38.78
145.00,-19.25,38.26
145.25,-19.25,37.84
145.50,-19.25,38.62
145.75,-19.25,39.81
146.00,-19.25,39.72
146.25,-19.25,38.09
146.50,-19.25,36.68
146.75,-19.25,34.93
147.00,-19.25,34.06
147.25,-19.25,33.89
147.50,-19.25,33.78
147.75,-19.25,33.52
148.00,-19.25,32.86
148.25,-19.25,31.57
148.50,-19.25,30.16
148.75,-19.25,29.42
149.00,-19.25,29.09
149.25,-19.25,28.86
149.50,-19.25,28.62
149.75,-19.25,28.35
150.00,-19.25,28.01
150.25,-19.25,27.58
150.50,-19.25,27.20
150.75,-19.25,27.03
151.00,-19.25,27.07
151.25,-19.25,27.35
151.50,-19.25,27.71
151.75,-19.25,27.98
152.00,-19.25,28.03
152.25,-19.25,27.66
152.50,-19.25,26.89
152.75,-19.25,25.70
153.00,-19.25,24.43
153.25,-19.25,23.34
153.50,-19.25,22.07
153.75,-19.25,20.23
154.00,-19.25,18.49
154.25,-19.25,17.55
154.50,-19.25,17.17
154.75,-19.25,17.13
155.00,-19.25,17.11
155.25,-19.25,16.96
155.50,-19.25,17.23
155.75,-19.25,18.45
110.25,-19.00,17.40
110.50,-19.00,18.39
110.75,-19.00,19.07
111.00,-19.00,19.67
111.25,-19.00,20.14
111.50,-19.00,20.77
111.75,-19.00,21.89
112.00,-19.00,22.45
112.25,-19.00,22.44
112.50,-19.00,22.03
112.75,-19.00,21.52
113.00,-19.00,21.74
113.25,-19.00,22.08
113.50,-19.00,22.39
113.75,-19.00,22.81
114.00,-19.00,23.32
114.25,-19.00,23.91
114.50,-19.00,24.62
114.75,-19.00,25.42
115.00,-19.00,26.13
115.25,-19.00,26.44
115.50,-19.00,26.22
115.75,-19.00,25.79
116.00,-19.00,25.48
116.25,-19.00,25.29
116.50,-19.00,25.09
116.75,-19.00,24.99
117.00,-19.00,25.53
117.25,-19.00,26.38
117.50,-19.00,27.48
117.75,-19.00,28.99
118.00,-19.00,30.55
118.25,-19.00,31.61
118.50,-19.00,31.98
118.75,-19.00,31.79
119.00,-19.00,31.31
119.25,-19.00,30.75
119.50,-19.00,30.18
119.75,-19.00,29.70
120.00,-19.00,29.48
120.25,-19.00,29.91
120.50,-19.00,31.57
120.75,-19.00,34.33
121.00,-19.00,35.91
121.25,-19.00,35.93
121.50,-19.00,35.51
121.75,-19.00,35.35
122.00,-19.00,35.32
122.25,-19.00,34.73
122.50,-19.00,33.16
122.75,-19.00,32.15
123.00,-19.00,32.49
123.25,-19.00,34.17
123.50,-19.00,33.98
123.75,-19.00,33.64
124.00,-19.00,33.86
124.25,-19.00,34.24
124.50,-19.00,34.58
124.75,-19.00,35.24
125.00,-19.00,36.65
125.25,-19.00,38.12
125.50,-19.00,38.72
125.75,-19.00,38.66
126.00,-19.00,38.38
126.25,-19.00,38.33
126.50,-19.00,38.62
126.75,-19.00,39.05
127.00,-19.00,39.40
127.25,-19.00,39.79
127.50,-19.00,40.73
127.75,-19.00,41.65
128.00,-19.00,41.88
128.25,-19.00,41.84
128.50,-19.00,41.58
128.75,-19.00,41.31
129.00,-19.00,41.15
129.25,-19.00,40.78
129.50,-19.00,40.40
129.75,-19.00,39.89
130.00,-19.00,39.23
130.25,-19.00,38.77
130.50,-19.00,38.74
130.75,-19.00,39.04
131.00,-19.00,38.91
131.25,-19.00,37.65
131.50,-19.00,35.97
131.75,-19.00,35.40
132.00,-19.00,35.24
132.25,-19.00,35.54
132.50,-19.00,36.23
132.75,-19.00,37.40
133.00,-19.00,38.89
133.25,-19.00,40.24
133.50,-19.00,41.53
133.75,-19.00,42.84
134.00,-19.00,43.85
134.25,-19.00,44.33
134.50,-19.00,44.48
134.75,-19.00,44.79
135.00,-19.00,45.58
135.25,-19.00,46.55
135.50,-19.00,47.67
135.75,-19.00,48.47
136.00,-19.00,47.82
136.25,-19.00,46.07
136.50,-19.00,44.51
136.75,-19.00,43.96
137.00,-19.00,43.77
137.25,-19.00,43.88
137.50,-19.00,44.23
137.75,-19.00,44.33
138.00,-19.00,44.30
138.25,-19.00,42.85
138.50,-19.00,40.56
138.75,-19.00,40.28
139.00,-19.00,41.16
139.25,-19.00,41.21
139.50,-19.00,40.78
139.75,-19.00,40.21
140.00,-19.00,39.77
140.25,-19.00,39.23
140.50,-19.00,37.88
140.75,-19.00,36.49
141.00,-19.00,35.90
141.25,-19.00,35.96
141.50,-19.00,35.98
141.75,-19.00,35.28
142.00,-19.00,34.92
142.25,-19.00,35.74
142.50,-19.00,36.88
142.75,-19.00,37.97
143.00,-19.00,38.24
143.25,-19.00,37.65
143.50,-19.00,37.32
143.75,-19.00,37.71
144.00,-19.00,37.96
144.25,-19.00,37.77
144.50,-19.00,38.16
144.75,-19.00,38.77
145.00,-19.00,38.45
145.25,-19.00,37.75
145.50,-19.00,37.59
145.75,-19.00,37.70
146.00,-19.00,36.37
146.25,-19.00,35.20
146.50,-19.00,34.15
146.75,-19.00,33.24
147.00,-19.00,33.04
147.25,-19.00,33.13
147.50,-19.00,33.06
147.75,-19.00,32.66
148.00,-19.00,31.73
148.25,-19.00,30.35
148.50,-19.00,29.21
148.75,-19.00,28.65
149.00,-19.00,28.34
149.25,-19.00,28.05
149.50,-19.00,27.75
149.75,-19.00,27.40
150.00,-19.00,26.99
150.25,-19.00,26.51
150.50,-19.00,26.09
150.75,-19.00,25.89
151.00,-19.00,25.88
151.25,-19.00,26.06
151.50,-19.00,26.35
151.75,-19.00,26.67
152.00,-19.00,26.79
152.25,-19.00,26.45
152.50,-19.00,25.73
152.75,-19.00,24.65
153.00,-19.00,23.59
153.25,-19.00,22.81
153.50,-19.00,21.84
153.75,-19.00,20.23
154.00,-19.00,18.71
154.25,-19.00,18.01
154.50,-19.00,17.86
154.75,-19.00,17.94
155.00,-19.00,17.98
155.25,-19.00,17.88
155.50,-19.00,18.08
155.75,-19.00,19.04
110.25,-18.75,17.11
110.50,-18.75,17.95
110.75,-18.75,18.56
111.00,-18.75,19.08
111.25,-18.75,19.61
111.50,-18.75,20.09
111.75,-18.75,21.00
112.00,-18.75,21.71
112.25,-18.75,21.70
112.50,-18.75,21.40
112.75,-18.75,21.47
113.00,-18.75,21.89
113.25,-18.75,22.33
113.50,-18.75,22.68
113.75,-18.75,22.99
114.00,-18.75,23.33
114.25,-18.75,23.76
114.50,-18.75,24.32
114.75,-18.75,24.98
115.00,-18.75,25.60
115.25,-18.75,25.80
115.50,-18.75,25.59
115.75,-18.75,25.39
116.00,-18.75,25.30
116.25,-18.75,25.20
116.50,-18.75,24.88
116.75,-18.75,24.38
117.00,-18.75,24.56
117.25,-18.75,25.72
117.50,-18.75,27.55
117.75,-18.75,29.83
118.00,-18.75,31.91
118.25,-18.75,33.21
118.50,-18.75,33.59
118.75,-18.75,33.31
119.00,-18.75,32.70
119.25,-18.75,31.99
119.50,-18.75,31.27
119.75,-18.75,30.56
120.00,-18.75,29.95
120.25,-18.75,29.61
120.50,-18.75,30.01
120.75,-18.75,32.16
121.00,-18.75,34.49
121.25,-18.75,35.19
121.50,-18.75,35.34
121.75,-18.75,35.53
122.00,-18.75,35.74
122.25,-18.75,35.92
122.50,-18.75,35.59
122.75,-18.75,34.30
123.00,-18.75,34.80
123.25,-18.75,35.73
123.50,-18.75,35.57
123.75,-18.75,35.35
124.00,-18.75,35.34
124.25,-18.75,35.24
124.50,-18.75,35.18
124.75,-18.75,35.53
125.00,-18.75,36.83
125.25,-18.75,38.70
125.50,-18.75,39.65
125.75,-18.75,39.57
126.00,-18.75,39.02
126.25,-18.75,38.72
126.50,-18.75,38.92
126.75,-18.75,39.26
127.00,-18.75,39.52
127.25,-18.75,39.77
127.50,-18.75,40.40
127.75,-18.75,41.47
128.00,-18.75,41.85
128.25,-18.75,41.79
128.50,-18.75,41.48
128.75,-18.75,40.98
129.00,-18.75,40.59
129.25,-18.75,40.35
129.50,-18.75,40.16
129.75,-18.75,39.95
130.00,-18.75,39.70
130.25,-18.75,39.39
130.50,-18.75,39.19
130.75,-18.75,39.19
131.00,-18.75,38.99
131.25,-18.75,38.09
131.50,-18.75,36.99
131.75,-18.75,36.33
132.00,-18.75,36.20
132.25,-18.75,36.48
132.50,-18.75,37.23
132.75,-18.75,38.63
133.00,-18.75,40.21
133.25,-18.75,41.52
133.50,-18.75,42.68
133.75,-18.75,43.72
134.00,-18.75,44.49
134.25,-18.75,45.04
134.50,-18.75,45.43
134.75,-18.75,45.76
135.00,-18.75,46.40
135.25,-18.75,47.32
135.50,-18.75,48.17
135.75,-18.75,48.35
136.00,-18.75,47.08
136.25,-18.75,45.43
136.50,-18.75,44.56
136.75,-18.75,43.82
137.00,-18.75,43.27
137.25,-18.75,43.54
137.50,-18.75,44.38
137.75,-18.75,44.75
138.00,-18.75,44.74
138.25,-18.75,43.07
138.50,-18.75,40.40
138.75,-18.75,39.97
139.00,-18.75,40.29
139.25,-18.75,39.85
139.50,-18.75,39.11
139.75,-18.75,38.35
140.00,-18.75,37.54
140.25,-18.75,36.51
140.50,-18.75,35.13
140.75,-18.75,34.06
141.00,-18.75,33.93
141.25,-18.75,34.62
141.50,-18.75,35.49
141.75,-18.75,35.92
142.00,-18.75,36.21
142.25,-18.75,37.24
142.50,-18.75,37.81
142.75,-18.75,37.69
143.00,-18.75,37.73
143.25,-18.75,37.60
143.50,-18.75,37.28
143.75,-18.75,37.36
144.00,-18.75,37.46
144.25,-18.75,37.30
144.50,-18.75,37.53
144.75,-18.75,38.22
145.00,-18.75,38.04
145.25,-18.75,37.08
145.50,-18.75,35.79
145.75,-18.75,34.61
146.00,-18.75,33.94
146.25,-18.75,33.29
146.50,-18.75,32.39
146.75,-18.75,31.61
147.00,-18.75,31.38
147.25,-18.75,31.51
147.50,-18.75,31.40
147.75,-18.75,30.82
148.00,-18.75,29.78
148.25,-18.75,28.65
148.50,-18.75,27.88
148.75,-18.75,27.50
149.00,-18.75,27.27
149.25,-18.75,27.03
149.50,-18.75,26.76
149.75,-18.75,26.42
150.00,-18.75,26.02
150.25,-18.75,25.55
150.50,-18.75,25.14
150.75,-18.75,24.89
151.00,-18.75,24.78
151.25,-18.75,24.81
151.50,-18.75,24.96
151.75,-18.75,25.21
152.00,-18.75,25.29
152.25,-18.75,24.93
152.50,-18.75,24.27
152.75,-18.75,23.45
153.00,-18.75,22.69
153.25,-18.75,22.10
153.50,-18.75,21.31
153.75,-18.75,20.02
154.00,-18.75,18.89
154.25,-18.75,18.64
154.50,-18.75,18.92
154.75,-18.75,19.31
155.00,-18.75,19.56
155.25,-18.75,19.51
155.50,-18.75,19.58
155.75,-18.75,20.18
110.25,-18.50,16.78
110.50,-18.50,17.52
110.75,-18.50,18.04
111.00,-18.50,18.30
111.25,-18.50,18.57
111.50,-18.50,18.82
111.75,-18.50,19.11
112.00,-18.50,19.51
112.25,-18.50,19.92
112.50,-18.50,20.62
112.75,-18.50,21.41
113.00,-18.50,21.99
113.25,-18.50,22.43
113.50,-18.50,22.76
113.75,-18.50,23.02
114.00,-18.50,23.26
114.25,-18.50,23.57
114.50,-18.50,23.98
114.75,-18.50,24.48
115.00,-18.50,25.00
115.25,-18.50,25.24
115.50,-18.50,25.15
115.75,-18.50,25.06
116.00,-18.50,25.03
116.25,-18.50,24.89
116.50,-18.50,24.35
116.75,-18.50,23.91
117.00,-18.50,24.56
117.25,-18.50,26.23
117.50,-18.50,28.64
117.75,-18.50,31.31
118.00,-18.50,33.45
118.25,-18.50,34.71
118.50,-18.50,35.09
118.75,-18.50,34.81
119.00,-18.50,34.16
119.25,-18.50,33.34
119.50,-18.50,32.47
119.75,-18.50,31.60
120.00,-18.50,30.81
120.25,-18.50,30.16
120.50,-18.50,29.86
120.75,-18.50,30.81
121.00,-18.50,33.36
121.25,-18.50,34.90
121.50,-18.50,35.53
121.75,-18.50,35.92
122.00,-18.50,36.19
122.25,-18.50,36.47
122.50,-18.50,36.72
122.75,-18.50,36.72
123.00,-18.50,36.33
123.25,-18.50,35.87
123.50,-18.50,35.96
123.75,-18.50,36.35
124.00,-18.50,36.51
124.25,-18.50,36.14
124.50,-18.50,35.76
124.75,-18.50,35.92
125.00,-18.50,37.29
125.25,-18.50,39.61
125.50,-18.50,40.92
125.75,-18.50,41.00
126.00,-18.50,40.28
126.25,-18.50,39.41
126.50,-18.50,39.22
126.75,-18.50,39.41
127.00,-18.50,39.61
127.25,-18.50,39.81
127.50,-18.50,40.28
127.75,-18.50,41.25
128.00,-18.50,41.76
128.25,-18.50,41.57
128.50,-18.50,41.07
128.75,-18.50,40.55
129.00,-18.50,40.26
129.25,-18.50,40.12
129.50,-18.50,40.03
129.75,-18.50,39.95
130.00,-18.50,39.86
130.25,-18.50,39.73
130.50,-18.50,39.54
130.75,-18.50,39.33
131.00,-18.50,39.05
131.25,-18.50,38.64
131.50,-18.50,37.96
131.75,-18.50,38.05
132.00,-18.50,38.09
132.25,-18.50,38.36
132.50,-18.50,38.94
132.75,-18.50,40.00
133.00,-18.50,41.31
133.25,-18.50,42.53
133.50,-18.50,43.60
133.75,-18.50,44.42
134.00,-18.50,45.01
134.25,-18.50,45.51
134.50,-18.50,46.04
134.75,-18.50,46.79
135.00,-18.50,47.97
135.25,-18.50,48.95
135.50,-18.50,48.52
135.75,-18.50,47.47
136.00,-18.50,46.17
136.25,-18.50,45.38
136.50,-18.50,44.73
136.75,-18.50,43.37
137.00,-18.50,42.47
137.25,-18.50,42.47
137.50,-18.50,43.10
137.75,-18.50,43.88
138.00,-18.50,44.29
138.25,-18.50,43.56
138.50,-18.50,41.56
138.75,-18.50,40.73
139.00,-18.50,39.88
139.25,-18.50,38.16
139.50,-18.50,36.79
139.75,-18.50,35.88
140.00,-18.50,35.05
140.25,-18.50,34.06
140.50,-18.50,32.91
140.75,-18.50,32.03
141.00,-18.50,32.17
141.25,-18.50,33.45
141.50,-18.50,35.08
141.75,-18.50,36.05
142.00,-18.50,36.48
142.25,-18.50,37.23
142.50,-18.50,37.31
142.75,-18.50,37.22
143.00,-18.50,37.76
143.25,-18.50,38.51
143.50,-18.50,38.45
143.75,-18.50,38.05
144.00,-18.50,37.64
144.25,-18.50,37.44
144.50,-18.50,37.22
144.75,-18.50,36.91
145.00,-18.50,36.09
145.25,-18.50,35.02
145.50,-18.50,34.20
145.75,-18.50,33.70
146.00,-18.50,33.17
146.25,-18.50,32.38
146.50,-18.50,31.32
146.75,-18.50,30.25
147.00,-18.50,29.56
147.25,-18.50,29.34
147.50,-18.50,29.09
147.75,-18.50,28.55
148.00,-18.50,27.80
148.25,-18.50,27.10
148.50,-18.50,26.62
148.75,-18.50,26.40
149.00,-18.50,26.29
149.25,-18.50,26.18
149.50,-18.50,26.01
149.75,-18.50,25.77
150.00,-18.50,25.45
150.25,-18.50,25.07
150.50,-18.50,24.69
150.75,-18.50,24.38
151.00,-18.50,24.15
151.25,-18.50,24.02
151.50,-18.50,24.01
151.75,-18.50,24.12
152.00,-18.50,24.10
152.25,-18.50,23.67
152.50,-18.50,23.07
152.75,-18.50,22.48
153.00,-18.50,21.92
153.25,-18.50,21.33
153.50,-18.50,20.60
153.75,-18.50,19.63
154.00,-18.50,18.96
154.25,-18.50,19.15
154.50,-18.50,19.81
154.75,-18.50,20.54
155.00,-18.50,21.05
155.25,-18.50,21.13
155.50,-18.50,21.13
155.75,-18.50,21.40
110.25,-18.25,16.45
110.50,-18.25,17.18
110.75,-18.25,17.51
111.00,-18.25,17.44
111.25,-18.25,17.34
111.50,-18.25,17.41
111.75,-18.25,17.55
112.00,-18.25,17.67
112.25,-18.25,18.12
112.50,-18.25,19.30
112.75,-18.25,20.88
113.00,-18.25,21.89
113.25,-18.25,22.40
113.50,-18.25,22.74
113.75,-18.25,22.97
114.00,-18.25,23.15
114.25,-18.25,23.34
114.50,-18.25,23.59
114.75,-18.25,23.93
115.00,-18.25,24.35
115.25,-18.25,24.72
115.50,-18.25,24.80
115.75,-18.25,24.73
116.00,-18.25,24.55
116.25,-18.25,24.06
116.50,-18.25,23.37
116.75,-18.25,23.57
117.00,-18.25,25.02
117.25,-18.25,27.42
117.50,-18.25,30.27
117.75,-18.25,32.84
118.00,-18.25,34.67
118.25,-18.25,35.79
118.50,-18.25,36.23
118.75,-18.25,36.12
119.00,-18.25,35.57
119.25,-18.25,34.71
119.50,-18.25,33.70
119.75,-18.25,32.69
120.00,-18.25,31.75
120.25,-18.25,30.95
120.50,-18.25,30.36
120.75,-18.25,30.44
121.00,-18.25,32.50
121.25,-18.25,34.88
121.50,-18.25,35.93
121.75,-18.25,36.36
122.00,-18.25,36.57
122.25,-18.25,36.77
122.50,-18.25,37.00
122.75,-18.25,37.26
123.00,-18.25,37.17
123.25,-18.25,36.48
123.50,-18.25,36.08
123.75,-18.25,35.73
124.00,-18.25,36.24
124.25,-18.25,36.38
124.50,-18.25,36.16
124.75,-18.25,36.37
125.00,-18.25,37.73
125.25,-18.25,40.09
125.50,-18.25,41.55
125.75,-18.25,41.86
126.00,-18.25,41.46
126.25,-18.25,40.42
126.50,-18.25,39.62
126.75,-18.25,39.57
127.00,-18.25,39.75
127.25,-18.25,40.05
127.50,-18.25,40.67
127.75,-18.25,41.56
128.00,-18.25,41.81
128.25,-18.25,41.32
128.50,-18.25,40.73
128.75,-18.25,40.34
129.00,-18.25,40.16
129.25,-18.25,40.06
129.50,-18.25,40.00
129.75,-18.25,39.95
130.00,-18.25,39.89
130.25,-18.25,39.80
130.50,-18.25,39.63
130.75,-18.25,39.38
131.00,-18.25,39.09
131.25,-18.25,38.90
131.50,-18.25,38.84
131.75,-18.25,38.88
132.00,-18.25,39.03
132.25,-18.25,39.28
132.50,-18.25,39.66
132.75,-18.25,40.34
133.00,-18.25,41.51
133.25,-18.25,42.84
133.50,-18.25,43.82
133.75,-18.25,44.37
134.00,-18.25,44.65
134.25,-18.25,44.87
134.50,-18.25,45.44
134.75,-18.25,46.90
135.00,-18.25,49.04
135.25,-18.25,50.02
135.50,-18.25,48.28
135.75,-18.25,47.08
136.00,-18.25,46.45
136.25,-18.25,45.72
136.50,-18.25,44.26
136.75,-18.25,42.57
137.00,-18.25,41.69
137.25,-18.25,41.00
137.50,-18.25,40.74
137.75,-18.25,41.63
138.00,-18.25,42.58
138.25,-18.25,42.88
138.50,-18.25,42.18
138.75,-18.25,41.38
139.00,-18.25,39.74
139.25,-18.25,36.80
139.50,-18.25,34.77
139.75,-18.25,33.92
140.00,-18.25,33.45
140.25,-18.25,32.84
140.50,-18.25,31.97
140.75,-18.25,31.20
141.00,-18.25,31.37
141.25,-18.25,32.94
141.50,-18.25,35.14
141.75,-18.25,36.53
142.00,-18.25,36.74
142.25,-18.25,36.74
142.50,-18.25,36.98
142.75,-18.25,37.14
143.00,-18.25,37.64
143.25,-18.25,38.51
143.50,-18.25,38.57
143.75,-18.25,38.17
144.00,-18.25,37.87
144.25,-18.25,37.70
144.50,-18.25,37.31
144.75,-18.25,35.97
145.00,-18.25,34.71
145.25,-18.25,34.22
145.50,-18.25,33.86
145.75,-18.25,33.48
146.00,-18.25,32.90
146.25,-18.25,31.95
146.50,-18.25,30.66
146.75,-18.25,29.33
147.00,-18.25,28.29
147.25,-18.25,27.66
147.50,-18.25,27.21
147.75,-18.25,26.77
148.00,-18.25,26.34
148.25,-18.25,26.00
148.50,-18.25,25.79
148.75,-18.25,25.77
149.00,-18.25,25.84
149.25,-18.25,25.93
149.50,-18.25,25.98
149.75,-18.25,25.94
150.00,-18.25,25.80
150.25,-18.25,25.55
150.50,-18.25,25.24
150.75,-18.25,24.89
151.00,-18.25,24.56
151.25,-18.25,24.31
151.50,-18.25,24.14
151.75,-18.25,24.04
152.00,-18.25,23.84
152.25,-18.25,23.37
152.50,-18.25,22.78
152.75,-18.25,22.18
153.00,-18.25,21.51
153.25,-18.25,20.64
153.50,-18.25,19.76
153.75,-18.25,19.11
154.00,-18.25,18.87
154.25,-18.25,19.25
154.50,-18.25,20.01
154.75,-18.25,20.89
155.00,-18.25,21.63
155.25,-18.25,21.96
155.50,-18.25,22.12
155.75,-18.25,22.24
110.25,-18.00,16.12
110.50,-18.00,16.89
110.75,-18.00,17.05
111.00,-18.00,16.96
111.25,-18.00,16.79
111.50,-18.00,16.86
111.75,-18.00,16.95
112.00,-18.00,17.00
112.25,-18.00,17.23
112.50,-18.00,18.08
112.75,-18.00,19.91
113.00,-18.00,21.54
113.25,-18.00,22.25
113.50,-18.00,22.71
113.75,-18.00,22.83
114.00,-18.00,23.13
114.25,-18.00,23.04
114.50,-18.00,23.12
114.75,-18.00,23.26
115.00,-18.00,23.49
115.25,-18.00,23.77
115.50,-18.00,23.92
115.75,-18.00,23.78
116.00,-18.00,24.29
116.25,-18.00,22.52
116.50,-18.00,22.40
116.75,-18.00,23.50
117.00,-18.00,25.78
117.25,-18.00,28.75
117.50,-18.00,31.58
117.75,-18.00,33.75
118.00,-18.00,35.22
118.25,-18.00,36.22
118.50,-18.00,36.99
118.75,-18.00,36.88
119.00,-18.00,36.57
119.25,-18.00,35.86
119.50,-18.00,35.12
119.75,-18.00,33.74
120.00,-18.00,32.66
120.25,-18.00,31.70
120.50,-18.00,30.90
120.75,-18.00,30.47
121.00,-18.00,31.61
121.25,-18.00,34.44
121.50,-18.00,36.27
121.75,-18.00,36.48
122.00,-18.00,36.70
122.25,-18.00,36.91
122.50,-18.00,37.17
122.75,-18.00,37.36
123.00,-18.00,37.24
123.25,-18.00,36.27
123.50,-18.00,35.06
123.75,-18.00,34.51
124.00,-18.00,35.06
124.25,-18.00,35.58
124.50,-18.00,35.88
124.75,-18.00,36.36
125.00,-18.00,37.51
125.25,-18.00,39.49
125.50,-18.00,41.08
125.75,-18.00,41.59
126.00,-18.00,41.39
126.25,-18.00,40.68
126.50,-18.00,39.88
126.75,-18.00,39.87
127.00,-18.00,40.42
127.25,-18.00,41.31
127.50,-18.00,42.26
127.75,-18.00,42.84
128.00,-18.00,42.45
128.25,-18.00,41.49
128.50,-18.00,40.72
128.75,-18.00,40.34
129.00,-18.00,40.10
129.25,-18.00,40.06
129.50,-18.00,40.01
129.75,-18.00,39.96
130.00,-18.00,39.95
130.25,-18.00,39.81
130.50,-18.00,39.79
130.75,-18.00,39.39
131.00,-18.00,39.30
131.25,-18.00,39.01
131.50,-18.00,39.01
131.75,-18.00,39.02
132.00,-18.00,39.12
132.25,-18.00,39.35
132.50,-18.00,39.93
132.75,-18.00,40.30
133.00,-18.00,41.72
133.25,-18.00,42.09
133.50,-18.00,42.80
133.75,-18.00,42.89
134.00,-18.00,42.98
134.25,-18.00,43.23
134.50,-18.00,44.34
134.75,-18.00,46.40
135.00,-18.00,48.60
135.25,-18.00,49.73
135.50,-18.00,48.24
135.75,-18.00,47.31
136.00,-18.00,46.92
136.25,-18.00,45.31
136.50,-18.00,43.46
136.75,-18.00,42.02
137.00,-18.00,41.38
137.25,-18.00,40.46
137.50,-18.00,39.87
137.75,-18.00,40.38
138.00,-18.00,41.17
138.25,-18.00,41.76
138.50,-18.00,41.99
138.75,-18.00,41.55
139.00,-18.00,39.90
139.25,-18.00,36.48
139.50,-18.00,33.83
139.75,-18.00,33.34
140.00,-18.00,33.14
140.25,-18.00,32.75
140.50,-18.00,31.96
140.75,-18.00,31.27
141.00,-18.00,31.33
141.25,-18.00,32.93
141.50,-18.00,35.51
141.75,-18.00,37.18
142.00,-18.00,37.56
142.25,-18.00,36.91
142.50,-18.00,36.96
142.75,-18.00,37.07
143.00,-18.00,37.30
143.25,-18.00,37.81
143.50,-18.00,37.63
143.75,-18.00,37.32
144.00,-18.00,37.37
144.25,-18.00,37.32
144.50,-18.00,36.90
144.75,-18.00,35.37
145.00,-18.00,33.97
145.25,-18.00,33.84
145.50,-18.00,33.66
145.75,-18.00,33.19
146.00,-18.00,32.85
146.25,-18.00,31.49
146.50,-18.00,30.62
146.75,-18.00,28.54
147.00,-18.00,27.31
147.25,-18.00,26.46
147.50,-18.00,25.88
147.75,-18.00,25.54
148.00,-18.00,25.35
148.25,-18.00,25.32
148.50,-18.00,25.75
148.75,-18.00,25.57
149.00,-18.00,26.06
149.25,-18.00,26.09
149.50,-18.00,26.38
149.75,-18.00,26.52
150.00,-18.00,26.58
150.25,-18.00,26.50
150.50,-18.00,26.24
150.75,-18.00,25.95
151.00,-18.00,25.82
151.25,-18.00,25.29
151.50,-18.00,25.35
151.75,-18.00,24.68
152.00,-18.00,24.28
152.25,-18.00,23.73
152.50,-18.00,23.28
152.75,-18.00,22.39
153.00,-18.00,21.52
153.25,-18.00,20.28
153.50,-18.00,19.21
153.75,-18.00,18.80
154.00,-18.00,18.88
154.25,-18.00,19.30
154.50,-18.00,19.95
154.75,-18.00,20.79
155.00,-18.00,21.17
155.25,-18.00,22.13
155.50,-18.00,22.49
155.75,-18.00,22.68
110.25,-17.75,15.69
110.50,-17.75,16.48
110.75,-17.75,16.58
111.00,-17.75,16.49
111.25,-17.75,16.50
111.50,-17.75,16.62
111.75,-17.75,16.74
112.00,-17.75,16.81
112.25,-17.75,16.99
112.50,-17.75,17.60
112.75,-17.75,19.14
113.00,-17.75,21.05
113.25,-17.75,21.98
113.50,-17.75,22.34
113.75,-17.75,22.55
114.00,-17.75,22.64
114.25,-17.75,22.61
114.50,-17.75,22.50
114.75,-17.75,22.41
115.00,-17.75,22.32
115.25,-17.75,22.22
115.50,-17.75,22.02
115.75,-17.75,21.64
116.00,-17.75,21.13
116.25,-17.75,21.02
116.50,-17.75,21.75
116.75,-17.75,23.57
117.00,-17.75,26.40
117.25,-17.75,29.52
117.50,-17.75,32.09
117.75,-17.75,33.92
118.00,-17.75,35.17
118.25,-17.75,36.09
118.50,-17.75,36.69
118.75,-17.75,36.98
119.00,-17.75,36.95
119.25,-17.75,36.51
119.50,-17.75,35.69
119.75,-17.75,34.61
120.00,-17.75,33.37
120.25,-17.75,32.13
120.50,-17.75,31.04
120.75,-17.75,30.27
121.00,-17.75,30.50
121.25,-17.75,32.99
121.50,-17.75,35.31
121.75,-17.75,36.19
122.00,-17.75,36.58
122.25,-17.75,36.98
122.50,-17.75,37.40
122.75,-17.75,37.41
123.00,-17.75,36.48
123.25,-17.75,34.84
123.50,-17.75,33.66
123.75,-17.75,33.38
124.00,-17.75,33.87
124.25,-17.75,34.45
124.50,-17.75,35.18
124.75,-17.75,35.99
125.00,-17.75,36.84
125.25,-17.75,37.98
125.50,-17.75,39.19
125.75,-17.75,39.79
126.00,-17.75,39.74
126.25,-17.75,39.36
126.50,-17.75,39.21
126.75,-17.75,40.30
127.00,-17.75,42.19
127.25,-17.75,43.27
127.50,-17.75,43.66
127.75,-17.75,43.67
128.00,-17.75,43.23
128.25,-17.75,42.15
128.50,-17.75,41.09
128.75,-17.75,40.52
129.00,-17.75,40.25
129.25,-17.75,40.13
129.50,-17.75,40.06
129.75,-17.75,40.01
130.00,-17.75,39.94
130.25,-17.75,39.85
130.50,-17.75,39.71
130.75,-17.75,39.49
131.00,-17.75,39.26
131.25,-17.75,39.15
131.50,-17.75,39.14
131.75,-17.75,39.20
132.00,-17.75,39.33
132.25,-17.75,39.68
132.50,-17.75,40.42
132.75,-17.75,41.47
133.00,-17.75,42.08
133.25,-17.75,41.94
133.50,-17.75,41.69
133.75,-17.75,41.66
134.00,-17.75,41.82
134.25,-17.75,42.58
134.50,-17.75,44.45
134.75,-17.75,46.10
135.00,-17.75,47.21
135.25,-17.75,47.99
135.50,-17.75,47.45
135.75,-17.75,46.54
136.00,-17.75,46.01
136.25,-17.75,44.34
136.50,-17.75,42.61
136.75,-17.75,41.61
137.00,-17.75,41.12
137.25,-17.75,40.32
137.50,-17.75,39.91
137.75,-17.75,40.09
138.00,-17.75,40.48
138.25,-17.75,40.91
138.50,-17.75,41.24
138.75,-17.75,41.21
139.00,-17.75,40.11
139.25,-17.75,36.99
139.50,-17.75,34.28
139.75,-17.75,33.62
140.00,-17.75,33.41
140.25,-17.75,33.01
140.50,-17.75,32.31
140.75,-17.75,31.61
141.00,-17.75,31.60
141.25,-17.75,33.01
141.50,-17.75,35.60
141.75,-17.75,37.54
142.00,-17.75,37.99
142.25,-17.75,37.30
142.50,-17.75,36.65
142.75,-17.75,36.67
143.00,-17.75,36.23
143.25,-17.75,35.10
143.50,-17.75,34.60
143.75,-17.75,34.96
144.00,-17.75,35.07
144.25,-17.75,35.20
144.50,-17.75,34.84
144.75,-17.75,33.85
145.00,-17.75,33.28
145.25,-17.75,33.30
145.50,-17.75,32.96
145.75,-17.75,32.31
146.00,-17.75,31.57
146.25,-17.75,30.64
146.50,-17.75,29.29
146.75,-17.75,27.72
147.00,-17.75,26.40
147.25,-17.75,25.53
147.50,-17.75,25.04
147.75,-17.75,24.91
148.00,-17.75,25.01
148.25,-17.75,25.25
148.50,-17.75,25.55
148.75,-17.75,25.85
149.00,-17.75,26.17
149.25,-17.75,26.55
149.50,-17.75,26.93
149.75,-17.75,27.26
150.00,-17.75,27.48
150.25,-17.75,27.54
150.50,-17.75,27.45
150.75,-17.75,27.22
151.00,-17.75,26.96
151.25,-17.75,26.75
151.50,-17.75,26.47
151.75,-17.75,25.99
152.00,-17.75,25.37
152.25,-17.75,24.65
152.50,-17.75,23.89
152.75,-17.75,23.08
153.00,-17.75,22.03
153.25,-17.75,20.59
153.50,-17.75,19.38
153.75,-17.75,19.08
154.00,-17.75,19.27
154.25,-17.75,19.59
154.50,-17.75,19.99
154.75,-17.75,20.53
155.00,-17.75,21.08
155.25,-17.75,21.59
155.50,-17.75,22.09
155.75,-17.75,22.58
110.25,-17.50,15.16
110.50,-17.50,15.75
110.75,-17.50,15.99
111.00,-17.50,16.13
111.25,-17.50,16.33
111.50,-17.50,16.54
111.75,-17.50,16.66
112.00,-17.50,16.73
112.25,-17.50,16.93
112.50,-17.50,17.50
112.75,-17.50,18.79
113.00,-17.50,20.61
113.25,-17.50,21.63
113.50,-17.50,21.95
113.75,-17.50,22.09
114.00,-17.50,22.08
114.25,-17.50,21.89
114.50,-17.50,21.55
114.75,-17.50,21.16
115.00,-17.50,20.73
115.25,-17.50,20.28
115.50,-17.50,19.82
115.75,-17.50,19.47
116.00,-17.50,19.39
116.25,-17.50,19.87
116.50,-17.50,21.06
116.75,-17.50,23.20
117.00,-17.50,26.13
117.25,-17.50,29.11
117.50,-17.50,31.51
117.75,-17.50,33.27
118.00,-17.50,34.90
118.25,-17.50,35.52
118.50,-17.50,36.22
118.75,-17.50,36.63
119.00,-17.50,36.77
119.25,-17.50,36.60
119.50,-17.50,36.51
119.75,-17.50,35.02
120.00,-17.50,33.58
120.25,-17.50,31.99
120.50,-17.50,30.59
120.75,-17.50,29.66
121.00,-17.50,29.40
121.25,-17.50,30.77
121.50,-17.50,34.72
121.75,-17.50,35.47
122.00,-17.50,36.35
122.25,-17.50,37.06
122.50,-17.50,37.72
122.75,-17.50,37.79
123.00,-17.50,36.69
123.25,-17.50,35.03
123.50,-17.50,33.60
123.75,-17.50,32.66
124.00,-17.50,32.84
124.25,-17.50,33.70
124.50,-17.50,34.85
124.75,-17.50,35.88
125.00,-17.50,36.50
125.25,-17.50,36.87
125.50,-17.50,37.34
125.75,-17.50,37.79
126.00,-17.50,38.03
126.25,-17.50,38.19
126.50,-17.50,38.53
126.75,-17.50,40.43
127.00,-17.50,43.03
127.25,-17.50,43.78
127.50,-17.50,43.91
127.75,-17.50,43.86
128.00,-17.50,43.63
128.25,-17.50,43.08
128.50,-17.50,42.31
128.75,-17.50,41.50
129.00,-17.50,40.98
129.25,-17.50,40.61
129.50,-17.50,40.44
129.75,-17.50,40.26
130.00,-17.50,40.10
130.25,-17.50,39.96
130.50,-17.50,39.89
130.75,-17.50,39.72
131.00,-17.50,39.57
131.25,-17.50,39.51
131.50,-17.50,39.98
131.75,-17.50,39.76
132.00,-17.50,40.08
132.25,-17.50,40.83
132.50,-17.50,42.24
132.75,-17.50,43.54
133.00,-17.50,44.28
133.25,-17.50,42.86
133.50,-17.50,41.94
133.75,-17.50,41.69
134.00,-17.50,42.01
134.25,-17.50,43.13
134.50,-17.50,44.65
134.75,-17.50,45.95
135.00,-17.50,46.74
135.25,-17.50,46.98
135.50,-17.50,46.33
135.75,-17.50,45.46
136.00,-17.50,45.04
136.25,-17.50,43.52
136.50,-17.50,41.98
136.75,-17.50,41.31
137.00,-17.50,41.02
137.25,-17.50,40.57
137.50,-17.50,40.22
137.75,-17.50,40.11
138.00,-17.50,40.17
138.25,-17.50,40.32
138.50,-17.50,40.51
138.75,-17.50,40.49
139.00,-17.50,40.07
139.25,-17.50,37.33
139.50,-17.50,34.91
139.75,-17.50,34.05
140.00,-17.50,33.69
140.25,-17.50,33.24
140.50,-17.50,32.63
140.75,-17.50,32.53
141.00,-17.50,32.59
141.25,-17.50,33.15
141.50,-17.50,35.40
141.75,-17.50,37.16
142.00,-17.50,37.39
142.25,-17.50,36.33
142.50,-17.50,34.97
142.75,-17.50,34.37
143.00,-17.50,33.93
143.25,-17.50,33.67
143.50,-17.50,33.52
143.75,-17.50,33.29
144.00,-17.50,33.04
144.25,-17.50,33.13
144.50,-17.50,33.17
144.75,-17.50,32.75
145.00,-17.50,32.44
145.25,-17.50,32.41
145.50,-17.50,31.79
145.75,-17.50,30.81
146.00,-17.50,30.14
146.25,-17.50,29.51
146.50,-17.50,28.48
146.75,-17.50,26.95
147.00,-17.50,25.56
147.25,-17.50,24.80
147.50,-17.50,24.51
147.75,-17.50,24.65
148.00,-17.50,25.00
148.25,-17.50,25.44
148.50,-17.50,25.88
148.75,-17.50,26.25
149.00,-17.50,26.61
149.25,-17.50,27.03
149.50,-17.50,27.31
149.75,-17.50,27.88
150.00,-17.50,28.20
150.25,-17.50,28.33
150.50,-17.50,28.32
150.75,-17.50,28.19
151.00,-17.50,28.06
151.25,-17.50,27.96
151.50,-17.50,27.75
151.75,-17.50,27.24
152.00,-17.50,26.24
152.25,-17.50,25.68
152.50,-17.50,24.78
152.75,-17.50,23.86
153.00,-17.50,22.69
153.25,-17.50,21.11
153.50,-17.50,19.80
153.75,-17.50,19.45
154.00,-17.50,19.59
154.25,-17.50,19.77
154.50,-17.50,19.95
154.75,-17.50,20.19
155.00,-17.50,20.77
155.25,-17.50,20.96
155.50,-17.50,22.16
155.75,-17.50,22.28
110.25,-17.25,14.78
110.50,-17.25,15.19
110.75,-17.25,15.57
111.00,-17.25,15.92
111.25,-17.25,16.30
111.50,-17.25,16.61
111.75,-17.25,16.73
112.00,-17.25,16.74
112.25,-17.25,16.91
112.50,-17.25,17.52
112.75,-17.25,18.76
113.00,-17.25,20.36
113.25,-17.25,21.21
113.50,-17.25,21.42
113.75,-17.25,21.42
114.00,-17.25,21.22
114.25,-17.25,20.78
114.50,-17.25,20.14
114.75,-17.25,19.46
115.00,-17.25,18.83
115.25,-17.25,18.29
115.50,-17.25,17.88
115.75,-17.25,17.70
116.00,-17.25,17.88
116.25,-17.25,18.59
116.50,-17.25,19.87
116.75,-17.25,21.95
117.00,-17.25,24.64
117.25,-17.25,27.40
117.50,-17.25,29.79
117.75,-17.25,31.75
118.00,-17.25,33.30
118.25,-17.25,34.52
118.50,-17.25,35.40
118.75,-17.25,35.95
119.00,-17.25,36.22
119.25,-17.25,36.21
119.50,-17.25,35.80
119.75,-17.25,34.78
120.00,-17.25,33.08
120.25,-17.25,31.16
120.50,-17.25,29.62
120.75,-17.25,28.76
121.00,-17.25,28.47
121.25,-17.25,28.95
121.50,-17.25,31.06
121.75,-17.25,33.86
122.00,-17.25,35.71
122.25,-17.25,36.97
122.50,-17.25,37.85
122.75,-17.25,38.05
123.00,-17.25,37.32
123.25,-17.25,35.91
123.50,-17.25,33.92
123.75,-17.25,32.55
124.00,-17.25,32.63
124.25,-17.25,33.58
124.50,-17.25,34.90
124.75,-17.25,36.10
125.00,-17.25,36.58
125.25,-17.25,36.53
125.50,-17.25,36.71
125.75,-17.25,37.06
126.00,-17.25,37.42
126.25,-17.25,37.73
126.50,-17.25,38.23
126.75,-17.25,40.33
127.00,-17.25,43.09
127.25,-17.25,43.79
127.50,-17.25,43.89
127.75,-17.25,43.86
128.00,-17.25,43.82
128.25,-17.25,43.91
128.50,-17.25,43.80
128.75,-17.25,43.24
129.00,-17.25,42.42
129.25,-17.25,41.89
129.50,-17.25,41.55
129.75,-17.25,41.11
130.00,-17.25,40.54
130.25,-17.25,40.19
130.50,-17.25,40.14
130.75,-17.25,40.17
131.00,-17.25,40.21
131.25,-17.25,40.31
131.50,-17.25,40.55
131.75,-17.25,40.91
132.00,-17.25,41.40
132.25,-17.25,42.33
132.50,-17.25,43.68
132.75,-17.25,44.51
133.00,-17.25,44.39
133.25,-17.25,43.57
133.50,-17.25,42.63
133.75,-17.25,42.14
134.00,-17.25,42.07
134.25,-17.25,42.95
134.50,-17.25,44.38
134.75,-17.25,46.06
135.00,-17.25,47.29
135.25,-17.25,47.47
135.50,-17.25,46.91
135.75,-17.25,46.07
136.00,-17.25,45.12
136.25,-17.25,43.48
136.50,-17.25,41.84
136.75,-17.25,40.99
137.00,-17.25,40.76
137.25,-17.25,40.64
137.50,-17.25,40.50
137.75,-17.25,40.20
138.00,-17.25,40.00
138.25,-17.25,39.94
138.50,-17.25,39.88
138.75,-17.25,39.61
139.00,-17.25,38.71
139.25,-17.25,36.96
139.50,-17.25,35.21
139.75,-17.25,34.29
140.00,-17.25,33.81
140.25,-17.25,33.34
140.50,-17.25,32.92
140.75,-17.25,33.20
141.00,-17.25,33.27
141.25,-17.25,33.35
141.50,-17.25,34.75
141.75,-17.25,35.76
142.00,-17.25,35.51
142.25,-17.25,34.46
142.50,-17.25,33.54
142.75,-17.25,33.13
143.00,-17.25,33.02
143.25,-17.25,33.04
143.50,-17.25,33.03
143.75,-17.25,32.85
144.00,-17.25,32.60
144.25,-17.25,32.50
144.50,-17.25,32.46
144.75,-17.25,32.24
145.00,-17.25,32.14
145.25,-17.25,32.20
145.50,-17.25,31.50
145.75,-17.25,29.79
146.00,-17.25,29.14
146.25,-17.25,28.74
146.50,-17.25,27.94
146.75,-17.25,26.40
147.00,-17.25,24.90
147.25,-17.25,24.33
147.50,-17.25,24.35
147.75,-17.25,24.69
148.00,-17.25,25.15
148.25,-17.25,25.64
148.50,-17.25,26.09
148.75,-17.25,26.48
149.00,-17.25,26.85
149.25,-17.25,27.28
149.50,-17.25,27.72
149.75,-17.25,28.14
150.00,-17.25,28.44
150.25,-17.25,28.50
150.50,-17.25,28.44
150.75,-17.25,28.33
151.00,-17.25,28.23
151.25,-17.25,28.17
151.50,-17.25,28.05
151.75,-17.25,27.74
152.00,-17.25,27.20
152.25,-17.25,26.39
152.50,-17.25,25.42
152.75,-17.25,24.34
153.00,-17.25,23.03
153.25,-17.25,21.38
153.50,-17.25,19.98
153.75,-17.25,19.46
154.00,-17.25,19.40
154.25,-17.25,19.44
154.50,-17.25,19.54
154.75,-17.25,19.78
155.00,-17.25,20.17
155.25,-17.25,20.77
155.50,-17.25,21.43
155.75,-17.25,21.99
110.25,-17.00,14.59
110.50,-17.00,14.91
110.75,-17.00,15.31
111.00,-17.00,15.81
111.25,-17.00,16.36
111.50,-17.00,16.76
111.75,-17.00,16.88
112.00,-17.00,16.89
112.25,-17.00,17.04
112.50,-17.00,17.69
112.75,-17.00,18.97
113.00,-17.00,20.17
113.25,-17.00,20.64
113.50,-17.00,20.63
113.75,-17.00,20.37
114.00,-17.00,19.87
114.25,-17.00,19.14
114.50,-17.00,18.28
114.75,-17.00,17.55
115.00,-17.00,16.98
115.25,-17.00,16.47
115.50,-17.00,15.91
115.75,-17.00,15.62
116.00,-17.00,15.91
116.25,-17.00,16.90
116.50,-17.00,18.34
116.75,-17.00,20.08
117.00,-17.00,22.04
117.25,-17.00,24.00
117.50,-17.00,26.10
117.75,-17.00,28.50
118.00,-17.00,30.90
118.25,-17.00,32.81
118.50,-17.00,34.11
118.75,-17.00,34.89
119.00,-17.00,35.29
119.25,-17.00,35.37
119.50,-17.00,34.98
119.75,-17.00,33.82
120.00,-17.00,31.86
120.25,-17.00,29.83
120.50,-17.00,28.48
120.75,-17.00,27.92
121.00,-17.00,27.84
121.25,-17.00,28.13
121.50,-17.00,29.09
121.75,-17.00,31.19
122.00,-17.00,33.76
122.25,-17.00,35.88
122.50,-17.00,37.21
122.75,-17.00,37.56
123.00,-17.00,36.92
123.25,-17.00,35.50
123.50,-17.00,33.82
123.75,-17.00,32.82
124.00,-17.00,32.92
124.25,-17.00,33.88
124.50,-17.00,35.17
124.75,-17.00,36.15
125.00,-17.00,36.48
125.25,-17.00,36.44
125.50,-17.00,36.59
125.75,-17.00,36.90
126.00,-17.00,37.23
126.25,-17.00,37.54
126.50,-17.00,38.01
126.75,-17.00,39.85
127.00,-17.00,42.55
127.25,-17.00,43.45
127.50,-17.00,43.59
127.75,-17.00,43.53
128.00,-17.00,43.73
128.25,-17.00,44.19
128.50,-17.00,44.35
128.75,-17.00,44.03
129.00,-17.00,43.29
129.25,-17.00,42.69
129.50,-17.00,42.39
129.75,-17.00,42.01
130.00,-17.00,41.28
130.25,-17.00,40.52
130.50,-17.00,40.39
130.75,-17.00,40.63
131.00,-17.00,40.96
131.25,-17.00,41.33
131.50,-17.00,41.76
131.75,-17.00,42.17
132.00,-17.00,42.54
132.25,-17.00,43.08
132.50,-17.00,43.83
132.75,-17.00,44.24
133.00,-17.00,44.09
133.25,-17.00,43.61
133.50,-17.00,43.23
133.75,-17.00,43.12
134.00,-17.00,42.97
134.25,-17.00,43.93
134.50,-17.00,45.82
134.75,-17.00,47.69
135.00,-17.00,48.68
135.25,-17.00,48.54
135.50,-17.00,47.66
135.75,-17.00,46.73
136.00,-17.00,45.75
136.25,-17.00,44.21
136.50,-17.00,42.27
136.75,-17.00,40.98
137.00,-17.00,40.50
137.25,-17.00,40.44
137.50,-17.00,40.39
137.75,-17.00,40.10
138.00,-17.00,39.82
138.25,-17.00,39.63
138.50,-17.00,39.34
138.75,-17.00,38.75
139.00,-17.00,37.64
139.25,-17.00,36.13
139.50,-17.00,34.77
139.75,-17.00,33.92
140.00,-17.00,33.40
140.25,-17.00,33.00
140.50,-17.00,32.75
140.75,-17.00,32.97
141.00,-17.00,33.20
141.25,-17.00,33.73
141.50,-17.00,34.32
141.75,-17.00,34.27
142.00,-17.00,33.80
142.25,-17.00,33.20
142.50,-17.00,32.71
142.75,-17.00,32.47
143.00,-17.00,32.42
143.25,-17.00,32.49
143.50,-17.00,32.59
143.75,-17.00,32.56
144.00,-17.00,32.43
144.25,-17.00,32.33
144.50,-17.00,32.27
144.75,-17.00,32.14
145.00,-17.00,32.06
145.25,-17.00,32.09
145.50,-17.00,31.15
145.75,-17.00,29.24
146.00,-17.00,28.67
146.25,-17.00,28.35
146.50,-17.00,27.58
146.75,-17.00,25.96
147.00,-17.00,24.40
147.25,-17.00,24.08
147.50,-17.00,24.41
147.75,-17.00,24.89
148.00,-17.00,25.37
148.25,-17.00,25.80
148.50,-17.00,26.20
148.75,-17.00,26.57
149.00,-17.00,26.95
149.25,-17.00,27.39
149.50,-17.00,27.84
149.75,-17.00,28.23
150.00,-17.00,28.46
150.25,-17.00,28.40
150.50,-17.00,28.23
150.75,-17.00,28.07
151.00,-17.00,27.95
151.25,-17.00,27.88
151.50,-17.00,27.82
151.75,-17.00,27.72
152.00,-17.00,27.42
152.25,-17.00,26.69
152.50,-17.00,25.66
152.75,-17.00,24.38
153.00,-17.00,22.90
153.25,-17.00,21.24
153.50,-17.00,19.86
153.75,-17.00,19.21
154.00,-17.00,18.97
154.25,-17.00,18.89
154.50,-17.00,18.94
154.75,-17.00,19.21
155.00,-17.00,19.72
155.25,-17.00,20.49
155.50,-17.00,21.17
155.75,-17.00,21.43
110.25,-16.75,14.34
110.50,-16.75,14.61
110.75,-16.75,15.04
111.00,-16.75,15.64
111.25,-16.75,16.35
111.50,-16.75,16.86
111.75,-16.75,17.04
112.00,-16.75,17.18
112.25,-16.75,17.48
112.50,-16.75,18.07
112.75,-16.75,19.02
113.00,-16.75,19.70
113.25,-16.75,19.77
113.50,-16.75,19.46
113.75,-16.75,18.87
114.00,-16.75,18.06
114.25,-16.75,17.18
114.50,-16.75,16.37
114.75,-16.75,15.79
115.00,-16.75,15.38
115.25,-16.75,14.83
115.50,-16.75,14.31
115.75,-16.75,14.15
116.00,-16.75,14.33
116.25,-16.75,15.10
116.50,-16.75,16.70
116.75,-16.75,17.86
117.00,-16.75,18.16
117.25,-16.75,18.26
117.50,-16.75,19.07
117.75,-16.75,21.29
118.00,-16.75,25.21
118.25,-16.75,29.37
118.50,-16.75,31.93
118.75,-16.75,33.22
119.00,-16.75,33.87
119.25,-16.75,34.06
119.50,-16.75,33.60
119.75,-16.75,32.29
120.00,-16.75,30.32
120.25,-16.75,28.58
120.50,-16.75,27.64
120.75,-16.75,27.47
121.00,-16.75,27.73
121.25,-16.75,28.24
121.50,-16.75,29.02
121.75,-16.75,30.18
122.00,-16.75,31.77
122.25,-16.75,33.58
122.50,-16.75,35.09
122.75,-16.75,35.85
123.00,-16.75,35.61
123.25,-16.75,34.50
123.50,-16.75,33.28
123.75,-16.75,32.74
124.00,-16.75,33.13
124.25,-16.75,34.40
124.50,-16.75,35.70
124.75,-16.75,36.34
125.00,-16.75,36.49
125.25,-16.75,36.50
125.50,-16.75,36.64
125.75,-16.75,36.92
126.00,-16.75,37.21
126.25,-16.75,37.46
126.50,-16.75,37.76
126.75,-16.75,38.63
127.00,-16.75,40.28
127.25,-16.75,41.47
127.50,-16.75,41.70
127.75,-16.75,41.66
128.00,-16.75,42.56
128.25,-16.75,43.67
128.50,-16.75,44.18
128.75,-16.75,44.05
129.00,-16.75,43.33
129.25,-16.75,42.71
129.50,-16.75,42.46
129.75,-16.75,42.21
130.00,-16.75,41.57
130.25,-16.75,40.54
130.50,-16.75,40.16
130.75,-16.75,40.64
131.00,-16.75,41.44
131.25,-16.75,42.21
131.50,-16.75,42.75
131.75,-16.75,43.04
132.00,-16.75,43.12
132.25,-16.75,43.08
132.50,-16.75,43.10
132.75,-16.75,43.23
133.00,-16.75,43.24
133.25,-16.75,43.27
133.50,-16.75,43.71
133.75,-16.75,44.70
134.00,-16.75,45.71
134.25,-16.75,46.94
134.50,-16.75,48.22
134.75,-16.75,49.16
135.00,-16.75,49.82
135.25,-16.75,49.70
135.50,-16.75,48.69
135.75,-16.75,47.60
136.00,-16.75,46.54
136.25,-16.75,44.93
136.50,-16.75,42.73
136.75,-16.75,41.11
137.00,-16.75,40.39
137.25,-16.75,40.11
137.50,-16.75,39.95
137.75,-16.75,39.74
138.00,-16.75,39.48
138.25,-16.75,39.16
138.50,-16.75,38.62
138.75,-16.75,37.74
139.00,-16.75,36.48
139.25,-16.75,35.08
139.50,-16.75,33.93
139.75,-16.75,33.12
140.00,-16.75,32.59
140.25,-16.75,32.29
140.50,-16.75,32.21
140.75,-16.75,32.45
141.00,-16.75,33.29
141.25,-16.75,34.56
141.50,-16.75,34.79
141.75,-16.75,34.42
142.00,-16.75,33.38
142.25,-16.75,32.87
142.50,-16.75,32.54
142.75,-16.75,32.36
143.00,-16.75,32.28
143.25,-16.75,32.28
143.50,-16.75,32.32
143.75,-16.75,32.34
144.00,-16.75,32.29
144.25,-16.75,32.24
144.50,-16.75,32.18
144.75,-16.75,31.98
145.00,-16.75,31.41
145.25,-16.75,30.79
145.50,-16.75,29.62
145.75,-16.75,28.73
146.00,-16.75,28.42
146.25,-16.75,28.05
146.50,-16.75,27.15
146.75,-16.75,25.42
147.00,-16.75,24.02
147.25,-16.75,24.04
147.50,-16.75,24.63
147.75,-16.75,25.18
148.00,-16.75,25.60
148.25,-16.75,25.91
148.50,-16.75,26.19
148.75,-16.75,26.52
149.00,-16.75,26.94
149.25,-16.75,27.43
149.50,-16.75,27.91
149.75,-16.75,28.28
150.00,-16.75,28.42
150.25,-16.75,28.22
150.50,-16.75,27.90
150.75,-16.75,27.64
151.00,-16.75,27.46
151.25,-16.75,27.36
151.50,-16.75,27.31
151.75,-16.75,27.28
152.00,-16.75,27.04
152.25,-16.75,26.34
152.50,-16.75,25.21
152.75,-16.75,23.65
153.00,-16.75,21.95
153.25,-16.75,20.40
153.50,-16.75,19.23
153.75,-16.75,18.70
154.00,-16.75,18.48
154.25,-16.75,18.33
154.50,-16.75,18.26
154.75,-16.75,18.39
155.00,-16.75,18.79
155.25,-16.75,19.54
155.50,-16.75,20.17
155.75,-16.75,20.23
110.25,-16.50,14.06
110.50,-16.50,14.20
110.75,-16.50,14.61
111.00,-16.50,15.29
111.25,-16.50,16.17
111.50,-16.50,16.95
111.75,-16.50,17.35
112.00,-16.50,17.67
112.25,-16.50,18.02
112.50,-16.50,18.36
112.75,-16.50,18.70
113.00,-16.50,18.83
113.25,-16.50,18.55
113.50,-16.50,17.95
113.75,-16.50,17.13
114.00,-16.50,16.22
114.25,-16.50,15.36
114.50,-16.50,14.57
114.75,-16.50,14.11
115.00,-16.50,13.96
115.25,-16.50,13.88
115.50,-16.50,13.78
115.75,-16.50,13.77
116.00,-16.50,13.86
116.25,-16.50,14.25
116.50,-16.50,15.39
116.75,-16.50,15.75
117.00,-16.50,15.11
117.25,-16.50,14.75
117.50,-16.50,14.88
117.75,-16.50,15.68
118.00,-16.50,18.01
118.25,-16.50,23.04
118.50,-16.50,28.21
118.75,-16.50,30.72
119.00,-16.50,31.77
119.25,-16.50,32.06
119.50,-16.50,31.54
119.75,-16.50,30.23
120.00,-16.50,28.67
120.25,-16.50,27.54
120.50,-16.50,27.08
120.75,-16.50,27.26
121.00,-16.50,27.81
121.25,-16.50,28.63
121.50,-16.50,29.80
121.75,-16.50,30.84
122.00,-16.50,32.11
122.25,-16.50,33.28
122.50,-16.50,34.18
122.75,-16.50,34.74
123.00,-16.50,35.30
123.25,-16.50,34.35
123.50,-16.50,33.56
123.75,-16.50,33.17
124.00,-16.50,33.73
124.25,-16.50,35.19
124.50,-16.50,36.33
124.75,-16.50,36.71
125.00,-16.50,36.72
125.25,-16.50,36.66
125.50,-16.50,36.76
125.75,-16.50,37.02
126.00,-16.50,37.23
126.25,-16.50,37.42
126.50,-16.50,37.51
126.75,-16.50,37.75
127.00,-16.50,38.23
127.25,-16.50,38.59
127.50,-16.50,38.33
127.75,-16.50,38.35
128.00,-16.50,39.95
128.25,-16.50,41.97
128.50,-16.50,43.23
128.75,-16.50,43.41
129.00,-16.50,42.72
129.25,-16.50,42.13
129.50,-16.50,41.93
129.75,-16.50,41.74
130.00,-16.50,41.04
130.25,-16.50,39.74
130.50,-16.50,39.29
130.75,-16.50,39.97
131.00,-16.50,41.38
131.25,-16.50,42.66
131.50,-16.50,43.45
131.75,-16.50,43.45
132.00,-16.50,43.30
132.25,-16.50,42.79
132.50,-16.50,42.16
132.75,-16.50,41.90
133.00,-16.50,42.14
133.25,-16.50,42.84
133.50,-16.50,44.19
133.75,-16.50,45.98
134.00,-16.50,47.53
134.25,-16.50,48.66
134.50,-16.50,49.40
134.75,-16.50,49.83
135.00,-16.50,50.14
135.25,-16.50,50.34
135.50,-16.50,49.98
135.75,-16.50,49.30
136.00,-16.50,47.96
136.25,-16.50,45.57
136.50,-16.50,42.80
136.75,-16.50,41.05
137.00,-16.50,40.27
137.25,-16.50,39.89
137.50,-16.50,39.63
137.75,-16.50,39.35
138.00,-16.50,38.95
138.25,-16.50,38.38
138.50,-16.50,37.50
138.75,-16.50,36.31
139.00,-16.50,34.95
139.25,-16.50,33.77
139.50,-16.50,32.92
139.75,-16.50,32.28
140.00,-16.50,31.82
140.25,-16.50,31.63
140.50,-16.50,31.67
140.75,-16.50,31.98
141.00,-16.50,33.02
141.25,-16.50,34.55
141.50,-16.50,34.79
141.75,-16.50,34.43
142.00,-16.50,33.35
142.25,-16.50,32.93
142.50,-16.50,32.70
142.75,-16.50,32.57
143.00,-16.50,32.48
143.25,-16.50,32.41
143.50,-16.50,32.33
143.75,-16.50,32.23
144.00,-16.50,32.12
144.25,-16.50,32.02
144.50,-16.50,31.87
144.75,-16.50,31.47
145.00,-16.50,30.50
145.25,-16.50,29.44
145.50,-16.50,28.81
145.75,-16.50,28.45
146.00,-16.50,28.14
146.25,-16.50,27.57
146.50,-16.50,26.35
146.75,-16.50,24.64
147.00,-16.50,23.69
147.25,-16.50,24.06
147.50,-16.50,24.84
147.75,-16.50,25.42
148.00,-16.50,25.77
148.25,-16.50,25.96
148.50,-16.50,26.13
148.75,-16.50,26.43
149.00,-16.50,26.85
149.25,-16.50,27.39
149.50,-16.50,27.88
149.75,-16.50,28.14
150.00,-16.50,28.07
150.25,-16.50,27.62
150.50,-16.50,27.08
150.75,-16.50,26.66
151.00,-16.50,26.45
151.25,-16.50,26.42
151.50,-16.50,26.50
151.75,-16.50,26.55
152.00,-16.50,26.35
152.25,-16.50,25.61
152.50,-16.50,24.34
152.75,-16.50,22.47
153.00,-16.50,20.55
153.25,-16.50,19.11
153.50,-16.50,18.20
153.75,-16.50,17.91
154.00,-16.50,17.83
154.25,-16.50,17.69
154.50,-16.50,17.52
154.75,-16.50,17.46
155.00,-16.50,17.67
155.25,-16.50,18.29
155.50,-16.50,18.82
155.75,-16.50,18.80
110.25,-16.25,14.02
110.50,-16.25,13.96
110.75,-16.25,14.17
111.00,-16.25,14.81
111.25,-16.25,15.91
111.50,-16.25,17.16
111.75,-16.25,17.74
112.00,-16.25,18.01
112.25,-16.25,18.20
112.50,-16.25,18.30
112.75,-16.25,18.24
113.00,-16.25,17.75
113.25,-16.25,17.14
113.50,-16.25,16.52
113.75,-16.25,15.75
114.00,-16.25,14.87
114.25,-16.25,14.01
114.50,-16.25,13.58
114.75,-16.25,13.48
115.00,-16.25,13.46
115.25,-16.25,13.50
115.50,-16.25,13.60
115.75,-16.25,13.65
116.00,-16.25,13.72
116.25,-16.25,13.97
116.50,-16.25,14.68
116.75,-16.25,14.59
117.00,-16.25,14.06
117.25,-16.25,13.86
117.50,-16.25,13.87
117.75,-16.25,14.11
118.00,-16.25,14.90
118.25,-16.25,17.48
118.50,-16.25,22.90
118.75,-16.25,27.18
119.00,-16.25,28.83
119.25,-16.25,29.23
119.50,-16.25,28.75
119.75,-16.25,27.81
120.00,-16.25,27.04
120.25,-16.25,26.66
120.50,-16.25,26.68
120.75,-16.25,27.13
121.00,-16.25,27.84
121.25,-16.25,28.83
121.50,-16.25,30.04
121.75,-16.25,31.41
122.00,-16.25,32.77
122.25,-16.25,33.91
122.50,-16.25,34.69
122.75,-16.25,35.16
123.00,-16.25,35.33
123.25,-16.25,35.20
123.50,-16.25,34.82
123.75,-16.25,34.44
124.00,-16.25,34.54
124.25,-16.25,35.49
124.50,-16.25,36.43
124.75,-16.25,36.79
125.00,-16.25,36.80
125.25,-16.25,36.75
125.50,-16.25,36.88
125.75,-16.25,37.15
126.00,-16.25,37.33
126.25,-16.25,37.36
126.50,-16.25,37.38
126.75,-16.25,37.55
127.00,-16.25,37.85
127.25,-16.25,37.92
127.50,-16.25,37.24
127.75,-16.25,36.45
128.00,-16.25,37.17
128.25,-16.25,39.13
128.50,-16.25,41.04
128.75,-16.25,41.71
129.00,-16.25,41.31
129.25,-16.25,40.96
129.50,-16.25,40.88
129.75,-16.25,40.67
130.00,-16.25,39.73
130.25,-16.25,38.64
130.50,-16.25,38.48
130.75,-16.25,39.04
131.00,-16.25,40.65
131.25,-16.25,42.61
131.50,-16.25,43.46
131.75,-16.25,43.62
132.00,-16.25,43.38
132.25,-16.25,42.67
132.50,-16.25,41.70
132.75,-16.25,41.08
133.00,-16.25,41.30
133.25,-16.25,42.59
133.50,-16.25,44.82
133.75,-16.25,46.94
134.00,-16.25,48.32
134.25,-16.25,49.27
134.50,-16.25,49.80
134.75,-16.25,49.91
135.00,-16.25,50.02
135.25,-16.25,50.39
135.50,-16.25,50.60
135.75,-16.25,50.45
136.00,-16.25,49.63
136.25,-16.25,47.90
136.50,-16.25,43.63
136.75,-16.25,40.90
137.00,-16.25,40.09
137.25,-16.25,39.66
137.50,-16.25,39.31
137.75,-16.25,38.88
138.00,-16.25,38.23
138.25,-16.25,37.31
138.50,-16.25,35.99
138.75,-16.25,34.45
139.00,-16.25,33.09
139.25,-16.25,32.26
139.50,-16.25,31.83
139.75,-16.25,31.45
140.00,-16.25,31.15
140.25,-16.25,31.09
140.50,-16.25,31.19
140.75,-16.25,31.47
141.00,-16.25,32.06
141.25,-16.25,33.39
141.50,-16.25,34.03
141.75,-16.25,33.70
142.00,-16.25,33.35
142.25,-16.25,33.19
142.50,-16.25,33.08
142.75,-16.25,32.99
143.00,-16.25,32.90
143.25,-16.25,32.78
143.50,-16.25,32.60
143.75,-16.25,32.34
144.00,-16.25,32.04
144.25,-16.25,31.73
144.50,-16.25,31.38
144.75,-16.25,30.85
145.00,-16.25,30.03
145.25,-16.25,29.15
145.50,-16.25,28.54
145.75,-16.25,28.07
146.00,-16.25,27.52
146.25,-16.25,26.57
146.50,-16.25,25.10
146.75,-16.25,23.82
147.00,-16.25,23.45
147.25,-16.25,24.04
147.50,-16.25,24.88
147.75,-16.25,25.45
148.00,-16.25,25.79
148.25,-16.25,25.93
148.50,-16.25,26.06
148.75,-16.25,26.32
149.00,-16.25,26.72
149.25,-16.25,27.22
149.50,-16.25,27.58
149.75,-16.25,27.51
150.00,-16.25,26.99
150.25,-16.25,26.10
150.50,-16.25,25.25
150.75,-16.25,24.70
151.00,-16.25,24.52
151.25,-16.25,24.71
151.50,-16.25,25.12
151.75,-16.25,25.45
152.00,-16.25,25.39
152.25,-16.25,24.60
152.50,-16.25,23.13
152.75,-16.25,21.01
153.00,-16.25,18.91
153.25,-16.25,17.50
153.50,-16.25,16.75
153.75,-16.25,16.68
154.00,-16.25,16.83
154.25,-16.25,16.84
154.50,-16.25,16.74
154.75,-16.25,16.65
155.00,-16.25,16.73
155.25,-16.25,17.16
155.50,-16.25,17.55
155.75,-16.25,17.58
110.25,-16.00,14.10
110.50,-16.00,13.96
110.75,-16.00,13.98
111.00,-16.00,14.49
111.25,-16.00,15.61
111.50,-16.00,16.78
111.75,-16.00,17.42
112.00,-16.00,17.63
112.25,-16.00,17.67
112.50,-16.00,17.60
112.75,-16.00,17.05
113.00,-16.00,15.82
113.25,-16.00,15.26
113.50,-16.00,15.10
113.75,-16.00,14.74
114.00,-16.00,14.01
114.25,-16.00,13.57
114.50,-16.00,13.52
114.75,-16.00,13.50
115.00,-16.00,13.48
115.25,-16.00,13.46
115.50,-16.00,13.48
115.75,-16.00,13.56
116.00,-16.00,13.64
116.25,-16.00,13.87
116.50,-16.00,14.31
116.75,-16.00,14.16
117.00,-16.00,13.80
117.25,-16.00,13.66
117.50,-16.00,13.64
117.75,-16.00,13.71
118.00,-16.00,14.00
118.25,-16.00,15.08
118.50,-16.00,18.37
118.75,-16.00,22.97
119.00,-16.00,25.21
119.25,-16.00,25.75
119.50,-16.00,25.62
119.75,-16.00,25.46
120.00,-16.00,25.59
120.25,-16.00,25.90
120.50,-16.00,26.32
120.75,-16.00,26.90
121.00,-16.00,27.63
121.25,-16.00,28.59
121.50,-16.00,29.81
121.75,-16.00,31.24
122.00,-16.00,32.71
122.25,-16.00,33.96
122.50,-16.00,34.84
122.75,-16.00,35.40
123.00,-16.00,35.67
123.25,-16.00,35.68
123.50,-16.00,35.45
123.75,-16.00,35.10
124.00,-16.00,34.78
124.25,-16.00,34.87
124.50,-16.00,35.79
124.75,-16.00,35.83
125.00,-16.00,36.04
125.25,-16.00,36.24
125.50,-16.00,36.67
125.75,-16.00,37.12
126.00,-16.00,37.29
126.25,-16.00,37.31
126.50,-16.00,37.35
126.75,-16.00,37.54
127.00,-16.00,37.85
127.25,-16.00,37.91
127.50,-16.00,37.14
127.75,-16.00,35.85
128.00,-16.00,35.57
128.25,-16.00,36.62
128.50,-16.00,38.31
128.75,-16.00,39.37
129.00,-16.00,39.61
129.25,-16.00,39.71
129.50,-16.00,39.76
129.75,-16.00,39.46
130.00,-16.00,38.66
130.25,-16.00,38.15
130.50,-16.00,38.19
130.75,-16.00,38.57
131.00,-16.00,39.95
131.25,-16.00,42.35
131.50,-16.00,43.70
131.75,-16.00,43.75
132.00,-16.00,43.55
132.25,-16.00,42.89
132.50,-16.00,41.91
132.75,-16.00,41.15
133.00,-16.00,41.23
133.25,-16.00,42.76
133.50,-16.00,45.48
133.75,-16.00,47.43
134.00,-16.00,48.38
134.25,-16.00,49.11
134.50,-16.00,49.67
134.75,-16.00,49.76
135.00,-16.00,49.75
135.25,-16.00,50.01
135.50,-16.00,50.42
135.75,-16.00,49.71
136.00,-16.00,49.29
136.25,-16.00,48.32
136.50,-16.00,43.78
136.75,-16.00,40.65
137.00,-16.00,39.79
137.25,-16.00,39.28
137.50,-16.00,38.79
137.75,-16.00,38.13
138.00,-16.00,37.11
138.25,-16.00,35.73
138.50,-16.00,34.01
138.75,-16.00,32.39
139.00,-16.00,31.28
139.25,-16.00,30.88
139.50,-16.00,30.80
139.75,-16.00,30.67
140.00,-16.00,30.56
140.25,-16.00,30.61
140.50,-16.00,30.77
140.75,-16.00,31.01
141.00,-16.00,31.43
141.25,-16.00,32.12
141.50,-16.00,32.83
141.75,-16.00,33.27
142.00,-16.00,33.57
142.25,-16.00,33.71
142.50,-16.00,33.75
142.75,-16.00,33.74
143.00,-16.00,33.62
143.25,-16.00,33.41
143.50,-16.00,33.08
143.75,-16.00,32.60
144.00,-16.00,32.06
144.25,-16.00,31.53
144.50,-16.00,30.96
144.75,-16.00,30.28
145.00,-16.00,29.51
145.25,-16.00,28.71
145.50,-16.00,27.97
145.75,-16.00,27.17
146.00,-16.00,26.19
146.25,-16.00,25.00
146.50,-16.00,23.84
146.75,-16.00,23.26
147.00,-16.00,23.35
147.25,-16.00,24.03
147.50,-16.00,24.83
147.75,-16.00,25.40
148.00,-16.00,25.74
148.25,-16.00,25.90
148.50,-16.00,26.01
148.75,-16.00,26.21
149.00,-16.00,26.51
149.25,-16.00,26.85
149.50,-16.00,26.04
149.75,-16.00,26.24
150.00,-16.00,25.13
150.25,-16.00,23.87
150.50,-16.00,22.92
150.75,-16.00,22.38
151.00,-16.00,22.27
151.25,-16.00,22.57
151.50,-16.00,23.18
151.75,-16.00,23.78
152.00,-16.00,23.97
152.25,-16.00,23.29
152.50,-16.00,21.31
152.75,-16.00,19.47
153.00,-16.00,17.26
153.25,-16.00,15.90
153.50,-16.00,15.29
153.75,-16.00,15.41
154.00,-16.00,15.78
154.25,-16.00,16.05
154.50,-16.00,16.21
154.75,-16.00,16.30
155.00,-16.00,16.43
155.25,-16.00,16.74
155.50,-16.00,17.00
155.75,-16.00,17.00
110.25,-15.75,14.16
110.50,-15.75,14.03
110.75,-15.75,14.16
111.00,-15.75,14.99
111.25,-15.75,15.45
111.50,-15.75,15.72
111.75,-15.75,16.10
112.00,-15.75,16.40
112.25,-15.75,16.53
112.50,-15.75,16.43
112.75,-15.75,15.44
113.00,-15.75,14.46
113.25,-15.75,14.16
113.50,-15.75,14.08
113.75,-15.75,14.00
114.00,-15.75,13.62
114.25,-15.75,13.58
114.50,-15.75,13.60
114.75,-15.75,13.60
115.00,-15.75,13.58
115.25,-15.75,13.54
115.50,-15.75,13.44
115.75,-15.75,13.37
116.00,-15.75,13.45
116.25,-15.75,13.70
116.50,-15.75,14.04
116.75,-15.75,14.04
117.00,-15.75,13.79
117.25,-15.75,13.65
117.50,-15.75,13.60
117.75,-15.75,13.61
118.00,-15.75,13.75
118.25,-15.75,14.32
118.50,-15.75,16.22
118.75,-15.75,19.66
119.00,-15.75,21.88
119.25,-15.75,22.68
119.50,-15.75,23.10
119.75,-15.75,23.68
120.00,-15.75,24.44
120.25,-15.75,25.20
120.50,-15.75,25.88
120.75,-15.75,26.43
121.00,-15.75,27.01
121.25,-15.75,27.80
121.50,-15.75,28.89
121.75,-15.75,30.29
122.00,-15.75,31.87
122.25,-15.75,33.34
122.50,-15.75,34.49
122.75,-15.75,35.29
123.00,-15.75,35.74
123.25,-15.75,35.85
123.50,-15.75,35.66
123.75,-15.75,35.28
124.00,-15.75,34.79
124.25,-15.75,34.49
124.50,-15.75,34.54
124.75,-15.75,34.75
125.00,-15.75,34.98
125.25,-15.75,35.34
125.50,-15.75,36.04
125.75,-15.75,36.86
126.00,-15.75,37.24
126.25,-15.75,37.34
126.50,-15.75,37.40
126.75,-15.75,37.59
127.00,-15.75,37.89
127.25,-15.75,37.96
127.50,-15.75,37.20
127.75,-15.75,35.71
128.00,-15.75,34.96
128.25,-15.75,35.50
128.50,-15.75,36.85
128.75,-15.75,37.95
129.00,-15.75,38.47
129.25,-15.75,38.77
129.50,-15.75,38.84
129.75,-15.75,38.46
130.00,-15.75,38.00
130.25,-15.75,37.98
130.50,-15.75,38.10
130.75,-15.75,38.45
131.00,-15.75,39.71
131.25,-15.75,42.25
131.50,-15.75,43.65
131.75,-15.75,43.91
132.00,-15.75,43.78
132.25,-15.75,43.33
132.50,-15.75,42.59
132.75,-15.75,41.92
133.00,-15.75,41.90
133.25,-15.75,43.29
133.50,-15.75,45.74
133.75,-15.75,47.17
134.00,-15.75,47.74
134.25,-15.75,48.31
134.50,-15.75,49.01
134.75,-15.75,49.32
135.00,-15.75,49.21
135.25,-15.75,48.99
135.50,-15.75,48.38
135.75,-15.75,47.00
136.00,-15.75,45.83
136.25,-15.75,44.48
136.50,-15.75,41.67
136.75,-15.75,40.06
137.00,-15.75,39.25
137.25,-15.75,38.63
137.50,-15.75,37.92
137.75,-15.75,36.92
138.00,-15.75,35.47
138.25,-15.75,33.77
138.50,-15.75,32.09
138.75,-15.75,30.85
139.00,-15.75,30.18
139.25,-15.75,30.02
139.50,-15.75,30.05
139.75,-15.75,30.04
140.00,-15.75,30.06
140.25,-15.75,30.19
140.50,-15.75,30.40
140.75,-15.75,30.70
141.00,-15.75,31.14
141.25,-15.75,31.85
141.50,-15.75,32.67
141.75,-15.75,33.44
142.00,-15.75,34.10
142.25,-15.75,34.56
142.50,-15.75,34.81
142.75,-15.75,34.90
143.00,-15.75,34.76
143.25,-15.75,34.39
143.50,-15.75,33.78
143.75,-15.75,32.93
144.00,-15.75,32.05
144.25,-15.75,31.28
144.50,-15.75,30.55
144.75,-15.75,29.71
145.00,-15.75,28.84
145.25,-15.75,27.97
145.50,-15.75,27.05
145.75,-15.75,25.93
146.00,-15.75,24.76
146.25,-15.75,23.75
146.50,-15.75,23.08
146.75,-15.75,23.02
147.00,-15.75,23.38
147.25,-15.75,24.07
147.50,-15.75,24.79
147.75,-15.75,25.33
148.00,-15.75,25.69
148.25,-15.75,25.88
148.50,-15.75,25.98
148.75,-15.75,26.07
149.00,-15.75,26.16
149.25,-15.75,26.15
149.50,-15.75,25.63
149.75,-15.75,24.39
150.00,-15.75,22.93
150.25,-15.75,21.71
150.50,-15.75,20.96
150.75,-15.75,20.59
151.00,-15.75,20.52
151.25,-15.75,20.72
151.50,-15.75,21.17
151.75,-15.75,21.71
152.00,-15.75,22.02
152.25,-15.75,21.60
152.50,-15.75,20.26
152.75,-15.75,18.01
153.00,-15.75,15.83
153.25,-15.75,14.67
153.50,-15.75,14.29
153.75,-15.75,14.56
154.00,-15.75,15.13
154.25,-15.75,15.75
154.50,-15.75,16.30
154.75,-15.75,16.73
155.00,-15.75,17.05
155.25,-15.75,17.41
155.50,-15.75,17.63
155.75,-15.75,17.50
110.25,-15.50,13.96
110.50,-15.50,14.21
110.75,-15.50,14.81
111.00,-15.50,15.35
111.25,-15.50,15.46
111.50,-15.50,15.52
111.75,-15.50,15.66
112.00,-15.50,15.84
112.25,-15.50,15.98
112.50,-15.50,15.82
112.75,-15.50,14.74
113.00,-15.50,14.15
113.25,-15.50,13.93
113.50,-15.50,13.81
113.75,-15.50,13.69
114.00,-15.50,13.53
114.25,-15.50,13.63
114.50,-15.50,13.68
114.75,-15.50,13.68
115.00,-15.50,13.68
115.25,-15.50,13.62
115.50,-15.50,13.48
115.75,-15.50,13.08
116.00,-15.50,13.07
116.25,-15.50,13.44
116.50,-15.50,13.81
116.75,-15.50,13.98
117.00,-15.50,13.89
117.25,-15.50,13.75
117.50,-15.50,13.67
117.75,-15.50,13.65
118.00,-15.50,13.76
118.25,-15.50,14.29
118.50,-15.50,15.67
118.75,-15.50,17.53
119.00,-15.50,19.13
119.25,-15.50,20.50
119.50,-15.50,21.54
119.75,-15.50,22.54
120.00,-15.50,23.61
120.25,-15.50,24.61
120.50,-15.50,25.39
120.75,-15.50,25.82
121.00,-15.50,26.19
121.25,-15.50,26.76
121.50,-15.50,27.64
121.75,-15.50,28.89
122.00,-15.50,30.47
122.25,-15.50,32.15
122.50,-15.50,33.62
122.75,-15.50,34.75
123.00,-15.50,35.42
123.25,-15.50,35.72
123.50,-15.50,35.60
123.75,-15.50,35.22
124.00,-15.50,34.70
124.25,-15.50,34.40
124.50,-15.50,34.44
124.75,-15.50,34.61
125.00,-15.50,34.79
125.25,-15.50,35.05
125.50,-15.50,35.57
125.75,-15.50,36.53
126.00,-15.50,37.29
126.25,-15.50,37.61
126.50,-15.50,37.73
126.75,-15.50,37.83
127.00,-15.50,37.93
127.25,-15.50,37.93
127.50,-15.50,37.19
127.75,-15.50,35.54
128.00,-15.50,34.62
128.25,-15.50,35.14
128.50,-15.50,36.42
128.75,-15.50,37.31
129.00,-15.50,37.69
129.25,-15.50,37.83
129.50,-15.50,37.69
129.75,-15.50,37.41
130.00,-15.50,37.88
130.25,-15.50,37.87
130.50,-15.50,38.10
130.75,-15.50,38.52
131.00,-15.50,39.95
131.25,-15.50,42.51
131.50,-15.50,43.96
131.75,-15.50,44.09
132.00,-15.50,44.04
132.25,-15.50,43.80
132.50,-15.50,43.37
132.75,-15.50,42.93
133.00,-15.50,42.87
133.25,-15.50,43.69
133.50,-15.50,45.03
133.75,-15.50,45.59
134.00,-15.50,45.72
134.25,-15.50,46.06
134.50,-15.50,46.83
134.75,-15.50,47.51
135.00,-15.50,48.91
135.25,-15.50,46.36
135.50,-15.50,44.87
135.75,-15.50,43.30
136.00,-15.50,42.99
136.25,-15.50,40.94
136.50,-15.50,40.01
136.75,-15.50,39.10
137.00,-15.50,38.23
137.25,-15.50,37.44
137.50,-15.50,36.44
137.75,-15.50,35.07
138.00,-15.50,33.38
138.25,-15.50,31.80
138.50,-15.50,31.45
138.75,-15.50,29.94
139.00,-15.50,29.80
139.25,-15.50,29.52
139.50,-15.50,29.53
139.75,-15.50,29.57
140.00,-15.50,29.65
140.25,-15.50,29.83
140.50,-15.50,30.21
140.75,-15.50,30.48
141.00,-15.50,31.02
141.25,-15.50,31.84
141.50,-15.50,32.86
141.75,-15.50,33.94
142.00,-15.50,34.93
142.25,-15.50,35.65
142.50,-15.50,36.95
142.75,-15.50,36.21
143.00,-15.50,36.06
143.25,-15.50,35.58
143.50,-15.50,34.72
143.75,-15.50,33.47
144.00,-15.50,32.13
144.25,-15.50,31.05
144.50,-15.50,30.12
144.75,-15.50,29.14
145.00,-15.50,28.22
145.25,-15.50,27.20
145.50,-15.50,26.12
145.75,-15.50,24.97
146.00,-15.50,23.81
146.25,-15.50,23.02
146.50,-15.50,23.04
146.75,-15.50,22.90
147.00,-15.50,23.46
147.25,-15.50,24.14
147.50,-15.50,24.78
147.75,-15.50,25.26
148.00,-15.50,25.59
148.25,-15.50,25.75
148.50,-15.50,25.45
148.75,-15.50,25.71
149.00,-15.50,25.53
149.25,-15.50,25.14
149.50,-15.50,22.99
149.75,-15.50,22.61
150.00,-15.50,20.30
150.25,-15.50,20.22
150.50,-15.50,19.33
150.75,-15.50,19.54
151.00,-15.50,19.50
151.25,-15.50,19.55
151.50,-15.50,19.75
151.75,-15.50,20.07
152.00,-15.50,20.27
152.25,-15.50,19.95
152.50,-15.50,18.80
152.75,-15.50,16.68
153.00,-15.50,14.70
153.25,-15.50,13.87
153.50,-15.50,13.87
153.75,-15.50,14.43
154.00,-15.50,15.31
154.25,-15.50,16.26
154.50,-15.50,17.02
154.75,-15.50,17.57
155.00,-15.50,18.68
155.25,-15.50,18.25
155.50,-15.50,18.42
155.75,-15.50,18.28
110.25,-15.25,13.48
110.50,-15.25,13.92
110.75,-15.25,14.95
111.00,-15.25,15.36
111.25,-15.25,15.44
111.50,-15.25,15.47
111.75,-15.25,15.54
112.00,-15.25,15.65
112.25,-15.25,15.75
112.50,-15.25,15.47
112.75,-15.25,14.49
113.00,-15.25,14.10
113.25,-15.25,13.91
113.50,-15.25,13.79
113.75,-15.25,13.72
114.00,-15.25,13.60
114.25,-15.25,13.67
114.50,-15.25,13.73
114.75,-15.25,13.74
115.00,-15.25,13.73
115.25,-15.25,13.68
115.50,-15.25,13.49
115.75,-15.25,13.08
116.00,-15.25,13.11
116.25,-15.25,13.43
116.50,-15.25,13.72
116.75,-15.25,13.91
117.00,-15.25,13.98
117.25,-15.25,13.95
117.50,-15.25,13.89
117.75,-15.25,13.92
118.00,-15.25,14.21
118.25,-15.25,14.99
118.50,-15.25,15.70
118.75,-15.25,16.14
119.00,-15.25,16.95
119.25,-15.25,18.86
119.50,-15.25,20.79
119.75,-15.25,22.09
120.00,-15.25,23.22
120.25,-15.25,24.22
120.50,-15.25,24.92
120.75,-15.25,25.20
121.00,-15.25,25.41
121.25,-15.25,25.79
121.50,-15.25,26.43
121.75,-15.25,27.43
122.00,-15.25,28.84
122.25,-15.25,30.55
122.50,-15.25,32.26
122.75,-15.25,33.73
123.00,-15.25,34.76
123.25,-15.25,35.26
123.50,-15.25,35.28
123.75,-15.25,34.97
124.00,-15.25,34.54
124.25,-15.25,34.39
124.50,-15.25,34.51
124.75,-15.25,34.69
125.00,-15.25,34.84
125.25,-15.25,34.99
125.50,-15.25,35.33
125.75,-15.25,36.31
126.00,-15.25,37.73
126.25,-15.25,38.62
126.50,-15.25,38.93
126.75,-15.25,38.82
127.00,-15.25,38.30
127.25,-15.25,37.47
127.50,-15.25,36.19
127.75,-15.25,34.43
128.00,-15.25,33.48
128.25,-15.25,34.24
128.50,-15.25,35.61
128.75,-15.25,36.38
129.00,-15.25,36.50
129.25,-15.25,36.16
129.50,-15.25,35.56
129.75,-15.25,35.87
130.00,-15.25,37.01
130.25,-15.25,37.67
130.50,-15.25,38.09
130.75,-15.25,38.87
131.00,-15.25,40.78
131.25,-15.25,43.11
131.50,-15.25,44.08
131.75,-15.25,44.30
132.00,-15.25,44.30
132.25,-15.25,44.17
132.50,-15.25,43.96
132.75,-15.25,43.69
133.00,-15.25,43.49
133.25,-15.25,43.33
133.50,-15.25,42.82
133.75,-15.25,42.26
134.00,-15.25,41.99
134.25,-15.25,42.04
134.50,-15.25,42.52
134.75,-15.25,43.19
135.00,-15.25,42.85
135.25,-15.25,41.42
135.50,-15.25,39.72
135.75,-15.25,38.69
136.00,-15.25,38.32
136.25,-15.25,38.32
136.50,-15.25,38.16
136.75,-15.25,37.46
137.00,-15.25,36.49
137.25,-15.25,35.51
137.50,-15.25,34.31
137.75,-15.25,32.89
138.00,-15.25,31.45
138.25,-15.25,30.40
138.50,-15.25,29.77
138.75,-15.25,29.46
139.00,-15.25,29.32
139.25,-15.25,29.27
139.50,-15.25,29.27
139.75,-15.25,29.32
140.00,-15.25,29.41
140.25,-15.25,29.61
140.50,-15.25,29.90
140.75,-15.25,30.36
141.00,-15.25,31.02
141.25,-15.25,32.00
141.50,-15.25,33.28
141.75,-15.25,34.67
142.00,-15.25,35.87
142.25,-15.25,36.70
142.50,-15.25,37.16
142.75,-15.25,37.31
143.00,-15.25,37.16
143.25,-15.25,36.67
143.50,-15.25,35.71
143.75,-15.25,34.21
144.00,-15.25,32.42
144.25,-15.25,30.90
144.50,-15.25,29.70
144.75,-15.25,28.57
145.00,-15.25,27.50
145.25,-15.25,26.50
145.50,-15.25,25.46
145.75,-15.25,24.26
146.00,-15.25,23.17
146.25,-15.25,22.52
146.50,-15.25,22.35
146.75,-15.25,22.79
147.00,-15.25,23.50
147.25,-15.25,24.20
147.50,-15.25,24.80
147.75,-15.25,25.18
148.00,-15.25,25.36
148.25,-15.25,25.32
148.50,-15.25,25.14
148.75,-15.25,24.82
149.00,-15.25,24.40
149.25,-15.25,23.79
149.50,-15.25,22.65
149.75,-15.25,21.18
150.00,-15.25,20.00
150.25,-15.25,19.34
150.50,-15.25,19.10
150.75,-15.25,19.03
151.00,-15.25,19.01
151.25,-15.25,19.00
151.50,-15.25,19.04
151.75,-15.25,19.12
152.00,-15.25,19.09
152.25,-15.25,18.60
152.50,-15.25,17.44
152.75,-15.25,15.59
153.00,-15.25,14.06
153.25,-15.25,13.73
153.50,-15.25,14.18
153.75,-15.25,15.07
154.00,-15.25,16.13
154.25,-15.25,17.13
154.50,-15.25,17.86
154.75,-15.25,18.34
155.00,-15.25,18.61
155.25,-15.25,18.79
155.50,-15.25,18.87
155.75,-15.25,18.79
110.25,-15.00,13.31
110.50,-15.00,13.60
110.75,-15.00,14.56
111.00,-15.00,15.19
111.25,-15.00,15.35
111.50,-15.00,15.40
111.75,-15.00,15.44
112.00,-15.00,15.49
112.25,-15.00,15.53
112.50,-15.00,15.19
112.75,-15.00,14.44
113.00,-15.00,14.14
113.25,-15.00,13.98
113.50,-15.00,13.91
113.75,-15.00,13.96
114.00,-15.00,13.71
114.25,-15.00,13.66
114.50,-15.00,13.71
114.75,-15.00,13.75
115.00,-15.00,13.74
115.25,-15.00,13.69
115.50,-15.00,13.57
115.75,-15.00,13.51
116.00,-15.00,13.85
116.25,-15.00,13.64
116.50,-15.00,13.76
116.75,-15.00,13.86
117.00,-15.00,13.93
117.25,-15.00,14.00
117.50,-15.00,14.06
117.75,-15.00,14.28
118.00,-15.00,14.97
118.25,-15.00,15.46
118.50,-15.00,15.65
118.75,-15.00,15.78
119.00,-15.00,16.15
119.25,-15.00,17.68
119.50,-15.00,20.31
119.75,-15.00,21.97
120.00,-15.00,23.15
120.25,-15.00,24.06
120.50,-15.00,24.61
120.75,-15.00,24.79
121.00,-15.00,24.89
121.25,-15.00,25.13
121.50,-15.00,25.59
121.75,-15.00,26.29
122.00,-15.00,27.39
122.25,-15.00,28.90
122.50,-15.00,30.64
122.75,-15.00,32.32
123.00,-15.00,33.77
123.25,-15.00,34.44
123.50,-15.00,34.66
123.75,-15.00,34.49
124.00,-15.00,34.28
124.25,-15.00,34.35
124.50,-15.00,34.77
124.75,-15.00,34.74
125.00,-15.00,34.86
125.25,-15.00,34.96
125.50,-15.00,35.22
125.75,-15.00,36.25
126.00,-15.00,38.46
126.25,-15.00,39.73
126.50,-15.00,40.33
126.75,-15.00,39.79
127.00,-15.00,38.56
127.25,-15.00,35.91
127.50,-15.00,33.52
127.75,-15.00,31.77
128.00,-15.00,31.52
128.25,-15.00,31.20
128.50,-15.00,32.62
128.75,-15.00,33.56
129.00,-15.00,34.96
129.25,-15.00,32.80
129.50,-15.00,33.73
129.75,-15.00,33.61
130.00,-15.00,36.40
130.25,-15.00,37.07
130.50,-15.00,38.54
130.75,-15.00,39.69
131.00,-15.00,42.00
131.25,-15.00,43.67
131.50,-15.00,44.45
131.75,-15.00,44.51
132.00,-15.00,44.54
132.25,-15.00,44.47
132.50,-15.00,44.31
132.75,-15.00,44.05
133.00,-15.00,43.77
133.25,-15.00,42.27
133.50,-15.00,40.76
133.75,-15.00,39.98
134.00,-15.00,39.77
134.25,-15.00,39.69
134.50,-15.00,39.97
134.75,-15.00,39.22
135.00,-15.00,40.13
135.25,-15.00,35.96
135.50,-15.00,37.17
135.75,-15.00,34.18
136.00,-15.00,34.40
136.25,-15.00,35.06
136.50,-15.00,36.27
136.75,-15.00,34.91
137.00,-15.00,35.63
137.25,-15.00,33.01
137.50,-15.00,33.33
137.75,-15.00,30.96
138.00,-15.00,30.76
138.25,-15.00,29.59
138.50,-15.00,29.46
138.75,-15.00,29.19
139.00,-15.00,29.14
139.25,-15.00,29.13
139.50,-15.00,29.14
139.75,-15.00,29.18
140.00,-15.00,29.26
140.25,-15.00,29.44
140.50,-15.00,29.75
140.75,-15.00,30.26
141.00,-15.00,31.03
141.25,-15.00,32.21
141.50,-15.00,33.75
141.75,-15.00,35.35
142.00,-15.00,37.42
142.25,-15.00,37.43
142.50,-15.00,37.85
142.75,-15.00,37.97
143.00,-15.00,37.83
143.25,-15.00,37.39
143.50,-15.00,36.51
143.75,-15.00,34.98
144.00,-15.00,33.96
144.25,-15.00,30.80
144.50,-15.00,29.23
144.75,-15.00,27.93
145.00,-15.00,26.79
145.25,-15.00,25.78
145.50,-15.00,24.74
145.75,-15.00,23.58
146.00,-15.00,22.57
146.25,-15.00,22.07
146.50,-15.00,22.51
146.75,-15.00,22.66
147.00,-15.00,23.46
147.25,-15.00,24.16
147.50,-15.00,24.67
147.75,-15.00,24.86
148.00,-15.00,24.81
148.25,-15.00,24.50
148.50,-15.00,24.05
148.75,-15.00,23.52
149.00,-15.00,22.65
149.25,-15.00,22.27
149.50,-15.00,20.39
149.75,-15.00,20.15
150.00,-15.00,19.34
150.25,-15.00,18.98
150.50,-15.00,18.88
150.75,-15.00,18.86
151.00,-15.00,18.85
151.25,-15.00,18.83
151.50,-15.00,18.82
151.75,-15.00,18.74
152.00,-15.00,18.55
152.25,-15.00,17.53
152.50,-15.00,16.23
152.75,-15.00,14.75
153.00,-15.00,13.89
153.25,-15.00,14.09
153.50,-15.00,14.81
153.75,-15.00,15.74
154.00,-15.00,16.73
154.25,-15.00,17.65
154.50,-15.00,18.32
154.75,-15.00,18.74
155.00,-15.00,19.26
155.25,-15.00,19.08
155.50,-15.00,19.10
155.75,-15.00,19.05
110.25,-14.75,13.29
110.50,-14.75,13.34
110.75,-14.75,13.78
111.00,-14.75,14.55
111.25,-14.75,15.00
111.50,-14.75,15.17
111.75,-14.75,15.23
112.00,-14.75,15.26
112.25,-14.75,15.24
112.50,-14.75,15.05
112.75,-14.75,14.69
113.00,-14.75,14.45
113.25,-14.75,14.38
113.50,-14.75,14.49
113.75,-14.75,14.51
114.00,-14.75,14.16
114.25,-14.75,13.73
114.50,-14.75,13.63
114.75,-14.75,13.71
115.00,-14.75,13.79
115.25,-14.75,13.91
115.50,-14.75,14.03
115.75,-14.75,14.07
116.00,-14.75,14.05
116.25,-14.75,13.99
116.50,-14.75,13.91
116.75,-14.75,13.85
117.00,-14.75,13.84
117.25,-14.75,13.88
117.50,-14.75,13.97
117.75,-14.75,14.31
118.00,-14.75,15.05
118.25,-14.75,15.45
118.50,-14.75,15.59
118.75,-14.75,15.68
119.00,-14.75,15.94
119.25,-14.75,17.22
119.50,-14.75,20.03
119.75,-14.75,22.03
120.00,-14.75,23.30
120.25,-14.75,24.10
120.50,-14.75,24.52
120.75,-14.75,24.64
121.00,-14.75,24.67
121.25,-14.75,24.79
121.50,-14.75,25.05
121.75,-14.75,25.54
122.00,-14.75,26.33
122.25,-14.75,27.51
122.50,-14.75,29.05
122.75,-14.75,30.72
123.00,-14.75,32.22
123.25,-14.75,33.24
123.50,-14.75,33.67
123.75,-14.75,33.76
124.00,-14.75,33.93
124.25,-14.75,34.24
124.50,-14.75,34.52
124.75,-14.75,34.72
125.00,-14.75,34.84
125.25,-14.75,34.90
125.50,-14.75,35.08
125.75,-14.75,36.03
126.00,-14.75,38.18
126.25,-14.75,39.78
126.50,-14.75,40.09
126.75,-14.75,39.33
127.00,-14.75,37.14
127.25,-14.75,33.98
127.50,-14.75,31.74
127.75,-14.75,30.34
128.00,-14.75,29.20
128.25,-14.75,28.54
128.50,-14.75,28.50
128.75,-14.75,28.75
129.00,-14.75,28.84
129.25,-14.75,29.14
129.50,-14.75,30.07
129.75,-14.75,31.74
130.00,-14.75,33.82
130.25,-14.75,35.83
130.50,-14.75,37.95
130.75,-14.75,40.48
131.00,-14.75,42.63
131.25,-14.75,43.84
131.50,-14.75,44.38
131.75,-14.75,44.61
132.00,-14.75,44.69
132.25,-14.75,44.66
132.50,-14.75,44.51
132.75,-14.75,44.18
133.00,-14.75,43.34
133.25,-14.75,41.35
133.50,-14.75,39.66
133.75,-14.75,39.21
134.00,-14.75,39.10
134.25,-14.75,38.96
134.50,-14.75,38.57
134.75,-14.75,37.30
135.00,-14.75,34.67
135.25,-14.75,32.67
135.50,-14.75,31.75
135.75,-14.75,31.47
136.00,-14.75,31.63
136.25,-14.75,32.16
136.50,-14.75,32.49
136.75,-14.75,32.17
137.00,-14.75,31.50
137.25,-14.75,30.88
137.50,-14.75,30.29
137.75,-14.75,29.78
138.00,-14.75,29.39
138.25,-14.75,29.17
138.50,-14.75,29.06
138.75,-14.75,29.02
139.00,-14.75,29.02
139.25,-14.75,29.04
139.50,-14.75,29.07
139.75,-14.75,29.10
140.00,-14.75,29.17
140.25,-14.75,29.33
140.50,-14.75,29.61
140.75,-14.75,30.13
141.00,-14.75,30.97
141.25,-14.75,32.34
141.50,-14.75,34.13
141.75,-14.75,35.86
142.00,-14.75,37.10
142.25,-14.75,37.87
142.50,-14.75,38.20
142.75,-14.75,38.20
143.00,-14.75,38.00
143.25,-14.75,37.62
143.50,-14.75,36.98
143.75,-14.75,35.70
144.00,-14.75,33.35
144.25,-14.75,30.67
144.50,-14.75,28.61
144.75,-14.75,27.11
145.00,-14.75,25.91
145.25,-14.75,24.87
145.50,-14.75,23.84
145.75,-14.75,22.76
146.00,-14.75,21.89
146.25,-14.75,21.62
146.50,-14.75,21.84
146.75,-14.75,22.51
147.00,-14.75,23.28
147.25,-14.75,23.85
147.50,-14.75,24.14
147.75,-14.75,24.02
148.00,-14.75,23.63
148.25,-14.75,23.05
148.50,-14.75,22.37
148.75,-14.75,21.69
149.00,-14.75,21.00
149.25,-14.75,20.36
149.50,-14.75,19.74
149.75,-14.75,19.19
150.00,-14.75,18.90
150.25,-14.75,18.81
150.50,-14.75,18.79
150.75,-14.75,18.78
151.00,-14.75,18.78
151.25,-14.75,18.76
151.50,-14.75,18.71
151.75,-14.75,18.53
152.00,-14.75,17.88
152.25,-14.75,16.59
152.50,-14.75,15.20
152.75,-14.75,14.24
153.00,-14.75,14.11
153.25,-14.75,14.65
153.50,-14.75,15.36
153.75,-14.75,16.13
154.00,-14.75,16.95
154.25,-14.75,17.78
154.50,-14.75,18.45
154.75,-14.75,18.90
155.00,-14.75,19.15
155.25,-14.75,19.25
155.50,-14.75,19.26
155.75,-14.75,19.18
110.25,-14.50,13.32
110.50,-14.50,13.25
110.75,-14.50,13.34
111.00,-14.50,13.61
111.25,-14.50,14.10
111.50,-14.50,14.64
111.75,-14.50,15.00
112.00,-14.50,15.13
112.25,-14.50,15.16
112.50,-14.50,15.14
112.75,-14.50,15.14
113.00,-14.50,15.16
113.25,-14.50,15.23
113.50,-14.50,15.24
113.75,-14.50,14.90
114.00,-14.50,14.36
114.25,-14.50,13.91
114.50,-14.50,13.79
114.75,-14.50,13.96
115.00,-14.50,14.16
115.25,-14.50,14.32
115.50,-14.50,14.40
115.75,-14.50,14.42
116.00,-14.50,14.37
116.25,-14.50,14.28
116.50,-14.50,14.11
116.75,-14.50,13.89
117.00,-14.50,13.76
117.25,-14.50,13.76
117.50,-14.50,13.84
117.75,-14.50,14.12
118.00,-14.50,14.75
118.25,-14.50,15.23
118.50,-14.50,15.42
118.75,-14.50,15.53
119.00,-14.50,15.84
119.25,-14.50,17.26
119.50,-14.50,19.97
119.75,-14.50,22.21
120.00,-14.50,23.55
120.25,-14.50,24.24
120.50,-14.50,24.55
120.75,-14.50,24.63
121.00,-14.50,24.63
121.25,-14.50,24.65
121.50,-14.50,24.77
121.75,-14.50,25.08
122.00,-14.50,25.62
122.25,-14.50,26.50
122.50,-14.50,27.73
122.75,-14.50,29.17
123.00,-14.50,30.58
123.25,-14.50,31.68
123.50,-14.50,32.31
123.75,-14.50,32.81
124.00,-14.50,33.46
124.25,-14.50,34.04
124.50,-14.50,34.42
124.75,-14.50,34.65
125.00,-14.50,34.76
125.25,-14.50,34.78
125.50,-14.50,34.85
125.75,-14.50,35.45
126.00,-14.50,37.17
126.25,-14.50,38.66
126.50,-14.50,38.72
126.75,-14.50,37.34
127.00,-14.50,34.69
127.25,-14.50,32.15
127.50,-14.50,30.67
127.75,-14.50,29.58
128.00,-14.50,28.49
128.25,-14.50,27.51
128.50,-14.50,26.71
128.75,-14.50,26.19
129.00,-14.50,26.23
129.25,-14.50,27.29
129.50,-14.50,29.00
129.75,-14.50,30.72
130.00,-14.50,32.50
130.25,-14.50,34.58
130.50,-14.50,38.59
130.75,-14.50,40.04
131.00,-14.50,42.16
131.25,-14.50,43.44
131.50,-14.50,44.32
131.75,-14.50,44.51
132.00,-14.50,44.66
132.25,-14.50,44.67
132.50,-14.50,44.52
132.75,-14.50,44.10
133.00,-14.50,42.99
133.25,-14.50,40.65
133.50,-14.50,39.00
133.75,-14.50,38.76
134.00,-14.50,38.70
134.25,-14.50,38.46
134.50,-14.50,37.69
134.75,-14.50,35.67
135.00,-14.50,32.77
135.25,-14.50,31.15
135.50,-14.50,30.51
135.75,-14.50,30.25
136.00,-14.50,30.18
136.25,-14.50,30.29
136.50,-14.50,30.34
136.75,-14.50,30.16
137.00,-14.50,29.85
137.25,-14.50,29.59
137.50,-14.50,29.36
137.75,-14.50,29.16
138.00,-14.50,29.02
138.25,-14.50,28.94
138.50,-14.50,28.91
138.75,-14.50,28.91
139.00,-14.50,28.93
139.25,-14.50,28.97
139.50,-14.50,29.01
139.75,-14.50,29.05
140.00,-14.50,29.11
140.25,-14.50,29.24
140.50,-14.50,29.49
140.75,-14.50,29.98
141.00,-14.50,30.86
141.25,-14.50,32.36
141.50,-14.50,34.33
141.75,-14.50,36.13
142.00,-14.50,37.34
142.25,-14.50,38.03
142.50,-14.50,38.21
142.75,-14.50,38.04
143.00,-14.50,37.76
143.25,-14.50,37.47
143.50,-14.50,37.09
143.75,-14.50,36.25
144.00,-14.50,34.04
144.25,-14.50,30.62
144.50,-14.50,27.84
144.75,-14.50,26.05
145.00,-14.50,24.73
145.25,-14.50,23.69
145.50,-14.50,22.72
145.75,-14.50,21.76
146.00,-14.50,21.10
146.25,-14.50,21.13
146.50,-14.50,21.59
146.75,-14.50,22.28
147.00,-14.50,22.93
147.25,-14.50,23.27
147.50,-14.50,23.25
147.75,-14.50,22.77
148.00,-14.50,22.04
148.25,-14.50,21.16
148.50,-14.50,20.23
148.75,-14.50,19.32
149.00,-14.50,18.46
149.25,-14.50,17.81
149.50,-14.50,17.56
149.75,-14.50,17.71
150.00,-14.50,18.14
150.25,-14.50,18.49
150.50,-14.50,18.63
150.75,-14.50,18.67
151.00,-14.50,18.67
151.25,-14.50,18.64
151.50,-14.50,18.52
151.75,-14.50,18.13
152.00,-14.50,17.12
152.25,-14.50,15.58
152.50,-14.50,14.34
152.75,-14.50,14.04
153.00,-14.50,14.44
153.25,-14.50,15.09
153.50,-14.50,15.65
153.75,-14.50,16.18
154.00,-14.50,16.78
154.25,-14.50,17.55
154.50,-14.50,18.29
154.75,-14.50,18.83
155.00,-14.50,19.15
155.25,-14.50,19.29
155.50,-14.50,19.31
155.75,-14.50,19.21
110.25,-14.25,13.42
110.50,-14.25,13.28
110.75,-14.25,13.29
111.00,-14.25,13.44
111.25,-14.25,14.06
111.50,-14.25,14.87
111.75,-14.25,15.17
112.00,-14.25,15.24
112.25,-14.25,15.24
112.50,-14.25,15.18
112.75,-14.25,15.10
113.00,-14.25,15.17
113.25,-14.25,15.21
113.50,-14.25,15.10
113.75,-14.25,14.72
114.00,-14.25,14.26
114.25,-14.25,13.99
114.50,-14.25,14.02
114.75,-14.25,14.22
115.00,-14.25,14.40
115.25,-14.25,14.53
115.50,-14.25,14.58
115.75,-14.25,14.58
116.00,-14.25,14.53
116.25,-14.25,14.43
116.50,-14.25,14.23
116.75,-14.25,13.94
117.00,-14.25,13.70
117.25,-14.25,13.69
117.50,-14.25,13.79
117.75,-14.25,13.95
118.00,-14.25,14.23
118.25,-14.25,14.58
118.50,-14.25,14.84
118.75,-14.25,15.06
119.00,-14.25,15.57
119.25,-14.25,16.95
119.50,-14.25,19.46
119.75,-14.25,22.18
120.00,-14.25,23.73
120.25,-14.25,24.35
120.50,-14.25,24.60
120.75,-14.25,24.68
121.00,-14.25,24.68
121.25,-14.25,24.64
121.50,-14.25,24.66
121.75,-14.25,24.83
122.00,-14.25,25.21
122.25,-14.25,25.87
122.50,-14.25,26.81
122.75,-14.25,27.92
123.00,-14.25,29.06
123.25,-14.25,30.04
123.50,-14.25,30.78
123.75,-14.25,31.71
124.00,-14.25,32.81
124.25,-14.25,33.68
124.50,-14.25,34.19
124.75,-14.25,34.47
125.00,-14.25,34.58
125.25,-14.25,34.57
125.50,-14.25,34.49
125.75,-14.25,34.55
126.00,-14.25,35.22
126.25,-14.25,35.97
126.50,-14.25,35.60
126.75,-14.25,34.03
127.00,-14.25,32.13
127.25,-14.25,30.74
127.50,-14.25,29.77
127.75,-14.25,28.79
128.00,-14.25,27.72
128.25,-14.25,26.72
128.50,-14.25,25.86
128.75,-14.25,25.32
129.00,-14.25,25.37
129.25,-14.25,26.42
129.50,-14.25,28.19
129.75,-14.25,29.96
130.00,-14.25,31.62
130.25,-14.25,33.44
130.50,-14.25,35.72
130.75,-14.25,38.31
131.00,-14.25,40.55
131.25,-14.25,42.20
131.50,-14.25,43.30
131.75,-14.25,43.98
132.00,-14.25,44.34
132.25,-14.25,44.43
132.50,-14.25,44.26
132.75,-14.25,43.68
133.00,-14.25,42.18
133.25,-14.25,39.45
133.50,-14.25,37.73
133.75,-14.25,37.71
134.00,-14.25,37.73
134.25,-14.25,37.25
134.50,-14.25,35.88
134.75,-14.25,33.51
135.00,-14.25,31.40
135.25,-14.25,30.43
135.50,-14.25,29.99
135.75,-14.25,29.75
136.00,-14.25,29.59
136.25,-14.25,29.49
136.50,-14.25,29.40
136.75,-14.25,29.27
137.00,-14.25,29.14
137.25,-14.25,29.03
137.50,-14.25,28.94
137.75,-14.25,28.88
138.00,-14.25,28.83
138.25,-14.25,28.80
138.50,-14.25,28.80
138.75,-14.25,28.82
139.00,-14.25,28.86
139.25,-14.25,28.91
139.50,-14.25,28.97
139.75,-14.25,29.03
140.00,-14.25,29.08
140.25,-14.25,29.18
140.50,-14.25,29.39
140.75,-14.25,29.84
141.00,-14.25,30.71
141.25,-14.25,32.29
141.50,-14.25,34.36
141.75,-14.25,36.21
142.00,-14.25,37.40
142.25,-14.25,38.00
142.50,-14.25,38.04
142.75,-14.25,37.78
143.00,-14.25,37.51
143.25,-14.25,37.30
143.50,-14.25,37.07
143.75,-14.25,36.52
144.00,-14.25,34.63
144.25,-14.25,30.60
144.50,-14.25,26.85
144.75,-14.25,24.59
145.00,-14.25,23.09
145.25,-14.25,22.07
145.50,-14.25,21.24
145.75,-14.25,20.53
146.00,-14.25,20.17
146.25,-14.25,20.53
146.50,-14.25,21.21
146.75,-14.25,21.89
147.00,-14.25,22.33
147.25,-14.25,22.31
147.50,-14.25,21.91
147.75,-14.25,21.13
148.00,-14.25,20.12
148.25,-14.25,18.97
148.50,-14.25,17.73
148.75,-14.25,16.60
149.00,-14.25,15.64
149.25,-14.25,14.99
149.50,-14.25,14.89
149.75,-14.25,15.35
150.00,-14.25,16.33
150.25,-14.25,17.37
150.50,-14.25,17.99
150.75,-14.25,18.25
151.00,-14.25,18.32
151.25,-14.25,18.27
151.50,-14.25,17.99
151.75,-14.25,17.29
152.00,-14.25,16.00
152.25,-14.25,14.55
152.50,-14.25,13.77
152.75,-14.25,14.04
153.00,-14.25,14.74
153.25,-14.25,15.35
153.50,-14.25,15.72
153.75,-14.25,15.97
154.00,-14.25,16.33
154.25,-14.25,17.01
154.50,-14.25,17.88
154.75,-14.25,18.57
155.00,-14.25,18.99
155.25,-14.25,19.20
155.50,-14.25,19.26
155.75,-14.25,19.20
110.25,-14.00,13.59
110.50,-14.00,13.40
110.75,-14.00,13.38
111.00,-14.00,13.55
111.25,-14.00,14.33
111.50,-14.00,15.03
111.75,-14.00,15.22
112.00,-14.00,15.25
112.25,-14.00,15.25
112.50,-14.00,15.17
112.75,-14.00,14.95
113.00,-14.00,14.83
113.25,-14.00,14.78
113.50,-14.00,14.62
113.75,-14.00,14.32
114.00,-14.00,14.06
114.25,-14.00,14.00
114.50,-14.00,14.15
114.75,-14.00,14.35
115.00,-14.00,14.52
115.25,-14.00,14.61
115.50,-14.00,14.63
115.75,-14.00,14.63
116.00,-14.00,14.59
116.25,-14.00,14.48
116.50,-14.00,14.27
116.75,-14.00,13.95
117.00,-14.00,13.66
117.25,-14.00,13.66
117.50,-14.00,13.80
117.75,-14.00,13.92
118.00,-14.00,14.02
118.25,-14.00,14.13
118.50,-14.00,14.27
118.75,-14.00,14.57
119.00,-14.00,15.05
119.25,-14.00,15.80
119.50,-14.00,17.59
119.75,-14.00,21.06
120.00,-14.00,23.60
120.25,-14.00,24.36
120.50,-14.00,24.59
120.75,-14.00,24.69
121.00,-14.00,24.71
121.25,-14.00,24.67
121.50,-14.00,24.64
121.75,-14.00,24.73
122.00,-14.00,25.01
122.25,-14.00,25.54
122.50,-14.00,26.30
122.75,-14.00,27.12
123.00,-14.00,27.91
123.25,-14.00,28.61
123.50,-14.00,29.31
123.75,-14.00,30.42
124.00,-14.00,31.82
124.25,-14.00,33.00
124.50,-14.00,33.73
124.75,-14.00,34.10
125.00,-14.00,34.23
125.25,-14.00,34.16
125.50,-14.00,33.87
125.75,-14.00,33.36
126.00,-14.00,32.86
126.25,-14.00,32.60
126.50,-14.00,32.15
126.75,-14.00,31.39
127.00,-14.00,30.55
127.25,-14.00,29.75
127.50,-14.00,28.89
127.75,-14.00,27.90
128.00,-14.00,26.85
128.25,-14.00,25.92
128.50,-14.00,25.21
128.75,-14.00,24.85
129.00,-14.00,24.99
129.25,-14.00,25.88
129.50,-14.00,27.47
129.75,-14.00,29.27
130.00,-14.00,30.89
130.25,-14.00,32.32
130.50,-14.00,33.95
130.75,-14.00,36.06
131.00,-14.00,38.35
131.25,-14.00,40.31
131.50,-14.00,41.69
131.75,-14.00,42.65
132.00,-14.00,43.34
132.25,-14.00,43.64
132.50,-14.00,43.42
132.75,-14.00,42.49
133.00,-14.00,40.32
133.25,-14.00,37.18
133.50,-14.00,35.25
133.75,-14.00,35.11
134.00,-14.00,35.10
134.25,-14.00,34.43
134.50,-14.00,33.07
134.75,-14.00,31.59
135.00,-14.00,30.57
135.25,-14.00,30.03
135.50,-14.00,29.70
135.75,-14.00,29.49
136.00,-14.00,29.33
136.25,-14.00,29.19
136.50,-14.00,29.06
136.75,-14.00,28.95
137.00,-14.00,28.86
137.25,-14.00,28.80
137.50,-14.00,28.76
137.75,-14.00,28.73
138.00,-14.00,28.72
138.25,-14.00,28.72
138.50,-14.00,28.73
138.75,-14.00,28.76
139.00,-14.00,28.80
139.25,-14.00,28.87
139.50,-14.00,28.94
139.75,-14.00,29.01
140.00,-14.00,29.07
140.25,-14.00,29.15
140.50,-14.00,29.31
140.75,-14.00,29.70
141.00,-14.00,30.51
141.25,-14.00,32.07
141.50,-14.00,34.18
141.75,-14.00,36.08
142.00,-14.00,37.32
142.25,-14.00,37.91
142.50,-14.00,37.91
142.75,-14.00,37.63
143.00,-14.00,37.39
143.25,-14.00,37.22
143.50,-14.00,37.03
143.75,-14.00,36.54
144.00,-14.00,34.70
144.25,-14.00,30.18
144.50,-14.00,25.64
144.75,-14.00,23.00
145.00,-14.00,21.34
145.25,-14.00,20.36
145.50,-14.00,19.71
145.75,-14.00,19.27
146.00,-14.00,19.21
146.25,-14.00,19.81
146.50,-14.00,20.63
146.75,-14.00,21.25
147.00,-14.00,21.49
147.25,-14.00,21.11
147.50,-14.00,20.34
147.75,-14.00,19.30
148.00,-14.00,18.08
148.25,-14.00,16.71
148.50,-14.00,15.32
148.75,-14.00,14.22
149.00,-14.00,13.46
149.25,-14.00,13.00
149.50,-14.00,12.92
149.75,-14.00,13.22
150.00,-14.00,13.99
150.25,-14.00,15.15
150.50,-14.00,16.30
150.75,-14.00,17.08
151.00,-14.00,17.42
151.25,-14.00,17.40
151.50,-14.00,16.96
151.75,-14.00,16.01
152.00,-14.00,14.68
152.25,-14.00,13.59
152.50,-14.00,13.38
152.75,-14.00,14.06
153.00,-14.00,14.87
153.25,-14.00,15.43
153.50,-14.00,15.65
153.75,-14.00,15.71
154.00,-14.00,15.90
154.25,-14.00,16.44
154.50,-14.00,17.34
154.75,-14.00,18.16
155.00,-14.00,18.69
155.25,-14.00,19.00
155.50,-14.00,19.15
155.75,-14.00,19.21
110.25,-13.75,13.82
110.50,-13.75,13.67
110.75,-13.75,13.62
111.00,-13.75,13.74
111.25,-13.75,14.39
111.50,-13.75,15.02
111.75,-13.75,15.19
112.00,-13.75,15.22
112.25,-13.75,15.20
112.50,-13.75,15.08
112.75,-13.75,14.73
113.00,-13.75,14.50
113.25,-13.75,14.36
113.50,-13.75,14.16
113.75,-13.75,13.94
114.00,-13.75,13.84
114.25,-13.75,13.97
114.50,-13.75,14.20
114.75,-13.75,14.40
115.00,-13.75,14.53
115.25,-13.75,14.60
115.50,-13.75,14.63
115.75,-13.75,14.62
116.00,-13.75,14.58
116.25,-13.75,14.46
116.50,-13.75,14.22
116.75,-13.75,13.88
117.00,-13.75,13.60
117.25,-13.75,13.65
117.50,-13.75,13.82
117.75,-13.75,13.94
118.00,-13.75,14.02
118.25,-13.75,14.09
118.50,-13.75,14.20
118.75,-13.75,14.46
119.00,-13.75,14.73
119.25,-13.75,15.06
119.50,-13.75,16.04
119.75,-13.75,19.13
120.00,-13.75,23.04
120.25,-13.75,24.26
120.50,-13.75,24.53
120.75,-13.75,24.65
121.00,-13.75,24.70
121.25,-13.75,24.69
121.50,-13.75,24.65
121.75,-13.75,24.71
122.00,-13.75,24.95
122.25,-13.75,25.41
122.50,-13.75,26.03
122.75,-13.75,26.63
123.00,-13.75,27.14
123.25,-13.75,27.57
123.50,-13.75,28.08
123.75,-13.75,29.04
124.00,-13.75,30.41
124.25,-13.75,31.81
124.50,-13.75,32.81
124.75,-13.75,33.38
125.00,-13.75,33.57
125.25,-13.75,33.43
125.50,-13.75,32.89
125.75,-13.75,32.01
126.00,-13.75,31.17
126.25,-13.75,30.75
126.50,-13.75,30.52
126.75,-13.75,30.20
127.00,-13.75,29.66
127.25,-13.75,28.91
127.50,-13.75,27.99
127.75,-13.75,26.97
128.00,-13.75,25.99
128.25,-13.75,25.24
128.50,-13.75,24.80
128.75,-13.75,24.68
129.00,-13.75,24.92
129.25,-13.75,25.67
129.50,-13.75,27.05
129.75,-13.75,28.86
130.00,-13.75,30.49
130.25,-13.75,31.64
130.50,-13.75,32.79
130.75,-13.75,34.53
131.00,-13.75,36.79
131.25,-13.75,38.86
131.50,-13.75,40.25
131.75,-13.75,41.03
132.00,-13.75,41.51
132.25,-13.75,41.72
132.50,-13.75,41.30
132.75,-13.75,39.92
133.00,-13.75,37.39
133.25,-13.75,34.62
133.50,-13.75,33.02
133.75,-13.75,32.56
134.00,-13.75,32.35
134.25,-13.75,31.86
134.50,-13.75,31.20
134.75,-13.75,30.59
135.00,-13.75,30.13
135.25,-13.75,29.77
135.50,-13.75,29.50
135.75,-13.75,29.30
136.00,-13.75,29.14
136.25,-13.75,29.03
136.50,-13.75,28.93
136.75,-13.75,28.83
137.00,-13.75,28.74
137.25,-13.75,28.69
137.50,-13.75,28.68
137.75,-13.75,28.68
138.00,-13.75,28.69
138.25,-13.75,28.69
138.50,-13.75,28.70
138.75,-13.75,28.73
139.00,-13.75,28.78
139.25,-13.75,28.85
139.50,-13.75,28.92
139.75,-13.75,28.99
140.00,-13.75,29.06
140.25,-13.75,29.13
140.50,-13.75,29.26
140.75,-13.75,29.58
141.00,-13.75,30.28
141.25,-13.75,31.74
141.50,-13.75,33.81
141.75,-13.75,35.81
142.00,-13.75,37.17
142.25,-13.75,37.86
142.50,-13.75,37.90
142.75,-13.75,37.63
143.00,-13.75,37.38
143.25,-13.75,37.18
143.50,-13.75,36.94
143.75,-13.75,36.31
144.00,-13.75,34.06
144.25,-13.75,28.97
144.50,-13.75,24.19
144.75,-13.75,21.48
145.00,-13.75,19.82
145.25,-13.75,18.91
145.50,-13.75,18.41
145.75,-13.75,18.19
146.00,-13.75,18.32
146.25,-13.75,18.94
146.50,-13.75,19.70
146.75,-13.75,20.24
147.00,-13.75,20.33
147.25,-13.75,19.69
147.50,-13.75,18.65
147.75,-13.75,17.45
148.00,-13.75,16.11
148.25,-13.75,14.70
148.50,-13.75,13.44
148.75,-13.75,12.65
149.00,-13.75,12.22
149.25,-13.75,12.03
149.50,-13.75,12.04
149.75,-13.75,12.20
150.00,-13.75,12.59
150.25,-13.75,13.27
150.50,-13.75,14.22
150.75,-13.75,15.21
151.00,-13.75,15.88
151.25,-13.75,16.04
151.50,-13.75,15.62
151.75,-13.75,14.67
152.00,-13.75,13.56
152.25,-13.75,12.97
152.50,-13.75,13.21
152.75,-13.75,14.05
153.00,-13.75,14.88
153.25,-13.75,15.41
153.50,-13.75,15.60
153.75,-13.75,15.62
154.00,-13.75,15.74
154.25,-13.75,16.16
154.50,-13.75,16.92
154.75,-13.75,17.71
155.00,-13.75,18.31
155.25,-13.75,18.76
155.50,-13.75,19.11
155.75,-13.75,19.42
110.25,-13.50,14.01
110.50,-13.50,14.07
110.75,-13.50,14.05
111.00,-13.50,14.11
111.25,-13.50,14.41
111.50,-13.50,14.89
111.75,-13.50,15.09
112.00,-13.50,15.13
112.25,-13.50,15.07
112.50,-13.50,14.84
112.75,-13.50,14.43
113.00,-13.50,14.24
113.25,-13.50,14.05
113.50,-13.50,13.81
113.75,-13.50,13.62
114.00,-13.50,13.62
114.25,-13.50,13.87
114.50,-13.50,14.15
114.75,-13.50,14.29
115.00,-13.50,14.31
115.25,-13.50,14.35
115.50,-13.50,14.44
115.75,-13.50,14.50
116.00,-13.50,14.49
116.25,-13.50,14.35
116.50,-13.50,14.10
116.75,-13.50,13.75
117.00,-13.50,13.50
117.25,-13.50,13.61
117.50,-13.50,13.81
117.75,-13.50,13.96
118.00,-13.50,14.05
118.25,-13.50,14.12
118.50,-13.50,14.25
118.75,-13.50,14.46
119.00,-13.50,14.61
119.25,-13.50,14.81
119.50,-13.50,15.46
119.75,-13.50,17.97
120.00,-13.50,22.43
120.25,-13.50,24.09
120.50,-13.50,24.42
120.75,-13.50,24.56
121.00,-13.50,24.63
121.25,-13.50,24.64
121.50,-13.50,24.62
121.75,-13.50,24.67
122.00,-13.50,24.88
122.25,-13.50,25.27
122.50,-13.50,25.78
122.75,-13.50,26.22
123.00,-13.50,26.55
123.25,-13.50,26.79
123.50,-13.50,27.09
123.75,-13.50,27.70
124.00,-13.50,28.72
124.25,-13.50,30.04
124.50,-13.50,31.22
124.75,-13.50,32.01
125.00,-13.50,32.33
125.25,-13.50,32.14
125.50,-13.50,31.52
125.75,-13.50,30.76
126.00,-13.50,30.24
126.25,-13.50,30.04
126.50,-13.50,29.91
126.75,-13.50,29.60
127.00,-13.50,29.00
127.25,-13.50,28.13
127.50,-13.50,27.11
127.75,-13.50,26.11
128.00,-13.50,25.29
128.25,-13.50,24.82
128.50,-13.50,24.67
128.75,-13.50,24.79
129.00,-13.50,25.15
129.25,-13.50,25.87
129.50,-13.50,27.11
129.75,-13.50,28.82
130.00,-13.50,30.41
130.25,-13.50,31.42
130.50,-13.50,32.32
130.75,-13.50,33.70
131.00,-13.50,35.66
131.25,-13.50,37.64
131.50,-13.50,39.03
131.75,-13.50,39.68
132.00,-13.50,39.67
132.25,-13.50,39.12
132.50,-13.50,38.20
132.75,-13.50,36.96
133.00,-13.50,35.13
133.25,-13.50,33.13
133.50,-13.50,31.83
133.75,-13.50,31.35
134.00,-13.50,31.10
134.25,-13.50,30.74
134.50,-13.50,30.36
134.75,-13.50,30.07
135.00,-13.50,29.82
135.25,-13.50,29.57
135.50,-13.50,29.34
135.75,-13.50,29.16
136.00,-13.50,29.04
136.25,-13.50,29.02
136.50,-13.50,29.03
136.75,-13.50,28.96
137.00,-13.50,28.83
137.25,-13.50,28.72
137.50,-13.50,28.67
137.75,-13.50,28.66
138.00,-13.50,28.68
138.25,-13.50,28.68
138.50,-13.50,28.69
138.75,-13.50,28.73
139.00,-13.50,28.79
139.25,-13.50,28.86
139.50,-13.50,28.92
139.75,-13.50,28.99
140.00,-13.50,29.05
140.25,-13.50,29.13
140.50,-13.50,29.24
140.75,-13.50,29.47
141.00,-13.50,30.02
141.25,-13.50,31.25
141.50,-13.50,33.18
141.75,-13.50,35.26
142.00,-13.50,36.81
142.25,-13.50,37.71
142.50,-13.50,37.93
142.75,-13.50,37.72
143.00,-13.50,37.43
143.25,-13.50,37.14
143.50,-13.50,36.69
143.75,-13.50,35.56
144.00,-13.50,32.31
144.25,-13.50,26.86
144.50,-13.50,22.52
144.75,-13.50,20.04
145.00,-13.50,18.51
145.25,-13.50,17.72
145.50,-13.50,17.34
145.75,-13.50,17.28
146.00,-13.50,17.48
146.25,-13.50,18.00
146.50,-13.50,18.59
146.75,-13.50,19.00
147.00,-13.50,18.96
147.25,-13.50,18.12
147.50,-13.50,16.93
147.75,-13.50,15.71
148.00,-13.50,14.46
148.25,-13.50,13.28
148.50,-13.50,12.39
148.75,-13.50,11.95
149.00,-13.50,11.79
149.25,-13.50,11.78
149.50,-13.50,11.79
149.75,-13.50,12.02
150.00,-13.50,12.25
150.25,-13.50,12.57
150.50,-13.50,13.04
150.75,-13.50,13.62
151.00,-13.50,14.16
151.25,-13.50,14.41
151.50,-13.50,14.17
151.75,-13.50,13.43
152.00,-13.50,12.71
152.25,-13.50,12.59
152.50,-13.50,13.08
152.75,-13.50,13.94
153.00,-13.50,14.76
153.25,-13.50,15.33
153.50,-13.50,15.59
153.75,-13.50,15.69
154.00,-13.50,15.82
154.25,-13.50,16.14
154.50,-13.50,16.68
154.75,-13.50,17.30
155.00,-13.50,17.92
155.25,-13.50,18.56
155.50,-13.50,19.22
155.75,-13.50,19.88
110.25,-13.25,14.28
110.50,-13.25,14.65
110.75,-13.25,14.75
111.00,-13.25,14.85
111.25,-13.25,14.93
111.50,-13.25,14.97
111.75,-13.25,14.96
112.00,-13.25,14.92
112.25,-13.25,14.78
112.50,-13.25,14.50
112.75,-13.25,14.29
113.00,-13.25,14.17
113.25,-13.25,13.94
113.50,-13.25,13.66
113.75,-13.25,13.46
114.00,-13.25,13.44
114.25,-13.25,13.67
114.50,-13.25,13.90
114.75,-13.25,13.76
115.00,-13.25,13.38
115.25,-13.25,13.25
115.50,-13.25,13.45
115.75,-13.25,13.84
116.00,-13.25,14.15
116.25,-13.25,14.14
116.50,-13.25,13.90
116.75,-13.25,13.56
117.00,-13.25,13.38
117.25,-13.25,13.55
117.50,-13.25,13.80
117.75,-13.25,13.98
118.00,-13.25,14.11
118.25,-13.25,14.22
118.50,-13.25,14.38
118.75,-13.25,14.51
119.00,-13.25,14.59
119.25,-13.25,14.76
119.50,-13.25,15.38
119.75,-13.25,17.82
120.00,-13.25,22.16
120.25,-13.25,23.87
120.50,-13.25,24.25
120.75,-13.25,24.40
121.00,-13.25,24.47
121.25,-13.25,24.47
121.50,-13.25,24.43
121.75,-13.25,24.43
122.00,-13.25,24.56
122.25,-13.25,24.87
122.50,-13.25,25.27
122.75,-13.25,25.65
123.00,-13.25,25.94
123.25,-13.25,26.14
123.50,-13.25,26.32
123.75,-13.25,26.62
124.00,-13.25,27.20
124.25,-13.25,28.16
124.50,-13.25,29.21
124.75,-13.25,30.09
125.00,-13.25,30.54
125.25,-13.25,30.52
125.50,-13.25,30.23
125.75,-13.25,29.92
126.00,-13.25,29.75
126.25,-13.25,29.69
126.50,-13.25,29.56
126.75,-13.25,29.18
127.00,-13.25,28.45
127.25,-13.25,27.44
127.50,-13.25,26.36
127.75,-13.25,25.46
128.00,-13.25,24.89
128.25,-13.25,24.71
128.50,-13.25,24.83
128.75,-13.25,25.14
129.00,-13.25,25.63
129.25,-13.25,26.41
129.50,-13.25,27.58
129.75,-13.25,29.13
130.00,-13.25,30.59
130.25,-13.25,31.50
130.50,-13.25,32.21
130.75,-13.25,33.17
131.00,-13.25,34.54
131.25,-13.25,36.11
131.50,-13.25,37.41
131.75,-13.25,38.04
132.00,-13.25,37.91
132.25,-13.25,37.35
132.50,-13.25,36.93
132.75,-13.25,36.46
133.00,-13.25,35.33
133.25,-13.25,33.40
133.50,-13.25,31.61
133.75,-13.25,30.85
134.00,-13.25,30.57
134.25,-13.25,30.28
134.50,-13.25,29.98
134.75,-13.25,29.76
135.00,-13.25,29.58
135.25,-13.25,29.38
135.50,-13.25,29.20
135.75,-13.25,29.12
136.00,-13.25,29.20
136.25,-13.25,29.55
136.50,-13.25,29.97
136.75,-13.25,30.12
137.00,-13.25,29.83
137.25,-13.25,29.33
137.50,-13.25,28.89
137.75,-13.25,28.69
138.00,-13.25,28.66
138.25,-13.25,28.66
138.50,-13.25,28.68
138.75,-13.25,28.75
139.00,-13.25,28.83
139.25,-13.25,28.90
139.50,-13.25,28.96
139.75,-13.25,29.02
140.00,-13.25,29.07
140.25,-13.25,29.13
140.50,-13.25,29.22
140.75,-13.25,29.39
141.00,-13.25,29.79
141.25,-13.25,30.72
141.50,-13.25,32.34
141.75,-13.25,34.38
142.00,-13.25,36.08
142.25,-13.25,37.19
142.50,-13.25,37.67
142.75,-13.25,37.63
143.00,-13.25,37.34
143.25,-13.25,36.85
143.50,-13.25,35.90
143.75,-13.25,33.73
144.00,-13.25,29.41
144.25,-13.25,24.45
144.50,-13.25,20.90
144.75,-13.25,18.79
145.00,-13.25,17.48
145.25,-13.25,16.85
145.50,-13.25,16.58
145.75,-13.25,16.55
146.00,-13.25,16.71
146.25,-13.25,17.05
146.50,-13.25,17.43
146.75,-13.25,17.63
147.00,-13.25,17.41
147.25,-13.25,16.44
147.50,-13.25,15.24
147.75,-13.25,14.24
148.00,-13.25,13.37
148.25,-13.25,12.62
148.50,-13.25,12.10
148.75,-13.25,11.88
149.00,-13.25,11.85
149.25,-13.25,11.94
149.50,-13.25,12.10
149.75,-13.25,12.30
150.00,-13.25,12.51
150.25,-13.25,12.69
150.50,-13.25,12.88
150.75,-13.25,13.08
151.00,-13.25,13.22
151.25,-13.25,13.23
151.50,-13.25,13.00
151.75,-13.25,12.51
152.00,-13.25,12.16
152.25,-13.25,12.37
152.50,-13.25,13.01
152.75,-13.25,13.83
153.00,-13.25,14.63
153.25,-13.25,15.23
153.50,-13.25,15.58
153.75,-13.25,15.80
154.00,-13.25,15.96
154.25,-13.25,16.18
154.50,-13.25,16.51
154.75,-13.25,17.02
155.00,-13.25,17.74
155.25,-13.25,18.63
155.50,-13.25,19.57
155.75,-13.25,20.36
110.25,-13.00,14.71
110.50,-13.00,15.04
110.75,-13.00,15.48
111.00,-13.00,15.53
111.25,-13.00,15.80
111.50,-13.00,15.72
111.75,-13.00,15.38
112.00,-13.00,15.03
112.25,-13.00,14.78
112.50,-13.00,14.58
112.75,-13.00,14.45
113.00,-13.00,14.28
113.25,-13.00,14.00
113.50,-13.00,13.80
113.75,-13.00,13.42
114.00,-13.00,13.31
114.25,-13.00,13.44
114.50,-13.00,13.51
114.75,-13.00,13.01
115.00,-13.00,12.47
115.25,-13.00,12.31
115.50,-13.00,12.41
115.75,-13.00,12.81
116.00,-13.00,13.62
116.25,-13.00,13.78
116.50,-13.00,13.59
116.75,-13.00,13.30
117.00,-13.00,13.21
117.25,-13.00,13.43
117.50,-13.00,13.74
117.75,-13.00,14.02
118.00,-13.00,14.26
118.25,-13.00,14.48
118.50,-13.00,14.63
118.75,-13.00,14.64
119.00,-13.00,14.67
119.25,-13.00,14.87
119.50,-13.00,15.61
119.75,-13.00,18.10
120.00,-13.00,21.91
120.25,-13.00,23.53
120.50,-13.00,23.98
120.75,-13.00,24.14
121.00,-13.00,24.18
121.25,-13.00,24.14
121.50,-13.00,24.32
121.75,-13.00,23.93
122.00,-13.00,24.19
122.25,-13.00,24.18
122.50,-13.00,24.54
122.75,-13.00,24.92
123.00,-13.00,25.16
123.25,-13.00,25.51
123.50,-13.00,25.61
123.75,-13.00,25.83
124.00,-13.00,26.16
124.25,-13.00,26.84
124.50,-13.00,28.24
124.75,-13.00,28.49
125.00,-13.00,29.04
125.25,-13.00,29.24
125.50,-13.00,29.30
125.75,-13.00,29.36
126.00,-13.00,29.46
126.25,-13.00,29.43
126.50,-13.00,29.30
126.75,-13.00,28.84
127.00,-13.00,28.01
127.25,-13.00,26.88
127.50,-13.00,25.85
127.75,-13.00,25.06
128.00,-13.00,24.77
128.25,-13.00,24.85
128.50,-13.00,25.19
128.75,-13.00,25.66
129.00,-13.00,26.40
129.25,-13.00,27.18
129.50,-13.00,28.39
129.75,-13.00,29.68
130.00,-13.00,31.10
130.25,-13.00,31.70
130.50,-13.00,32.37
130.75,-13.00,32.87
131.00,-13.00,33.65
131.25,-13.00,34.54
131.50,-13.00,35.50
131.75,-13.00,35.99
132.00,-13.00,36.24
132.25,-13.00,36.61
132.50,-13.00,36.94
132.75,-13.00,36.85
133.00,-13.00,36.08
133.25,-13.00,34.25
133.50,-13.00,31.88
133.75,-13.00,30.62
134.00,-13.00,30.24
134.25,-13.00,29.99
134.50,-13.00,29.74
134.75,-13.00,29.54
135.00,-13.00,29.39
135.25,-13.00,29.19
135.50,-13.00,29.13
135.75,-13.00,29.22
136.00,-13.00,30.58
136.25,-13.00,31.17
136.50,-13.00,33.60
136.75,-13.00,32.75
137.00,-13.00,33.77
137.25,-13.00,31.23
137.50,-13.00,29.84
137.75,-13.00,28.96
138.00,-13.00,28.77
138.25,-13.00,28.65
138.50,-13.00,28.72
138.75,-13.00,28.77
139.00,-13.00,28.86
139.25,-13.00,28.96
139.50,-13.00,29.02
139.75,-13.00,29.07
140.00,-13.00,29.15
140.25,-13.00,29.17
140.50,-13.00,29.30
140.75,-13.00,29.36
141.00,-13.00,29.61
141.25,-13.00,30.20
141.50,-13.00,32.56
141.75,-13.00,33.16
142.00,-13.00,34.88
142.25,-13.00,36.14
142.50,-13.00,37.56
142.75,-13.00,36.93
143.00,-13.00,37.33
143.25,-13.00,35.75
143.50,-13.00,33.98
143.75,-13.00,30.76
144.00,-13.00,28.45
144.25,-13.00,22.34
144.50,-13.00,19.47
144.75,-13.00,17.72
145.00,-13.00,16.66
145.25,-13.00,16.20
145.50,-13.00,16.17
145.75,-13.00,15.99
146.00,-13.00,16.20
146.25,-13.00,16.15
146.50,-13.00,16.26
146.75,-13.00,16.22
147.00,-13.00,15.82
147.25,-13.00,14.84
147.50,-13.00,13.81
147.75,-13.00,13.22
148.00,-13.00,12.85
148.25,-13.00,12.54
148.50,-13.00,12.27
148.75,-13.00,12.15
149.00,-13.00,12.12
149.25,-13.00,12.32
149.50,-13.00,12.59
149.75,-13.00,12.91
150.00,-13.00,13.17
150.25,-13.00,13.20
150.50,-13.00,13.23
150.75,-13.00,13.23
151.00,-13.00,13.49
151.25,-13.00,12.86
151.50,-13.00,12.48
151.75,-13.00,12.08
152.00,-13.00,11.94
152.25,-13.00,12.33
152.50,-13.00,13.21
152.75,-13.00,13.76
153.00,-13.00,14.50
153.25,-13.00,15.11
153.50,-13.00,15.83
153.75,-13.00,15.80
154.00,-13.00,15.97
154.25,-13.00,16.11
154.50,-13.00,16.34
154.75,-13.00,16.92
155.00,-13.00,17.86
155.25,-13.00,18.98
155.50,-13.00,19.38
155.75,-13.00,20.64
110.25,-12.75,14.98
110.50,-12.75,15.49
110.75,-12.75,15.95
111.00,-12.75,16.36
111.25,-12.75,16.61
111.50,-12.75,16.64
111.75,-12.75,16.32
112.00,-12.75,15.86
112.25,-12.75,15.43
112.50,-12.75,15.07
112.75,-12.75,14.83
113.00,-12.75,14.60
113.25,-12.75,14.26
113.50,-12.75,13.88
113.75,-12.75,13.55
114.00,-12.75,13.35
114.25,-12.75,13.37
114.50,-12.75,13.29
114.75,-12.75,12.66
115.00,-12.75,12.19
115.25,-12.75,12.05
115.50,-12.75,12.10
115.75,-12.75,12.36
116.00,-12.75,12.97
116.25,-12.75,13.35
116.50,-12.75,13.20
116.75,-12.75,12.98
117.00,-12.75,12.96
117.25,-12.75,13.22
117.50,-12.75,13.63
117.75,-12.75,14.08
118.00,-12.75,14.53
118.25,-12.75,14.95
118.50,-12.75,15.12
118.75,-12.75,14.97
119.00,-12.75,14.87
119.25,-12.75,15.03
119.50,-12.75,15.71
119.75,-12.75,17.75
120.00,-12.75,21.10
120.25,-12.75,22.94
120.50,-12.75,23.52
120.75,-12.75,23.71
121.00,-12.75,23.69
121.25,-12.75,23.55
121.50,-12.75,23.33
121.75,-12.75,23.17
122.00,-12.75,23.19
122.25,-12.75,23.41
122.50,-12.75,23.76
122.75,-12.75,24.15
123.00,-12.75,24.52
123.25,-12.75,24.84
123.50,-12.75,25.10
123.75,-12.75,25.34
124.00,-12.75,25.74
124.25,-12.75,26.38
124.50,-12.75,27.12
124.75,-12.75,27.79
125.00,-12.75,28.26
125.25,-12.75,28.52
125.50,-12.75,28.71
125.75,-12.75,28.86
126.00,-12.75,29.01
126.25,-12.75,29.09
126.50,-12.75,28.97
126.75,-12.75,28.50
127.00,-12.75,27.60
127.25,-12.75,26.41
127.50,-12.75,25.38
127.75,-12.75,24.87
128.00,-12.75,24.85
128.25,-12.75,25.16
128.50,-12.75,25.66
128.75,-12.75,26.32
129.00,-12.75,27.14
129.25,-12.75,28.15
129.50,-12.75,29.28
129.75,-12.75,30.43
130.00,-12.75,31.37
130.25,-12.75,31.97
130.50,-12.75,32.39
130.75,-12.75,32.76
131.00,-12.75,33.11
131.25,-12.75,33.46
131.50,-12.75,33.82
131.75,-12.75,34.27
132.00,-12.75,35.21
132.25,-12.75,36.43
132.50,-12.75,37.05
132.75,-12.75,37.06
133.00,-12.75,36.41
133.25,-12.75,34.69
133.50,-12.75,32.06
133.75,-12.75,30.46
134.00,-12.75,29.98
134.25,-12.75,29.76
134.50,-12.75,29.56
134.75,-12.75,29.36
135.00,-12.75,29.17
135.25,-12.75,29.00
135.50,-12.75,28.98
135.75,-12.75,29.57
136.00,-12.75,31.25
136.25,-12.75,33.33
136.50,-12.75,34.60
136.75,-12.75,35.01
137.00,-12.75,34.70
137.25,-12.75,33.62
137.50,-12.75,31.62
137.75,-12.75,29.70
138.00,-12.75,28.85
138.25,-12.75,28.69
138.50,-12.75,28.71
138.75,-12.75,28.81
139.00,-12.75,28.93
139.25,-12.75,29.02
139.50,-12.75,29.09
139.75,-12.75,29.15
140.00,-12.75,29.21
140.25,-12.75,29.27
140.50,-12.75,29.33
140.75,-12.75,29.40
141.00,-12.75,29.53
141.25,-12.75,29.86
141.50,-12.75,30.60
141.75,-12.75,31.90
142.00,-12.75,33.37
142.25,-12.75,34.61
142.50,-12.75,35.34
142.75,-12.75,35.50
143.00,-12.75,35.06
143.25,-12.75,33.82
143.50,-12.75,31.54
143.75,-12.75,28.11
144.00,-12.75,24.21
144.25,-12.75,20.88
144.50,-12.75,18.44
144.75,-12.75,16.96
145.00,-12.75,16.11
145.25,-12.75,15.80
145.50,-12.75,15.70
145.75,-12.75,15.64
146.00,-12.75,15.56
146.25,-12.75,15.41
146.50,-12.75,15.20
146.75,-12.75,14.87
147.00,-12.75,14.37
147.25,-12.75,13.62
147.50,-12.75,13.01
147.75,-12.75,12.97
148.00,-12.75,13.11
148.25,-12.75,13.08
148.50,-12.75,12.87
148.75,-12.75,12.69
149.00,-12.75,12.68
149.25,-12.75,12.85
149.50,-12.75,13.21
149.75,-12.75,13.60
150.00,-12.75,13.81
150.25,-12.75,13.82
150.50,-12.75,13.76
150.75,-12.75,13.70
151.00,-12.75,13.54
151.25,-12.75,13.20
151.50,-12.75,12.77
151.75,-12.75,12.34
152.00,-12.75,12.20
152.25,-12.75,12.57
152.50,-12.75,13.19
152.75,-12.75,13.85
153.00,-12.75,14.51
153.25,-12.75,15.12
153.50,-12.75,15.58
153.75,-12.75,15.91
154.00,-12.75,16.10
154.25,-12.75,16.20
154.50,-12.75,16.40
154.75,-12.75,17.01
155.00,-12.75,17.99
155.25,-12.75,19.10
155.50,-12.75,20.03
155.75,-12.75,20.46
110.25,-12.50,14.95
110.50,-12.50,15.39
110.75,-12.50,16.12
111.00,-12.50,16.69
111.25,-12.50,17.12
111.50,-12.50,17.29
111.75,-12.50,17.05
112.00,-12.50,16.60
112.25,-12.50,16.05
112.50,-12.50,15.57
112.75,-12.50,15.26
113.00,-12.50,14.99
113.25,-12.50,14.60
113.50,-12.50,14.18
113.75,-12.50,13.80
114.00,-12.50,13.54
114.25,-12.50,13.48
114.50,-12.50,13.37
114.75,-12.50,12.79
115.00,-12.50,12.22
115.25,-12.50,12.17
115.50,-12.50,12.22
115.75,-12.50,12.42
116.00,-12.50,12.77
116.25,-12.50,12.91
116.50,-12.50,12.77
116.75,-12.50,12.65
117.00,-12.50,12.67
117.25,-12.50,12.92
117.50,-12.50,13.41
117.75,-12.50,14.10
118.00,-12.50,14.81
118.25,-12.50,15.46
118.50,-12.50,15.73
118.75,-12.50,15.41
119.00,-12.50,15.09
119.25,-12.50,15.11
119.50,-12.50,15.60
119.75,-12.50,17.26
120.00,-12.50,20.20
120.25,-12.50,22.12
120.50,-12.50,22.80
120.75,-12.50,22.99
121.00,-12.50,22.90
121.25,-12.50,22.67
121.50,-12.50,22.44
121.75,-12.50,22.39
122.00,-12.50,22.54
122.25,-12.50,22.79
122.50,-12.50,23.11
122.75,-12.50,23.48
123.00,-12.50,23.97
123.25,-12.50,24.23
123.50,-12.50,24.64
123.75,-12.50,25.10
124.00,-12.50,25.70
124.25,-12.50,26.38
124.50,-12.50,27.03
124.75,-12.50,27.59
125.00,-12.50,27.98
125.25,-12.50,28.23
125.50,-12.50,28.39
125.75,-12.50,28.49
126.00,-12.50,28.55
126.25,-12.50,28.60
126.50,-12.50,28.48
126.75,-12.50,28.01
127.00,-12.50,27.10
127.25,-12.50,25.94
127.50,-12.50,25.06
127.75,-12.50,24.83
128.00,-12.50,25.08
128.25,-12.50,25.60
128.50,-12.50,26.29
128.75,-12.50,27.15
129.00,-12.50,28.15
129.25,-12.50,29.25
129.50,-12.50,30.34
129.75,-12.50,31.29
130.00,-12.50,32.06
130.25,-12.50,32.25
130.50,-12.50,32.49
130.75,-12.50,32.70
131.00,-12.50,32.88
131.25,-12.50,32.90
131.50,-12.50,33.02
131.75,-12.50,33.28
132.00,-12.50,34.65
132.25,-12.50,36.23
132.50,-12.50,36.92
132.75,-12.50,36.91
133.00,-12.50,36.19
133.25,-12.50,34.35
133.50,-12.50,31.72
133.75,-12.50,30.20
134.00,-12.50,29.84
134.25,-12.50,29.56
134.50,-12.50,29.39
134.75,-12.50,29.20
135.00,-12.50,29.00
135.25,-12.50,28.81
135.50,-12.50,29.25
135.75,-12.50,30.07
136.00,-12.50,32.55
136.25,-12.50,34.71
136.50,-12.50,35.71
136.75,-12.50,36.00
137.00,-12.50,35.80
137.25,-12.50,35.01
137.50,-12.50,33.14
137.75,-12.50,30.60
138.00,-12.50,29.11
138.25,-12.50,28.76
138.50,-12.50,28.76
138.75,-12.50,28.86
139.00,-12.50,28.99
139.25,-12.50,29.09
139.50,-12.50,29.17
139.75,-12.50,29.24
140.00,-12.50,29.31
140.25,-12.50,29.37
140.50,-12.50,29.41
140.75,-12.50,29.44
141.00,-12.50,29.50
141.25,-12.50,29.65
141.50,-12.50,30.05
141.75,-12.50,30.85
142.00,-12.50,31.86
142.25,-12.50,32.81
142.50,-12.50,33.43
142.75,-12.50,33.55
143.00,-12.50,33.04
143.25,-12.50,31.70
143.50,-12.50,29.46
143.75,-12.50,26.32
144.00,-12.50,22.95
144.25,-12.50,20.06
144.50,-12.50,17.88
144.75,-12.50,16.64
145.00,-12.50,15.97
145.25,-12.50,15.75
145.50,-12.50,15.70
145.75,-12.50,15.64
146.00,-12.50,15.46
146.25,-12.50,15.09
146.50,-12.50,14.60
146.75,-12.50,14.05
147.00,-12.50,13.51
147.25,-12.50,13.04
147.50,-12.50,12.87
147.75,-12.50,13.29
148.00,-12.50,13.84
148.25,-12.50,14.01
148.50,-12.50,13.77
148.75,-12.50,13.45
149.00,-12.50,13.33
149.25,-12.50,13.43
149.50,-12.50,13.74
149.75,-12.50,14.08
150.00,-12.50,14.25
150.25,-12.50,14.27
150.50,-12.50,14.24
150.75,-12.50,14.23
151.00,-12.50,14.13
151.25,-12.50,13.92
151.50,-12.50,13.57
151.75,-12.50,13.10
152.00,-12.50,13.38
152.25,-12.50,13.14
152.50,-12.50,14.06
152.75,-12.50,14.35
153.00,-12.50,15.01
153.25,-12.50,15.69
153.50,-12.50,16.25
153.75,-12.50,16.62
154.00,-12.50,16.81
154.25,-12.50,16.77
154.50,-12.50,16.78
154.75,-12.50,17.19
155.00,-12.50,17.93
155.25,-12.50,18.86
155.50,-12.50,19.65
155.75,-12.50,19.98
110.25,-12.25,14.87
110.50,-12.25,15.24
110.75,-12.25,15.83
111.00,-12.25,16.45
111.25,-12.25,17.00
111.50,-12.25,17.30
111.75,-12.25,17.15
112.00,-12.25,16.75
112.25,-12.25,16.27
112.50,-12.25,15.84
112.75,-12.25,15.58
113.00,-12.25,15.33
113.25,-12.25,14.96
113.50,-12.25,14.53
113.75,-12.25,14.16
114.00,-12.25,13.90
114.25,-12.25,13.78
114.50,-12.25,13.65
114.75,-12.25,13.22
115.00,-12.25,12.87
115.25,-12.25,12.81
115.50,-12.25,12.83
115.75,-12.25,12.86
116.00,-12.25,12.80
116.25,-12.25,12.58
116.50,-12.25,12.42
116.75,-12.25,12.36
117.00,-12.25,12.39
117.25,-12.25,12.59
117.50,-12.25,13.11
117.75,-12.25,13.99
118.00,-12.25,14.96
118.25,-12.25,15.77
118.50,-12.25,16.16
118.75,-12.25,15.90
119.00,-12.25,15.46
119.25,-12.25,15.40
119.50,-12.25,15.90
119.75,-12.25,17.37
120.00,-12.25,19.64
120.25,-12.25,21.17
120.50,-12.25,21.84
120.75,-12.25,22.01
121.00,-12.25,21.91
121.25,-12.25,21.79
121.50,-12.25,21.80
121.75,-12.25,22.02
122.00,-12.25,22.34
122.25,-12.25,22.61
122.50,-12.25,22.88
122.75,-12.25,23.19
123.00,-12.25,23.50
123.25,-12.25,23.89
123.50,-12.25,24.41
123.75,-12.25,25.08
124.00,-12.25,25.81
124.25,-12.25,26.47
124.50,-12.25,27.02
124.75,-12.25,27.50
125.00,-12.25,27.86
125.25,-12.25,28.11
125.50,-12.25,28.26
125.75,-12.25,28.27
126.00,-12.25,28.17
126.25,-12.25,28.03
126.50,-12.25,27.76
126.75,-12.25,27.22
127.00,-12.25,26.32
127.25,-12.25,25.32
127.50,-12.25,24.76
127.75,-12.25,24.89
128.00,-12.25,25.42
128.25,-12.25,26.17
128.50,-12.25,27.08
128.75,-12.25,28.15
129.00,-12.25,29.30
129.25,-12.25,30.43
129.50,-12.25,31.43
129.75,-12.25,32.18
130.00,-12.25,32.52
130.25,-12.25,32.54
130.50,-12.25,32.55
130.75,-12.25,32.63
131.00,-12.25,32.65
131.25,-12.25,32.56
131.50,-12.25,32.43
131.75,-12.25,32.66
132.00,-12.25,34.00
132.25,-12.25,35.65
132.50,-12.25,36.38
132.75,-12.25,36.27
133.00,-12.25,35.27
133.25,-12.25,33.20
133.50,-12.25,30.94
133.75,-12.25,29.89
134.00,-12.25,29.59
134.25,-12.25,29.43
134.50,-12.25,29.25
134.75,-12.25,29.04
135.00,-12.25,28.80
135.25,-12.25,28.62
135.50,-12.25,28.82
135.75,-12.25,30.36
136.00,-12.25,33.18
136.25,-12.25,35.23
136.50,-12.25,36.07
136.75,-12.25,36.30
137.00,-12.25,36.15
137.25,-12.25,35.50
137.50,-12.25,33.83
137.75,-12.25,31.15
138.00,-12.25,29.32
138.25,-12.25,28.86
138.50,-12.25,28.84
138.75,-12.25,28.94
139.00,-12.25,29.06
139.25,-12.25,29.16
139.50,-12.25,29.24
139.75,-12.25,29.31
140.00,-12.25,29.37
140.25,-12.25,29.41
140.50,-12.25,29.44
140.75,-12.25,29.45
141.00,-12.25,29.47
141.25,-12.25,29.55
141.50,-12.25,29.76
141.75,-12.25,30.19
142.00,-12.25,30.75
142.25,-12.25,31.29
142.50,-12.25,31.65
142.75,-12.25,31.66
143.00,-12.25,31.16
143.25,-12.25,29.95
143.50,-12.25,28.06
143.75,-12.25,25.45
144.00,-12.25,22.63
144.25,-12.25,20.08
144.50,-12.25,18.09
144.75,-12.25,17.04
145.00,-12.25,16.54
145.25,-12.25,16.36
145.50,-12.25,16.30
145.75,-12.25,16.24
146.00,-12.25,16.05
146.25,-12.25,15.60
146.50,-12.25,15.02
146.75,-12.25,14.42
147.00,-12.25,13.91
147.25,-12.25,13.63
147.50,-12.25,13.68
147.75,-12.25,14.24
148.00,-12.25,14.90
148.25,-12.25,15.18
148.50,-12.25,14.94
148.75,-12.25,14.44
149.00,-12.25,14.13
149.25,-12.25,14.06
149.50,-12.25,14.19
149.75,-12.25,14.39
150.00,-12.25,14.52
150.25,-12.25,14.60
150.50,-12.25,14.71
150.75,-12.25,14.86
151.00,-12.25,15.02
151.25,-12.25,15.12
151.50,-12.25,15.00
151.75,-12.25,14.44
152.00,-12.25,13.98
152.25,-12.25,14.23
152.50,-12.25,14.85
152.75,-12.25,15.57
153.00,-12.25,16.40
153.25,-12.25,17.38
153.50,-12.25,18.18
153.75,-12.25,18.50
154.00,-12.25,18.42
154.25,-12.25,17.89
154.50,-12.25,17.36
154.75,-12.25,17.31
155.00,-12.25,17.65
155.25,-12.25,18.36
155.50,-12.25,19.04
155.75,-12.25,19.36
110.25,-12.00,14.94
110.50,-12.00,14.85
110.75,-12.00,15.25
111.00,-12.00,15.82
111.25,-12.00,16.42
111.50,-12.00,16.81
111.75,-12.00,16.76
112.00,-12.00,16.48
112.25,-12.00,16.17
112.50,-12.00,15.91
112.75,-12.00,15.75
113.00,-12.00,15.57
113.25,-12.00,15.24
113.50,-12.00,14.88
113.75,-12.00,14.57
114.00,-12.00,14.33
114.25,-12.00,14.19
114.50,-12.00,13.99
114.75,-12.00,13.54
115.00,-12.00,13.28
115.25,-12.00,13.24
115.50,-12.00,13.24
115.75,-12.00,13.22
116.00,-12.00,13.11
116.25,-12.00,12.74
116.50,-12.00,12.44
116.75,-12.00,12.34
117.00,-12.00,12.31
117.25,-12.00,12.40
117.50,-12.00,12.80
117.75,-12.00,13.70
118.00,-12.00,14.77
118.25,-12.00,15.69
118.50,-12.00,16.24
118.75,-12.00,16.33
119.00,-12.00,16.12
119.25,-12.00,16.12
119.50,-12.00,16.62
119.75,-12.00,17.76
120.00,-12.00,19.14
120.25,-12.00,20.16
120.50,-12.00,20.76
120.75,-12.00,21.00
121.00,-12.00,21.06
121.25,-12.00,21.26
121.50,-12.00,21.96
121.75,-12.00,22.11
122.00,-12.00,22.67
122.25,-12.00,23.03
122.50,-12.00,23.59
122.75,-12.00,24.10
123.00,-12.00,24.25
123.25,-12.00,24.26
123.50,-12.00,24.56
123.75,-12.00,25.21
124.00,-12.00,25.88
124.25,-12.00,26.44
124.50,-12.00,27.17
124.75,-12.00,27.35
125.00,-12.00,27.70
125.25,-12.00,27.96
125.50,-12.00,28.11
125.75,-12.00,28.09
126.00,-12.00,28.27
126.25,-12.00,27.49
126.50,-12.00,26.88
126.75,-12.00,26.04
127.00,-12.00,25.08
127.25,-12.00,24.39
127.50,-12.00,24.33
127.75,-12.00,24.91
128.00,-12.00,26.07
128.25,-12.00,26.82
128.50,-12.00,27.98
128.75,-12.00,29.22
129.00,-12.00,30.40
129.25,-12.00,31.51
129.50,-12.00,32.37
129.75,-12.00,32.93
130.00,-12.00,33.19
130.25,-12.00,32.85
130.50,-12.00,32.60
130.75,-12.00,32.50
131.00,-12.00,32.53
131.25,-12.00,32.23
131.50,-12.00,32.14
131.75,-12.00,32.00
132.00,-12.00,32.89
132.25,-12.00,34.27
132.50,-12.00,34.92
132.75,-12.00,34.60
133.00,-12.00,33.27
133.25,-12.00,31.40
133.50,-12.00,30.09
133.75,-12.00,29.62
134.00,-12.00,29.47
134.25,-12.00,29.34
134.50,-12.00,29.16
134.75,-12.00,28.91
135.00,-12.00,28.65
135.25,-12.00,28.47
135.50,-12.00,29.19
135.75,-12.00,30.17
136.00,-12.00,34.31
136.25,-12.00,35.06
136.50,-12.00,35.96
136.75,-12.00,36.21
137.00,-12.00,36.60
137.25,-12.00,35.35
137.50,-12.00,33.61
137.75,-12.00,31.00
138.00,-12.00,29.33
138.25,-12.00,28.94
138.50,-12.00,28.94
138.75,-12.00,29.02
139.00,-12.00,29.12
139.25,-12.00,29.21
139.50,-12.00,29.29
139.75,-12.00,29.35
140.00,-12.00,29.40
140.25,-12.00,29.43
140.50,-12.00,29.44
140.75,-12.00,29.44
141.00,-12.00,29.50
141.25,-12.00,29.51
141.50,-12.00,29.63
141.75,-12.00,29.85
142.00,-12.00,30.11
142.25,-12.00,30.33
142.50,-12.00,30.85
142.75,-12.00,30.33
143.00,-12.00,29.87
143.25,-12.00,28.84
143.50,-12.00,27.32
143.75,-12.00,25.24
144.00,-12.00,22.93
144.25,-12.00,20.64
144.50,-12.00,18.80
144.75,-12.00,17.91
145.00,-12.00,17.53
145.25,-12.00,17.37
145.50,-12.00,17.30
145.75,-12.00,17.26
146.00,-12.00,17.10
146.25,-12.00,16.68
146.50,-12.00,16.43
146.75,-12.00,15.54
147.00,-12.00,15.06
147.25,-12.00,14.87
147.50,-12.00,14.98
147.75,-12.00,15.52
148.00,-12.00,16.14
148.25,-12.00,16.49
148.50,-12.00,16.33
148.75,-12.00,15.75
149.00,-12.00,15.20
149.25,-12.00,14.88
149.50,-12.00,14.52
149.75,-12.00,14.83
150.00,-12.00,14.94
150.25,-12.00,15.11
150.50,-12.00,15.39
150.75,-12.00,15.78
151.00,-12.00,16.29
151.25,-12.00,16.73
151.50,-12.00,16.74
151.75,-12.00,16.08
152.00,-12.00,16.34
152.25,-12.00,15.76
152.50,-12.00,16.49
152.75,-12.00,17.39
153.00,-12.00,18.46
153.25,-12.00,19.76
153.50,-12.00,20.80
153.75,-12.00,21.02
154.00,-12.00,20.57
154.25,-12.00,19.44
154.50,-12.00,18.26
154.75,-12.00,17.66
155.00,-12.00,17.55
155.25,-12.00,17.93
155.50,-12.00,18.35
155.75,-12.00,18.74
110.25,-11.75,15.01
110.50,-11.75,14.36
110.75,-11.75,14.45
111.00,-11.75,14.85
111.25,-11.75,15.39
111.50,-11.75,15.81
111.75,-11.75,15.89
112.00,-11.75,15.81
112.25,-11.75,15.73
112.50,-11.75,15.68
112.75,-11.75,15.65
113.00,-11.75,15.58
113.25,-11.75,15.38
113.50,-11.75,15.14
113.75,-11.75,14.95
114.00,-11.75,14.79
114.25,-11.75,14.65
114.50,-11.75,14.48
114.75,-11.75,14.35
115.00,-11.75,14.39
115.25,-11.75,14.44
115.50,-11.75,14.45
115.75,-11.75,14.44
116.00,-11.75,14.33
116.25,-11.75,13.81
116.50,-11.75,13.22
116.75,-11.75,12.92
117.00,-11.75,12.71
117.25,-11.75,12.57
117.50,-11.75,12.70
117.75,-11.75,13.31
118.00,-11.75,14.23
118.25,-11.75,15.14
118.50,-11.75,15.81
118.75,-11.75,16.20
119.00,-11.75,16.40
119.25,-11.75,16.64
119.50,-11.75,17.08
119.75,-11.75,17.78
120.00,-11.75,18.65
120.25,-11.75,19.48
120.50,-11.75,20.16
120.75,-11.75,20.61
121.00,-11.75,20.99
121.25,-11.75,21.54
121.50,-11.75,22.21
121.75,-11.75,22.91
122.00,-11.75,23.78
122.25,-11.75,25.36
122.50,-11.75,27.61
122.75,-11.75,29.12
123.00,-11.75,28.79
123.25,-11.75,27.14
123.50,-11.75,25.74
123.75,-11.75,25.55
124.00,-11.75,25.92
124.25,-11.75,26.34
124.50,-11.75,26.75
124.75,-11.75,27.15
125.00,-11.75,27.48
125.25,-11.75,27.73
125.50,-11.75,27.87
125.75,-11.75,27.85
126.00,-11.75,27.59
126.25,-11.75,27.04
126.50,-11.75,26.07
126.75,-11.75,24.83
127.00,-11.75,23.75
127.25,-11.75,23.43
127.50,-11.75,23.85
127.75,-11.75,24.77
128.00,-11.75,26.02
128.25,-11.75,27.45
128.50,-11.75,28.86
128.75,-11.75,30.20
129.00,-11.75,31.37
129.25,-11.75,32.31
129.50,-11.75,32.99
129.75,-11.75,33.37
130.00,-11.75,33.41
130.25,-11.75,33.12
130.50,-11.75,32.69
130.75,-11.75,32.39
131.00,-11.75,32.15
131.25,-11.75,31.87
131.50,-11.75,31.51
131.75,-11.75,31.25
132.00,-11.75,31.44
132.25,-11.75,32.03
132.50,-11.75,32.30
132.75,-11.75,31.86
133.00,-11.75,30.86
133.25,-11.75,29.96
133.50,-11.75,29.54
133.75,-11.75,29.44
134.00,-11.75,29.41
134.25,-11.75,29.31
134.50,-11.75,29.13
134.75,-11.75,28.87
135.00,-11.75,28.59
135.25,-11.75,28.43
135.50,-11.75,28.58
135.75,-11.75,29.68
136.00,-11.75,31.99
136.25,-11.75,34.20
136.50,-11.75,35.33
136.75,-11.75,35.66
137.00,-11.75,35.42
137.25,-11.75,34.50
137.50,-11.75,32.54
137.75,-11.75,30.29
138.00,-11.75,29.19
138.25,-11.75,28.99
138.50,-11.75,29.03
138.75,-11.75,29.10
139.00,-11.75,29.17
139.25,-11.75,29.24
139.50,-11.75,29.31
139.75,-11.75,29.36
140.00,-11.75,29.40
140.25,-11.75,29.42
140.50,-11.75,29.44
140.75,-11.75,29.46
141.00,-11.75,29.49
141.25,-11.75,29.52
141.50,-11.75,29.58
141.75,-11.75,29.70
142.00,-11.75,29.82
142.25,-11.75,29.91
142.50,-11.75,29.90
142.75,-11.75,29.67
143.00,-11.75,29.19
143.25,-11.75,28.34
143.50,-11.75,27.15
143.75,-11.75,25.53
144.00,-11.75,23.65
144.25,-11.75,21.63
144.50,-11.75,19.94
144.75,-11.75,19.12
145.00,-11.75,18.79
145.25,-11.75,18.67
145.50,-11.75,18.64
145.75,-11.75,18.66
146.00,-11.75,18.58
146.25,-11.75,18.25
146.50,-11.75,17.77
146.75,-11.75,17.20
147.00,-11.75,16.70
147.25,-11.75,16.48
147.50,-11.75,16.55
147.75,-11.75,16.99
148.00,-11.75,17.52
148.25,-11.75,17.84
148.50,-11.75,17.78
148.75,-11.75,17.30
149.00,-11.75,16.65
149.25,-11.75,16.11
149.50,-11.75,15.82
149.75,-11.75,15.75
150.00,-11.75,15.86
150.25,-11.75,16.17
150.50,-11.75,16.71
150.75,-11.75,17.43
151.00,-11.75,18.20
151.25,-11.75,18.65
151.50,-11.75,18.54
151.75,-11.75,17.90
152.00,-11.75,17.42
152.25,-11.75,17.81
152.50,-11.75,18.69
152.75,-11.75,19.79
153.00,-11.75,21.02
153.25,-11.75,22.31
153.50,-11.75,23.27
153.75,-11.75,23.37
154.00,-11.75,22.74
154.25,-11.75,21.32
154.50,-11.75,19.77
154.75,-11.75,18.69
155.00,-11.75,18.05
155.25,-11.75,17.90
155.50,-11.75,18.01
155.75,-11.75,18.22
110.25,-11.50,14.87
110.50,-11.50,13.89
110.75,-11.50,13.67
111.00,-11.50,13.85
111.25,-11.50,14.25
111.50,-11.50,14.65
111.75,-11.50,14.87
112.00,-11.50,15.01
112.25,-11.50,15.16
112.50,-11.50,15.31
112.75,-11.50,15.42
113.00,-11.50,15.48
113.25,-11.50,15.44
113.50,-11.50,15.37
113.75,-11.50,15.31
114.00,-11.50,15.25
114.25,-11.50,15.19
114.50,-11.50,15.29
114.75,-11.50,16.40
115.00,-11.50,17.62
115.25,-11.50,18.01
115.50,-11.50,18.09
115.75,-11.50,18.00
116.00,-11.50,17.44
116.25,-11.50,15.77
116.50,-11.50,14.50
116.75,-11.50,13.97
117.00,-11.50,13.57
117.25,-11.50,13.19
117.50,-11.50,13.00
117.75,-11.50,13.24
118.00,-11.50,13.78
118.25,-11.50,14.47
118.50,-11.50,15.11
118.75,-11.50,15.61
119.00,-11.50,16.02
119.25,-11.50,16.51
119.50,-11.50,17.10
119.75,-11.50,17.85
120.00,-11.50,18.80
120.25,-11.50,19.83
120.50,-11.50,20.74
120.75,-11.50,21.41
121.00,-11.50,22.02
121.25,-11.50,22.94
121.50,-11.50,24.16
121.75,-11.50,25.35
122.00,-11.50,26.99
122.25,-11.50,30.49
122.50,-11.50,34.32
122.75,-11.50,36.07
123.00,-11.50,37.81
123.25,-11.50,32.66
123.50,-11.50,28.85
123.75,-11.50,26.55
124.00,-11.50,26.04
124.25,-11.50,26.21
124.50,-11.50,26.54
124.75,-11.50,26.89
125.00,-11.50,27.21
125.25,-11.50,27.43
125.50,-11.50,27.55
125.75,-11.50,27.52
126.00,-11.50,27.23
126.25,-11.50,26.53
126.50,-11.50,25.26
126.75,-11.50,23.71
127.00,-11.50,22.63
127.25,-11.50,22.58
127.50,-11.50,23.35
127.75,-11.50,24.24
128.00,-11.50,25.82
128.25,-11.50,27.76
128.50,-11.50,29.49
128.75,-11.50,30.91
129.00,-11.50,32.17
129.25,-11.50,32.74
129.50,-11.50,33.17
129.75,-11.50,33.41
130.00,-11.50,33.67
130.25,-11.50,33.23
130.50,-11.50,33.19
130.75,-11.50,32.50
131.00,-11.50,32.11
131.25,-11.50,31.67
131.50,-11.50,31.52
131.75,-11.50,30.58
132.00,-11.50,30.20
132.25,-11.50,30.08
132.50,-11.50,29.98
132.75,-11.50,29.72
133.00,-11.50,29.38
133.25,-11.50,29.19
133.50,-11.50,29.17
133.75,-11.50,29.25
134.00,-11.50,29.32
134.25,-11.50,29.28
134.50,-11.50,29.14
134.75,-11.50,28.88
135.00,-11.50,28.61
135.25,-11.50,28.47
135.50,-11.50,28.55
135.75,-11.50,29.16
136.00,-11.50,30.56
136.25,-11.50,32.43
136.50,-11.50,33.74
136.75,-11.50,34.19
137.00,-11.50,33.81
137.25,-11.50,32.63
137.50,-11.50,30.83
137.75,-11.50,29.50
138.00,-11.50,29.07
138.25,-11.50,29.07
138.50,-11.50,29.13
138.75,-11.50,29.19
139.00,-11.50,29.23
139.25,-11.50,29.27
139.50,-11.50,29.32
139.75,-11.50,29.36
140.00,-11.50,29.40
140.25,-11.50,29.43
140.50,-11.50,29.46
140.75,-11.50,29.50
141.00,-11.50,29.53
141.25,-11.50,29.54
141.50,-11.50,29.57
141.75,-11.50,29.62
142.00,-11.50,29.68
142.25,-11.50,29.72
142.50,-11.50,29.49
142.75,-11.50,29.33
143.00,-11.50,28.83
143.25,-11.50,28.13
143.50,-11.50,27.22
143.75,-11.50,25.95
144.00,-11.50,24.03
144.25,-11.50,22.66
144.50,-11.50,21.14
144.75,-11.50,20.37
145.00,-11.50,20.03
145.25,-11.50,19.99
145.50,-11.50,20.02
145.75,-11.50,20.09
146.00,-11.50,20.09
146.25,-11.50,19.88
146.50,-11.50,19.51
146.75,-11.50,18.96
147.00,-11.50,18.45
147.25,-11.50,18.19
147.50,-11.50,18.21
147.75,-11.50,18.57
148.00,-11.50,18.99
148.25,-11.50,19.21
148.50,-11.50,19.21
148.75,-11.50,19.02
149.00,-11.50,18.62
149.25,-11.50,18.18
149.50,-11.50,17.91
149.75,-11.50,17.84
150.00,-11.50,18.10
150.25,-11.50,18.70
150.50,-11.50,19.55
150.75,-11.50,20.35
151.00,-11.50,20.88
151.25,-11.50,20.91
151.50,-11.50,20.51
151.75,-11.50,19.97
152.00,-11.50,20.49
152.25,-11.50,20.17
152.50,-11.50,21.01
152.75,-11.50,22.04
153.00,-11.50,23.07
153.25,-11.50,23.98
153.50,-11.50,24.55
153.75,-11.50,24.46
154.00,-11.50,23.79
154.25,-11.50,22.43
154.50,-11.50,20.91
154.75,-11.50,19.68
155.00,-11.50,18.74
155.25,-11.50,18.15
155.50,-11.50,18.42
155.75,-11.50,17.91
110.25,-11.25,14.66
110.50,-11.25,13.65
110.75,-11.25,13.22
111.00,-11.25,13.12
111.25,-11.25,13.32
111.50,-11.25,13.65
111.75,-11.25,13.99
112.00,-11.25,14.32
112.25,-11.25,14.64
112.50,-11.25,14.93
112.75,-11.25,15.19
113.00,-11.25,15.39
113.25,-11.25,15.54
113.50,-11.25,15.64
113.75,-11.25,15.70
114.00,-11.25,15.76
114.25,-11.25,15.89
114.50,-11.25,16.37
114.75,-11.25,18.21
115.00,-11.25,20.10
115.25,-11.25,20.95
115.50,-11.25,21.26
115.75,-11.25,21.18
116.00,-11.25,20.19
116.25,-11.25,17.62
116.50,-11.25,16.05
116.75,-11.25,15.48
117.00,-11.25,15.02
117.25,-11.25,14.47
117.50,-11.25,14.05
117.75,-11.25,14.03
118.00,-11.25,14.29
118.25,-11.25,14.69
118.50,-11.25,15.14
118.75,-11.25,15.59
119.00,-11.25,16.11
119.25,-11.25,16.92
119.50,-11.25,17.95
119.75,-11.25,19.22
120.00,-11.25,20.85
120.25,-11.25,22.62
120.50,-11.25,23.99
120.75,-11.25,24.58
121.00,-11.25,24.93
121.25,-11.25,26.13
121.50,-11.25,27.82
121.75,-11.25,29.04
122.00,-11.25,30.65
122.25,-11.25,34.53
122.50,-11.25,38.26
122.75,-11.25,39.49
123.00,-11.25,38.73
123.25,-11.25,36.30
123.50,-11.25,32.53
123.75,-11.25,28.75
124.00,-11.25,26.67
124.25,-11.25,26.26
124.50,-11.25,26.41
124.75,-11.25,26.66
125.00,-11.25,26.90
125.25,-11.25,27.07
125.50,-11.25,27.16
125.75,-11.25,27.10
126.00,-11.25,26.73
126.25,-11.25,25.85
126.50,-11.25,24.34
126.75,-11.25,22.70
127.00,-11.25,21.67
127.25,-11.25,21.60
127.50,-11.25,22.13
127.75,-11.25,23.11
128.00,-11.25,24.90
128.25,-11.25,27.32
128.50,-11.25,29.48
128.75,-11.25,31.11
129.00,-11.25,32.14
129.25,-11.25,32.55
129.50,-11.25,32.72
129.75,-11.25,32.98
130.00,-11.25,33.24
130.25,-11.25,33.23
130.50,-11.25,33.01
130.75,-11.25,32.72
131.00,-11.25,32.33
131.25,-11.25,31.82
131.50,-11.25,31.11
131.75,-11.25,30.20
132.00,-11.25,29.37
132.25,-11.25,28.91
132.50,-11.25,28.71
132.75,-11.25,28.57
133.00,-11.25,28.49
133.25,-11.25,28.54
133.50,-11.25,28.69
133.75,-11.25,28.93
134.00,-11.25,29.13
134.25,-11.25,29.19
134.50,-11.25,29.12
134.75,-11.25,28.91
135.00,-11.25,28.67
135.25,-11.25,28.52
135.50,-11.25,28.50
135.75,-11.25,28.78
136.00,-11.25,29.41
136.25,-11.25,30.42
136.50,-11.25,31.38
136.75,-11.25,31.76
137.00,-11.25,31.41
137.25,-11.25,30.53
137.50,-11.25,29.61
137.75,-11.25,29.18
138.00,-11.25,29.12
138.25,-11.25,29.20
138.50,-11.25,29.27
138.75,-11.25,29.31
139.00,-11.25,29.32
139.25,-11.25,29.34
139.50,-11.25,29.35
139.75,-11.25,29.38
140.00,-11.25,29.41
140.25,-11.25,29.47
140.50,-11.25,29.52
140.75,-11.25,29.55
141.00,-11.25,29.57
141.25,-11.25,29.56
141.50,-11.25,29.54
141.75,-11.25,29.55
142.00,-11.25,29.57
142.25,-11.25,29.57
142.50,-11.25,29.46
142.75,-11.25,29.11
143.00,-11.25,28.63
143.25,-11.25,28.06
143.50,-11.25,27.31
143.75,-11.25,26.23
144.00,-11.25,24.91
144.25,-11.25,23.41
144.50,-11.25,22.10
144.75,-11.25,21.39
145.00,-11.25,21.08
145.25,-11.25,21.05
145.50,-11.25,21.13
145.75,-11.25,21.24
146.00,-11.25,21.29
146.25,-11.25,21.21
146.50,-11.25,20.98
146.75,-11.25,20.54
147.00,-11.25,20.11
147.25,-11.25,19.91
147.50,-11.25,19.93
147.75,-11.25,20.28
148.00,-11.25,20.64
148.25,-11.25,20.69
148.50,-11.25,20.66
148.75,-11.25,20.78
149.00,-11.25,21.05
149.25,-11.25,21.36
149.50,-11.25,21.44
149.75,-11.25,21.27
150.00,-11.25,21.21
150.25,-11.25,21.50
150.50,-11.25,21.99
150.75,-11.25,22.44
151.00,-11.25,22.74
151.25,-11.25,22.76
151.50,-11.25,22.50
151.75,-11.25,22.29
152.00,-11.25,22.32
152.25,-11.25,22.64
152.50,-11.25,23.02
152.75,-11.25,23.26
153.00,-11.25,23.39
153.25,-11.25,23.42
153.50,-11.25,23.30
153.75,-11.25,22.92
154.00,-11.25,22.32
154.25,-11.25,21.44
154.50,-11.25,20.52
154.75,-11.25,19.81
155.00,-11.25,19.20
155.25,-11.25,18.57
155.50,-11.25,18.07
155.75,-11.25,17.87
110.25,-11.00,15.71
110.50,-11.00,13.99
110.75,-11.00,13.18
111.00,-11.00,12.81
111.25,-11.00,12.80
111.50,-11.00,13.03
111.75,-11.00,13.45
112.00,-11.00,13.93
112.25,-11.00,14.40
112.50,-11.00,14.85
112.75,-11.00,15.28
113.00,-11.00,15.67
113.25,-11.00,16.01
113.50,-11.00,16.29
113.75,-11.00,16.49
114.00,-11.00,16.68
114.25,-11.00,16.98
114.50,-11.00,17.48
114.75,-11.00,18.27
115.00,-11.00,19.11
115.25,-11.00,19.99
115.50,-11.00,20.80
115.75,-11.00,21.23
116.00,-11.00,20.54
116.25,-11.00,18.63
116.50,-11.00,17.59
116.75,-11.00,17.13
117.00,-11.00,16.69
117.25,-11.00,16.06
117.50,-11.00,15.54
117.75,-11.00,15.45
118.00,-11.00,15.61
118.25,-11.00,15.91
118.50,-11.00,16.27
118.75,-11.00,16.70
119.00,-11.00,17.35
119.25,-11.00,18.57
119.50,-11.00,20.38
119.75,-11.00,22.66
120.00,-11.00,25.63
120.25,-11.00,28.33
120.50,-11.00,29.80
120.75,-11.00,29.96
121.00,-11.00,29.29
121.25,-11.00,29.42
121.50,-11.00,30.32
121.75,-11.00,30.94
122.00,-11.00,31.96
122.25,-11.00,35.24
122.50,-11.00,39.12
122.75,-11.00,40.25
123.00,-11.00,39.27
123.25,-11.00,37.02
123.50,-11.00,34.22
123.75,-11.00,31.13
124.00,-11.00,28.33
124.25,-11.00,27.21
124.50,-11.00,27.12
124.75,-11.00,26.83
125.00,-11.00,26.73
125.25,-11.00,26.71
125.50,-11.00,26.69
125.75,-11.00,26.52
126.00,-11.00,25.97
126.25,-11.00,24.87
126.50,-11.00,23.23
126.75,-11.00,21.74
127.00,-11.00,20.92
127.25,-11.00,20.77
127.50,-11.00,21.07
127.75,-11.00,21.87
128.00,-11.00,23.47
128.25,-11.00,25.93
128.50,-11.00,28.43
128.75,-11.00,30.50
129.00,-11.00,31.70
129.25,-11.00,32.05
129.50,-11.00,32.19
129.75,-11.00,32.51
130.00,-11.00,33.09
130.25,-11.00,33.18
130.50,-11.00,33.08
130.75,-11.00,32.86
131.00,-11.00,32.55
131.25,-11.00,32.24
131.50,-11.00,32.56
131.75,-11.00,30.75
132.00,-11.00,29.18
132.25,-11.00,28.16
132.50,-11.00,27.77
132.75,-11.00,27.63
133.00,-11.00,27.61
133.25,-11.00,27.76
133.50,-11.00,28.04
133.75,-11.00,28.42
134.00,-11.00,28.76
134.25,-11.00,28.92
134.50,-11.00,28.94
134.75,-11.00,28.81
135.00,-11.00,28.63
135.25,-11.00,28.46
135.50,-11.00,28.37
135.75,-11.00,28.47
136.00,-11.00,28.78
136.25,-11.00,29.31
136.50,-11.00,29.83
136.75,-11.00,30.04
137.00,-11.00,29.92
137.25,-11.00,29.59
137.50,-11.00,29.29
137.75,-11.00,29.20
138.00,-11.00,29.24
138.25,-11.00,29.32
138.50,-11.00,29.39
138.75,-11.00,29.41
139.00,-11.00,29.41
139.25,-11.00,29.40
139.50,-11.00,29.39
139.75,-11.00,29.40
140.00,-11.00,29.44
140.25,-11.00,29.50
140.50,-11.00,29.56
140.75,-11.00,29.59
141.00,-11.00,29.58
141.25,-11.00,29.54
141.50,-11.00,29.49
141.75,-11.00,29.47
142.00,-11.00,29.47
142.25,-11.00,29.43
142.50,-11.00,29.29
142.75,-11.00,28.94
143.00,-11.00,28.49
143.25,-11.00,28.01
143.50,-11.00,27.37
143.75,-11.00,26.40
144.00,-11.00,25.22
144.25,-11.00,23.93
144.50,-11.00,22.80
144.75,-11.00,22.15
145.00,-11.00,21.84
145.25,-11.00,21.83
145.50,-11.00,21.94
145.75,-11.00,22.06
146.00,-11.00,22.17
146.25,-11.00,22.26
146.50,-11.00,22.27
146.75,-11.00,22.12
147.00,-11.00,21.96
147.25,-11.00,21.93
147.50,-11.00,21.96
147.75,-11.00,22.24
148.00,-11.00,22.47
148.25,-11.00,22.40
148.50,-11.00,22.34
148.75,-11.00,22.73
149.00,-11.00,23.53
149.25,-11.00,24.06
149.50,-11.00,23.76
149.75,-11.00,22.96
150.00,-11.00,22.32
150.25,-11.00,22.21
150.50,-11.00,22.47
150.75,-11.00,22.82
151.00,-11.00,23.16
151.25,-11.00,23.44
151.50,-11.00,23.67
151.75,-11.00,23.98
152.00,-11.00,22.94
152.25,-11.00,24.31
152.50,-11.00,22.39
152.75,-11.00,22.82
153.00,-11.00,21.66
153.25,-11.00,21.01
153.50,-11.00,20.46
153.75,-11.00,19.78
154.00,-11.00,19.39
154.25,-11.00,19.29
154.50,-11.00,19.21
154.75,-11.00,19.17
155.00,-11.00,19.03
155.25,-11.00,18.55
155.50,-11.00,17.98
155.75,-11.00,17.56
110.25,-10.75,18.07
110.50,-10.75,15.34
110.75,-10.75,13.84
111.00,-10.75,13.25
111.25,-10.75,13.09
111.50,-10.75,13.21
111.75,-10.75,13.63
112.00,-10.75,14.20
112.25,-10.75,14.84
112.50,-10.75,15.49
112.75,-10.75,16.15
113.00,-10.75,16.77
113.25,-10.75,17.30
113.50,-10.75,17.76
113.75,-10.75,18.14
114.00,-10.75,18.46
114.25,-10.75,18.73
114.50,-10.75,18.61
114.75,-10.75,18.09
115.00,-10.75,18.00
115.25,-10.75,18.23
115.50,-10.75,18.69
115.75,-10.75,19.33
116.00,-10.75,19.65
116.25,-10.75,19.25
116.50,-10.75,18.91
116.75,-10.75,18.61
117.00,-10.75,18.22
117.25,-10.75,17.68
117.50,-10.75,17.24
117.75,-10.75,17.23
118.00,-10.75,17.45
118.25,-10.75,17.82
118.50,-10.75,18.25
118.75,-10.75,18.79
119.00,-10.75,19.74
119.25,-10.75,21.86
119.50,-10.75,25.47
119.75,-10.75,29.70
120.00,-10.75,32.59
120.25,-10.75,33.89
120.50,-10.75,34.37
120.75,-10.75,34.32
121.00,-10.75,33.28
121.25,-10.75,31.59
121.50,-10.75,31.27
121.75,-10.75,31.48
122.00,-10.75,32.03
122.25,-10.75,34.37
122.50,-10.75,38.39
122.75,-10.75,39.76
123.00,-10.75,38.51
123.25,-10.75,36.27
123.50,-10.75,34.12
123.75,-10.75,32.25
124.00,-10.75,30.94
124.25,-10.75,30.67
124.50,-10.75,30.19
124.75,-10.75,28.93
125.00,-10.75,27.54
125.25,-10.75,26.66
125.50,-10.75,26.21
125.75,-10.75,25.78
126.00,-10.75,24.96
126.25,-10.75,23.64
126.50,-10.75,22.13
126.75,-10.75,21.04
127.00,-10.75,20.54
127.25,-10.75,20.46
127.50,-10.75,20.67
127.75,-10.75,21.25
128.00,-10.75,22.37
128.25,-10.75,24.25
128.50,-10.75,26.57
128.75,-10.75,29.08
129.00,-10.75,30.96
129.25,-10.75,31.68
129.50,-10.75,31.97
129.75,-10.75,32.37
130.00,-10.75,32.89
130.25,-10.75,33.15
130.50,-10.75,33.12
130.75,-10.75,32.94
131.00,-10.75,32.80
131.25,-10.75,32.98
131.50,-10.75,33.08
131.75,-10.75,32.40
132.00,-10.75,30.20
132.25,-10.75,27.83
132.50,-10.75,26.87
132.75,-10.75,26.60
133.00,-10.75,26.60
133.25,-10.75,26.81
133.50,-10.75,27.17
133.75,-10.75,27.64
134.00,-10.75,28.07
134.25,-10.75,28.31
134.50,-10.75,28.42
134.75,-10.75,28.40
135.00,-10.75,28.30
135.25,-10.75,28.13
135.50,-10.75,28.00
135.75,-10.75,28.04
136.00,-10.75,28.28
136.25,-10.75,28.76
136.50,-10.75,29.24
136.75,-10.75,29.49
137.00,-10.75,29.54
137.25,-10.75,29.44
137.50,-10.75,29.33
137.75,-10.75,29.30
138.00,-10.75,29.32
138.25,-10.75,29.36
138.50,-10.75,29.41
138.75,-10.75,29.43
139.00,-10.75,29.43
139.25,-10.75,29.43
139.50,-10.75,29.42
139.75,-10.75,29.42
140.00,-10.75,29.44
140.25,-10.75,29.50
140.50,-10.75,29.56
140.75,-10.75,29.56
141.00,-10.75,29.52
141.25,-10.75,29.46
141.50,-10.75,29.40
141.75,-10.75,29.38
142.00,-10.75,29.37
142.25,-10.75,29.32
142.50,-10.75,29.16
142.75,-10.75,28.80
143.00,-10.75,28.36
143.25,-10.75,27.93
143.50,-10.75,27.36
143.75,-10.75,26.48
144.00,-10.75,25.40
144.25,-10.75,24.21
144.50,-10.75,23.17
144.75,-10.75,22.54
145.00,-10.75,22.23
145.25,-10.75,22.22
145.50,-10.75,22.33
145.75,-10.75,22.44
146.00,-10.75,22.65
146.25,-10.75,23.02
146.50,-10.75,23.45
146.75,-10.75,23.77
147.00,-10.75,23.98
147.25,-10.75,24.13
147.50,-10.75,24.16
147.75,-10.75,24.29
148.00,-10.75,24.37
148.25,-10.75,24.37
148.50,-10.75,24.46
148.75,-10.75,24.84
149.00,-10.75,25.29
149.25,-10.75,25.15
149.50,-10.75,24.35
149.75,-10.75,23.27
150.00,-10.75,22.46
150.25,-10.75,22.24
150.50,-10.75,22.45
150.75,-10.75,22.82
151.00,-10.75,23.18
151.25,-10.75,23.53
151.50,-10.75,23.92
151.75,-10.75,24.26
152.00,-10.75,24.28
152.25,-10.75,23.72
152.50,-10.75,21.39
152.75,-10.75,17.70
153.00,-10.75,15.74
153.25,-10.75,15.53
153.50,-10.75,15.56
153.75,-10.75,14.77
154.00,-10.75,14.78
154.25,-10.75,15.97
154.50,-10.75,17.16
154.75,-10.75,17.62
155.00,-10.75,17.67
155.25,-10.75,17.35
155.50,-10.75,16.86
155.75,-10.75,16.33
110.25,-10.50,19.31
110.50,-10.50,16.89
110.75,-10.50,15.09
111.00,-10.50,14.39
111.25,-10.50,14.12
111.50,-10.50,14.15
111.75,-10.50,14.54
112.00,-10.50,15.13
112.25,-10.50,15.84
112.50,-10.50,16.62
112.75,-10.50,17.43
113.00,-10.50,18.20
113.25,-10.50,18.83
113.50,-10.50,19.37
113.75,-10.50,19.83
114.00,-10.50,20.21
114.25,-10.50,20.37
114.50,-10.50,19.63
114.75,-10.50,18.32
115.00,-10.50,17.92
115.25,-10.50,17.89
115.50,-10.50,18.00
115.75,-10.50,18.32
116.00,-10.50,19.02
116.25,-10.50,19.52
116.50,-10.50,19.63
116.75,-10.50,19.54
117.00,-10.50,19.31
117.25,-10.50,18.94
117.50,-10.50,18.68
117.75,-10.50,18.78
118.00,-10.50,19.10
118.25,-10.50,19.59
118.50,-10.50,20.20
118.75,-10.50,21.09
119.00,-10.50,22.96
119.25,-10.50,27.54
119.50,-10.50,34.15
119.75,-10.50,38.47
120.00,-10.50,38.83
120.25,-10.50,37.91
120.50,-10.50,37.50
120.75,-10.50,37.40
121.00,-10.50,36.61
121.25,-10.50,33.72
121.50,-10.50,32.03
121.75,-10.50,31.55
122.00,-10.50,31.78
122.25,-10.50,33.13
122.50,-10.50,36.56
122.75,-10.50,38.23
123.00,-10.50,37.30
123.25,-10.50,34.73
123.50,-10.50,33.33
123.75,-10.50,32.42
124.00,-10.50,33.51
124.25,-10.50,35.70
124.50,-10.50,36.56
124.75,-10.50,34.30
125.00,-10.50,30.99
125.25,-10.50,27.90
125.50,-10.50,26.05
125.75,-10.50,24.92
126.00,-10.50,23.73
126.25,-10.50,22.41
126.50,-10.50,21.30
126.75,-10.50,20.69
127.00,-10.50,20.78
127.25,-10.50,20.54
127.50,-10.50,21.05
127.75,-10.50,21.22
128.00,-10.50,22.52
128.25,-10.50,23.12
128.50,-10.50,24.76
128.75,-10.50,27.06
129.00,-10.50,29.64
129.25,-10.50,31.18
129.50,-10.50,31.85
129.75,-10.50,32.38
130.00,-10.50,33.03
130.25,-10.50,33.06
130.50,-10.50,33.10
130.75,-10.50,32.93
131.00,-10.50,33.34
131.25,-10.50,33.48
131.50,-10.50,33.70
131.75,-10.50,33.28
132.00,-10.50,31.31
132.25,-10.50,27.76
132.50,-10.50,26.52
132.75,-10.50,25.63
133.00,-10.50,25.62
133.25,-10.50,25.87
133.50,-10.50,26.47
133.75,-10.50,26.81
134.00,-10.50,27.30
134.25,-10.50,27.60
134.50,-10.50,27.78
134.75,-10.50,27.86
135.00,-10.50,27.84
135.25,-10.50,27.68
135.50,-10.50,27.64
135.75,-10.50,27.58
136.00,-10.50,27.83
136.25,-10.50,28.36
136.50,-10.50,28.92
136.75,-10.50,29.26
137.00,-10.50,29.43
137.25,-10.50,29.44
137.50,-10.50,29.39
137.75,-10.50,29.36
138.00,-10.50,29.31
138.25,-10.50,29.34
138.50,-10.50,29.31
138.75,-10.50,29.37
139.00,-10.50,29.38
139.25,-10.50,29.41
139.50,-10.50,29.42
139.75,-10.50,29.42
140.00,-10.50,29.43
140.25,-10.50,29.48
140.50,-10.50,29.43
140.75,-10.50,29.48
141.00,-10.50,29.40
141.25,-10.50,29.33
141.50,-10.50,29.28
141.75,-10.50,29.27
142.00,-10.50,29.27
142.25,-10.50,29.19
142.50,-10.50,28.84
142.75,-10.50,28.64
143.00,-10.50,28.21
143.25,-10.50,27.80
143.50,-10.50,27.28
143.75,-10.50,26.49
144.00,-10.50,25.43
144.25,-10.50,24.42
144.50,-10.50,23.42
144.75,-10.50,22.78
145.00,-10.50,22.43
145.25,-10.50,22.42
145.50,-10.50,22.54
145.75,-10.50,22.72
146.00,-10.50,23.82
146.25,-10.50,23.94
146.50,-10.50,25.71
146.75,-10.50,25.37
147.00,-10.50,25.76
147.25,-10.50,26.00
147.50,-10.50,26.06
147.75,-10.50,26.10
148.00,-10.50,26.11
148.25,-10.50,26.20
148.50,-10.50,26.45
148.75,-10.50,26.54
149.00,-10.50,26.22
149.25,-10.50,25.48
149.50,-10.50,24.33
149.75,-10.50,23.28
150.00,-10.50,22.40
150.25,-10.50,22.25
150.50,-10.50,22.48
150.75,-10.50,22.88
151.00,-10.50,23.27
151.25,-10.50,23.63
151.50,-10.50,23.94
151.75,-10.50,23.87
152.00,-10.50,23.23
152.25,-10.50,21.19
152.50,-10.50,16.22
152.75,-10.50,13.10
153.00,-10.50,12.29
153.25,-10.50,12.24
153.50,-10.50,12.06
153.75,-10.50,11.35
154.00,-10.50,11.36
154.25,-10.50,12.52
154.50,-10.50,14.70
154.75,-10.50,15.82
155.00,-10.50,15.95
155.25,-10.50,15.75
155.50,-10.50,15.40
155.75,-10.50,14.84
110.25,-10.25,19.77
110.50,-10.25,18.25
110.75,-10.25,17.03
111.00,-10.25,16.41
111.25,-10.25,16.14
111.50,-10.25,16.13
111.75,-10.25,16.43
112.00,-10.25,16.91
112.25,-10.25,17.51
112.50,-10.25,18.17
112.75,-10.25,18.88
113.00,-10.25,19.54
113.25,-10.25,20.02
113.50,-10.25,20.40
113.75,-10.25,20.72
114.00,-10.25,20.99
114.25,-10.25,21.09
114.50,-10.25,20.25
114.75,-10.25,18.67
115.00,-10.25,18.16
115.25,-10.25,18.07
115.50,-10.25,18.08
115.75,-10.25,18.16
116.00,-10.25,18.41
116.25,-10.25,18.82
116.50,-10.25,19.16
116.75,-10.25,19.39
117.00,-10.25,19.49
117.25,-10.25,19.38
117.50,-10.25,19.30
117.75,-10.25,19.51
118.00,-10.25,19.93
118.25,-10.25,20.57
118.50,-10.25,21.48
118.75,-10.25,22.96
119.00,-10.25,25.98
119.25,-10.25,32.23
119.50,-10.25,39.48
119.75,-10.25,43.23
120.00,-10.25,43.08
120.25,-10.25,41.51
120.50,-10.25,40.67
120.75,-10.25,40.53
121.00,-10.25,40.00
121.25,-10.25,36.76
121.50,-10.25,32.34
121.75,-10.25,31.34
122.00,-10.25,31.29
122.25,-10.25,31.73
122.50,-10.25,33.67
122.75,-10.25,35.28
123.00,-10.25,34.31
123.25,-10.25,32.87
123.50,-10.25,32.11
123.75,-10.25,32.76
124.00,-10.25,35.42
124.25,-10.25,38.49
124.50,-10.25,39.72
124.75,-10.25,38.78
125.00,-10.25,35.84
125.25,-10.25,31.55
125.50,-10.25,27.47
125.75,-10.25,24.70
126.00,-10.25,22.93
126.25,-10.25,21.80
126.50,-10.25,21.13
126.75,-10.25,20.85
127.00,-10.25,20.82
127.25,-10.25,20.99
127.50,-10.25,21.28
127.75,-10.25,21.72
128.00,-10.25,22.27
128.25,-10.25,22.99
128.50,-10.25,23.95
128.75,-10.25,25.41
129.00,-10.25,27.72
129.25,-10.25,30.02
129.50,-10.25,31.37
129.75,-10.25,32.14
130.00,-10.25,32.58
130.25,-10.25,32.78
130.50,-10.25,32.80
130.75,-10.25,32.74
131.00,-10.25,33.01
131.25,-10.25,33.54
131.50,-10.25,33.72
131.75,-10.25,33.33
132.00,-10.25,31.35
132.25,-10.25,27.37
132.50,-10.25,25.35
132.75,-10.25,24.91
133.00,-10.25,24.89
133.25,-10.25,25.16
133.50,-10.25,25.60
133.75,-10.25,26.15
134.00,-10.25,26.66
134.25,-10.25,27.01
134.50,-10.25,27.23
134.75,-10.25,27.34
135.00,-10.25,27.34
135.25,-10.25,27.19
135.50,-10.25,27.08
135.75,-10.25,27.18
136.00,-10.25,27.50
136.25,-10.25,28.08
136.50,-10.25,28.68
136.75,-10.25,29.07
137.00,-10.25,29.31
137.25,-10.25,29.39
137.50,-10.25,29.40
137.75,-10.25,29.35
138.00,-10.25,29.29
138.25,-10.25,29.24
138.50,-10.25,29.22
138.75,-10.25,29.22
139.00,-10.25,29.25
139.25,-10.25,29.31
139.50,-10.25,29.37
139.75,-10.25,29.39
140.00,-10.25,29.41
140.25,-10.25,29.43
140.50,-10.25,29.42
140.75,-10.25,29.33
141.00,-10.25,29.22
141.25,-10.25,29.15
141.50,-10.25,29.11
141.75,-10.25,29.13
142.00,-10.25,29.13
142.25,-10.25,29.01
142.50,-10.25,28.78
142.75,-10.25,28.42
143.00,-10.25,28.01
143.25,-10.25,27.60
143.50,-10.25,27.11
143.75,-10.25,26.45
144.00,-10.25,25.62
144.25,-10.25,24.65
144.50,-10.25,23.71
144.75,-10.25,22.97
145.00,-10.25,22.51
145.25,-10.25,22.49
145.50,-10.25,22.70
145.75,-10.25,23.10
146.00,-10.25,23.90
146.25,-10.25,24.97
146.50,-10.25,25.87
146.75,-10.25,26.50
147.00,-10.25,26.89
147.25,-10.25,27.15
147.50,-10.25,27.27
147.75,-10.25,27.32
148.00,-10.25,27.31
148.25,-10.25,27.47
148.50,-10.25,27.87
148.75,-10.25,27.88
149.00,-10.25,26.91
149.25,-10.25,25.63
149.50,-10.25,24.38
149.75,-10.25,23.21
150.00,-10.25,22.46
150.25,-10.25,22.31
150.50,-10.25,22.60
150.75,-10.25,23.05
151.00,-10.25,23.48
151.25,-10.25,23.82
151.50,-10.25,23.87
151.75,-10.25,23.08
152.00,-10.25,21.61
152.25,-10.25,18.20
152.50,-10.25,13.48
152.75,-10.25,11.93
153.00,-10.25,11.66
153.25,-10.25,11.64
153.50,-10.25,11.31
153.75,-10.25,10.55
154.00,-10.25,10.46
154.25,-10.25,11.15
154.50,-10.25,13.05
154.75,-10.25,14.45
155.00,-10.25,14.58
155.25,-10.25,14.43
155.50,-10.25,14.14
155.75,-10.25,13.67
110.25,-10.00,20.21
110.50,-10.00,19.74
110.75,-10.00,19.21
111.00,-10.00,18.77
111.25,-10.00,18.57
111.50,-10.00,18.54
111.75,-10.00,18.67
112.00,-10.00,18.91
112.25,-10.00,19.24
112.50,-10.00,19.63
112.75,-10.00,20.08
113.00,-10.00,20.47
113.25,-10.00,20.69
113.50,-10.00,20.81
113.75,-10.00,20.89
114.00,-10.00,20.97
114.25,-10.00,21.00
114.50,-10.00,20.37
114.75,-10.00,18.90
115.00,-10.00,18.30
115.25,-10.00,18.16
115.50,-10.00,18.08
115.75,-10.00,17.90
116.00,-10.00,17.64
116.25,-10.00,17.74
116.50,-10.00,18.21
116.75,-10.00,18.78
117.00,-10.00,19.24
117.25,-10.00,19.43
117.50,-10.00,19.60
117.75,-10.00,19.99
118.00,-10.00,20.57
118.25,-10.00,21.40
118.50,-10.00,22.57
118.75,-10.00,24.15
119.00,-10.00,26.67
119.25,-10.00,31.87
119.50,-10.00,38.79
119.75,-10.00,43.39
120.00,-10.00,44.67
120.25,-10.00,44.21
120.50,-10.00,43.75
120.75,-10.00,43.70
121.00,-10.00,43.22
121.25,-10.00,40.03
121.50,-10.00,33.22
121.75,-10.00,30.46
122.00,-10.00,29.96
122.25,-10.00,29.50
122.50,-10.00,29.45
122.75,-10.00,30.64
123.00,-10.00,31.28
123.25,-10.00,31.38
123.50,-10.00,31.98
123.75,-10.00,33.77
124.00,-10.00,36.54
124.25,-10.00,38.94
124.50,-10.00,39.98
124.75,-10.00,39.60
125.00,-10.00,37.99
125.25,-10.00,35.35
125.50,-10.00,31.59
125.75,-10.00,27.50
126.00,-10.00,24.69
126.25,-10.00,23.41
126.50,-10.00,22.68
126.75,-10.00,22.07
127.00,-10.00,21.73
127.25,-10.00,21.84
127.50,-10.00,22.31
127.75,-10.00,22.97
128.00,-10.00,23.46
128.25,-10.00,23.75
128.50,-10.00,24.10
128.75,-10.00,24.69
129.00,-10.00,26.12
129.25,-10.00,28.38
129.50,-10.00,30.25
129.75,-10.00,31.37
130.00,-10.00,31.95
130.25,-10.00,32.23
130.50,-10.00,32.29
130.75,-10.00,32.25
131.00,-10.00,32.55
131.25,-10.00,33.15
131.50,-10.00,33.61
131.75,-10.00,32.68
132.00,-10.00,30.16
132.25,-10.00,26.57
132.50,-10.00,24.98
132.75,-10.00,24.52
133.00,-10.00,24.46
133.25,-10.00,24.70
133.50,-10.00,25.13
133.75,-10.00,25.68
134.00,-10.00,26.20
134.25,-10.00,26.56
134.50,-10.00,26.80
134.75,-10.00,26.90
135.00,-10.00,26.88
135.25,-10.00,26.75
135.50,-10.00,26.90
135.75,-10.00,26.87
136.00,-10.00,27.26
136.25,-10.00,27.87
136.50,-10.00,28.48
136.75,-10.00,28.90
137.00,-10.00,29.17
137.25,-10.00,29.31
137.50,-10.00,29.35
137.75,-10.00,29.31
138.00,-10.00,29.23
138.25,-10.00,29.15
138.50,-10.00,29.10
138.75,-10.00,29.09
139.00,-10.00,29.13
139.25,-10.00,29.21
139.50,-10.00,29.29
139.75,-10.00,29.35
140.00,-10.00,29.37
140.25,-10.00,29.36
140.50,-10.00,29.29
140.75,-10.00,29.15
141.00,-10.00,29.00
141.25,-10.00,28.92
141.50,-10.00,28.90
141.75,-10.00,28.93
142.00,-10.00,28.92
142.25,-10.00,28.76
142.50,-10.00,28.50
142.75,-10.00,28.15
143.00,-10.00,27.77
143.25,-10.00,27.37
143.50,-10.00,26.93
143.75,-10.00,26.37
144.00,-10.00,25.70
144.25,-10.00,24.88
144.50,-10.00,24.00
144.75,-10.00,23.16
145.00,-10.00,22.55
145.25,-10.00,22.47
145.50,-10.00,22.78
145.75,-10.00,23.50
146.00,-10.00,24.61
146.25,-10.00,25.74
146.50,-10.00,26.55
146.75,-10.00,27.09
147.00,-10.00,27.44
147.25,-10.00,27.69
147.50,-10.00,27.84
147.75,-10.00,27.91
148.00,-10.00,27.95
148.25,-10.00,28.15
148.50,-10.00,28.67
148.75,-10.00,28.96
149.00,-10.00,27.72
149.25,-10.00,25.85
149.50,-10.00,24.32
149.75,-10.00,23.12
150.00,-10.00,22.46
150.25,-10.00,22.42
150.50,-10.00,22.80
150.75,-10.00,23.30
151.00,-10.00,23.77
151.25,-10.00,24.04
151.50,-10.00,23.71
151.75,-10.00,22.23
152.00,-10.00,20.39
152.25,-10.00,17.03
152.50,-10.00,12.99
152.75,-10.00,11.83
153.00,-10.00,11.65
153.25,-10.00,11.66
153.50,-10.00,11.39
153.75,-10.00,10.61
154.00,-10.00,10.48
154.25,-10.00,11.08
154.50,-10.00,12.62
154.75,-10.00,13.62
155.00,-10.00,13.60
155.25,-10.00,13.45
155.50,-10.00,13.23
155.75,-10.00,12.85
110.25,-9.75,21.43
110.50,-9.75,21.38
110.75,-9.75,21.20
111.00,-9.75,21.02
111.25,-9.75,20.96
111.50,-9.75,20.90
111.75,-9.75,20.72
112.00,-9.75,20.55
112.25,-9.75,20.51
112.50,-9.75,20.54
112.75,-9.75,20.59
113.00,-9.75,20.61
113.25,-9.75,20.56
113.50,-9.75,20.45
113.75,-9.75,20.31
114.00,-9.75,20.18
114.25,-9.75,20.06
114.50,-9.75,19.65
114.75,-9.75,18.72
115.00,-9.75,18.17
115.25,-9.75,17.97
115.50,-9.75,17.76
115.75,-9.75,17.52
116.00,-9.75,17.27
116.25,-9.75,17.10
116.50,-9.75,17.46
116.75,-9.75,18.23
117.00,-9.75,18.96
117.25,-9.75,19.49
117.50,-9.75,20.03
117.75,-9.75,20.79
118.00,-9.75,21.66
118.25,-9.75,22.62
118.50,-9.75,23.64
118.75,-9.75,24.51
119.00,-9.75,25.93
119.25,-9.75,29.53
119.50,-9.75,35.54
119.75,-9.75,40.80
120.00,-9.75,43.42
120.25,-9.75,44.56
120.50,-9.75,45.26
120.75,-9.75,45.46
121.00,-9.75,44.35
121.25,-9.75,39.84
121.50,-9.75,31.60
121.75,-9.75,27.60
122.00,-9.75,26.88
122.25,-9.75,26.22
122.50,-9.75,25.40
122.75,-9.75,26.04
123.00,-9.75,28.43
123.25,-9.75,30.77
123.50,-9.75,32.82
123.75,-9.75,35.07
124.00,-9.75,37.27
124.25,-9.75,38.84
124.50,-9.75,39.44
124.75,-9.75,39.22
125.00,-9.75,38.63
125.25,-9.75,38.00
125.50,-9.75,36.71
125.75,-9.75,34.31
126.00,-9.75,32.27
126.25,-9.75,31.66
126.50,-9.75,30.53
126.75,-9.75,27.89
127.00,-9.75,25.10
127.25,-9.75,24.15
127.50,-9.75,25.06
127.75,-9.75,26.31
128.00,-9.75,26.61
128.25,-9.75,25.98
128.50,-9.75,25.43
128.75,-9.75,25.34
129.00,-9.75,25.89
129.25,-9.75,27.74
129.50,-9.75,29.57
129.75,-9.75,30.60
130.00,-9.75,31.17
130.25,-9.75,31.48
130.50,-9.75,31.53
130.75,-9.75,31.44
131.00,-9.75,31.47
131.25,-9.75,31.88
131.50,-9.75,31.93
131.75,-9.75,30.85
132.00,-9.75,28.47
132.25,-9.75,26.39
132.50,-9.75,25.27
132.75,-9.75,24.69
133.00,-9.75,24.45
133.25,-9.75,24.60
133.50,-9.75,24.97
133.75,-9.75,25.48
134.00,-9.75,25.98
134.25,-9.75,26.33
134.50,-9.75,26.55
134.75,-9.75,26.61
135.00,-9.75,26.57
135.25,-9.75,26.43
135.50,-9.75,26.40
135.75,-9.75,26.66
136.00,-9.75,27.13
136.25,-9.75,27.74
136.50,-9.75,28.32
136.75,-9.75,28.73
137.00,-9.75,29.02
137.25,-9.75,29.19
137.50,-9.75,29.28
137.75,-9.75,29.27
138.00,-9.75,29.21
138.25,-9.75,29.13
138.50,-9.75,29.06
138.75,-9.75,29.05
139.00,-9.75,29.08
139.25,-9.75,29.14
139.50,-9.75,29.21
139.75,-9.75,29.26
140.00,-9.75,29.28
140.25,-9.75,29.23
140.50,-9.75,29.12
140.75,-9.75,28.94
141.00,-9.75,28.75
141.25,-9.75,28.65
141.50,-9.75,28.61
141.75,-9.75,28.62
142.00,-9.75,28.58
142.25,-9.75,28.40
142.50,-9.75,28.15
142.75,-9.75,27.84
143.00,-9.75,27.52
143.25,-9.75,27.17
143.50,-9.75,26.78
143.75,-9.75,26.30
144.00,-9.75,25.73
144.25,-9.75,25.06
144.50,-9.75,24.28
144.75,-9.75,23.36
145.00,-9.75,22.58
145.25,-9.75,22.33
145.50,-9.75,22.69
145.75,-9.75,23.76
146.00,-9.75,25.11
146.25,-9.75,26.21
146.50,-9.75,26.91
146.75,-9.75,27.38
147.00,-9.75,27.69
147.25,-9.75,27.92
147.50,-9.75,28.09
147.75,-9.75,28.20
148.00,-9.75,28.27
148.25,-9.75,28.44
148.50,-9.75,28.89
148.75,-9.75,29.38
149.00,-9.75,28.49
149.25,-9.75,26.24
149.50,-9.75,24.36
149.75,-9.75,23.10
150.00,-9.75,22.54
150.25,-9.75,22.61
150.50,-9.75,23.07
150.75,-9.75,23.61
151.00,-9.75,24.07
151.25,-9.75,24.19
151.50,-9.75,23.41
151.75,-9.75,21.78
152.00,-9.75,20.44
152.25,-9.75,18.27
152.50,-9.75,14.15
152.75,-9.75,12.35
153.00,-9.75,11.99
153.25,-9.75,12.05
153.50,-9.75,12.09
153.75,-9.75,11.50
154.00,-9.75,11.35
154.25,-9.75,12.04
154.50,-9.75,13.10
154.75,-9.75,13.31
155.00,-9.75,13.09
155.25,-9.75,12.93
155.50,-9.75,12.75
155.75,-9.75,12.43
110.25,-9.50,22.52
110.50,-9.50,21.73
110.75,-9.50,22.53
111.00,-9.50,21.96
111.25,-9.50,22.78
111.50,-9.50,22.71
111.75,-9.50,22.28
112.00,-9.50,21.77
112.25,-9.50,21.43
112.50,-9.50,21.17
112.75,-9.50,20.88
113.00,-9.50,20.59
113.25,-9.50,20.33
113.50,-9.50,20.51
113.75,-9.50,19.79
114.00,-9.50,19.50
114.25,-9.50,19.24
114.50,-9.50,18.85
114.75,-9.50,18.20
115.00,-9.50,17.71
115.25,-9.50,17.58
115.50,-9.50,17.54
115.75,-9.50,17.48
116.00,-9.50,17.62
116.25,-9.50,17.22
116.50,-9.50,17.54
116.75,-9.50,18.45
117.00,-9.50,19.35
117.25,-9.50,20.12
117.50,-9.50,20.93
117.75,-9.50,21.99
118.00,-9.50,23.09
118.25,-9.50,24.00
118.50,-9.50,24.46
118.75,-9.50,24.58
119.00,-9.50,25.30
119.25,-9.50,27.70
119.50,-9.50,32.42
119.75,-9.50,37.36
120.00,-9.50,40.23
120.25,-9.50,41.61
120.50,-9.50,42.21
120.75,-9.50,41.37
121.00,-9.50,37.90
121.25,-9.50,31.70
121.50,-9.50,26.88
121.75,-9.50,25.81
122.00,-9.50,26.30
122.25,-9.50,27.00
122.50,-9.50,26.67
122.75,-9.50,25.73
123.00,-9.50,28.68
123.25,-9.50,30.25
123.50,-9.50,33.59
123.75,-9.50,36.24
124.00,-9.50,38.23
124.25,-9.50,39.38
124.50,-9.50,39.86
124.75,-9.50,39.71
125.00,-9.50,40.15
125.25,-9.50,41.05
125.50,-9.50,40.84
125.75,-9.50,39.62
126.00,-9.50,41.62
126.25,-9.50,41.81
126.50,-9.50,42.55
126.75,-9.50,39.89
127.00,-9.50,34.49
127.25,-9.50,30.07
127.50,-9.50,29.99
127.75,-9.50,29.22
128.00,-9.50,29.38
128.25,-9.50,28.11
128.50,-9.50,26.80
128.75,-9.50,26.58
129.00,-9.50,27.55
129.25,-9.50,31.01
129.50,-9.50,33.17
129.75,-9.50,32.46
130.00,-9.50,32.18
130.25,-9.50,30.56
130.50,-9.50,31.55
130.75,-9.50,30.46
131.00,-9.50,30.33
131.25,-9.50,30.09
131.50,-9.50,30.62
131.75,-9.50,28.86
132.00,-9.50,27.89
132.25,-9.50,26.82
132.50,-9.50,25.81
132.75,-9.50,25.06
133.00,-9.50,24.62
133.25,-9.50,24.67
133.50,-9.50,24.98
133.75,-9.50,25.44
134.00,-9.50,25.89
134.25,-9.50,26.21
134.50,-9.50,26.40
134.75,-9.50,26.41
135.00,-9.50,26.33
135.25,-9.50,26.20
135.50,-9.50,26.20
135.75,-9.50,26.53
136.00,-9.50,27.10
136.25,-9.50,27.64
136.50,-9.50,28.20
136.75,-9.50,28.58
137.00,-9.50,28.83
137.25,-9.50,29.06
137.50,-9.50,29.19
137.75,-9.50,29.24
138.00,-9.50,29.21
138.25,-9.50,29.14
138.50,-9.50,29.06
138.75,-9.50,29.05
139.00,-9.50,29.08
139.25,-9.50,29.12
139.50,-9.50,29.17
139.75,-9.50,29.21
140.00,-9.50,29.21
140.25,-9.50,29.14
140.50,-9.50,29.03
140.75,-9.50,28.77
141.00,-9.50,28.55
141.25,-9.50,28.42
141.50,-9.50,28.42
141.75,-9.50,28.29
142.00,-9.50,28.20
142.25,-9.50,28.02
142.50,-9.50,27.83
142.75,-9.50,27.57
143.00,-9.50,27.32
143.25,-9.50,27.03
143.50,-9.50,26.68
143.75,-9.50,26.24
144.00,-9.50,25.71
144.25,-9.50,25.17
144.50,-9.50,24.17
144.75,-9.50,23.58
145.00,-9.50,22.73
145.25,-9.50,22.31
145.50,-9.50,23.75
145.75,-9.50,23.95
146.00,-9.50,25.39
146.25,-9.50,26.44
146.50,-9.50,27.07
146.75,-9.50,27.49
147.00,-9.50,27.77
147.25,-9.50,27.99
147.50,-9.50,28.15
147.75,-9.50,28.29
148.00,-9.50,28.38
148.25,-9.50,28.52
148.50,-9.50,28.64
148.75,-9.50,29.19
149.00,-9.50,28.85
149.25,-9.50,26.94
149.50,-9.50,24.84
149.75,-9.50,23.44
150.00,-9.50,22.57
150.25,-9.50,22.98
150.50,-9.50,23.47
150.75,-9.50,24.01
151.00,-9.50,24.37
151.25,-9.50,24.15
151.50,-9.50,23.84
151.75,-9.50,21.79
152.00,-9.50,21.64
152.25,-9.50,20.56
152.50,-9.50,17.81
152.75,-9.50,14.67
153.00,-9.50,13.58
153.25,-9.50,13.74
153.50,-9.50,14.58
153.75,-9.50,14.48
154.00,-9.50,14.09
154.25,-9.50,14.12
154.50,-9.50,13.77
154.75,-9.50,13.23
155.00,-9.50,12.85
155.25,-9.50,12.63
155.50,-9.50,12.29
155.75,-9.50,12.18
110.25,-9.25,22.24
110.50,-9.25,22.19
110.75,-9.25,22.61
111.00,-9.25,23.11
111.25,-9.25,23.38
111.50,-9.25,23.37
111.75,-9.25,22.95
112.00,-9.25,22.43
112.25,-9.25,22.08
112.50,-9.25,21.77
112.75,-9.25,21.39
113.00,-9.25,21.01
113.25,-9.25,20.72
113.50,-9.25,20.44
113.75,-9.25,20.12
114.00,-9.25,19.81
114.25,-9.25,19.58
114.50,-9.25,19.25
114.75,-9.25,18.64
115.00,-9.25,17.96
115.25,-9.25,17.66
115.50,-9.25,17.60
115.75,-9.25,17.59
116.00,-9.25,17.62
116.25,-9.25,17.92
116.50,-9.25,19.07
116.75,-9.25,20.33
117.00,-9.25,21.28
117.25,-9.25,21.98
117.50,-9.25,22.71
117.75,-9.25,23.76
118.00,-9.25,24.83
118.25,-9.25,25.47
118.50,-9.25,25.28
118.75,-9.25,24.77
119.00,-9.25,25.05
119.25,-9.25,26.81
119.50,-9.25,30.59
119.75,-9.25,34.75
120.00,-9.25,36.78
120.25,-9.25,36.33
120.50,-9.25,33.93
120.75,-9.25,30.86
121.00,-9.25,27.89
121.25,-9.25,25.90
121.50,-9.25,25.55
121.75,-9.25,26.29
122.00,-9.25,27.88
122.25,-9.25,29.90
122.50,-9.25,30.50
122.75,-9.25,29.31
123.00,-9.25,28.25
123.25,-9.25,29.11
123.50,-9.25,32.29
123.75,-9.25,36.45
124.00,-9.25,39.30
124.25,-9.25,40.57
124.50,-9.25,40.90
124.75,-9.25,41.41
125.00,-9.25,43.00
125.25,-9.25,44.20
125.50,-9.25,43.52
125.75,-9.25,42.57
126.00,-9.25,43.78
126.25,-9.25,47.20
126.50,-9.25,49.40
126.75,-9.25,48.67
127.00,-9.25,44.86
127.25,-9.25,38.05
127.50,-9.25,32.01
127.75,-9.25,30.30
128.00,-9.25,29.81
128.25,-9.25,28.65
128.50,-9.25,27.13
128.75,-9.25,27.07
129.00,-9.25,29.10
129.25,-9.25,34.90
129.50,-9.25,37.71
129.75,-9.25,37.05
130.00,-9.25,33.77
130.25,-9.25,30.49
130.50,-9.25,30.28
130.75,-9.25,31.76
131.00,-9.25,32.67
131.25,-9.25,31.80
131.50,-9.25,29.86
131.75,-9.25,28.66
132.00,-9.25,28.07
132.25,-9.25,27.20
132.50,-9.25,26.19
132.75,-9.25,25.32
133.00,-9.25,24.77
133.25,-9.25,24.78
133.50,-9.25,25.07
133.75,-9.25,25.48
134.00,-9.25,25.87
134.25,-9.25,26.14
134.50,-9.25,26.28
134.75,-9.25,26.26
135.00,-9.25,26.16
135.25,-9.25,26.05
135.50,-9.25,26.09
135.75,-9.25,26.46
136.00,-9.25,27.00
136.25,-9.25,27.57
136.50,-9.25,28.09
136.75,-9.25,28.45
137.00,-9.25,28.72
137.25,-9.25,28.94
137.50,-9.25,29.11
137.75,-9.25,29.20
138.00,-9.25,29.21
138.25,-9.25,29.14
138.50,-9.25,29.06
138.75,-9.25,29.05
139.00,-9.25,29.09
139.25,-9.25,29.15
139.50,-9.25,29.22
139.75,-9.25,29.27
140.00,-9.25,29.28
140.25,-9.25,29.19
140.50,-9.25,29.02
140.75,-9.25,28.76
141.00,-9.25,28.50
141.25,-9.25,28.32
141.50,-9.25,28.18
141.75,-9.25,28.03
142.00,-9.25,27.87
142.25,-9.25,27.69
142.50,-9.25,27.52
142.75,-9.25,27.41
143.00,-9.25,27.27
143.25,-9.25,27.01
143.50,-9.25,26.66
143.75,-9.25,26.21
144.00,-9.25,25.71
144.25,-9.25,25.16
144.50,-9.25,24.56
144.75,-9.25,23.86
145.00,-9.25,23.17
145.25,-9.25,22.71
145.50,-9.25,22.97
145.75,-9.25,24.22
146.00,-9.25,25.61
146.25,-9.25,26.59
146.50,-9.25,27.15
146.75,-9.25,27.52
147.00,-9.25,27.78
147.25,-9.25,27.97
147.50,-9.25,28.14
147.75,-9.25,28.26
148.00,-9.25,28.35
148.25,-9.25,28.43
148.50,-9.25,28.47
148.75,-9.25,28.45
149.00,-9.25,28.15
149.25,-9.25,27.17
149.50,-9.25,25.75
149.75,-9.25,24.49
150.00,-9.25,23.84
150.25,-9.25,23.84
150.50,-9.25,24.24
150.75,-9.25,24.65
151.00,-9.25,24.78
151.25,-9.25,24.22
151.50,-9.25,23.16
151.75,-9.25,22.47
152.00,-9.25,22.21
152.25,-9.25,22.14
152.50,-9.25,21.56
152.75,-9.25,19.89
153.00,-9.25,18.50
153.25,-9.25,18.32
153.50,-9.25,18.59
153.75,-9.25,17.92
154.00,-9.25,16.76
154.25,-9.25,15.51
154.50,-9.25,14.26
154.75,-9.25,13.38
155.00,-9.25,12.78
155.25,-9.25,12.37
155.50,-9.25,12.10
155.75,-9.25,11.96
